번호,id,case_number,case_name,court_name,judgment_date,case_type,judgment_type,instance,disposition,summary,holding,statutes,precedents,keywords,full_text,legal_category,legal_category_ko,legal_categories_all
1,CASE_2025_00001,2024다283668,공제금등청구의소[다가구주택 임대차계약을 중개한 개업공인중개사의 주의의무 이행 여부가 문제된 사건],대법원,2025-12-04,민사,판결,상고심,파기환송,"[1] 다가구주택 일부에 대한 임대차계약을 중개하는 개업공인중개사가 임차의뢰인에게 부담하는 의무의 내용 및 개업공인중개사가 해당 다가구주택에 선순위 임대차보증금채권이 얼마나 있을 수 있는지 조사·확인하여 임차의뢰인에게 성실하게 설명하여야 하는지 여부 (적극) / 중개업자가 고의나 과실로 이러한 의무를 위반하여 임차의뢰인에게 재산상의 손해를 발생하게 한 경우, 공인중개사법 제30조 에 따른 배상책임을 부담하는지 여부 (적극) [2] 개업공인중개사인 甲이 乙의 다가구주택 임대차계약을 중개하면서 乙에게 교부한 중개대상물 확인·설명서 중 ‘권리관계’란에는 근저당권에 관한 사...","[1] 개업공인중개사와 중개의뢰인의 법률관계는 민법상의 위임관계와 유사하므로 중개의뢰를 받은 개업공인중개사는 선량한 관리자의 주의로 중개대상물의 권리관계 등을 조사·확인하여 중개의뢰인에게 설명할 의무가 있다. 공인중개사법 제29조 제1항 은 공인중개사가 전문직업인으로서 신의와 성실로써 공정하게 중개 관련 업무를 수행할 의무가 있다고 규정한다. 공인중개사법 제25조 제1항 , 제2항 , 구 공인중개사법 시행령(2021. 12. 31. 대통령령 제32306호로 개정되기 전의 것) 제21조 , 구 공인중개사법 시행규칙(2020. 10. 27. 국토교통부령 제773호로 개정되기 전의 것, 이하 ‘구 공인중개사법 시행규칙’이라고 한다) 제16조 에 따르면, 개업공인중개사는 다가구주...","[1] 공인중개사법 제1조 , 제25조 제1항 , 제2항 , 제29조 제1항 , 제30조 , 구 공인중개사법 시행령(2021. 12. 31. 대통령령 제32306호로 개정되기 전의 것) 제21조 , 구 공인중개사법 시행규칙(2020. 10. 27. 국토교통부령 제773호로 개정되기 전의 것) 제16조 , 민법 제680조 , 제681조 [2] 공인중개사법 제1조 , 제25조 제1항 , 제2항 , 제29조 제1항 , 제30조 , 구 공인중개사법 시행령(2021. 12. 31. 대통령령 제32306호로...","[1] 대법원 2023. 8. 31. 선고 2023다224327 판결 (공2023하, 1751), 대법원 2023. 11. 30. 선고 2023다259743 판결 (공2024상, 104)","부동산, 주택, 다가구, 중개대상물, 임대차, 보증금, 임대인, 임차인, 임대차계약, 공인중개, 중개업자, 확인·설명",전문 원문: https://www.law.go.kr/LSW/precInfoP.do?precSeq=613169,realtor_prohibited_acts,공인중개사법 제33조 금지행위,civil_nonperformance_damages|민법 제390조 채무불이행 손해배상; civil_lease_definition|민법 제618조 임대차의 의의; realtor_prohibited_acts|공인중개사법 제33조 금지행위
3,CASE_2022_00003,2022다212594,공제금등청구의소,대법원,2022-06-30,민사,판결,상고심,파기환송,"[1] 공인중개사가 자기가 조사·확인하여 설명할 의무는 없으나 중개의뢰인이 계약을 맺을지를 결정하는 데 중요한 사항에 관하여 그릇된 정보를 진실인 것처럼 그대로 전달하여 중개의뢰인이 이를 믿고 계약을 체결하도록 한 경우, 선량한 관리자의 주의로 신의를 지켜 성실하게 중개해야 할 의무를 위반한 것인지 여부 (적극) [2] 甲 등이 각 임차한 다가구주택의 임대차계약을 중개한 공인중개사가 중개대상물 확인·설명서에 임대인이 알려 준 선순위 보증금 합계액을 그대로 기재하면서 임대인이 관련 자료제공을 거부하였다는 사실을 적었는데, 이는 기존 임차인들의 실제 보증금 합계액에 크게...","[1] 공인중개사는 자기가 조사·확인하여 설명할 의무가 없는 사항이라도 중개의뢰인이 계약을 맺을지를 결정하는 데 중요한 것이라면 그에 관해 그릇된 정보를 제공해서는 안 되고, 그 정보가 진실인 것처럼 그대로 전달하여 중개의뢰인이 이를 믿고 계약을 체결하도록 했다면 선량한 관리자의 주의로 신의를 지켜 성실하게 중개해야 할 의무를 위반한 것이 된다. [2] 甲 등이 각 임차한 다가구주택의 임대차계약을 중개한 공인중개사가 중개대상물 확인·설명서에 임대인이 알려 준 선순위 보증금 합계액을 그대로 기재하면서 임대인이 관련 자료제공을 거부하였다는 사실을 적었는데, 이는 기존 임차인들의 실제 보증금 합계액에 크게 못 미치는 금액이었고, 그 후 甲 등이 다가구주택의 경매절차에서 임대차보...","[1] 공인중개사법 제25조 , 제29조 제1항 , 제30조 , 공인중개사법 시행령 제21조 , 민법 제681조 [2] 공인중개사법 제25조 , 제29조 제1항 , 제30조 , 공인중개사법 시행령 제21조 , 민법 제681조","[1] 대법원 1999. 5. 14. 선고 98다30667 판결 (공1999상, 1153), 대법원 2008. 9. 25. 선고 2008다42836 판결","부동산, 주택, 다가구, 중개대상물, 임대차, 보증금, 임대인, 임차인, 임대차계약, 임차보증금, 공인중개, 확인·설명",전문 원문: https://www.law.go.kr/LSW/precInfoP.do?precSeq=223315,realtor_prohibited_acts,공인중개사법 제33조 금지행위,civil_nonperformance_damages|민법 제390조 채무불이행 손해배상; civil_lease_definition|민법 제618조 임대차의 의의; realtor_prohibited_acts|공인중개사법 제33조 금지행위
5,CASE_2023_00005,2023다259743,임대차보증금[다가구주택 임대차계약을 중개한 공인중개사의 주의의무 이행 여부가 문제된 사건],대법원,2023-11-30,민사,판결,상고심,파기환송,"[1] 부동산중개업자가 직접 조사·확인하여 설명할 의무는 없으나 중개의뢰인이 계약을 맺을지를 결정하는 데 중요한 사항에 관하여 그릇된 정보를 진실인 것처럼 그대로 전달하여 중개의뢰인이 이를 믿고 계약을 체결하도록 한 경우, 선량한 관리자의 주의로 신의를 지켜 성실하게 중개해야 할 의무를 위반한 것인지 여부 (적극) [2] 다가구주택 일부에 대한 임대차계약을 중개하는 부동산중개업자가 임차의뢰인에게 부담하는 의무의 내용 및 중개업자가 고의나 과실로 이러한 의무를 위반하여 임차의뢰인에게 재산상의 손해를 발생하게 한 경우, 공인중개사법 제30조 에 따른 배상책임을 부담하는지...","[1] 부동산중개업자와 중개의뢰인의 법률관계는 민법상의 위임관계와 유사하므로 중개의뢰를 받은 중개업자는 선량한 관리자의 주의로 중개대상물의 권리관계 등을 조사·확인하여 중개의뢰인에게 설명할 의무가 있다. 나아가 직접 조사·확인하여 설명할 의무가 없는 사항이라고 할지라도 중개의뢰인이 계약을 맺을지를 결정하는 데 중요한 것이라면 그에 관하여 그릇된 정보를 제공해서는 아니 되고, 그 정보가 진실인 것처럼 그대로 전달하여 중개의뢰인이 이를 믿고 계약을 체결하도록 했다면 선량한 관리자의 주의로 신의를 지켜 성실하게 중개해야 할 의무를 위반한 것이 된다. [2] 공인중개사법 제25조 제1항 , 제2항 , 같은 법 시행령 제21조 , 같은 법 시행규칙 제16조 에 의하여, 중개업자는...","[1] 공인중개사법 제25조 제1항 , 제2항 , 제29조 제1항 , 공인중개사법 시행령 제21조 , 민법 제680조 , 제681조 [2] 공인중개사법 제25조 제1항 제2항 , 제30조 , 공인중개사법 시행령 제21조 , 공인중개사법 시행규칙 제16조 [3] 공인중개사법 제25조 제1항 , 제2항 , 제29조 제1항 , 제30조 , 공인중개사법 시행령 제21조 , 공인중개사법 시행규칙 제16조 , 민법 제680조 , 제681조","[1] 대법원 1999. 5. 14. 선고 98다30667 판결 (공1999상, 1153), 대법원 2012. 11. 29. 선고 2012다69654 판결 (공2013상, 45), 대법원 2022. 6. 30. 선고 2022다212594 판결 (공2022하, 1480) / [2] 대법원 2012. 1. 26. 선고 2011다63857 판결 (공2012상, 308)","부동산, 주택, 다가구, 중개대상물, 임대차, 보증금, 임대인, 임차인, 임대차계약, 임차보증금, 공인중개, 중개업자",전문 원문: https://www.law.go.kr/LSW/precInfoP.do?precSeq=238189,realtor_prohibited_acts,공인중개사법 제33조 금지행위,civil_lease_definition|민법 제618조 임대차의 의의; realtor_prohibited_acts|공인중개사법 제33조 금지행위
6,CASE_1999_00006,98다30667,손해배상(기),대법원,1999-05-14,민사,판결,상고심,상고기각,"중개대상 물건에 근저당이 설정된 경우, 부동산중개업자의 확인·설명의무의 범위","부동산중개업자는 중개대상 물건에 근저당이 설정된 경우에는 그 채권최고액을 조사·확인하여 의뢰인에게 설명하면 족하고, 실제의 피담보채무액까지 조사·확인하여 설명할 의무까지 있다고 할 수는 없으나, 부동산중개업자가 이에 그치지 않고 실제의 피담보채무액에 관한 그릇된 정보를 제대로 확인하지도 않은 채 마치 그것이 진실인 것처럼 의뢰인에게 그대로 전달하여 의뢰인이 그 정보를 믿고 상대방과 계약에 이르게 되었다면, 부동산중개업자의 그러한 행위는 선량한 관리자의 주의로 신의를 지켜 성실하게 중개행위를 하여야 할 중개업자의 의무에 위반된다.","민법 제681조 , 부동산중개업법 제16조 , 제17조 , 제19조","대법원 1992. 2. 11. 선고 91다36239 판결 (공1992, 1000), 대법원 1993. 5. 11. 선고 92다55350 판결 (공1993하, 1684)","부동산, 중개대상물, 임대차, 임대차계약, 중개업자, 확인·설명, 근저당, 저당권, 담보, 손해배상, 기각",전문 원문: https://www.law.go.kr/LSW/precInfoP.do?precSeq=117663,realtor_prohibited_acts,공인중개사법 제33조 금지행위,civil_nonperformance_damages|민법 제390조 채무불이행 손해배상; civil_lease_definition|민법 제618조 임대차의 의의; realtor_prohibited_acts|공인중개사법 제33조 금지행위
8,CASE_2023_00008,2023다224327,보증금반환[신탁된 부동산의 임대차계약을 중개하는 공인중개사의 주의의무가 문제된 사건],대법원,2023-08-31,민사,판결,상고심,파기환송,"[1] 공인중개사가 신탁관계가 설정된 부동산에 관하여 임대차계약을 중개하는 경우, 신탁관계에 관한 조사·확인을 거쳐 중개의뢰인에게 신탁원부를 제시하고, 신탁관계 설정사실 및 그 법적인 의미와 효과 등을 성실하고 정확하게 설명하여야 할 의무가 있는지 여부 (적극) [2] 甲이 공인중개사인 乙의 중개로 丙 주식회사와 부동산 임대차계약을 체결하는 과정에서 乙이 위 부동산이 丁 주식회사에 신탁된 부동산임을 설명하였고, 이에 특약사항으로 임대인이 임차인의 잔금 지급과 동시에 신탁사항 및 소유권 이외의 권리사항을 말소하기로 정하였는데, 잔금 지급 후에도 丙 회사가 신탁등기 말소...","[1] 부동산중개업자와 중개의뢰인의 법률관계는 민법상의 위임관계와 유사하므로 중개의뢰를 받은 중개업자는 선량한 관리자의 주의로 중개대상물의 권리관계 등을 조사·확인하여 중개의뢰인에게 설명할 의무가 있다. 또한 공인중개사법 제25조 제1항 제1호 , 같은 법 시행령 제21조 제1항 제2호 에 의하면, 공인중개사는 중개를 의뢰받은 경우 중개가 완성되기 전에 해당 중개대상물의 상태·입지 및 권리관계 등을 확인하여 이를 해당 중개대상물에 관한 권리를 취득하고자 하는 중개의뢰인에게 성실·정확하게 설명하고, 설명의 근거자료를 제시하여야 한다. 공인중개사법 제29조 제1항 에서는 공인중개사가 전문직업인으로서 신의와 성실로써 공정하게 중개 관련 업무를 수행할 의무를 규정하면서, 제30조...","[1] 공인중개사법 제1조 , 제25조 제1항 제1호 , 제29조 제1항 , 제30조 제1항 , 공인중개사법 시행령 제21조 제1항 제2호 , 민법 제680조 , 제681조 [2] 공인중개사법 제25조 제1항 제1호 , 제29조 제1항 , 제30조 제1항 , 제3항 , 제42조 제1항 , 공인중개사법 시행령 제21조 제1항 제2호 , 민법 제681조","[1] 대법원 2012. 8. 30. 선고 2011다76754 판결, 대법원 2012. 11. 29. 선고 2012다69654 판결 (공2013상, 45)","부동산, 건물, 중개대상물, 임대차, 보증금, 임차권, 임대인, 임차인, 임대차계약, 잔금, 공인중개, 중개업자",전문 원문: https://www.law.go.kr/LSW/precInfoP.do?precSeq=238665,realtor_prohibited_acts,공인중개사법 제33조 금지행위,civil_sale_effect|민법 제568조 매매의 효력; civil_lease_definition|민법 제618조 임대차의 의의; realtor_prohibited_acts|공인중개사법 제33조 금지행위
11,CASE_2025_00011,2024다305087,공제금등청구의소[다세대주택 건물 중 임대의뢰인 소유의 특정 세대에 대한 임대차계약 중개 시 중개대상물 및 임대의뢰인 소유의 다른 세대에 공동저당권이 설정되어 있는 경우 개업공인중개사의 주의의무가 문제된 사건],대법원,2025-12-04,민사,판결,상고심,파기환송,[1] 개업공인중개사의 중개대상물에 대한 확인·설명의무의 내용과 방법 및 공인중개사법령에서 이를 상세히 정한 취지 [2] 공동저당권에 관한 민법 제368조 가 공동근저당권의 경우에도 적용되는지 여부 (적극) 및 같은 조 제1항 에서 정한 ‘각 부동산의 경매대가’의 의미(=매각대금에서 해당 부동산이 부담할 경매비용과 선순위채권액을 공제한 잔액) / 공동저당권 또는 공동근저당권의 목적 부동산인 임차주택의 ‘경매대가’는 매각대금에서 주택임대차보호법에 따른 선순위 임대차보증금이나 소액보증금 등을 공제하여 산정하게 되는지 여부 (적극) [3] 개업공인중개사가 다세대주택 건물...,"[1] 구 공인중개사법(2020. 6. 9. 법률 제17453호로 개정되기 전의 것) 제25조 , 구 공인중개사법 시행령(2020. 2. 18. 대통령령 제30427호로 개정되기 전의 것) 제21조 , 공인중개사법 시행규칙 제16조 에 의하면, 개업공인중개사는 중개를 의뢰받은 경우에는 중개가 완성되기 전에 중개대상물의 종류·소재지·지번·지목·면적·용도·구조 및 건축연도 등 중개대상물에 관한 기본적인 사항과 소유권·전세권·저당권·지상권 및 임차권 등 중개대상물의 권리관계에 관한 사항 등을 확인하여 이를 해당 중개대상물에 관한 권리를 취득하고자 하는 중개의뢰인에게 성실·정확하게 설명하고 설명의 근거자료를 제시하여야 하며, 그 확인·설명을 위하여 필요한 경우에는 중개대상물의 매...","[1] 구 공인중개사법(2020. 6. 9. 법률 제17453호로 개정되기 전의 것) 제25조 , 구 공인중개사법 시행령(2020. 2. 18. 대통령령 제30427호로 개정되기 전의 것) 제21조 , 공인중개사법 시행규칙 제16조 [2] 민법 제357조 , 제368조 , 주택임대차보호법 제3조의2 제2항 , 제8조 [3] 구 공인중개사법(2020. 6. 9. 법률 제17453호로 개정되기 전의 것) 제25조 , 구 공인중개사법 시행령(2020. 2. 18. 대통령령 제30427호로 개정되기 전의...","[1][3] 대법원 2012. 1. 26. 선고 2011다63857 판결 (공2012상, 308) / [2] 대법원 2003. 9. 5. 선고 2001다66291 판결 (공2003하, 2004), 대법원 2017. 12. 21. 선고 2013다16992 전원합의체 판결 (공2018상, 171), 대법원 2024. 6. 13. 선고 2020다258893 판결 (공2024하, 1077) / [3] 대법원 2023. 11. 30. 선고 2023다259743 판결 (공2024상, 104)","부동산, 주택, 건물, 다세대, 임차주택, 중개대상물, 임대차, 전세, 보증금, 임차권, 임차인, 전세권",전문 원문: https://www.law.go.kr/LSW/precInfoP.do?precSeq=613167,realtor_prohibited_acts,공인중개사법 제33조 금지행위,civil_nonperformance_damages|민법 제390조 채무불이행 손해배상; civil_lease_definition|민법 제618조 임대차의 의의; realtor_prohibited_acts|공인중개사법 제33조 금지행위
12,CASE_1994_00012,93가단41427,손해배상(기)청구사건,서울지법 동부지원,1994-06-01,민사,판결,1심,일부인용,임대인의 처분권한 유무에 관한 부동산중개업자의 조사확인의무의 내용과 정도,부동산중개업자는 선량한 관리자의 주의와 신의성실로써 부동산을 임대하려는 자가 그 부동산의 진정한 권리자로서 적법히 임대할 수 있는지 여부를 부동산등기부와 주민등록증 등으로 조사확인하여 임차인에게 정확하게 설명하여야 할 의무가 있다.,"구 부동산중개업법(1989.12.30. 법률 제4153호로 개정되기 전의 것) 제16조 , 제17조","대법원 1992.2.11. 선고 91다36239 판결(공1992, 1000) , 1993.5.11. 선고 92다55350 판결(공1993하, 1684)","부동산, 주택, 건물, 중개대상물, 임대차, 전세, 보증금, 임대인, 임차인, 임대차계약, 계약금, 잔금",전문 원문: https://www.law.go.kr/LSW/precInfoP.do?precSeq=223061,realtor_prohibited_acts,공인중개사법 제33조 금지행위,civil_nonperformance_damages|민법 제390조 채무불이행 손해배상; civil_sale_effect|민법 제568조 매매의 효력; civil_lease_definition|민법 제618조 임대차의 의의; realtor_prohibited_acts|공인중개사법 제33조 금지행위
13,CASE_2004_00013,2004가단23537,손해배상(기),대구지법,2004-10-19,민사,판결,1심,일부인용,"[1] 임대차계약의 중개를 의뢰받은 부동산중개업자가 부담하는 중개대상물의 시세에 대한 확인·설명의무의 정도 [2] 중개대상물에 대한 권리관계와 시세에 관한 확인·설명의무를 소홀히한 부동산중개업자에게 손해배상책임을 인정하되, 중개업자의 설명만을 믿고 섣불리 임대차계약을 체결한 임차인의 과실을 참작하여 손해배상책임의 범위를 40%로 제한한 사례","[1] 임차인으로부터 임대차계약의 중개의뢰를 받은 중개업자는 감정평가인이 시가나 차임을 감정하듯이 시세조사를 하여 이를 설명할 의무까지 있다고 할 수는 없으나, 의뢰인이 요구하는 경우 중개업자가 업무를 통하여 이미 인지하고 있거나 통상 조사할 수 있는 방법을 통하여 확인할 수 있는 범위 내에서는 신의성실로써 목적물의 시세를 설명하여 줄 의무가 있다고 할 것인데, 중개업자가 시세에 관한 그릇된 정보를 제대로 확인하지도 않은 채 마치 그것이 진실인 것처럼 의뢰인에게 그대로 전달하여 의뢰인이 그 정보를 믿고 상대방과 계약에 이르게 되었다면, 부동산중개업자의 그러한 행위는 선량한 관리자의 주의로 신의를 지켜 성실하게 중개행위를 하여야 할 중개업자의 의무에 위반된다. [2] 중개대...","[1] 부동산중개업법 제17조 제1항 , 부동산중개업법시행령 제22조 제1항 제5호 , 제8호 [2] 민법 제396조 , 제763조 , 부동산중개업법 제17조 제1항 , 제19조 제1항 , 부동산중개업법시행령 제22조 제1항 제5호 , 제8호","[1] 대법원 1999. 5. 14. 선고 98다30667 판결(공1999상, 1153)","부동산, 주택, 다가구, 중개대상물, 임대차, 전세, 보증금, 전세금, 임차권, 임차인, 전세권, 월세",전문 원문: https://www.law.go.kr/LSW/precInfoP.do?precSeq=69894,realtor_prohibited_acts,공인중개사법 제33조 금지행위,civil_nonperformance_damages|민법 제390조 채무불이행 손해배상; civil_lease_definition|민법 제618조 임대차의 의의; realtor_prohibited_acts|공인중개사법 제33조 금지행위
14,CASE_1996_00014,95가합113894,손해배상(기),서울지법,1996-04-02,민사,판결,1심,원고승소,"임차목적물의 근저당권 설정 사실을 고지하지 아니한 부동산중개업자의 기망행위로 인한 손해배상에 있어, 등기부를 열람하지 아니한 임차인의 과실을 20%로 보아 과실상계한 사례","임차목적물의 근저당권 설정 사실을 고지하지 아니한 부동산중개업자의 기망행위로 인한 손해배상에 있어, 등기부를 열람하지 아니한 임차인의 과실을 20%로 보아 과실상계한 사례.","민법 제750조 , 제763조 , 제396조 , 부동산중개업법 제15조 제1호",없음,"부동산, 주택, 임대차, 보증금, 임차인, 임대차계약, 임차보증금, 중개업자, 등기, 근저당, 저당권, 경매",전문 원문: https://www.law.go.kr/LSW/precInfoP.do?precSeq=223283,realtor_prohibited_acts,공인중개사법 제33조 금지행위,civil_fraud_duress|민법 제110조 사기·강박에 의한 의사표시; civil_nonperformance_damages|민법 제390조 채무불이행 손해배상; civil_lease_definition|민법 제618조 임대차의 의의; realtor_prohibited_acts|공인중개사법 제33조 금지행위
15,CASE_1997_00015,96나2019,전세금반환등,제주지법,1997-10-22,민사,판결,2심,항소기각,임차용 주택을 중개한 공인중개사에게 부동산중개업법 제19조에 기한 손해배상책임을 인정하면서도 임차인의 과실을 이유로 공인중개사의 책임을 70%로 제한한 사례,"공인중개사가 부동산중개업법 소정의 중개대상물 확인서의 작성 및 그를 통한 설명의무를 전혀 이행하지 않고 등기부등본조차도 제시하지 않았을 뿐만 아니라 당해 부동산은 아무런 법률적 문제가 없으니 자신을 믿고 계약을 체결하라는 잘못된 설명을 하는 등 업무상 주의의무를 현저히 위반함으로써 임차인이 전세금 일부를 반환받지 못하게 되는 손해를 입은 경우, 중개업자는 임차인에게 같은 법 제19조 제1항에 기한 손해배상책임이 있으나, 한편 임차인이 생면 부지의 사람과 비교적 고액의 보증금을 지급하고 전세계약을 체결함에 있어서 나름대로 부동산에 관한 등기부등본을 발급받아 봄으로써 이에 대한 권리관계사항을 미리 조사하는 등으로 손해방지를 위한 대비를 하였어야 함에도 불구하고 공인중개사의 말...","부동산중개업법 제17조 제1항 , 제19조 제1항 , 제3항 , 부동산중개업법시행령 제22조 제1항 제2호 , 제23조 제2항 , 부동산중개업법시행규칙 제15조 제2항 , 민법 제396조 , 제763조","대법원 1992. 2. 11. 선고 91다36239 판결(공1992, 1000) , , 대법원 1993. 5. 11. 선고 92다55350 판결(공1993상, 1684) , , 대법원 1995. 12. 22. 선고 94다21078 판결(공1996상, 466)","부동산, 주택, 빌라, 중개대상물, 임대차, 전세, 보증금, 전세금, 임차권, 임차인, 전세권, 주택임대차",전문 원문: https://www.law.go.kr/LSW/precInfoP.do?precSeq=129780,realtor_prohibited_acts,공인중개사법 제33조 금지행위,civil_nonperformance_damages|민법 제390조 채무불이행 손해배상; civil_lease_definition|민법 제618조 임대차의 의의; realtor_prohibited_acts|공인중개사법 제33조 금지행위
16,CASE_1981_00016,81도2033,사기,대법원,1981-09-22,형사,판결,상고심,파기환송,금원편취의 범의를 인정하지 아니한 예,부동산매매대금의 지급을 위하여 타인으로부터 돈을 차용함에 있어서 그 용도에 관하여 진실에 반하는 사실등을 고지하지 아니하였으며 동 차용금으로 실지로 매매대금을 지급하여 그 소유권을 취득하였다면 당초 의도대로 이를 전매하여 차용금을 변제하려던 것이 당국의 부동산투기억제조치 등에 의한 부동산경기의 침체로 여의치 않게 되었다고 하여 금원편취 의 범의가 있었다고 속단할 수 없다.,형법 제347조 제1항,없음,"부동산, 토지, 임야, 매매, 매수, 매매계약, 매매대금, 계약금, 중도금, 소유권이전, 등기, 사기",전문 원문: https://www.law.go.kr/LSW/precInfoP.do?precSeq=96075,criminal_fraud,형법 제347조 사기죄,criminal_fraud|형법 제347조 사기죄; civil_sale_effect|민법 제568조 매매의 효력
17,CASE_2008_00017,2008도5618,특정경제범죄가중처벌등에관한법률위반(사기)·사기,대법원,2008-09-25,형사,판결,상고심,파기환송,분양대금 편취에 의한 사기죄와 관련하여 편취 범의의 판단 시점 및 판단 기준,"사기죄의 성립 여부는 그 행위 당시를 기준으로 판단하여야 하고, 그 행위 이후의 경제사정의 변화 등으로 인하여 피고인이 채무불이행 상태에 이르게 된다고 하여 이를 사기죄로 처벌할 수는 없다. 따라서 이른바 분양대금 편취에 의한 사기죄의 성립 여부를 판단할 때에도 분양계약을 체결할 당시 또는 그 분양대금을 수령할 당시에 피고인에게 그 편취의 범의가 있었는지 여부, 즉 그 당시에 분양목적물에 관하여 분양계약을 체결하고 그 분양대금을 수령하더라도 수분양자에게 해당 목적물을 분양해 주는 것이 불가능하게 될 가능성을 인식하고 이를 용인한 채 그러한 행위를 한 것인지 여부를 기준으로 판단하여야 한다.",형법 제347조 제1항,"대법원 1997. 4. 11. 선고 97도249 판결 (공1997상, 1518), 대법원 2001. 3. 27. 선고 2001도202 판결","상가, 보증금, 계약금, 중도금, 분양, 분양대금, 분양계약, 상가분양, 사기, 편취, 파기, 해제",전문 원문: https://www.law.go.kr/LSW/precInfoP.do?precSeq=64694,aggravated_economic_crime,특정경제범죄 가중처벌 등에 관한 법률 제3조,aggravated_economic_crime|특정경제범죄 가중처벌 등에 관한 법률 제3조; criminal_fraud|형법 제347조 사기죄; civil_nonperformance_damages|민법 제390조 채무불이행 손해배상; civil_sale_effect|민법 제568조 매매의 효력; civil_lease_definition|민법 제618조 임대차의 의의
18,CASE_2005_00018,2004고단3098,사기,서울남부지법,2005-01-25,형사,판결,1심,무죄,"부동산 매도인이 매수인에게 매매의 목적인 부동산에 관하여 타인에게 근저당권을 설정하여 주기로 약정이 되어 있다는 사정을 고지하지 아니한 경우, 사기죄의 기망행위에 해당하는지 여부 (소극)","부동산을 매도함에 있어서 매매의 목적인 부동산에 관하여 타인에게 근저당권을 설정하여 주기로 약정이 되어 있다는 사정만으로는, 바로 그 부동산 매매계약의 효력이나 그 매매계약에 따르는 채무의 이행에 장애를 가져오는 것이라고 볼 수 없음은 물론, 매수인의 매매목적물에 대한 권리의 실현에 장애가 된다고도 볼 수 없는 것이므로(매수인의 권리의 실현으로 인하여 근저당권설정계약의 상대방에 대한 관계에서 또는 근저당권설정등기를 경료함으로써 일정한 경우 매수인에 대한 관계에서 매도인에 대하여 각 배임죄가 성립할 것인지의 여부는 별문제로 하고), 매도인이 매수인에게 그와 같은 사정을 고지하지 아니하였다고 하여 매수인을 기망한 것이라고 볼 수 없다.",형법 제347조 제1항,"대법원 1983. 6. 28. 선고 82도1684 판결(공1983, 1149) , 대법원 1991. 12. 24. 선고 91도2698 판결(공1992, 727)","부동산, 토지, 임야, 건물, 매매, 매수, 매도, 매매계약, 매매대금, 계약금, 소유권이전, 등기",전문 원문: https://www.law.go.kr/LSW/precInfoP.do?precSeq=69999,criminal_fraud,형법 제347조 사기죄,criminal_fraud|형법 제347조 사기죄; embezzlement_breach_of_trust|형법 제355조·제356조 횡령·배임; civil_fraud_duress|민법 제110조 사기·강박에 의한 의사표시; civil_sale_effect|민법 제568조 매매의 효력
20,CASE_2011_00020,2011도3247,배임·사기,대법원,2011-04-28,형사,판결,상고심,상고기각,"[1] 부동산매매에서 미리 소유권을 이전받은 매수인이 목적물을 담보로 제공하는 방법으로 매매대금을 마련하여 매도인에게 제공하기로 약정한 경우, 위 매수인이 배임죄상 ‘타인의 사무를 처리하는 자’에 해당하는지 여부 (소극) [2] 피고인이 甲에게서 부동산을 매수하면서, 계약금을 지급하는 즉시 피고인 앞으로 소유권을 이전받되 매매잔금은 일정기간 내에 이를 담보로 대출을 받아 지급하고 건축허가를 받지 못하면 계약을 해제하여 원상회복해 주기로 약정하였는데도, 소유권을 이전받은 직후 이에 관하여 다른 용도로 근저당권을 설정한 사안에서, 피고인에게 배임죄가 성립하지 않는다고 본...","[1] 일정한 신임관계의 고의적 외면에 대한 형사적 징벌을 핵심으로 하는 배임의 관점에서 보면, 부동산매매에서 매수인이 대금을 지급하는 것에 대하여 매도인이 계약상 권리의 만족이라는 이익이 있다고 하여도 대금의 지급은 어디까지나 매수인의 법적 의무로서 행하여지는 것이고, 그 사무의 처리에 관하여 통상의 계약에서의 이익대립관계를 넘는 신임관계가 당사자 사이에 발생한다고 할 수 없다. 따라서 그 대금의 지급은 당사자 사이의 신임관계에 기하여 매수인에게 위탁된 매도인의 사무가 아니라 애초부터 매수인 자신의 사무라고 할 것이다. 또한 매도인이 대금을 모두 지급받지 못한 상태에서 매수인 앞으로 목적물에 관한 소유권이전등기를 경료하였다면, 이는 법이 동시이행의 항변권 등으로 마련한...","[1] 형법 제355조 제2항 [2] 형법 제355조 제2항 , 형사소송법 제325조","[1] 대법원 2008. 6. 26. 선고 2007도7060 판결 , 대법원 2010. 8. 26. 선고 2010도4613 판결","부동산, 임야, 매매, 매수, 매도, 매매계약, 매매대금, 계약금, 잔금, 소유권이전, 등기, 근저당",전문 원문: https://www.law.go.kr/LSW/precInfoP.do?precSeq=150002,embezzlement_breach_of_trust,형법 제355조·제356조 횡령·배임,criminal_fraud|형법 제347조 사기죄; embezzlement_breach_of_trust|형법 제355조·제356조 횡령·배임; civil_sale_effect|민법 제568조 매매의 효력
21,CASE_1995_00021,95도424,특정경제범죄가중처벌등에관한법률위반(사기)·사기,대법원,1995-04-25,형사,판결,상고심,상고기각,"가. 사기죄의 주관적 구성요건인 편취의 범의를 판단하는 기준 나. 자기 자본 없이 상가·오피스텔의 신축 및 분양 사업을 진행하다가 공사를 중단, 방치한 사안에서 분양대금 등의 편취 범의를 인정한 사례","가. 사기죄의 주관적 구성요건인 편취의 범의는 피고인이 자백하지 않는 이상 범행 전후의 피고인의 재력, 환경, 범행의 내용, 거래의 이행과정 등과 같은 객관적인 사정 등을 종합하여 판단할 수밖에 없다. 나. 피고인이 자기 자본 없이 금융기관 대출금과 분양대금만으로 상가 및 오피스텔의 신축 및 분양 사업을 진행하다가 공사를 중단, 방치한 사안에서 분양대금 등의 편취 범의를 인정한 원심판결을 수긍한 사례.",형법 제347조 제1항,"대법원 1990. 11. 13. 선고 90도1218 판결(공1991,133)","오피스텔, 상가, 건물, 계약금, 중도금, 분양, 분양대금, 분양계약, 담보, 사기, 기망, 편취",전문 원문: https://www.law.go.kr/LSW/precInfoP.do?precSeq=111873,aggravated_economic_crime,특정경제범죄 가중처벌 등에 관한 법률 제3조,aggravated_economic_crime|특정경제범죄 가중처벌 등에 관한 법률 제3조; criminal_fraud|형법 제347조 사기죄; civil_fraud_duress|민법 제110조 사기·강박에 의한 의사표시; civil_sale_effect|민법 제568조 매매의 효력
22,CASE_2013_00022,2012도12363,사기·무고·공전자기록등불실기재·불실기재공전자기록등행사·공인중개사의업무및부동산거래신고에관한법률위반,대법원,2013-01-24,형사,판결,상고심,상고기각,"[1] 공정증서원본불실기재죄 또는 공전자기록등불실기재죄에서 ‘부실(不實)의 사실’의 의미 [2] 부동산 거래당사자가 ‘거래가액’을 시장 등에게 거짓으로 신고하여 받은 신고필증을 기초로 사실과 다른 내용의 거래가액이 부동산등기부에 등재되도록 한 경우, 공전자기록등불실기재죄 및 불실기재공전자기록등행사죄가 성립하는지 여부 (소극)","[1] 형법 제228조 제1항 이 규정하는 공정증서원본불실기재죄나 공전자기록등불실기재죄는 특별한 신빙성이 인정되는 권리의무에 관한 공문서에 대한 공공의 신용을 보장함을 보호법익으로 하는 범죄로서 공무원에 대하여 진실에 반하는 허위신고를 하여 공정증서원본 또는 이와 동일한 전자기록 등 특수매체기록에 그 증명하는 사항에 관하여 실체관계에 부합하지 아니하는 ‘부실(不實)의 사실’을 기재 또는 기록하게 함으로써 성립하므로, 여기서 ‘부실의 사실’이란 권리의무관계에 중요한 의미를 갖는 사항이 객관적인 진실에 반하는 것을 말한다. [2] 부동산등기법이 2005. 12. 29. 법률 제7764호로 개정되면서 매매를 원인으로 하는 소유권이전등기를 신청하는 경우에는 등기신청서에 거래신고필...","[1] 형법 제228조 제1항 [2] 형법 제228조 제1항 , 구 부동산등기법(2011. 4. 12. 법률 제10580호로 전부 개정되기 전의 것) 제40조 제1항 제9호 , 제41조 제1항 제9호 , 제57조 제4항 (현행 제68조 참조), 공인중개사의 업무 및 부동산 거래신고에 관한 법률 제27조 , 제51조 제4항",없음,"부동산, 매매, 소유권이전, 공인중개, 중개업자, 등기, 공정증서원본불실기재, 사기, 기망, 허위, 무죄, 기각",전문 원문: https://www.law.go.kr/LSW/precInfoP.do?precSeq=167523,criminal_fraud,형법 제347조 사기죄,criminal_fraud|형법 제347조 사기죄; civil_fraud_duress|민법 제110조 사기·강박에 의한 의사표시; civil_sale_effect|민법 제568조 매매의 효력; real_estate_transaction_reporting_prohibition|부동산 거래신고 등에 관한 법률 제4조 금지행위; real_estate_transaction_reporting_fine|부동산 거래신고 등에 관한 법률 제28조 과태료; realtor_prohibited_acts|공인중개사법 제33조 금지행위
23,CASE_1985_00023,84도301,사기,대법원,1985-03-26,형사,판결,상고심,상고기각,부동산의 매도인이 동 부동산에 대한 명도소송이 계속 중이고 점유이전금 지가처분까지 되어 있는 사실을 매수인에게 고지할 의무가 있는지 여부,매매에 있어서 매수인이 알았다면 매수하지 아니할 것이 거래의 경험칙상 명백한 사실에 대하여는 매도인은 신의성실의 원칙에 따라 이를 상대방에게 고지할 법률상 의무가 있다고 보아야 할 것이므로 제3자가 매도인을 상대로 대지 및 지상건물에 대한 명도소송을 제기하여 계속중이고 점유이전금지가처분까지 되어 있는 사실을 매수인이 알았다면 거래의 경험칙상 위 대지를 매수하지 아니하였을 것이 분명하므로 신의성실의 원칙에 따라 매도인은 위와 같은 소송관계를 매수인에게 고지할 법률상 의무가 있다.,형법 제347조,대법원 1983.3.22. 선고 82도2837 판결,"부동산, 토지, 건물, 매매, 매수, 매도, 매매계약, 매매대금, 중도금, 근저당, 저당권, 담보",전문 원문: https://www.law.go.kr/LSW/precInfoP.do?precSeq=100283,criminal_fraud,형법 제347조 사기죄,criminal_fraud|형법 제347조 사기죄; civil_sale_effect|민법 제568조 매매의 효력
24,CASE_2015_00024,2015도3160,사기·사문서위조·위조사문서행사,대법원,2015-06-11,형사,판결,상고심,상고기각,"피고인 등이 공모하여, 피해자 甲, 乙 등을 기망하여 甲, 乙 및 丙과 부동산 매매계약을 체결하고 소유권을 이전받은 다음 잔금을 지급하지 않아 같은 금액 상당의 재산상 이익을 편취하였다는 내용으로 기소된 사안에서, 甲은 피고인의 8촌 혈족, 丙은 피고인의 부친이나, 피고인에게 형법상 친족상도례 규정이 적용되지 않는다고 한 사례","피고인 등이 공모하여, 피해자 甲, 乙 등을 기망하여 甲, 乙 및 丙과 부동산 매매계약을 체결하고 소유권을 이전받은 다음 잔금을 지급하지 않아 같은 금액 상당의 재산상 이익을 편취하였다는 내용으로 기소된 사안에서, 甲은 피고인의 8촌 혈족, 丙은 피고인의 부친이나, 위 부동산이 甲, 乙, 丙의 합유로 등기되어 있어 피고인에게 형법상 친족상도례 규정이 적용되지 않는다고 본 원심판단을 수긍한 사례.","형법 제30조 , 제328조 , 제347조 제1항 , 제354조 , 민법 제777조",없음,"부동산, 임야, 매매, 매매계약, 잔금, 소유권이전, 등기, 사기, 기망, 편취, 위조, 기각",전문 원문: https://www.law.go.kr/LSW/precInfoP.do?precSeq=178184,criminal_fraud,형법 제347조 사기죄,criminal_fraud|형법 제347조 사기죄; civil_fraud_duress|민법 제110조 사기·강박에 의한 의사표시; civil_sale_effect|민법 제568조 매매의 효력
25,CASE_2012_00025,2012도1101,특정경제범죄가중처벌등에관한법률위반(사기)·사기·사문서위조·위조사문서행사·위증교사,대법원,2012-04-13,형사,판결,상고심,상고기각,"[1] 채무자의 기망행위로 인하여 채권자가 채무를 확정적으로 소멸 내지 면제시키는 특약 등 처분행위를 한 경우, 채무의 면제라고 하는 재산상 이익에 관한 사기죄가 성립하는지 여부 (적극) 및 후에 재산적 처분행위가 사기를 이유로 취소될 수 있다고 하여 달리 보아야 하는지 여부 (소극) [2] 피고인이 피해자들을 기망하여 부동산을 매도하면서 매매대금 중 일부를 피해자들의 피고인에 대한 기존 채권과 상계하는 방법으로 지급받아 채무 소멸의 재산상 이익을 취득하였다는 내용으로 기소된 사안에서, 피고인이 상계에 의하여 기존 채무가 소멸되는 재산상 이익을 취득하였다고 보아 사기...","[1] 사기죄에서 ‘재산상의 이익’이란 채권을 취득하거나 담보를 제공받는 등의 적극적 이익뿐만 아니라 채무를 면제받는 등의 소극적 이익까지 포함하며, 채무자의 기망행위로 인하여 채권자가 채무를 확정적으로 소멸 내지 면제시키는 특약 등 처분행위를 한 경우에는 채무의 면제라고 하는 재산상 이익에 관한 사기죄가 성립하고, 후에 재산적 처분행위가 사기를 이유로 민법에 따라 취소될 수 있다고 하여 달리 볼 것은 아니다. [2] 피고인이 피해자들을 기망하여 부동산을 매도하면서 매매대금 중 일부를 피해자들의 피고인에 대한 기존 채권과 상계하는 방법으로 지급받아 채무 소멸의 재산상 이익을 취득하였다는 내용으로 기소된 사안에서, 피고인이 상계에 의하여 기존 채무가 소멸되는 재산상 이익을...","[1] 형법 제347조 , 민법 제110조 [2] 형법 제347조 제1항 , 민법 제492조 , 제493조","[1] 대법원 2008. 12. 24. 선고 2008도8600 판결, 대법원 2009. 2. 12. 선고 2008도10971 판결","부동산, 토지, 매매, 매수, 매도, 매매대금, 담보, 사기, 기망, 편취, 허위, 위조",전문 원문: https://www.law.go.kr/LSW/precInfoP.do?precSeq=162609,aggravated_economic_crime,특정경제범죄 가중처벌 등에 관한 법률 제3조,aggravated_economic_crime|특정경제범죄 가중처벌 등에 관한 법률 제3조; criminal_fraud|형법 제347조 사기죄; civil_fraud_duress|민법 제110조 사기·강박에 의한 의사표시; civil_sale_effect|민법 제568조 매매의 효력
26,CASE_2008_00026,2007도9417,사기,대법원,2008-01-24,형사,판결,상고심,상고기각,[1] 무효인 가등기를 말소하는 것이 사기죄의 재산적 처분행위에 해당하는지 여부 (적극) [2] 무효인 가등기여서 그 말소를 구할 권리를 가진 자라 하더라도 기망행위를 사용하여 이를 말소하게 하였다면 사기죄가 성립한다고 한 사례,"피고인의 상고이유를 본다. 1. 제3점에 관하여 원심이 그 채택증거에 의하여 인정한 사실들을 종합하면, 피고인은 피해자가 이 사건 가등기를 먼저 말소해 주더라도 피해자 요구시 이 사건 농지의 소유권을 이전해 줄 의사가 없었음에도 불구하고, 마치 피해자의 요구가 있으면 언제든지 이 사건 농지의 소유권을 이전해 줄 것처럼 행세하면서 이 사건 가등기의 말소를 요청하여, 이에 속은 피해자로부터 이 사건 가등기를 말소받았음을 인정할 수 있는바, 원심이 공소사실 중 이 사건 가등기의 말소로 인한 사기의 점을 유죄로 인정한 것은 이와 같은 전제에 선 것으로서 정당하고, 거기에 상고이유에서 주장하는 바와 같은 채증법칙 위",[1] 형법 제347조 [2] 형법 제347조,"[1] 대법원 1999. 7. 9. 선고 99도1326 판결 (공1999하, 1681), 대법원 2002. 11. 22. 선고 2000도4419 판결 (공2003상, 262)","부동산, 농지, 매매, 매도, 매매계약, 소유권이전, 등기, 가등기, 명의신탁, 사기, 기망, 기각",전문 원문: https://www.law.go.kr/LSW/precInfoP.do?precSeq=69227,criminal_fraud,형법 제347조 사기죄,criminal_fraud|형법 제347조 사기죄; civil_fraud_duress|민법 제110조 사기·강박에 의한 의사표시; civil_sale_effect|민법 제568조 매매의 효력
27,CASE_2022_00027,2021가단314994,보증금반환,부산지방법원,2022-05-26,민사,판결,1심,일부인용,신탁재산에 관한 임대차계약에서 수탁자 승낙과 신탁관계 설명이 부족해 보증금 반환 책임이 문제된 사건,"와 위 피고의 소유이던 부산 해운대구 (주소 생략)에 관한 신탁계약을 체결하고, 2019. 9. 11. 위 건물에 관하여 위 회사 앞으로 신탁계약을 원인으로 한 소유권이전등기를 마쳤다. 나. 원고는 공인중개사인 피고 3(항소심 판결의 피고 1)의 중개로 2019. 10. 22. 피고 ○○종합건설로부터 전항 기재 건물을 임대기간 2019. 11. 7.부터 2021. 11. 6.까지, 임대보증금 80,000,000원(계약금 4,000,000원은 계약시에 지급하고, 잔금 76,000,000원은 2019. 11. 7.까지 지급)으로 정하여 임차하면서, 특약사항으로 임대인은 임차인의 잔금지급과 동시에 신탁사항 및 소유권 이외의 권리사항을 말소하기",원문 참조,없음,"부동산, 주택, 건물, 임대목적물, 임대차, 보증금, 임대인, 임차인, 주택임대차, 임대차계약, 계약금, 잔금",전문 원문: https://www.law.go.kr/LSW/precInfoP.do?precSeq=237273,realtor_prohibited_acts,공인중개사법 제33조 금지행위,civil_sale_effect|민법 제568조 매매의 효력; civil_lease_definition|민법 제618조 임대차의 의의; realtor_prohibited_acts|공인중개사법 제33조 금지행위
28,CASE_2024_00028,2023나49209,손해배상(기),서울서부지법,2024-04-19,민사,판결,2심,항소기각,"甲이 乙과 乙 소유의 아파트에 관하여 체결한 임대차계약의 기간 만료 전 다시 새로운 임대차계약을 체결하였는데, 이후 乙이 새로 체결한 임대차계약의 종료일 무렵 乙의 실거주를 이유로 임대차계약을 갱신하지 않겠다는 의사를 통보하였다가 공인중개사 등을 통하여 갱신거절 의사를 철회하자, 甲이 위 갱신거절 의사표시의 철회는 적법한 대리권한 없이 이루어진 것으로서 효력이 없고, 임대차계약이 종료된 후 乙이 위 아파트에 실거주하지 아니하고 제3자에게 이를 임대하였다는 이유로 갱신거절에 따른 손해배상을 구한 사안에서, 乙의 갱신거절 의사표시는 적법하게 철회되었고, 제반 사정에 비추...","甲이 乙과 乙 소유의 아파트에 관하여 체결한 임대차계약의 기간 만료 전 다시 새로운 임대차계약을 체결하였는데, 이후 乙이 새로 체결한 임대차계약의 종료일 무렵 乙의 실거주를 이유로 임대차계약을 갱신하지 않겠다는 의사를 통보하였다가 공인중개사 등을 통하여 갱신거절 의사를 철회하자, 甲이 위 갱신거절 의사표시의 철회는 적법한 대리권한 없이 이루어진 것으로서 효력이 없고, 임대차계약이 종료된 후 乙이 위 아파트에 실거주하지 아니하고 제3자에게 이를 임대하였다는 이유로 갱신거절에 따른 손해배상을 구한 사안이다. 공인중개사는 의사표시를 전달하는 사자로서 乙의 갱신거절 의사표시를 전달하였으며, 주택 임대차거래의 관행에 비추어 공인중개사에게 그에 관한 정당한 권한이 존재하지 않는다고...","주택임대차보호법 제6조 , 제6조의3 제1항 , 제2항 , 제5항",없음,"부동산, 주택, 아파트, 임대차, 전세, 보증금, 임대인, 임차인, 주택임대차, 임대차계약, 계약금, 잔금",전문 원문: https://www.law.go.kr/LSW/precInfoP.do?precSeq=241197,realtor_prohibited_acts,공인중개사법 제33조 금지행위,civil_nonperformance_damages|민법 제390조 채무불이행 손해배상; civil_sale_effect|민법 제568조 매매의 효력; civil_lease_definition|민법 제618조 임대차의 의의; realtor_prohibited_acts|공인중개사법 제33조 금지행위
30,CASE_2024_00030,2024다286308,손해배상(기),대법원,2024-12-12,민사,판결,상고심,파기환송,"[1] 공인중개사법 제30조 제1항 에서 정한 ‘중개행위’에 해당하는지 판단하는 기준 [2] 甲이 乙과 임대차계약을 체결할 당시 丙이 임대차계약서에 공인중개사로서 서명·날인하였고, 丙이 작성하여 甲에게 교부한 중개대상물 확인·설명서의 ‘실제 권리관계 또는 공시되지 않은 물건의 권리 사항’란에는 ‘임대인은 전세보증금 8억 원 정도 있다고 구두로 설명하였다.’는 내용이 기재되어 있었으나 그 후 진행된 부동산 임의경매절차에서 확인된 선순위 임차인들의 임대차보증금 총액은 약 18억 원 상당이었고, 이에 배당을 받지 못한 甲이 丙 등을 상대로 손해배상을 구한 사안에서, 제반...","1. 원심판결 이유와 기록에 따르면 다음 사실을 알 수 있다. 가. 원고는 2018. 1. 20. 소외인과 사이에 이 사건 건물 중 이 사건 임대목적물에 관하여 보증금 110,000,000원, 임대차기간 2018. 2. 10.부터 2020. 2. 9.까지로 정한 이 사건 임대차계약을 체결하였다. 원고는 소외인에게 2018. 1. 20. 계약금 10,000,000원, 2018. 2. 10. 잔금 100,000,000원을 지급한 후 2018. 3. 20. 전입신고를 마치고 확정일자를 받았다. 나. 피고 1은 이 사건 임대차계약 체결 당시 이 사건 임대차계약서에 공인중개사로서 서명·날인하고, 중개대상물 확인·설명서를 작성하여 원고에게 교부하였","[1] 공인중개사법 제2조 제1호 , 제30조 제1항 [2] 공인중개사법 제2조 제1호 , 제30조 제1항",[1] 대법원 2006. 6. 15. 선고 2006다8849 판결,"부동산, 건물, 임대목적물, 중개대상물, 임대차, 전세, 보증금, 임대인, 임차인, 임대차계약, 매매, 계약금",전문 원문: https://www.law.go.kr/LSW/precInfoP.do?precSeq=609431,realtor_prohibited_acts,공인중개사법 제33조 금지행위,civil_nonperformance_damages|민법 제390조 채무불이행 손해배상; civil_sale_effect|민법 제568조 매매의 효력; civil_lease_definition|민법 제618조 임대차의 의의; realtor_prohibited_acts|공인중개사법 제33조 금지행위
31,CASE_2020_00031,2015도3820,횡령·사기·배임,대법원,2020-07-09,형사,판결,상고심,파기환송,"채무자가 금전채무를 담보하기 위한 저당권설정계약에 따라 채권자에게 그 소유의 부동산에 관하여 저당권을 설정할 의무를 부담하게 된 경우, 채권자에 대한 관계에서 ‘타인의 사무를 처리하는 자’에 해당하는지 여부 (소극) / 이때 채무자가 제3자에게 먼저 담보물에 관한 저당권을 설정하거나 담보물을 양도하는 등으로 담보가치를 감소 또는 상실시켜 채권자의 채권실현에 위험을 초래하는 경우, 배임죄가 성립하는지 여부 (소극) / 위와 같은 법리는, 채무자가 금전채무에 대한 담보로 부동산에 관하여 양도담보설정계약을 체결하고 이에 따라 채권자에게 소유권이전등기를 해 줄 의무가 있음에...","1. 상고이유를 판단한다. 가. 채무자가 금전채무를 담보하기 위한 저당권설정계약에 따라 채권자에게 그 소유의 부동산에 관하여 저당권을 설정할 의무를 부담하게 되었다고 하더라도, 이를 들어 채무자가 통상의 계약에서 이루어지는 이익대립관계를 넘어서 채권자와의 신임관계에 기초하여 채권자의 사무를 맡아 처리하는 것으로 볼 수 없다. 채무자가 저당권설정계약에 따라 채권자에 대하여 부담하는 저당권을 설정할 의무는 계약에 따라 부담하게 된 채무자 자신의 의무이다. 채무자가 위와 같은 의무를 이행하는 것은 채무자 자신의 사무에 해당할 뿐이므로,",형법 제355조 제2항,"대법원 2020. 6. 18. 선고 2019도14340 전원합의체 판결(공2020하, 1429)","부동산, 매도, 소유권이전, 등기, 저당권, 담보, 사기, 횡령, 배임, 파기",전문 원문: https://www.law.go.kr/LSW/precInfoP.do?precSeq=213761,embezzlement_breach_of_trust,형법 제355조·제356조 횡령·배임,criminal_fraud|형법 제347조 사기죄; embezzlement_breach_of_trust|형법 제355조·제356조 횡령·배임; civil_sale_effect|민법 제568조 매매의 효력
32,CASE_2006_00032,2005고합694,특정경제범죄가중처벌등에관한법률위반(사기)(인정된죄명:사기),대구지법,2006-10-11,형사,판결,1심,유죄(징역형),[1] 토지 매수인들이 매매계약 체결 과정에서 피해자에게 자신들의 자금능력을 오신하게 한 행위가 사기죄를 구성하는 기망행위로 인정된다고 한 사례 [2] 근저당권이 설정된 부동산을 편취하는 경우 그 이득액의 산정 방법,"[1] 토지 매수인들이 자신들의 자금능력에 대한 피해자의 절대적 신뢰를 기초로 토지 매매계약을 체결하였으나 중도금 및 잔금 지급을 담보할 방법이 계약상 마련되어 있지 않은 상황에서, 비록 매수인들이 토지를 매수하여 아파트건축공사를 시행한 후 매매대금을 실제 지급할 생각이었다고 하더라도 위 매매계약 체결 과정에서 피해자에게 자신들의 자금능력을 오신하게 한 행위는 사기죄를 구성하는 기망행위로 인정된다고 한 사례. [2] 근저당권이 설정된 부동산을 편취하는 경우 그 이득액을 산정함에 있어 위 부동산의 시가 즉 객관적인 재산적 가치는, 그 근저당권이 사기죄 기수 당시에 이미 환가 내지 실행될 수 없는 것이었다는 특별한 사정이 없는 한, 원래의 부동산 시가에서 그 근저당권의 채권최...","[1] 형법 제347조 [2] 형법 제347조 , 특정경제범죄 가중처벌 등에 관한 법률 제3조 제1항",없음,"부동산, 주택, 아파트, 토지, 빌라, 매매, 매수, 매매계약, 매매대금, 계약금, 중도금, 잔금",전문 원문: https://www.law.go.kr/LSW/precInfoP.do?precSeq=70586,aggravated_economic_crime,특정경제범죄 가중처벌 등에 관한 법률 제3조,aggravated_economic_crime|특정경제범죄 가중처벌 등에 관한 법률 제3조; criminal_fraud|형법 제347조 사기죄; civil_fraud_duress|민법 제110조 사기·강박에 의한 의사표시; civil_sale_effect|민법 제568조 매매의 효력
33,CASE_2024_00033,2023가단133077,손해배상(기),대구지법,2024-08-09,민사,판결,1심,일부인용,"공인중개사 甲이 임차인인 乙에게 다가구주택에 관한 임대차계약을 중개하면서 중개대상물 확인·설명서를 교부하였는데, 乙이 확정일자를 받아 전입신고를 한 다음 위 주택에 관한 경매개시결정이 내려졌고, 이에 乙이 甲을 상대로 확인·설명의무를 해태하였다는 이유로 손해배상을 구하고, 한국공인중개사협회를 상대로는 甲이 한국공인중개사협회와 체결한 공제계약에 따른 공제금을 구한 사안에서, 甲은 乙에게 공인중개사법과 그 시행령에서 정한 확인·설명의무를 해태하여 공인중개사법 제30조 에 따른 손해배상책임을 지고, 한국공인중개사협회와 공제계약을 체결한 甲이 중개 과정에서 공인중개사로서의...","공인중개사 甲이 임차인인 乙에게 다가구주택에 관한 임대차계약을 중개하면서 중개대상물 확인·설명서를 교부하였는데, 乙이 확정일자를 받아 전입신고를 한 다음 위 주택에 관한 경매개시결정이 내려졌고, 이에 乙이 甲을 상대로 확인·설명의무를 해태하였다는 이유로 손해배상을 구하고, 한국공인중개사협회를 상대로는 甲이 한국공인중개사협회와 체결한 공제계약에 따른 공제금을 구한 사안이다. 甲은 乙에게 위 주택 중 일부에 관한 임대차계약을 중개하면서 위 주택의 다른 임차인의 임대차보증금을 실제와 달리 설명한 점, 임대인이 권리관계에 관한 자료요구에 불응하여 다른 임차인의 임대차 내용에 대한 정확한 확인이 곤란하였다고 하더라도 이와 같은 사정을 乙에게 고지하거나 중개대상물 확인·설명서에 기재...","공인중개사법 제30조 , 제33조 제1항 제4호 , 제42조 , 공인중개사법 시행령 제21조 , 민법 제680조 , 제681조",없음,"부동산, 주택, 다가구, 중개대상물, 임대차, 보증금, 임대인, 임차인, 임대차계약, 공인중개, 중개업자, 확인·설명",전문 원문: https://www.law.go.kr/LSW/precInfoP.do?precSeq=241419,realtor_prohibited_acts,공인중개사법 제33조 금지행위,civil_nonperformance_damages|민법 제390조 채무불이행 손해배상; civil_lease_definition|민법 제618조 임대차의 의의; realtor_prohibited_acts|공인중개사법 제33조 금지행위
34,CASE_1990_00034,90도94,"사기,사문서위조,사문서위조행사",대법원,1990-03-13,형사,판결,상고심,상고기각,가. 피고인의 방어권행사에 실질적인 불이익이 없는 경우 공소장변경없이 기본적사실이 동일한 범위내에서 공소사실과 다르게 인정한 것이 불고불리의 원칙에 반하는지 여부 (소극) 나. 공소장 변경없이 공소사실과 다른 사실을 인정한 것이 적법하다고 본 사례,가. 피고인의 방어권행사에 실질적인 불이익을 초래할 염려가 없는 경우에는 공소장변경절차를 거치지 아니하고 공소사실과 기본적 사실의 동일성 범위내에서 다르게 인정하였다 할지라도 불고불리의 원칙에 위반되지 아니한다. 나. 피고인의 사문서위조의 공소사실은 피고인이 공소외 (갑)명의 부동산 월세계약서 1매를 위조하였다는 것인데 이에 관한 제1심판결의 판시사실이 피고인은 그 정을 모르는 피고인의 직원인 소송외 (을)로 하여금 위(갑)명의의 계약서 1매를 위조하였다고 하는 것이라면 이는 위 공소사실과 기본적 사실의 동일성의 범위를 벗어난 것이 아니고 피고인의 방어권행사에 실질적인 불이익을 초래할 염려도 없다고 보여지며 또 위 공소사실에는 기재되어 있지 않으나 공소사실의 경위를 정리...,형사소송법 제298조,"대법원 1988.6.14. 선고 88도92 판결(공1988,1048)","부동산, 토지, 월세, 매매, 매도, 매매계약, 계약금, 중도금, 사기, 위조, 기각, 해제",전문 원문: https://www.law.go.kr/LSW/precInfoP.do?precSeq=148073,criminal_fraud,형법 제347조 사기죄,criminal_fraud|형법 제347조 사기죄; civil_sale_effect|민법 제568조 매매의 효력
35,CASE_2010_00035,2009가합3360,손해배상및공제금,인천지방법원,2010-07-07,민사,판결,1심,일부인용,부동산 임대차보증금 반환 과정에서 공인중개사 측의 사기 범행과 보증금 횡령으로 임대인들이 손해를 입어 협회 공제금까지 청구한 사건,"자백한 것으로 간주하고, 원고들과 피고 2, 피고 3, 피고 4, 피고 5, 피고 6, 피고 7, 피고 8, 피고 9(이하 ‘공동 중개 피고들’이라 한다), 한국공인중개사협회(이하 ‘피고 협회’라 한다) 사이에서는 다툼이 없거나, 갑 제1호증 내지 갑 제12호증(각 가지번호 포함, 이하 같다), 을나 제1호증, 을다 제2호증, 을다 제3호증, 을다 제4호증, 을다 제5호증의 각 기재, 이 법원의 인천지방법원에 대한 문서송부촉탁결과, 소외 2 본인신문결과에 변론 전체의 취지를 종합하여 이를 인정할 수 있다. 가. 원고 1, 원고 2는 인천 남구 문학동 (지번 1 생략) 소재 다가구주택 및 같은 동 (지번 2 생략) 소재 근린생활시설 및 단",원문 참조,없음,"부동산, 주택, 오피스텔, 건물, 다가구, 임대차, 전세, 보증금, 임대인, 임차인, 월세, 임대차계약",전문 원문: https://www.law.go.kr/LSW/precInfoP.do?precSeq=221375,realtor_prohibited_acts,공인중개사법 제33조 금지행위,civil_nonperformance_damages|민법 제390조 채무불이행 손해배상; civil_lease_definition|민법 제618조 임대차의 의의; realtor_prohibited_acts|공인중개사법 제33조 금지행위
36,CASE_2011_00036,2011나13219,손해배상(기),서울중앙지방법원,2011-07-01,민사,판결,2심,항소기각,다가구주택 임대차 중개에서 다른 임차인들의 보증금 등 권리관계를 설명하지 않아 임차인이 경매에서 보증금을 회수하지 못한 사건,"판결문 이유 기재와 같으므로, 민사소송법 제402조 본문에 의하여 이를 그대로 인용한다. 2. 추가판단 가. 당사자의 주장 원고는, 피고 1이 이 사건 건물의 임대차 중개 당시 원고에게 이 사건 건물이 포함된 다가구 주택(이하 ‘이 사건 다가구 주택’이라 한다)의 다른 임차인들의 보증금 등 권리관계에 관하여 전혀 설명하지 않았고, 이로 인하여 이 사건 건물에 관하여 임대차계약을 체결한 원고로 하여금 이 사건 다가구 주택이 경락되는 바람에 임대차보증금을 전혀 회수하지 못하는 손해를 입게 하였으므로, 피고들은 연대하여 원고에게 손해배상으로 임대차보증금 상당액인 7,000만 원 및 그 지연손해금을 지급할 의무가 있다고 주장한다. 이에 대하여",원문 참조,없음,"부동산, 주택, 토지, 건물, 다가구, 중개대상물, 임대차, 전세, 보증금, 임차권, 임대인, 임차인",전문 원문: https://www.law.go.kr/LSW/precInfoP.do?precSeq=160691,civil_lease_definition,민법 제618조 임대차의 의의,civil_nonperformance_damages|민법 제390조 채무불이행 손해배상; civil_lease_definition|민법 제618조 임대차의 의의
37,CASE_2023_00037,2022나112852,임대차보증금,대전지방법원,2023-07-05,민사,판결,2심,항소기각,다가구주택 임차인이 경매에서 보증금을 배당받지 못한 뒤 공인중개사와 협회를 상대로 손해배상을 청구했으나 항소가 기각된 사건,"고쳐 쓰는 부분 『앞서 인정한 사실에 을나 2, 3, 6호증(가지번호 포함), 변론 전체의 취지를 더하여 인정할 수 있는 다음 사정에 비추어 보면, 피고 1이 중개대상물 확인·설명의무를 위반하였다거나 위와 같은 위반행위와 원고의 손해 사이에 인과관계가 있다고 인정하기 부족하고, 달리 이를 인정할 증거가 없다. 원고의 주장은 받아들이지 않는다. ① 피고 1이 이 사건 계약 체결 당시 원고에게 교부한 중개대상물 확인·설명서 중 ‘실제 권리관계 또는 공시되지 않은 물건의 권리 사항’란에는 ""임차보증금 총액: 6억 원(임대인 구두 확인)""이라고 기재되어 있다. 이에 의하면, 피고 1이 원고에게 이 사건 주택의 선순위 임차보증금 합계액을 6억",원문 참조,없음,"주택, 다가구, 중개대상물, 임대차, 보증금, 임대인, 임차인, 임대차계약, 임차보증금, 공인중개, 확인·설명, 등기",전문 원문: https://www.law.go.kr/LSW/precInfoP.do?precSeq=238351,realtor_prohibited_acts,공인중개사법 제33조 금지행위,civil_nonperformance_damages|민법 제390조 채무불이행 손해배상; civil_lease_definition|민법 제618조 임대차의 의의; realtor_prohibited_acts|공인중개사법 제33조 금지행위
38,CASE_2016_00038,2015나2074815,전세금반환등,서울고등법원,2016-09-08,민사,판결,2심,일부인용,"여러 임차인이 다가구주택 임대차보증금을 반환받지 못했고, 임대 대리인과 다수 공인중개사를 상대로 전세금 반환 및 손해배상을 구한 사건","가구주택 건물(이하 ‘이 사건 다가구주택’이라 한다)의 소유자이고, 피고 1은 소외 1의 아내로서 소외 1을 대리하여 원고들과 사이에 이 사건 다가구주택에 관한 임대차계약을 직접 체결한 사람이다. 나. 임대차계약의 체결 등 1) 원고 1은 2011. 4. 30. ‘○○공인중개사사무소’라는 상호로 부동산중개업을 하는 공인중개사인 피고 2, ‘△공인중개사’라는 상호로 부동산중개업을 하는 공인중개사인 피고 3의 중개로, 소외 1을 대리한 피고 1과 사이에 이 사건 다가구주택 중 별지 1 도면 표시 ‘라’ 부분을 임대차보증금 5,000만 원, 임대차기간 2011. 6. 10.부터 2013. 6. 10.까지로 정하여 임차하는 내용의 임대차계약을",원문 참조,없음,"부동산, 주택, 건물, 다가구, 임대차, 전세, 보증금, 전세금, 임차인, 임대차계약, 공인중개, 손해배상",전문 원문: https://www.law.go.kr/LSW/precInfoP.do?precSeq=200513,realtor_prohibited_acts,공인중개사법 제33조 금지행위,civil_nonperformance_damages|민법 제390조 채무불이행 손해배상; civil_lease_definition|민법 제618조 임대차의 의의; realtor_prohibited_acts|공인중개사법 제33조 금지행위
39,CASE_2022_00039,2021가단121803,임대차보증금,대전지방법원,2022-06-09,민사,판결,1심,일부인용,"다가구주택 임차인이 경매에서 배당받지 못해 임대인, 공인중개사, 한국공인중개사협회를 상대로 보증금과 손해배상을 구한 사건","1. 인정사실 가. 원고는 공인중개사인 피고 2가 운영하는 ○○공인중개사 사무소에서 2018. 4. 27. 대전 서구 (주소 생략) 다가구 주택(이하 ‘이 사건 주택’이라 한다) (호수 생략)에 관하여 임대인은 피고 1, 임차인은 원고, 보증금 90,000,000원, 계약기간은 2018. 5. 8.부터 2020. 5. 7.까지로 하는 임대차 계약(이하 ‘이 사건 임대차계약’이라 한다)을 체결하였다. 나. 원고는 위 보증금 전액을 피고 계좌로 지급하고, 2018. 5. 8. 전입신고를 마친 후 이 사건 주택",원문 참조,없음,"부동산, 주택, 건물, 다가구, 중개대상물, 임대차, 보증금, 임대인, 임차인, 임대차계약, 임차보증금, 매매",전문 원문: https://www.law.go.kr/LSW/precInfoP.do?precSeq=238365,realtor_prohibited_acts,공인중개사법 제33조 금지행위,civil_nonperformance_damages|민법 제390조 채무불이행 손해배상; civil_sale_effect|민법 제568조 매매의 효력; civil_lease_definition|민법 제618조 임대차의 의의; realtor_prohibited_acts|공인중개사법 제33조 금지행위
40,CASE_2013_00040,2012고단1401,횡령,대전지방법원,2013-08-29,형사,판결,1심,유죄(징역형),공동매수 부동산 지분을 편의상 피고인 명의로 등기한 뒤 피해자 승낙 없이 근저당권을 설정하고 추가 대출을 받은 사건,"피고인은 2004. 7. 10. 서산시 (주소 3 생략)에 있는 ☆☆☆ 운영의 □□공인중개사 사무실에서, 매도인 공소외 1로부터 서산시 성연면 주소 1 생략(대판: 주소 생략) 답 9,292제곱미터(이하, ‘이 사건 부동산’이라 한다)를 매매대금 9억 8,000만 원에 피고인와 피해자 공소외 4가 공동으로 2/4, 공소외 12, 공소외 5가 각 1/4 지분씩 공동으로 매수하기로 하였다(이하 ‘이 사건 매매계약’이라 한다). 피고인은 같은 일시, 장소에서, 위와 같이 이 사건 부동산을 피해자와 공동으로 매수하면서 피고인 외에 피해자를 통해 공동매수에 참가한 공소",원문 참조,없음,"부동산, 토지, 매매, 매수, 매도, 매매계약, 매매대금, 소유권이전, 토지거래허가, 공인중개, 등기, 가등기",전문 원문: https://www.law.go.kr/LSW/precInfoP.do?precSeq=182921,embezzlement_breach_of_trust,형법 제355조·제356조 횡령·배임,embezzlement_breach_of_trust|형법 제355조·제356조 횡령·배임; civil_sale_effect|민법 제568조 매매의 효력; realtor_prohibited_acts|공인중개사법 제33조 금지행위
41,CASE_2008_00041,2007도9606,사기·사문서위조·위조사문서행사·배임·자격모용사문서작성·자격모용작성사문서행사,대법원,2008-02-14,형사,판결,상고심,파기환송,[1] 자격모용에 의한 사문서작성죄의 성립요건 [2] 부동산매매계약서에 작성인으로 기재된 ‘○○부동산’이라는 표시가 자격모용에 의한 사문서작성죄의 명의인에 해당한다고 본 사례,"[1] 자격모용에 의한 사문서작성죄는 문서위조죄와 마찬가지로 문서의 진정에 대한 공공의 신용을 그 보호법익으로 하는 것으로서, 행사할 목적으로 타인의 자격을 모용하여 작성된 문서가 일반인으로 하여금 당해 명의인의 권한 내에서 작성된 문서라고 믿게 할 수 있는 정도의 형식과 외관을 갖추고 있으면 성립하는 것이고, 자격모용에 의한 사문서작성죄에서의 ‘타인’에는 자연인뿐만 아니라 법인, 법인격 없는 단체를 비롯하여 거래관계에서 독립한 사회적 지위를 갖고 활동하고 있는 존재로 취급될 수 있으면 여기에 해당된다. [2] 부동산중개사무소를 대표하거나 대리할 권한이 없는 사람이 부동산매매계약서의 공인중개사란에 ‘○○부동산 대표 △△△(피고인의 이름)’라고 기재한 사안에서, ‘○○부동산...",[1] 형법 제232조 [2] 형법 제232조,"[1] 대법원 2007. 10. 11. 선고 2007도5838 판결 (공2007하, 1792)","부동산, 매매, 매도, 매매계약, 매매대금, 공인중개, 자격모용, 사기, 위조, 배임, 무죄, 파기",전문 원문: https://www.law.go.kr/LSW/precInfoP.do?precSeq=85553,embezzlement_breach_of_trust,형법 제355조·제356조 횡령·배임,criminal_fraud|형법 제347조 사기죄; embezzlement_breach_of_trust|형법 제355조·제356조 횡령·배임; civil_sale_effect|민법 제568조 매매의 효력; realtor_prohibited_acts|공인중개사법 제33조 금지행위
42,CASE_2021_00042,2019도1721,사기ㆍ횡령,대법원,2021-03-11,형사,판결,상고심,파기환송,"부동산 실권리자명의 등기에 관한 법률을 위반한 이른바 양자간 명의신탁의 경우, 명의수탁자가 명의신탁자에 대한 관계에서 ‘타인의 재물을 보관하는 자’의 지위에 있는지 여부 (소극) 및 이때 명의수탁자가 신탁받은 부동산을 임의로 처분하면 명의신탁자에 대한 관계에서 횡령죄가 성립하는지 여부 (소극)","상고이유(상고이유서 제출기간이 지난 후에 제출된 상고이유보충서 기재는 상고이유를 보충하는 범위 내에서)를 판단한다. 1. 「부동산 실권리자명의 등기에 관한 법률」(이하 ‘부동산실명법’이라고 한다)에 위반한 이른바 양자간 명의신탁의 경우, 계약인 명의신탁약정과 그에 부수한 위임약정, 명의신탁약정을 전제로 한 명의신탁 부동산 및 그 처분대금 반환약정은 모두 무효이고, 나아가 명의신탁자와 명의수탁자 사이에 무효인 명의신탁약정 등에 기초하여 존재한다고 주장될 수 있는 사실상의 위탁관계라는 것은 부동산실명법에 반하여 범죄를 구성하는 불법적인 관계에 지나지 아니할 뿐 이를 형법상 보호할 만한 가치 있는 신임에 의한 것이라고 할 수","형법 제355조 제1항 , 부동산 실권리자명의 등기에 관한 법률 제1조 , 제3조 제1항 , 제4조 , 제7조","대법원 2021. 2. 18. 선고 2016도18761 전원합의체 판결 (공2021상, 668)","부동산, 아파트, 등기, 근저당, 저당권, 명의신탁, 명의수탁, 부동산실명법, 사기, 횡령, 파기, 반환",전문 원문: https://www.law.go.kr/LSW/precInfoP.do?precSeq=216993,embezzlement_breach_of_trust,형법 제355조·제356조 횡령·배임,criminal_fraud|형법 제347조 사기죄; embezzlement_breach_of_trust|형법 제355조·제356조 횡령·배임
43,CASE_1997_00043,95도1874,특정경제범죄가중처벌등에관한법률위반(사기)(인정된 죄명 : 사기)·사문서위조·동행사,대법원,1997-07-11,형사,판결,상고심,상고기각,[1] 소송사기의 방법으로 건축주 명의를 변경한 경우의 사기죄의 객체 [2] 재산상 이익 취득의 사기죄에 대하여 재물 편취의 사기죄로 의율한 것이 판결에 영향을 미친 위법에 해당하는지 여부 (소극) [3] 건축주 명의변경을 목적으로 하는 소송사기의 기수 시기,"[1] 신축중인 다세대주택에 관하여 건축허가 명의가 변경되었다 하여 그 소유권이 변경된 건축허가 명의인에게 이전되는 것은 아니므로, 피고인이 법원을 기망하여 건축주명의변경절차이행청구 소송에서 승소확정판결을 받았다거나 나아가 이에 기하여 위 다세대주택에 관한 건축허가 명의를 변경하였다 하여 위 다세대주택 그 자체를 편취한 것으로는 볼 수 없고, 단지 건축주로서 공사를 계속하여 다세대주택을 완공하고 사용승인을 받은 다음 건축물대장에 등재하여 완공된 다세대주택에 관하여 그의 명의로 소유권보존등기를 경료할 수 있는 등 건축허가에 따른 재산상 이익을 취득한 것으로 보아야 한다. [2] 피고인이 편취한 것이 재물로서의 신축 부동산 그 자체인가 아니면 건축허가로 인한 재산상 이익인가...","[1] 형법 제347조 [2] 형법 제347조 , 형사소송법 제383조 [3] 형법 제347조","[3] 대법원 1980. 4. 22. 선고 80도533 판결(공1980, 12860) , 대법원 1983. 4. 26. 선고 83도188 판결(공1983, 934)","부동산, 주택, 건물, 다세대, 소유권보존, 등기, 사기, 기망, 편취, 위조, 기각, 소송사기",전문 원문: https://www.law.go.kr/LSW/precInfoP.do?precSeq=115497,aggravated_economic_crime,특정경제범죄 가중처벌 등에 관한 법률 제3조,aggravated_economic_crime|특정경제범죄 가중처벌 등에 관한 법률 제3조; criminal_fraud|형법 제347조 사기죄; civil_fraud_duress|민법 제110조 사기·강박에 의한 의사표시
44,CASE_2019_00044,2018도19772,특정경제범죄가중처벌등에관한법률위반(사기)·부동산실권리자명의등기에관한법률위반,대법원,2019-04-03,형사,판결,상고심,"원심판결 중 피고인에 대한 부분을 파기하고, 이 부분 사건을 서울고등법원에 환송한다.","담보로 제공할 목적물의 가액을 허위로 부풀려 금융기관으로부터 대출을 받은 경우, 사기죄가 성립하는지 여부 (적극) 및 이때 사기죄의 이득액에서 담보물의 실제 가액을 전제로 한 대출가능금액을 공제하여야 하는지 여부 (소극)","상고이유를 판단한다. 1. 담보로 제공할 목적물의 가액을 허위로 부풀려 금융기관으로부터 대출을 받은 경우 그 대출이 기망행위에 의하여 이루어진 이상 그로써 사기죄는 성립하고, 이 경우 사기죄의 이득액에서 담보물의 실제 가액을 전제로 한 대출가능금액을 공제하여야 하는 것은 아니다(대법원 2007. 9. 6. 선고 2007도5497 판결, 대법원 2017. 12. 22. 선고 2017도12649 판결 등 참조). 2. 원심판결 이유 및 적법하게 채택된 증거에 의하면, 피고인은 2012. 5. 11. 제1심 공",형법 제347조,"대법원 2007. 9. 6. 선고 2007도5497 판결, 대법원 2017. 12. 22. 선고 2017도12649 판결 (공2018상, 388)","부동산, 토지, 매매, 매수, 매매계약, 매매대금, 등기, 담보, 부동산실권리자, 사기, 기망, 허위",전문 원문: https://www.law.go.kr/LSW/precInfoP.do?precSeq=207597,aggravated_economic_crime,특정경제범죄 가중처벌 등에 관한 법률 제3조,aggravated_economic_crime|특정경제범죄 가중처벌 등에 관한 법률 제3조; criminal_fraud|형법 제347조 사기죄; civil_fraud_duress|민법 제110조 사기·강박에 의한 의사표시; civil_sale_effect|민법 제568조 매매의 효력
45,CASE_1997_00045,97다36118,소유권이전등기,대법원,1997-11-14,민사,판결,상고심,파기환송,"[1] 토지거래허가를 받지 않아 유동적 무효 상태에 있는 거래계약에 관하여 사기 또는 강박에 의한 계약의 취소를 주장할 수 있는지 여부 (적극) [2] 공유자가 토지 전부에 대하여 제3자와 매매계약을 체결하고도 전매차익을 취하려는 의도에서 다른 공유자에게는 그 사실을 숨긴 채 그 소유 지분을 자신이 매도한 가격보다 현저히 저렴한 가격에 매수한 경우, 사기에 의한 계약 취소를 인정한 사례","[1] 국토이용관리법상 규제구역 내에 속하는 토지거래에 관하여 관할 도지사로부터 거래허가를 받지 아니한 거래계약은 처음부터 위 허가를 배제하거나 잠탈하는 내용의 계약이 아닌 한 허가를 받기까지는 유동적 무효의 상태에 있고 거래 당사자는 거래허가를 받기 위하여 서로 협력할 의무가 있으나, 그 토지거래가 계약 당사자의 표시와 불일치한 의사(비진의표시, 허위표시 또는 착오) 또는 사기, 강박과 같은 하자 있는 의사에 의하여 이루어진 경우에는, 이들 사유에 의하여 그 거래의 무효 또는 취소를 주장할 수 있는 당사자는 그러한 거래허가를 신청하기 전 단계에서 이러한 사유를 주장하여 거래허가신청 협력에 대한 거절의사를 일방적으로 명백히 함으로써 그 계약을 확정적으로 무효화시키고 자신의...","[1] 국토이용관리법 제21조의3 , 민법 제107조 제1항 , 제108조 제1항 , 제109조 제1항 , 제110조 제1항 [2] 민법 제110조 제1항","[1] 대법원 1996. 11. 8. 선고 96다35309 판결(공1996하, 3555)","부동산, 주택, 토지, 매매, 매수, 매도, 매매계약, 매매대금, 계약금, 중도금, 소유권이전, 토지거래허가",전문 원문: https://www.law.go.kr/LSW/precInfoP.do?precSeq=196712,civil_fraud_duress,민법 제110조 사기·강박에 의한 의사표시,civil_fraud_duress|민법 제110조 사기·강박에 의한 의사표시; civil_sale_effect|민법 제568조 매매의 효력
46,CASE_2016_00046,2014도6992,횡령,대법원,2016-05-19,형사,판결,상고심,파기환송,"명의신탁자가 매수한 부동산에 관하여 부동산 실권리자명의 등기에 관한 법률을 위반하여 명의수탁자와 맺은 명의신탁약정에 따라 매도인에게서 바로 명의수탁자 명의로 소유권이전등기를 마친 이른바 중간생략등기형 명의신탁을 한 경우, 명의수탁자가 명의신탁자의 재물을 보관하는 자인지 여부 (소극) 및 명의수탁자가 신탁받은 부동산을 임의로 처분하면 명의신탁자에 대한 관계에서 횡령죄가 성립하는지 여부 (소극)","형법 제355조 제1항 이 정한 횡령죄의 주체는 타인의 재물을 보관하는 자라야 하고, 타인의 재물인지 아닌지는 민법, 상법, 기타의 실체법에 따라 결정하여야 한다. 횡령죄에서 보관이란 위탁관계에 의하여 재물을 점유하는 것을 뜻하므로 횡령죄가 성립하기 위하여는 재물의 보관자와 재물의 소유자(또는 기타의 본권자) 사이에 법률상 또는 사실상의 위탁신임관계가 존재하여야 한다. 이러한 위탁신임관계는 사용대차·임대차·위임 등의 계약에 의하여서뿐만 아니라 사무관리·관습·조리·신의칙 등에 의해서도 성립될 수 있으나, 횡령죄의 본질이 신임관계에 기초하여 위탁된 타인의 물건을 위법하게 영득하는 데 있음에 비추어 볼 때 위탁신임관계는 횡령죄로 보호할 만한 가치 있는 신임에 의한 것으로 한정함...","형법 제355조 제1항 , 부동산 실권리자명의 등기에 관한 법률 제1조 , 제3조 제1항 , 제4조 , 제7조 제1항 제1호 , 제2항","대법원 2001. 11. 27. 선고 2000도3463 판결(공2002상, 220)(폐기) , 대법원 2002. 2. 22. 선고 2001도6209 판결(공2002상, 833)(폐기) , 대법원 2002. 8. 27. 선고 2002도2926 판결(공2002하, 2371)(폐기) , 대법원 2003. 5. 16. 선고 2002도619 판결(폐기), 대법원 2003. 10. 10. 선고 2003도3516 판결 , 대법원 2005. 3. 24. 선고 2004도1789 판결(폐기), 대법원 2005. 9...","부동산, 임대차, 매매, 매수, 매도, 매매계약, 소유권이전, 등기, 명의신탁, 명의수탁, 부동산실명법, 신탁부동산",전문 원문: https://www.law.go.kr/LSW/precInfoP.do?precSeq=182326,embezzlement_breach_of_trust,형법 제355조·제356조 횡령·배임,embezzlement_breach_of_trust|형법 제355조·제356조 횡령·배임; civil_sale_effect|민법 제568조 매매의 효력; civil_lease_definition|민법 제618조 임대차의 의의
47,CASE_1992_00047,92다25120,소유권이전등기,대법원,1992-12-24,민사,판결,상고심,파기환송,"가. 법률행위 취소의 원인이 될 강박의 성립요건 나. 부정행위에 대한 고소, 고발이 강박행위가 되는 경우","가. 법률행위 취소의 원인이 될 강박이 있다고 하기 위하여서는 표의자로 하여금 외포심을 생기게 하고 이로 인하여 법률행위 의사를 결정하게 할 고의로써 불법으로 장래의 해악을 통고할 경우라야 한다. 나. 일반적으로 부정행위에 대한 고소, 고발은 그것이 부정한 이익을 목적으로 하는 것이 아닌 때에는 정당한 권리행사가 되어 위법하다고 할 수 없으나, 부정한 이익의 취득을 목적으로 하는 경우에는 위법한 강박행위가 되는 경우가 있고 목적이 정당하다 하더라도 행위나 수단 등이 부당한 때에는 위법성이 있는 경우가 있을 수 있다.",민법 제110조,"가. 대법원 1975. 3. 25. 선고 73다1048 판결 (공1975,8382)","부동산, 매수, 매도, 소유권이전, 등기, 공정증서원본불실기재, 강박, 고소, 고발, 사기, 기망, 위조",전문 원문: https://www.law.go.kr/LSW/precInfoP.do?precSeq=603077,civil_fraud_duress,민법 제110조 사기·강박에 의한 의사표시,civil_fraud_duress|민법 제110조 사기·강박에 의한 의사표시; civil_sale_effect|민법 제568조 매매의 효력
48,CASE_2017_00048,2014도2415,사기ㆍ공정증서원본불실기재(추가인정된죄명:강제집행면탈)ㆍ불실기재공정증서원본행사(추가인정된죄명:강제집행면탈)ㆍ부동산실권리자명의등기에관한법률위반(추가인정된죄명:강제집행면탈),대법원,2017-02-15,형사,판결,상고심,상고기각,"실제로는 채권·채무관계가 존재하지 않는데도 허위의 채무를 가장하고 이를 담보한다는 명목으로 허위의 근저당권설정등기를 마친 경우, 공정증서원본불실기재죄나 공전자기록등불실기재죄 및 불실기재공정증서원본행사죄나 불실기재공전자기록등행사죄가 성립하는지 여부 (적극)","고이유에 관한 판단 원심판결 이유를 원심이 적법하게 채택한 증거들에 비추어 살펴보면, 원심이 그 판시와 같은 이유를 들어 피고인 1에 대한 이 사건 공소사실 중 사기의 점을 유죄로 인정한 것은 정당하고, 거기에 상고이유 주장과 같이 논리와 경험의 법칙을 위반하여 자유심증주의의 한계를 벗어나거나 사기죄에 관한 법리를 오해하는 등의 잘못이 없다. 2. 피고인 2의 상고에 관한 판단 피고인 2는 원심판결에 대하여 상고하였으나, 상고이유서를 제출하지 아니하였고, 상고장에도 불복이유의 기재를 찾아볼 수 없다. 3. 검사의 상고이유에 관한 판단 가. 형법 제228조 제1항이 규정하는 공정증서원본불실기재죄나 공전자기록등불실기재죄(이하 위 두 죄를 합","형법 제228조 제1항 , 제229조","대법원 1969. 11. 11. 선고 69도1804 판결, 대법원 2003. 7. 25. 선고 2002도638 판결, 대법원 2008. 9. 11. 선고 2007도5386 판결","부동산, 오피스텔, 등기, 근저당, 저당권, 담보, 부동산실권리자, 공정증서원본불실기재, 사기, 허위, 무죄, 기각",전문 원문: https://www.law.go.kr/LSW/precInfoP.do?precSeq=184942,criminal_fraud,형법 제347조 사기죄,criminal_fraud|형법 제347조 사기죄
49,CASE_2007_00049,2006노2375,특정경제범죄가중처벌등에관한법률위반(사기)·자격모용사문서작성·자격모용작성사문서행사·사문서위조·위조사문서행사·부동산실권리자명의등기에관한법률위반,서울고등법원,2007-06-01,형사,판결,2심,항소기각,명의신탁된 임야 매매에서 명의자 승낙 없이 계약서와 영수증을 작성하고 매매대금을 편취했다는 특정경제범죄 사기와 자격모용 문서작성 등이 문제된 사건,"1. 항소이유의 요지 가. 사실오인 내지 법리오해 피고인이 피해자 공소외 3으로부터 토지매매대금을 편취한 사실이 없고, 이 사건 부동산 매매계약서 및 영수증을 작성할 당시 이 사건 부동산을 매도하겠다는 뜻을 명의수탁자인 공소외 1에게 통지하고 공소외 1로부터 묵시적 승낙을 받은 바 있으므로 공소외 1 명의의 사문서를 위조하거나 공소외 1의 대리인 자격을 모용한 것이 아님에도 불구하고 원심이 이를 모두 유죄로 인정한 것은 사실오인 내지 법리오해의 위법이 있다. 나. 양형부당 원심이 피고인에 대하여 선고한 형(징역 1년 6월, 집행유예 2년)은 여러 양형조건에 비추어",원문 참조,없음,"부동산, 아파트, 토지, 임야, 매매, 매수, 매도, 매매계약, 매매대금, 계약금, 잔금, 소유권이전",전문 원문: https://www.law.go.kr/LSW/precInfoP.do?precSeq=78663,aggravated_economic_crime,특정경제범죄 가중처벌 등에 관한 법률 제3조,aggravated_economic_crime|특정경제범죄 가중처벌 등에 관한 법률 제3조; criminal_fraud|형법 제347조 사기죄; civil_sale_effect|민법 제568조 매매의 효력
50,CASE_2010_00050,2009도1884,횡령,대법원,2010-01-28,형사,판결,상고심,파기환송,"[1] 이른바 ‘중간생략등기형 명의신탁’에 있어서 수탁자가 부동산을 임의로 처분한 경우, 횡령죄의 성립 여부 (적극) [2] 등기부상 소유명의인의 ‘배우자’로서 소유명의인의 위임에 의하여 그 부동산의 실질적인 지배·관리권 및 대외적인 처분권을 갖고 있는 경우, 횡령죄의 주체인 ‘부동산의 보관자’에 해당하는지 여부 (적극)","상고이유를 판단한다. 1. 공소사실의 요지 이 사건 공소사실의 요지는, 피고인들이 공모하여, 1985. 6. 28. 고소인과 함께 매매대금의 1/3씩을 부담하여 이 사건 각 임야를 매수한 뒤, 같은 해 9. 20.경 고소인으로부터 그녀의 이 사건 각 임야에 대한 1/3 지분을 절반씩 명의신탁받아 피고인 1은 자신의 명의로, 피고인 2는 남편 공소외 1의 명의로 1/2 지분씩 소유권이전등기를 경료하여 고소인의 지분 상당을 보관하던 중 2005. 4. 18.경 이 사건 각 임야를 임의로 공소외 2에게 대금 1,098,000,000원에 매도하는 계약을 체결하고, 같은 해 5. 19.경 공소외 2 외","[1] 형법 제355조 제1항 , 구 부동산 실권리자명의 등기에 관한 법률(2010. 3. 31. 법률 제10203호로 개정되기 전의 것) 제2조 , 제3조 제1항 , 제4조 제1항 , 제2항 [2] 형법 제355조 제1항","[1] 대법원 2001. 11. 27. 선고 2000도3463 판결 (공2002상, 220), 대법원 2002. 2. 22. 선고 2001도6209 판결 (공2002상, 833), 대법원 2008. 4. 10. 선고 2008도1033 판결 / [2] 대법원 1990. 3. 23. 선고 89도1911 판결 (공1990상, 1010), 대법원 1993. 3. 9. 선고 92도2999 판결 (공1993상, 1185)","부동산, 토지, 임야, 매매, 매수, 매도, 매매계약, 매매대금, 소유권이전, 등기, 명의신탁, 고소",전문 원문: https://www.law.go.kr/LSW/precInfoP.do?precSeq=192312,embezzlement_breach_of_trust,형법 제355조·제356조 횡령·배임,embezzlement_breach_of_trust|형법 제355조·제356조 횡령·배임; civil_sale_effect|민법 제568조 매매의 효력
51,CASE_2007_00051,2007노313,사기·횡령·부동산실권리자명의등기에관한법률위반·부동산등기특별조치법위반,광주지방법원,2007-08-22,형사,판결,2심,항소기각,간척지 논 매매와 전매 과정에서 부동산실명법·부동산등기특별조치법 위반 및 사기·횡령이 문제된 사건,"암군 삼호읍 망산리 (지번 1 생략), (지번 2 생략), (지번 3 생략) 소재 간척지 논 15필지 174,299.9㎡(이하, ‘이 사건 부동산’이라 한다)를 매도한 사실은 있으나 피고인 1과 공모하여 공소외 3에게 전매한 사실은 없으며, 피고인 2가 자신의 모(母) 명의로 이 사건 부동산을 취득하기 위해 매수하였을 뿐 부동산등기특별조치법 제8조 제1호 에서 규정하는 ‘조세부과 회피 내지 서로 다른 시점간의 가격변동에 따른 이익 취득의 목적’이 없음에도 불구하고, 원심은 사실을 오인하여 피고인 2가 그 판시와 같이 위와 같은 목적을 갖고 피고인 1과 공모하여 이 사건 범행을 저질렀다고 잘못 인정함으로써 판결에 영향을 미친 위법을 범하였",원문 참조,없음,"부동산, 농지, 매매, 매수, 매도, 매매계약, 매매대금, 계약금, 중도금, 잔금, 소유권이전, 공인중개",전문 원문: https://www.law.go.kr/LSW/precInfoP.do?precSeq=78895,embezzlement_breach_of_trust,형법 제355조·제356조 횡령·배임,criminal_fraud|형법 제347조 사기죄; embezzlement_breach_of_trust|형법 제355조·제356조 횡령·배임; civil_sale_effect|민법 제568조 매매의 효력; realtor_prohibited_acts|공인중개사법 제33조 금지행위
52,CASE_2024_00052,2024나3298,임대차보증금반환,서울중앙지방법원,2024-11-22,민사,판결,2심,항소기각,"보증기관이 임대차보증금을 대위변제한 뒤 임대차보증금반환을 구했고, 임차권등기명령 신청과 임차권등기의 대항력 유지가 문제된 사건","결의 이유와 같으므로 민사소송법 제420조 본문에 의하여 약어를 포함하여 이를 그대로 인용한다. 2. 당심에서의 추가 판단 부분 가. 대항력 상실 주장 피고는, 임차인 소외 1이 2019. 4. 8. 이 사건 임차권등기가 등기부에 기입되기 전인 2019. 4. 5. 원고로부터 보증금을 전액 돌려받고 곧바로 이사 감으로써 대항요건 중 하나인 점유를 상실하였다가 임차권등기가 경료된 2018. 4. 8.에 비로소 대항력을 취득하여 이를 해당 주택의 양수인에게 행사할 수 있게 되었는데, 위 임차권등기가 기입되기 전인 2018. 1. 5. 이미 이 사건 부동산에는 채무자 소외 2, 근저당권자를 소외 3으로 하는 근저당권 설정등기가 경료되어 있었고",원문 참조,없음,"부동산, 주택, 임대차, 전세, 보증금, 임차권, 임대인, 임차인, 전세권, 주택임대차, 임대차계약, 임차보증금",전문 원문: https://www.law.go.kr/LSW/precInfoP.do?precSeq=606045,civil_lease_definition,민법 제618조 임대차의 의의,civil_lease_definition|민법 제618조 임대차의 의의
53,CASE_1976_00053,76도2069,"배임,사기",대법원,1976-09-14,형사,판결,상고심,상고기각,가등기권자가 채권변제기 전에 채무자의 승낙없이 본등기를 경료한 경우에 배임죄의 성부,매매예약으로 인한 소유권이전등기청구권 보전을 위한 가등기권자는 채무의 변제기 까지는 가등기 상태를 유지할 것이요 그 변제기한이 지나도록 채무이행이 없을 경우에 비로소 본등기를 경료할 임무가 있고 그 범위안에서는 타인의 사무를 처리하는 자라 할 것이므로 가등기권자가 위의 임무에 위배하여 변제기한 전에 채무자의 승락없이 이 사건 부동산을 그의처 앞으로 소유권이전등기를 경료한 경우에는 배임죄가 성립한다.,원문 참조,없음,"부동산, 매매, 매매계약, 소유권이전, 등기, 가등기, 담보, 사기, 기망, 배임, 기각",전문 원문: https://www.law.go.kr/LSW/precInfoP.do?precSeq=93134,embezzlement_breach_of_trust,형법 제355조·제356조 횡령·배임,criminal_fraud|형법 제347조 사기죄; embezzlement_breach_of_trust|형법 제355조·제356조 횡령·배임; civil_fraud_duress|민법 제110조 사기·강박에 의한 의사표시; civil_sale_effect|민법 제568조 매매의 효력
54,CASE_2013_00054,2013도2857,특정경제범죄가중처벌등에 관한 법률 위반(횡령)·사기·횡령,대법원,2013-05-09,형사,판결,상고심,파기환송,"[1] 횡령액을 기준으로 가중처벌하는 특정경제범죄 가중처벌 등에 관한 법률 제3조 를 적용할 때 유의할 사항 [2] 피고인이 피해자 甲으로부터 명의신탁을 받아 보관 중인 부동산에 임의로 근저당권을 설정하였는데, 위 부동산에는 이전에 별도의 근저당권설정등기가 마쳐져 있던 사안에서, 피고인이 부동산을 횡령하여 취득한 이득액은 부동산을 담보로 제공한 피담보채무액 또는 채권최고액이라고 보아야 하는데, 이와 달리 부동산의 시가 상당액을 기초로 이득액을 산정한 원심판결에 법리오해의 잘못이 있다고 한 사례","[1] 형법 제355조 제1항 의 횡령죄는 타인의 재물을 보관하는 자가 재물을 횡령하거나 반환을 거부함으로써 성립하고 재물의 가액이 얼마인지는 문제되지 아니하는 데 비하여, 횡령으로 인한 특정경제범죄 가중처벌 등에 관한 법률 위반죄에 있어서는 횡령한 재물의 가액이 5억 원 이상 또는 50억 원 이상이라는 것이 범죄구성요건의 일부로 되어 있고 그 가액에 따라 그 죄에 대한 형벌도 가중되어 있으므로, 이를 적용함에 있어서는 횡령한 재물의 가액을 엄격하고 신중하게 산정함으로써 범죄와 형벌 사이에 적정한 균형이 이루어져야 한다는 죄형균형 원칙 및 형벌은 책임에 기초하고 그 책임에 비례하여야 한다는 책임주의 원칙이 훼손되지 않도록 유의하여야 한다. [2] 피고인이 피해자 甲으로부터...","[1] 형법 제355조 제1항 , 특정경제범죄 가중처벌 등에 관한 법률 제3조 [2] 형법 제355조 제1항 , 구 특정경제범죄 가중처벌 등에 관한 법률(2012. 2. 10. 법률 제11304호로 개정되기 전의 것) 제3조 제1항 제2호","[1] 대법원 2007. 4. 19. 선고 2005도7288 전원합의체 판결 (공2007상, 923), 대법원 2009. 6. 11. 선고 2009도2880 판결, 대법원 2012. 8. 30. 선고 2012도6394 판결","부동산, 토지, 건물, 매수, 소유권이전, 등기, 근저당, 저당권, 담보, 명의신탁, 사기, 편취",전문 원문: https://www.law.go.kr/LSW/precInfoP.do?precSeq=169202,aggravated_economic_crime,특정경제범죄 가중처벌 등에 관한 법률 제3조,aggravated_economic_crime|특정경제범죄 가중처벌 등에 관한 법률 제3조; criminal_fraud|형법 제347조 사기죄; embezzlement_breach_of_trust|형법 제355조·제356조 횡령·배임; civil_sale_effect|민법 제568조 매매의 효력
55,CASE_2025_00055,2024다306721,근저당권말소,대법원,2025-09-04,민사,판결,상고심,파기환송,"[1] 근저당권의 피담보채권이 존재하지 않는다는 것이 확정된 경우, 근저당권 설정등기를 말소하여야 하는지 여부 (적극) 및 근저당권의 성립 당시 근저당권의 피담보채권을 성립시키는 법률행위가 없었다는 주장이 있는 경우, 그러한 법률행위가 있었다는 점에 대한 증명책임의 소재(=법률행위의 존재를 주장하는 측) [2] 명의수탁자로부터 신탁재산을 증여받은 제3자가 명의수탁자의 명의신탁자에 대한 배임행위에 적극 가담하였는지 여부를 판단할 때 고려할 요소","상고이유를 판단한다. 1. 원심은 판시와 같은 이유로 다음과 같이 판단하였다. 이 사건 토지를 비롯한 이 사건 사업 대상 토지들에 관하여 매도인 소외 1과 매매계약을 체결한 실제 매수인은 이 사건 조합이고, 이 사건 토지에 관하여 소외 2 명의로 마친 지분소유권이전등기는 3자간 등기명의신탁에 해당하여 무효이다. 이와 같이 무효인 지분소유권이전등기에 기하여 피고(선정당사자, 이하 ‘피고’라고 한다) 및 선정자 2 명의의 각 근저당권설정등기(이하 ‘이 사건 각 근저당권설정등기’라고 한다)와 선정자 3 명의의 지분소유권이전등기(이하 ‘이 사건 지분소유권이전등기’라고 한다)가 마쳐졌다(이하 피고와 선정자들을 통틀어 ‘피고","[1] 민법 제357조 제1항 , 민사소송법 제288조 [증명책임] [2] 민법 제103조","[1] 대법원 2011. 4. 28. 선고 2010다107408 판결 , 대법원 2017. 9. 12. 선고 2015다225011 판결 / [2] 대법원 2015. 1. 15. 선고 2014다62831 판결","부동산, 토지, 매매, 매수, 매도, 매매계약, 소유권이전, 등기, 근저당, 저당권, 담보, 명의신탁",전문 원문: https://www.law.go.kr/LSW/precInfoP.do?precSeq=615663,civil_sale_effect,민법 제568조 매매의 효력,civil_sale_effect|민법 제568조 매매의 효력
56,CASE_2017_00056,2015가단5399533,손해배상(기),서울중앙지방법원,2017-09-15,민사,판결,1심,1. 원고의 청구를 모두 기각한다. 2. 소송비용은 원고가 부담한다.,"홍성준) 【피 고】 피고 (소송대리인 법무법인 혜안 담당변호사 최병천) 【변론종결】 2017. 8. 18. 【주 문】 1. 원고의 청구를 모두 기각한다. 2. 소송비용은 원고가 부담한다. 【청구취지】 피고는 원고에게 50,000,000원 및 이에 대한 2015. 12. 1.부터 이 사건 소장부본 송달일까지 연 5%의, 그 다음 날부터 갚는 날까지 연 15%의 각 비율에 의한 돈을 지급하라. 【이 유】 1. 기초사실 가. 원고는 2011. 10. 13. 임대인 소","1. 기초사실 가. 원고는 2011. 10. 13. 임대인 소외 1과 사이에 서울 종로구 (주소 생략) 소재 □□빌딩 중 2, 3, 4, 5층(이하 이 사건 임대목적물이라 한다)에 관하여 임대차기간 2011. 12. 26.부터 2013. 12. 25.까지, 보증금 5,000만 원, 차임 월 600만 원(부가가치세 별도)로 정한 임대차계약(이하 이 사건 임대차계약이라 한다)을 체결하였다. 나. 원고는 2011. 12. 26. 소외 1과 사이에 아래 표 기재 내용과 같은 ‘시설 투자비 상환약정’을 체결하였다. 이 사건 임대목적물에 ◇",원문 참조,없음,"상가, 토지, 건물, 임대목적물, 임대차, 보증금, 임대인, 임차인, 월세, 임대차계약, 매수, 공인중개",전문 원문: https://www.law.go.kr/LSW/precInfoP.do?precSeq=209296,realtor_prohibited_acts,공인중개사법 제33조 금지행위,civil_nonperformance_damages|민법 제390조 채무불이행 손해배상; civil_sale_effect|민법 제568조 매매의 효력; civil_lease_definition|민법 제618조 임대차의 의의; realtor_prohibited_acts|공인중개사법 제33조 금지행위
57,CASE_2025_00057,2023다244871,보증채무금,대법원,2025-05-29,민사,판결,상고심,상고기각,"[1] 약관의 해석 원칙 [2] 甲 은행이 전세계약서에 기재된 보증금을 근거로 임차인에게 전세대출을 실행하였고, 주택도시보증공사는 甲 은행과의 보증업무위탁 협약에 따라 위 대출채무를 보증하였으며, 위 협약에 적용되는 보증약관 제30조 제2항 제7호는 특약주채무자가 ‘사기 또는 허위의 전세계약으로 보증부대출을 받았을 때’를 면책사유로 정하고 있었는데, 임차인이 실제로 계약서에 적힌 금액보다 적은 금액만을 임대인에게 지급한 상태에서 전입 및 확정일자를 갖추었고 이후 대출 만기가 도래하였음에도 임차인이 甲 은행에 대출금을 변제하지 않자, 甲 은행이 보증공사에 보증계약에 기...","는 이를 보충하는 범위에서)를 판단한다. 1. 사안의 개요 원심판결 이유와 기록에 따르면 다음과 같은 사실을 알 수 있다. 가. 원고는 2017. 8. 31.경 전세보증금이 264,000,000원으로 기재된 이 사건 전세계약서를 근거로 임차인 소외 1에게 210,000,000원의 주택자금대출을 실행하였다(이하 ‘이 사건 대출’이라 한다). 나. 주위적 피고 주택도시보증공사(이하 ‘피고 보증공사’라 한다)는 원고와 체결한 보증업무위탁 협약에 따라 이 사건 대출채무를 보증하였는데, 보증업무위탁 협약에 적용되는 전세금안심대출보증약관(이하 ‘이 사건 보증약관’이라 한다) 제30조 제2항 제7호는 특약주채무자가 ‘사기 또는 허위의 전세계약으로 보",[1] 약관의 규제에 관한 법률 제5조 [2] 약관의 규제에 관한 법률 제5조,[1] 대법원 2021. 10. 14. 선고 2018다279217 판결,"주택, 임대차, 전세, 보증금, 전세금, 임대인, 임차인, 임대차계약, 담보, 사기, 허위, 기각",전문 원문: https://www.law.go.kr/LSW/precInfoP.do?precSeq=613097,civil_fraud_duress,민법 제110조 사기·강박에 의한 의사표시,civil_fraud_duress|민법 제110조 사기·강박에 의한 의사표시; civil_lease_definition|민법 제618조 임대차의 의의
58,CASE_2025_00058,2025도978,절도(인정된죄명:재물손괴·횡령)[권원없이 식재한 수목의 과실을 수취한 행위가 재물손괴죄 또는 횡령죄에 해당하는지 문제 된 사건],대법원,2025-07-17,형사,판결,상고심,파기환송,[1] 재물손괴죄의 성립요건 및 영득죄와의 구별 / 다른 사람의 소유물을 본래의 용법에 따라 무단으로 사용·수익하는 행위가 재물손괴죄에 해당하는지 여부 (소극) [2] 횡령죄의 구성요건 중 ‘보관’의 의미(=위탁관계에 의하여 재물을 점유하는 것) / 횡령죄의 성립에 필요한 법률상 또는 사실상의 위탁신임관계는 횡령죄로 보호할 만한 가치 있는 신임에 의한 것으로 한정되는지 여부 (적극) 및 이러한 위탁관계가 있는지 판단하는 기준 [3] 피고인이 피해자 甲이 다른 사람과 공동소유하는 토지에 권원 없이 사과나무 등 과수를 식재하고 2021. 10.경 및 2022. 10.경...,"[1] 재물손괴죄( 형법 제366조 )는 다른 사람의 재물을 손괴 또는 은닉하거나 그 밖의 방법으로 그 효용을 해한 경우에 성립하는 범죄로, 행위자에게 다른 사람의 재물을 자기 소유물처럼 그 경제적 용법에 따라 이용·처분할 의사(불법영득의사)가 없다는 점에서 절도, 강도, 사기, 공갈, 횡령 등 영득죄와 구별된다. 다른 사람의 소유물을 본래의 용법에 따라 무단으로 사용·수익하는 행위는 소유자를 배제한 채 물건의 이용가치를 영득하는 것이고, 그 때문에 소유자가 물건의 효용을 누리지 못하게 되었더라도 효용 자체가 침해된 것이 아니므로 재물손괴죄에 해당하지 않는다. [2] 횡령죄에서 보관이란 위탁관계에 의하여 재물을 점유하는 것을 뜻하므로 횡령죄가 성립하기 위하여는 재물의 보관...","[1] 형법 제329조 , 제355조 제1항 , 제366조 [2] 형법 제355조 제1항 [3] 형법 제329조 , 제355조 제1항 , 제366조","[1] 대법원 2022. 11. 30. 선고 2022도1410 판결 (공2023상, 222) / [2] 대법원 2016. 5. 19. 선고 2014도6992 전원합의체 판결 (공2016상, 817), 대법원 2022. 6. 30. 선고 2017도21286 판결 (공2022하, 1536)","토지, 임대차, 매수, 소유권이전, 공유지분, 등기, 공갈, 사기, 횡령, 무죄, 파기",전문 원문: https://www.law.go.kr/LSW/precInfoP.do?precSeq=607845,embezzlement_breach_of_trust,형법 제355조·제356조 횡령·배임,embezzlement_breach_of_trust|형법 제355조·제356조 횡령·배임; civil_sale_effect|민법 제568조 매매의 효력; civil_lease_definition|민법 제618조 임대차의 의의
59,CASE_2025_00059,2022도3103,경매방해·사기미수[부동산경매절차에서 허위의 임차권에 기하여 권리신고 및 배당요구를 한 경우 경매방해죄 성립 여부가 문제된 사건],대법원,2025-01-09,형사,판결,상고심,파기환송,"[1] 경매방해죄의 성립요건으로 결과의 불공정이 현실적으로 나타나는 것을 요하는지 여부 (소극) / 경매방해죄에서 ‘경매의 공정을 해하는 행위’의 의미 및 이에 해당하는지를 판단하기 위한 법원의 심리방법 [2] 피고인이 관련 부동산강제경매사건에서, 甲에게 임대차보증금을 지급하고 甲 소유의 빌라를 임차하였다는 내용으로 허위작성된 부동산 임대차계약서(위 경매절차에 대한 개시결정 후 만든 것)를 첨부한 ‘권리신고 및 배당요구신청서’를 법원에 제출함으로써 허위의 임대차계약서를 작성하여 대항력 있는 주택임차인인 것처럼 경매법원에 신고하여 위계로써 경매의 공정을 해하였다는 공소...","[1] 경매방해죄는 위계 또는 위력 기타의 방법으로 경매의 공정을 해하는 경우에 성립하는 추상적 위험범으로서 결과의 불공정이 현실적으로 나타나는 것을 요하지 아니한다. 여기서 ‘경매의 공정을 해하는 행위’란 공정한 자유경쟁을 방해할 염려가 있는 상태를 발생시키는 것으로서 가격을 결정하는 데 있어서뿐 아니라 적법하고 공정한 경쟁방법 자체를 해하는 행위를 포함한다. 법률적으로 경매결과에 영향을 미칠 수 있는 행위뿐 아니라 경매에 참가하려는 자의 의사결정에 사실상 영향을 미칠 수 있는 행위도 ‘경매의 공정을 해하는 행위’에 해당할 수 있다. 따라서 사실심으로서는 이에 해당하는지 여부를 판단하기 위해서 경매 목적물에 대한 객관적 법률관계와 현실적 점유 상태, 경매절차에서 한 권리...","[1] 형법 제315조 [2] 형법 제315조 , 주택임대차보호법 제3조 제1항 , 제3조의2 제2항 [3] 형법 제347조 제1항 , 제352조 , 주택임대차보호법 제3조 제1항 , 제3조의2 제2항","[1] 대법원 2006. 6. 9. 선고 2005도8498 판결 (공2006하, 1302)","부동산, 주택, 건물, 빌라, 임대차, 보증금, 임차권, 임대인, 임차인, 주택임대차, 임대차계약, 등기",전문 원문: https://www.law.go.kr/LSW/precInfoP.do?precSeq=600289,criminal_fraud,형법 제347조 사기죄,criminal_fraud|형법 제347조 사기죄; civil_lease_definition|민법 제618조 임대차의 의의
60,CASE_2026_00060,2025가단107133,배당이의,서울북부지법,2026-01-23,민사,판결,1심,청구기각,"甲 소유의 주택에 관하여 임대차계약을 체결한 乙이 은행으로부터 전세자금대출을 받으면서 주택도시보증공사와 전세금 안심대출보증약정을 체결하였고, 당시 乙은 전세자금대출금 채무를 담보하기 위하여 임대차보증금 반환채권을 공사에 양도하기로 하는 내용의 채권양도계약을 체결하고 甲에게 채권양도사실을 통지하였는데, 임대차계약 체결 이후 甲이 丙에게 주택을 매도하여 丙이 임대인 지위를 승계하였음에도 임대차계약 기간 만료 후 乙에게 임대차보증금을 지급하지 않음에 따라 공사가 보증약정에 기하여 乙에게 임대차보증금을 대신 지급하였으며, 그 후 개시된 주택의 경매절차에서 확정일자부 임차인...","甲 소유의 주택에 관하여 임대차계약을 체결한 乙이 은행으로부터 전세자금대출을 받으면서 주택도시보증공사와 전세금 안심대출보증약정을 체결하였고, 당시 乙은 전세자금대출금 채무를 담보하기 위하여 임대차보증금 반환채권을 공사에 양도하기로 하는 내용의 채권양도계약을 체결하고 甲에게 채권양도사실을 통지하였는데, 임대차계약 체결 이후 甲이 丙에게 주택을 매도하여 丙이 임대인 지위를 승계하였음에도 임대차계약 기간 만료 후 乙에게 임대차보증금을 지급하지 않음에 따라 공사가 보증약정에 기하여 乙에게 임대차보증금을 대신 지급하였으며, 그 후 개시된 주택의 경매절차에서 확정일자부 임차인 乙의 권리승계인으로서 공사를 2순위, 후순위 근저당권자로서 丁을 3순위로 하는 배당표가 작성되자, 丁이 乙은...","주택임대차보호법 제3조 제4항 , 제3조의2 제7항 제9호 , 민법 제480조 , 제481조",없음,"부동산, 주택, 건물, 빌라, 임대차, 전세, 보증금, 전세금, 임대인, 임차인, 주택임대차, 임대차계약",전문 원문: https://www.law.go.kr/LSW/precInfoP.do?precSeq=616251,civil_lease_definition,민법 제618조 임대차의 의의,civil_lease_definition|민법 제618조 임대차의 의의
61,CASE_2026_00061,2025다210305,배당이의[주택임대차보호법 제3조 제2항에서 정한 법인인 임차인이 대항력과 우선변제권을 상실하였다는 이유로 해당 주택에 관한 근저당권자가 배당이의를 한 사건],대법원,2026-02-26,민사,판결,상고심,상고기각,"주택임대차보호법 제3조 제2항 에 따라 입주자가 전세임대주택을 인도받고 주민등록을 마침으로써 법인인 임차인이 대항력을 갖추었는데 이후 입주자가 해당 주택을 양수함으로써 주택의 소유자가 된 경우, 임차인의 대항력이 입주자의 소유권 취득 시에 소멸하는지 여부 (적극)","주택임대차보호법 제3조 제2항 은 주택도시기금을 재원으로 하여 저소득층 무주택자에게 주거생활 안정을 목적으로 전세임대주택을 지원하는 법인이 주택을 임차한 후 지방자치단체의 장 또는 그 법인이 선정한 입주자가 그 주택을 인도받고 주민등록을 마쳤을 때에는 주택임대차보호법 제3조 제1항 에 따른 대항력 및 같은 법 제3조의2 제2항 에 따른 우선변제권을 인정하고 있다. 그러나 주택임대차보호법 제3조 제2항 에 따라 입주자가 전세임대주택을 인도받고 주민등록을 마침으로써 법인인 임차인이 대항력을 갖추었더라도 이후 입주자가 해당 주택을 양수함으로써 주택의 소유자가 된 경우, 입주자의 주민등록은 주택에 관하여 입주자의 소유권이전등기가 마쳐진 이후에는 주택임대차의 대항력 인정요건이 되는...","주택임대차보호법 제3조 제1항 , 제2항 , 제3조의2 제2항","대법원 1998. 1. 23. 선고 97다43468 판결 (공1998상, 609), 대법원 1999. 4. 23. 선고 98다32939 판결 (공1999상, 993), 대법원 2000. 2. 11. 선고 99다59306 판결 (공2000상, 688), 대법원 2025. 4. 15. 선고 2024다326398 판결 (공2025상, 821)","부동산, 주택, 토지, 임대차, 전세, 보증금, 임차권, 임차인, 주택임대차, 임대차계약, 매도, 소유권이전",전문 원문: https://www.law.go.kr/LSW/precInfoP.do?precSeq=618185,civil_lease_definition,민법 제618조 임대차의 의의,civil_sale_effect|민법 제568조 매매의 효력; civil_lease_definition|민법 제618조 임대차의 의의
62,CASE_2024_00062,2023나56678,사해행위취소,부산고등법원,2024-10-24,민사,판결,2심,일부인용,"】 2024. 9. 12. 【주 문】 1. 제1심판결을 다음과 같이 변경한다. 가. 피고와 소외 1 사이에 2020. 2. 25. 체결된 별지 부동산의 표시 기재 부동산 중 2분의 1 지분에 관한 2019. 7. 23. 자 매매계약에 대한 합의해제를 770,443,045원의 범위에서 취소한다. 나. 피고는 원고에게 770,443,045원과 이에 대하여 이 판결 확정일 다음날부터 다 갚는 날까지 연 5%로 계산한 돈을 지급하라. 다. 원고의 나머지 청구를 기각한다",". 7. 1.부터 2020. 3. 13.까지 약사 소외 7의 명의를 각각 빌려 ○○○약국을 개설·운영하면서 위 ○○○약국이 정당하게 개설된 약국인 것처럼 원고를 기망하여 원고로부터 보험급여 등을 편취하였다. 2) 부산지방검찰청 소속 검사는 2020. 4. 29. 부산지방법원 2020고합166호로 소외 1의 위 1)항 기재 행위에 대하여 약사법위반 및 특정경제범죄가중처벌등에관한법률위반(사기)의 공소사실로 기소하였고, 위 법원은 2020. 8. 14. 위 공소사실을 전부 유죄로 인정하여 소외 1에게 징역 3년의 판결을 선고하였다. 3) 위 판결에 대하여 소외 1만 양형부당을 이유로 이 법원 2020노466호로 항소하였다. 이 법원은 2020",원문 참조,없음,"부동산, 토지, 건물, 임대차, 전세, 보증금, 전세금, 전세권, 매매, 매수, 매도, 매매계약",전문 원문: https://www.law.go.kr/LSW/precInfoP.do?precSeq=606041,civil_fraud_duress,민법 제110조 사기·강박에 의한 의사표시,aggravated_economic_crime|특정경제범죄 가중처벌 등에 관한 법률 제3조; civil_fraud_duress|민법 제110조 사기·강박에 의한 의사표시; civil_sale_effect|민법 제568조 매매의 효력; civil_lease_definition|민법 제618조 임대차의 의의
63,CASE_2025_00063,2022도11083,사기미수·경매방해·부동산실권리자명의등기에관한법률위반,대법원,2025-01-09,형사,판결,상고심,"원심판결 중 피고인들에 대한 경매방해 부분을 파기하고, 이 부분 사건을 서울남부지방법원에 환송한다.",경매방해죄에서 ‘경매의 공정을 해하는 행위’의 의미 및 법률적으로 경매결과에 영향을 미칠 수 있는 행위뿐 아니라 경매에 참가하려는 자의 의사결정에 사실상 영향을 미칠 수 있는 행위도 이에 해당할 수 있는지 여부 (적극) / ‘경매의 공정을 해하는 행위’에 해당하는지를 판단하기 위해서 사실심법원이 심리하여야 할 사항 및 심리 정도,"상고이유를 판단한다. 1. 쟁점 공소사실(경매방해의 점)의 요지 피고인 1은 2009. 10. 22. 용인시 처인구 양지면 ○○리에 있는 (건물명 생략) 빌라(이하 ‘○○빌라’라 한다) △△△동□□□호(이하 ‘이 사건 제1부동산’이라 한다) 및 ◇◇◇호(이하 ‘이 사건 제2부동산’이라 한다)의 소유권을 매매계약에 기하여 공소외 1로부터 이전받은 후 2016. 12. 20. 위 매매계약에 대한 사해행위취소 판결이 확정됨에 따라 위 소유권이전등기가 말소될 때까지 위 각 부동산을 소유하였던 사람이고, 피고인 2는 피고인 1로",형법 제315조,"대법원 2006. 6. 9. 선고 2005도8498 판결 (공2006하, 1302)","부동산, 주택, 건물, 빌라, 임대차, 전세, 보증금, 임차권, 임대인, 임차인, 임대차계약, 매매",전문 원문: https://www.law.go.kr/LSW/precInfoP.do?precSeq=606691,criminal_fraud,형법 제347조 사기죄,criminal_fraud|형법 제347조 사기죄; civil_sale_effect|민법 제568조 매매의 효력; civil_lease_definition|민법 제618조 임대차의 의의
64,CASE_2025_00064,"2024다305605, 305612",건물인도·손해배상(기),대법원,2025-11-20,민사,판결,상고심,상고기각,"[1] 임대인이 스스로 영업할 계획이라는 이유만으로 임차인이 주선한 신규임차인이 되려는 자와 임대차계약의 체결을 거절한 경우, 상가건물 임대차보호법 제10조의4 제1항 제4호 에서 정한 정당한 사유가 있다고 볼 수 있는지 여부 (소극) [2] 임차인이 임대인에게 권리금 회수 방해로 인한 손해배상을 구하기 위해서는 임차인이 신규임차인이 되려는 자를 주선하였어야 하는지 여부 (원칙적 적극) / 임대인이 정당한 사유 없이 임차인이 주선할 신규임차인이 되려는 자와 임대차계약을 체결할 의사가 없음을 확정적으로 표시한 경우, 임차인이 실제로 신규임차인을 주선하지 않았더라도 임대...","[1] 상가건물 임대차보호법(이하 ‘상가임대차법’이라 한다) 제10조의4 의 문언과 내용, 입법 취지에 비추어 보면, 임대인이 스스로 영업할 계획이라는 이유만으로 임차인이 주선한 신규임차인이 되려는 자와 임대차계약의 체결을 거절한 것에는 상가임대차법 제10조의4 제1항 제4호 에서 정한 정당한 사유가 있다고 볼 수 없다. [2] 임차인이 임대인에게 권리금 회수 방해로 인한 손해배상을 구하기 위해서는 원칙적으로 임차인이 신규임차인이 되려는 자를 주선하였어야 한다. 그러나 임대인이 정당한 사유 없이 임차인이 신규임차인이 되려는 자를 주선하더라도 그와 임대차계약을 체결하지 않겠다는 의사를 확정적으로 표시하였다면 이러한 경우에까지 임차인에게 신규임차인을 주선하도록 요구하는 것은...","[1] 상가건물 임대차보호법 제10조의4 제1항 제4호 [2] 상가건물 임대차보호법 제10조의4 제1항 제4호 , 제3항 [3] 상가건물 임대차보호법 제10조의4 제1항 제4호 , 제3항","[1] 대법원 2020. 9. 3. 선고 2018다252441, 252458 판결, 대법원 2020. 12. 24. 선고 2020다240175, 240182 판결 / [2] 대법원 2019. 7. 4. 선고 2018다284226 판결 (공2019하, 1519)","상가, 건물, 임대차, 보증금, 임대인, 임차인, 임대차계약, 매수, 소유권이전, 등기, 손해배상, 기각",전문 원문: https://www.law.go.kr/LSW/precInfoP.do?precSeq=613161,civil_lease_definition,민법 제618조 임대차의 의의,civil_nonperformance_damages|민법 제390조 채무불이행 손해배상; civil_sale_effect|민법 제568조 매매의 효력; civil_lease_definition|민법 제618조 임대차의 의의
65,CASE_2022_00065,2019다219953,기타(금전),대법원,2022-08-11,민사,판결,상고심,파기환송,"[1] 영업용 건물의 임대차에 수반하여 지급되는 권리금의 법적 성질 및 임대인이 권리금 반환의무를 부담하는지 여부 (원칙적 소극) [2] 甲이 아파트 단지 내 상가를 분양받은 후 乙과 임대차계약을 체결하면서 ‘상가 소유권 변동 등의 사유 발생 시에도 임대차계약은 새로운 임대인에게 동일조건으로 승계되어야 하고, 배액상환 등으로 해제할 수 없다. 임차인 사정으로 입점이 불가능한 경우 임차인은 제3자에게 전대할 수 있고, 이에 임대인은 동의하기로 한다.’는 특약을 하였고, 乙은 甲에게 계약금과 별도로 권리금을 지급하였는데, 이후 乙이 상가에 입점하지 않고 임대차보증금 잔금...","상고이유를 판단한다. 1. 영업용 건물의 임대차에 수반되어 행하여지는 권리금의 지급은 임대차계약의 내용을 이루는 것은 아니고, 권리금은 거기의 영업시설·비품 등 유형물이나 거래처, 신용, 영업상의 노하우(know-how) 또는 점포 위치에 따른 영업상의 이점 등 무형의 재산적 가치의 양도 또는 일정 기간 동안의 이용대가라고 볼 것이어서, 그 유형·무형의 재산적 가치의 양수 또는 약정기간 동안의 이용이 유효하게 이루어진 이상 임대인은 그 권리금의 반환의무를 부담하지 아니한다. 임차인으로서는 당초의 임대차에서 반대되는 약정","[1] 상가건물 임대차보호법 제10조의3 , 민법 제548조 , 제618조 [2] 상가건물 임대차보호법 제10조의3 , 민법 제548조 , 제618조","[1] 대법원 2000. 9. 22. 선고 2000다26326 판결 (공2000하, 2176), 대법원 2001. 4. 10. 선고 2000다59050 판결 (공2001상, 1109), 대법원 2011. 1. 27. 선고 2010다85164 판결 , 대법원 2013. 12. 26. 선고 2013다63257 판결","부동산, 아파트, 상가, 건물, 임대차, 보증금, 임차권, 임대인, 임차인, 임대차계약, 계약금, 잔금",전문 원문: https://www.law.go.kr/LSW/precInfoP.do?precSeq=235337,civil_lease_definition,민법 제618조 임대차의 의의,civil_sale_effect|민법 제568조 매매의 효력; civil_lease_definition|민법 제618조 임대차의 의의
66,CASE_2025_00066,2024나65751,분담금반환청구등,수원지방법원,2025-04-24,민사,판결,2심,1. 이 법원에서 추가한 선택적 청구를 포함하여 제1심판결을 다음과 같이 변경한다. 원고의 청구를 모두 기각한다. 2. 소송총...,1. 이 법원에서 추가한 선택적 청구를 포함하여 제1심판결을 다음과 같이 변경한다. 원고의 청구를 모두 기각한다. 2. 소송,"1. 기초사실 가. 피고는 평택시 (지번 생략) 일원에 아파트를 건설하여 분양하는 사업(이하 ‘이 사건 사업’이라고 한다)을 하기 위하여 결성된 비법인사단이다. 나. 원고는 2021. 6. 12. 피고와 사이에 이 사건 사업으로 신축될 아파트 1세대를 분양받기 위하여 업무대행비를 포함한 분담금을 339,200,000원으로 정하여 조합원가입계약(이하 ‘이 사건 조합원가입계약’이라고 한다)을 체결하였다. 다. 원고는 2021. 6. 12. 피고 측으로부터 ‘피고는 계약자 선착순 내지 행운 이벤트 당첨자인 원고에게 20,000,000원 상",원문 참조,없음,"주택, 아파트, 계약금, 분양, 지역주택조합, 조합원, 분담금, 업무대행비, 등기, 사기, 기망, 허위",전문 원문: https://www.law.go.kr/LSW/precInfoP.do?precSeq=609337,civil_fraud_duress,민법 제110조 사기·강박에 의한 의사표시,civil_fraud_duress|민법 제110조 사기·강박에 의한 의사표시; civil_sale_effect|민법 제568조 매매의 효력
67,CASE_2021_00067,2020가단265425,부인의소,인천지방법원,2021-11-19,민사,판결,1심,원고승소,"고, 2020. 6. 26. 파산선고를 받았다. 원고는 위 파산사건에서 ○○○의 파산관재인으로 선임되었다. 나. ○○○은 자신이 소유한 유일한 부동산인 인천 미추홀구 (주소 생략) 빌라(동호수 생략)(이하 ‘이 사건 부동산’이라 한다)에 관하여 2019. 2. 26. 피고에게 매매계약(이하 ‘이 사건 매매계약’이라 한다)을 체결하고 2019. 4. 26. 소유권이전등기를 마쳐주었다. 다. 이 사건 매매계약의 계약서에는 매매대금이 110,000,000원으로 되어","○은 자신이 소유한 유일한 부동산인 인천 미추홀구 (주소 생략) 빌라(동호수 생략)(이하 ‘이 사건 부동산’이라 한다)에 관하여 2019. 2. 26. 피고에게 매매계약(이하 ‘이 사건 매매계약’이라 한다)을 체결하고 2019. 4. 26. 소유권이전등기를 마쳐주었다. 다. 이 사건 매매계약의 계약서에는 매매대금이 110,000,000원으로 되어 있으나 실제 매매대금은 82,000,000원이었다. 라. ○○○이 파산신청 당시 작성한 진술서에 의하면 ○○○은 대출금을 변제하지 못해 사채까지 이용하게 되어 이 사건 부동산을 매도하기로 하고 매매대금 82,000,000원으로 정하여 피고와 매매계약을 체결하였고, 근저당권설정된 소외 1과 주식회",원문 참조,없음,"부동산, 빌라, 매매, 매수, 매도, 매매계약, 매매대금, 소유권이전, 공인중개, 중개보조, 등기, 근저당",전문 원문: https://www.law.go.kr/LSW/precInfoP.do?precSeq=238767,realtor_prohibited_acts,공인중개사법 제33조 금지행위,civil_sale_effect|민법 제568조 매매의 효력; realtor_prohibited_acts|공인중개사법 제33조 금지행위
68,CASE_2024_00068,2022다281378,지급보증금등청구의소[사용자책임에 따른 손해배상을 구하는 사건에서 피해자가 피용자의 불법행위가 사무집행행위에 해당하지 않음을 알았거나 알지 못한 데 중대한 과실이 있는지 여부가 문제된 사건],대법원,2024-11-14,민사,판결,상고심,상고기각,"[1] 외형상 객관적으로 사용자의 업무와 관련된 것으로 보이는 피용자의 불법행위가 그의 사무집행행위에 해당하지 않음을 피해자 자신이 알았거나 중대한 과실로 인하여 알지 못한 경우, 사용자책임이 발생하는지 여부 (소극) 및 피해자에게 악의 또는 중과실이 있는지 판단하는 방법 [2] 甲 주식회사가 乙 농업협동조합의 경제사업소장이 작성한 지급보증서를 신뢰하여 丙 주식회사에 대출을 해주었는데, 丙 회사로부터 변제를 받지 못하자, 甲 회사가 乙 농업협동조합을 상대로 경제사업소장이 지급보증서를 작성한 행위는 외형상 乙 농업협동조합의 사무집행에 관한 행위라는 이유로 사용자책임에...","[1] 피용자의 불법행위가 외형상 객관적으로 사용자의 업무와 관련된 것으로 보여지는 경우에 사용자로 하여금 그에 대해 책임을 지게 하는 이른바 외형이론은 그 외형에 대한 사회적 신뢰의 보호와 형평의 관념에서 우러나온 것이므로, 그것이 사무집행행위에 해당하지 않음을 피해자 자신이 알았거나 중대한 과실로 인하여 알지 못한 경우에는 공평의 관점에서 상대방을 구태여 보호할 필요가 없다고 봄이 상당하고, 이를 판단함에 있어서는 그 행위가 법령상의 제한을 위반한 것인지에 대한 상대방의 인식가능성, 상대방의 경험이나 지위, 쌍방의 종래의 거래관계, 당해 행위의 성질과 내용 등을 종합적으로 고려하여야 한다. [2] 甲 주식회사가 乙 농업협동조합의 경제사업소장이 작성한 지급보증서를 신뢰하...",[1] 민법 제756조 [2] 민법 제756조,[1] 대법원 2007. 9. 6. 선고 2005다20422 판결,"부동산, 보증금, 매매, 조합원, 담보, 인감증명, 위조, 손해배상, 불법행위, 기각, 파기, 무효",전문 원문: https://www.law.go.kr/LSW/precInfoP.do?precSeq=242007,civil_lease_definition,민법 제618조 임대차의 의의,civil_nonperformance_damages|민법 제390조 채무불이행 손해배상; civil_sale_effect|민법 제568조 매매의 효력; civil_lease_definition|민법 제618조 임대차의 의의
69,CASE_2018_00069,2017나58474,구상금,서울중앙지방법원,2018-07-25,민사,판결,2심,일부인용,"청지 담당변호사 유동승 외 1인) 【피고, 피항소인】 피고 1 【피고, 항소인】 피고 2 (소송대리인 변호사 김종환) 【피고들보조참가인】 한국공인중개사협회 (소송대리인 법무법인 (유한) 태평양 담당변호사 홍기태 외 1인) 【제1심판결】 서울중앙지방법원 2017. 8. 9. 선고 2016가단5307128 판결 【변론종결】 2018. 6. 20. 【주 문】 1. 피고들보조참가인의 보조참가를 허가한다. 2. 제1심판결을 다음과 같이 변경한다. 가. 피고들은 공동하여","을 하였으므로, 원고는 이미 참가인의 보조참가에 대한 이의신청권을 상실하였다. 또한, 참가인은 이 법원에서 원고가 패소할 경우 원고는 참가인에게 기지급 보험금을 부당이득으로 청구하겠다고 하므로 참가인에게 법률상 이해관계가 있다고 주장하면서 보조참가신청을 하였는바, 원고는 위 주장과 같이 참가인을 상대로 기지급 보험금의 반환을 청구하겠다는 취지로 주장하고 있고, 이는 원고가 참가인의 피고들에 대한 구상권 또는 손해배상청구권을 대위하여 행사할 수 있고 원고의 피고들에 대한 청구가 기각될 것을 전제로 한 것으로 보이는바, 참가인은 이 사건 소송 결과에 법률상 이해관계 있는 제3자라고 봄이 상당하다. 따라서 참가인이 피고들을 위하여 한 보조참가",원문 참조,없음,"부동산, 토지, 매매, 매수, 매매계약, 매매대금, 소유권이전, 공인중개, 중개업자, 중개보조, 공제금, 공인중개사협회",전문 원문: https://www.law.go.kr/LSW/precInfoP.do?precSeq=206386,realtor_prohibited_acts,공인중개사법 제33조 금지행위,civil_nonperformance_damages|민법 제390조 채무불이행 손해배상; civil_sale_effect|민법 제568조 매매의 효력; realtor_prohibited_acts|공인중개사법 제33조 금지행위
70,CASE_2021_00070,2020나74337,임대차보증금반환등,수원지방법원,2021-10-06,민사,판결,2심,항소기각,"21. 10. 6.까지는 연 5%의, 그 다음날부터 다 갚는 날까지는 연 12%의 각 비율로 계산한 돈을 지급하라. 2. 원고의 나머지 항소를 기각한다. 3. 소송총비용 중 2/5는 원고가, 나머지는 피고가 각 부담한다. 4. 제1항 중 금전지급 부분은 가집행할 수 있다. 【청구취지 및 항소취지】 피고는 원고에게 75,000,000원 및 이에 대한 2018. 11. 27.부터 이 사건 소장부본 송달일까지는 연 5%의, 그 다음날부터 다 갚는 날까지 연 12%의","유】 1. 기초사실 가. 피고는 2016. 2. 18. 안산시 (주소 1 생략)(이하 ‘이 사건 부동산’이라 한다)을 소외 4로부터 대금 87,500,000원에 매수하여 2016. 3. 4. 소유권이전등기를 마친 이 사건 부동산의 소유자이고, 소외 1은 (주소 2 생략)에 있는 ‘○○○공인중개사사무소’의 공인중개사이며, 소외 2는 소외 1의 처로서 위 ‘○○○공인중개사사무소’의 중개보조인이다(이하 위 소외 2와 소외 1을 통틀어 ‘소외 2 등’이라 한다). 나. 원고는 2018. 1.경 소외 2 등으로부터 이 사건 부동산을 소개받아 2018. 1. 13. 소외 2 등으로부터 이 사건 부동산에 관하여 ‘임대인 피고, 임차인 원고, 임대차기",원문 참조,없음,"부동산, 오피스텔, 건물, 임대차, 전세, 보증금, 임대인, 임차인, 월세, 임대차계약, 매수, 소유권이전",전문 원문: https://www.law.go.kr/LSW/precInfoP.do?precSeq=227015,realtor_prohibited_acts,공인중개사법 제33조 금지행위,civil_sale_effect|민법 제568조 매매의 효력; civil_lease_definition|민법 제618조 임대차의 의의; realtor_prohibited_acts|공인중개사법 제33조 금지행위
71,CASE_2024_00071,2024노800,부동산실권리자명의등기에관한법률위반·전자금융거래법위반·사기·업무방해·범죄수익은닉의규제및처벌등에관한법률위반,울산지방법원,2024-10-31,형사,판결,2심,항소기각,". 30. 선고 2023고단3100 판결 【주 문】 원심판결 중 피고인 1, 피고인 2, 피고인 3, 피고인 4, 피고인 5에 대한 부분을 각 파기한다. 피고인 1, 피고인 2를 각 징역 1년에, 피고인 3, 피고인 4, 피고인 5를 각 징역 10월에 각 처한다. 다만 피고인 3, 피고인 4, 피고인 5에 대하여 이 판결 확정일부터 2년간 위 각 형의 집행을 유예한다. 피고인 6의 항소와 검사의 피고인 6에 대한 항소를 모두 기각한다. 【이 유】 1. 항소이유의","1년, 피고인 3, 피고인 4, 피고인 5: 각 징역 10월, 피고인 6: 벌금 500만 원)은 너무 무거워서 부당하다. 나. 검사 1) 사실오인 및 법리오해(무죄 부분) 이 사건 공소사실 중 업무방해의 점에 대하여, 피고인 1, 피고인 2, 피고인 3, 피고인 4, 피고인 5는 ○○은행(이하 ‘피해 은행’이라고 한다) △△동 지점에 허위사실을 진술하거나 허위의 소명자료들을 제출하며 대출을 신청하였고, 피해 은행 △△동 지점의 담당 직원들은 위 서류들의 진위여부를 유선으로 확인하거나, 위 피고인들을 상대로 관련 추가서류를 제출하게 하는 등 가능한 모든 심사를 다하였다. 그럼에도 피해 은행은 위 대출 신청사유 및 소명자료들이 허위임을 발",원문 참조,없음,"부동산, 아파트, 임대차, 전세, 보증금, 임대인, 임차인, 임대차계약, 등기, 부동산실권리자, 사기, 기망",전문 원문: https://www.law.go.kr/LSW/precInfoP.do?precSeq=612919,criminal_fraud,형법 제347조 사기죄,criminal_fraud|형법 제347조 사기죄; civil_fraud_duress|민법 제110조 사기·강박에 의한 의사표시; civil_lease_definition|민법 제618조 임대차의 의의
72,CASE_2026_00072,"2025다210092, 210093",근저당권말소·손해배상청구의소[주식회사가 상법 제374조 제1항에 위반하여 마쳐진 부동산 소유권이전등기를 신뢰하고 근저당권을 설정받은 선의의 제3자를 상대로 근저당권말소를 청구한 사건],대법원,2026-01-08,민사,판결,상고심,파기환송,"[1] 신의성실의 원칙의 의미 및 이에 위배된다는 이유로 권리의 행사를 부정하기 위한 요건 / 강행법규를 위반한 자가 스스로 약정의 무효를 주장하는 것이 권리남용에 해당되거나 신의성실의 원칙에 반하는지 여부 (원칙적 소극) [2] 주주총회의 특별결의 없이 이루어진 영업양도의 약정은 상대방의 선의나 악의 여부를 불문하고 무효인지 여부 (적극) 및 주식회사가 영업의 전부 또는 중요한 일부를 양도한 후 주주총회의 특별결의가 없었다는 이유를 들어 스스로 약정의 무효를 주장하는 것이 신의성실의 원칙에 반하는지 여부 (원칙적 소극) [3] 甲 주식회사가 주주인 乙, 丙과 甲 회...","[1] 민법상 신의성실의 원칙은 법률관계의 당사자는 상대방의 이익을 배려하여 형평에 어긋나거나, 신뢰를 저버리는 내용 또는 방법으로 권리를 행사하거나 의무를 이행하여서는 아니 된다는 추상적 규범으로서, 신의성실의 원칙에 위배된다는 이유로 권리의 행사를 부정하기 위해서는 상대방에게 신의를 공여하였다거나 객관적으로 보아 상대방이 신의를 가짐이 정당한 상태에 있어야 하고, 이러한 상대방의 신의에 반하여 권리를 행사하는 것이 정의관념에 비추어 용인될 수 없는 정도의 상태에 이르러야 한다. 또한 강행법규를 위반한 자가 스스로 약정의 무효를 주장하는 것이 신의칙에 위배되는 권리의 행사라는 이유로 그 주장을 배척한다면, 이는 오히려 강행법규에 의하여 배제하려는 결과를 실현시키는 셈이...","[1] 민법 제2조 [2] 상법 제374조 제1항 제1호 , 제434조 , 민법 제2조 [3] 상법 제374조 제1항 제1호 , 제434조 , 민법 제2조","[1][2] 대법원 2012. 4. 12. 선고 2011다106143 판결, 대법원 2018. 4. 26. 선고 2017다288757 판결 (공2018상, 969) / [1] 대법원 2014. 9. 4. 선고 2014다6404 판결","부동산, 매매, 매수, 매도, 매매계약, 매매대금, 소유권이전, 등기, 근저당, 저당권, 배당, 손해배상",전문 원문: https://www.law.go.kr/LSW/precInfoP.do?precSeq=615951,civil_sale_effect,민법 제568조 매매의 효력,civil_nonperformance_damages|민법 제390조 채무불이행 손해배상; civil_sale_effect|민법 제568조 매매의 효력
73,CASE_2024_00073,2023나2027036,소유권이전청구권가등기말소절차이행등,서울고등법원,2024-04-24,민사,판결,2심,청구기각,". 【주 문】 1. 이 법원에서의 청구 변경을 반영하여 제1심 판결을 다음과 같이 변경한다. 가. 피고는 원고에게, 1) 별지 목록 1항 기재 부동산에 관하여 서울동부지방법원 등기국 2019. 6. 27. 접수 제94418호로 마친 2013. 3. 8.자 매매예약완결을 원인으로 한 소유권이전등기의, 2) 별지 목록 2항 기재 부동산에 관하여 서울동부지방법원 등기국 2019. 6. 27. 접수 제94419호로 마친 2013. 3. 8.자 매매예약완결을 원인으로 한","420조 본문에 따라 제1심 판결이유 중 ‘1. 인정 사실’ 부분을 인용한다. 2. 원고 및 원고보조참가인의 청구원인 주장 피고는 다음과 같은 이유로 이 사건 본등기와 이 사건 가등기, 피고 명의의 이 사건 가등기 이전 부기등기(이하 ‘이 사건 부기등기’라 한다)를 말소해야 한다. 가. 이 사건 본등기의 말소 1) 피고는 선행 제1심 판결에 따라 이 사건 본등기를 마쳤는데, 원고가 선행 제1심 판결에 대해 추완항소를 제기하자, 피고는 선행소송 항소심에서 이 사건 가등기에 기한 본등기 청구 부분의 소를 취하하였다. 그렇다면 이 사건 본등기는 원인이 부존재 또는 무효이므로 말소되어야 한다. 2) 2004. 3. 5.자 매매예약 후 10년이",원문 참조,없음,"부동산, 매매, 매수, 매도, 매매계약, 매매대금, 계약금, 잔금, 소유권이전, 등기, 가등기, 기각",전문 원문: https://www.law.go.kr/LSW/precInfoP.do?precSeq=606347,civil_sale_effect,민법 제568조 매매의 효력,civil_sale_effect|민법 제568조 매매의 효력
74,CASE_2026_00074,2023다249449,추심금[제3채무자가 민사집행법 제248조 제3항에 따른 공탁의무를 위반한 경우 공탁청구를 한 채권자에 대하여 불법행위 손해배상책임을 부담하는지 문제된 사건],대법원,2026-02-12,민사,판결,상고심,"원심판결 중 예비적 청구에 관한 피고 패소 부분을 파기하고, 이 부분 사건을 부산고등법원에 환송한다.","[1] 민사집행법 제248조 제3항 에 따른 공탁의무를 부담하는 제3채무자가 추심채권자 중 한 사람에게 임의로 변제하거나 일부 채권자가 강제집행절차 등에 의하여 추심한 경우, 제3채무자가 공탁청구한 채권자에게 채무의 소멸을 주장할 수 있는지 여부 (소극) / 이 경우 공탁청구한 채권자가 제3채무자를 상대로 추심할 수 있는 금액의 범위 및 그 산정 기준과 배당받을 채권자, 채권액, 우선순위에 대한 증명책임의 소재(=제3채무자) / 이미 다른 추심채권자가 제3채무자를 상대로 동일한 피압류채권에 대하여 추심의 소를 제기하여 승소확정판결을 받은 경우, 그 확정판결의 효력이...","[1] 민사집행법 제248조 제3항 은 ""금전채권 중 압류되지 아니한 부분을 초과하여 거듭 압류명령 또는 가압류명령이 내려진 경우에 그 명령을 송달받은 제3채무자는 압류 또는 가압류채권자의 청구가 있으면 그 채권의 전액에 해당하는 금액을 공탁하여야 한다.""라고 규정하고 있다. 여기서 ‘공탁하여야 한다.’란 공탁의 방법에 의하지 아니하고는 면책을 받을 수 없다는 의미이므로, 제3채무자가 추심채권자 중 한 사람에게 임의로 변제하거나 일부 채권자가 강제집행절차 등에 의하여 추심한 경우, 제3채무자는 이로써 공탁청구한 채권자에게 채무의 소멸을 주장할 수 없고 이중지급의 위험을 부담한다. 그런데 민사집행법 제248조 제3항 에서 정한 공탁의무는 민사집행절차에서 발생하는 제3채무자의...","[1] 민사집행법 제25조 , 제31조 제1항 , 제44조 , 제248조 제3항 [2] 민법 제750조 , 민사집행법 제236조 제2항 , 제248조 제3항","[1] 대법원 2012. 2. 9. 선고 2009다88129 판결 (공2012상, 420) / [2] 대법원 2005. 7. 28. 선고 2004다8753 판결 (공2005하, 1411), 대법원 2007. 11. 15. 선고 2007다62963 판결 (공2007하, 1920), 대법원 2020. 10. 15. 선고 2017다278446 판결 (공2020하, 2112)","주택, 분양, 지역주택조합, 조합가입, 조합원, 분담금, 배당, 배당요구, 손해배상, 불법행위, 기각, 파기",전문 원문: https://www.law.go.kr/LSW/precInfoP.do?precSeq=617169,civil_sale_effect,민법 제568조 매매의 효력,civil_nonperformance_damages|민법 제390조 채무불이행 손해배상; civil_sale_effect|민법 제568조 매매의 효력
75,CASE_2024_00075,2021도17722,공인중개사법위반·주택법위반,대법원,2024-07-25,형사,판결,상고심,"원심판결 중 피고인들에 대한 부분을 파기하고, 이 부분 사건을 의정부지방법원에 환송한다.",[1] 아파트 분양권에 대한 매매를 알선하는 행위가 구 공인중개사법 제33조 제5호 에서 정한 ‘관계 법령에서 양도·알선 등이 금지된 부동산의 분양·임대 등과 관련 있는 증서 등의 매매를 중개하는 행위’에 해당하는지 여부 (소극) [2] 구 공인중개사법 제3조 제2호 에 규정된 중개대상물인 ‘건축물’에 장차 건축될 특정의 건축물도 포함되는지 여부 (적극) / 아파트의 특정 동·호수에 대하여 피분양자가 선정되거나 분양계약이 체결된 후 그 특정 아파트가 완성되기 전 이에 대한 매매 등 거래를 중개하는 것이 ‘건축물’의 중개에 해당하는지 여부 (적극) / 이를 같은 법 제...,"1. 쟁점 공소사실의 요지 피고인 1은 남양주시에 있는 (상호 생략) 부동산중개사무소를 피고인 2의 명의로 개설하여 실질적으로 운영하는 사람이고, 피고인 2는 공인중개사 자격을 취득한 후 위 부동산중개사무소에서 대표로 일하는 사람이다. 개업공인중개사 등은 관계 법령에서 알선 등이 금지된 부동산의 분양 등과 관련 있는 증서의 매매를 중개하거나 매매를 업으로 하여서는 아니 된다. 남양주 ○○신도시 ‘(아파트명 생략)아파트’(이하 ‘이 사건 아파트’라 한다)는 수도권 택지 중 해당 지구면적의 50% 이상 개발제한구역을 해제하여 조성된 공공택지로 분양가 상한제가 적용되고, 분양가 상한제 적용주택 및 그 주택의 입주자로 선정된 지위는 대통령령으","[1] 구 공인중개사법(2016. 12. 2. 법률 제14334호로 개정되기 전의 것) 제33조 제5호 (현행 제33조 제1항 제5호 참조), 제48조 제3호 [2] 구 공인중개사법(2016. 12. 2. 법률 제14334호로 개정되기 전의 것) 제2조 제1호 , 제3조 제2호 , 제33조 제5호 (현행 제33조 제1항 제5호 참조), 제48조 제3호","[1] 대법원 1990. 4. 27. 선고 89도1886 판결 (공1990, 1202) / [2] 대법원 1990. 2. 13. 선고 89도1885 판결 (공1990, 702), 대법원 2005. 5. 27. 선고 2004도62 판결 (공2005하, 1098), 대법원 2020. 6. 25. 선고 2019도3757 판결","부동산, 주택, 아파트, 토지, 중개대상물, 임대차, 매매, 매수, 계약금, 분양, 분양계약, 분양권",전문 원문: https://www.law.go.kr/LSW/precInfoP.do?precSeq=599651,realtor_prohibited_acts,공인중개사법 제33조 금지행위,civil_sale_effect|민법 제568조 매매의 효력; civil_lease_definition|민법 제618조 임대차의 의의; realtor_prohibited_acts|공인중개사법 제33조 금지행위
76,CASE_2024_00076,2024나12957,공제금등청구의소,서울중앙지방법원,2024-10-25,민사,판결,2심,청구기각,"1. 제1심판결 중 피고 패소부분을 취소하고, 그 취소 부분에 해당하는 원고들의 청구를 기각","해당 부분 기재와 같으므로, 민사소송법 제420조 본문에 의하여 이를 그대로 인용한다. 『4) 이 사건 계약 체결 당시 이 사건 주택 다른 세대에 약 20여건의 임대차계약이 체결되어 있었다.』 2. 원고들의 주장 공인중개사는 임대차계약을 체결함에 있어 그 계약이 의도대로 잘 체결되고 이행되는 데 아무런 장해요소가 없는지에 관하여 조사·확인하고 임차인에게 설명할 의무가 있다. 특히, 임대차계약에서 임대차보증금 반환이 핵심이므로, 가액·담보 가치·권리관계 등 임대차보증금 반환에 영향을 미칠 수 있는 사정을 조사·확인하여 임차인에게 설명할 의무가 있다. 그럼에도 불구하고 참가인은 이 사건 계약을 중개하면서 원고들에게 각 세대에서 소액 최우선변",원문 참조,없음,"부동산, 주택, 토지, 다가구, 다세대, 중개대상물, 임대차, 전세, 보증금, 임차권, 임차인, 전세권",전문 원문: https://www.law.go.kr/LSW/precInfoP.do?precSeq=614363,realtor_prohibited_acts,공인중개사법 제33조 금지행위,civil_nonperformance_damages|민법 제390조 채무불이행 손해배상; civil_lease_definition|민법 제618조 임대차의 의의; realtor_prohibited_acts|공인중개사법 제33조 금지행위
77,CASE_2025_00077,2024고단3486,사기,서울북부지법,2025-11-06,형사,판결,1심,유죄(벌금형),"피고인이 자신이 건물 2층에서 운영하던 고시텔의 각 객실마다 많은 양의 빈대가 발생하고 있다는 위생상태를 숨긴 채 고시텔에 관하여 甲과 ‘고시텔의 시설 및 영업권을 권리금 1억 원으로 하여 양수·양도한다.’는 취지의 권리(시설) 양수·양도계약을 체결하고 甲으로 하여금 고시텔의 건물주와 임대차계약을 체결하도록 함으로써 甲을 속여 권리금 1억 원을 편취하였다는 사기의 공소사실로 기소된 사안에서, 양수·양도계약 체결 및 이행 당시 고시텔에 많은 양의 빈대가 발생하여 정상적인 거주가 어려운 상태였고, 피고인은 이를 알고 있었음에도 甲에게 전혀 알리지 않음으로써 甲을 기망하였...","피고인이 자신이 건물 2층에서 운영하던 고시텔의 각 객실마다 많은 양의 빈대가 발생하고 있다는 위생상태를 숨긴 채 고시텔에 관하여 甲과 ‘고시텔의 시설 및 영업권을 권리금 1억 원으로 하여 양수·양도한다.’는 취지의 권리(시설) 양수·양도계약(이하 ‘양수도계약’이라 한다)을 체결하고 甲으로 하여금 고시텔의 건물주와 임대차계약을 체결하도록 함으로써 甲을 속여 권리금 1억 원을 편취하였다는 사기의 공소사실로 기소된 사안이다. 甲의 남편 乙은 고시텔을 양수받은 다음 날 고시텔에 방문하였다가, 당시 거주하던 사람들이 객실에 빈대가 너무 많아 잠을 잘 수 없다고 호소하여 객실을 점검하는 과정에서 바닥과 매트리스 등에서 많은 양의 빈대와 그 사체들이 발견된 점, 피고인은 약 9개월간...","형법 제13조 , 제347조 제1항",없음,"부동산, 건물, 임대차, 임대차계약, 계약금, 잔금, 고소, 사기, 기망, 편취, 허위, 무죄",전문 원문: https://www.law.go.kr/LSW/precInfoP.do?precSeq=614389,criminal_fraud,형법 제347조 사기죄,criminal_fraud|형법 제347조 사기죄; civil_fraud_duress|민법 제110조 사기·강박에 의한 의사표시; civil_sale_effect|민법 제568조 매매의 효력; civil_lease_definition|민법 제618조 임대차의 의의
79,CASE_2022_00079,2022누2535,업무정지처분취소,대구고등법원,2022-09-16,행정,판결,2심,청구기각,. 2. 11. 선고 2021구단11291 판결 【변론종결】 2022. 8. 26. 【주 문】 1. 제1심판결을 취소한다. 2. 원고의 청구를 기각한다. 3. 소송총비용은 원고가 부담한다. 【청구취지 및 항소취지】 1. 청구취지 피고가 2021. 5. 26. 원고에 대하여 한 업무정지 1월 15일의 처분을 취소한다. 2. 항소취지 주문과 같다. 【이 유】 1. 처분의 경위 가. 원고는 구미시 (주소 1 생략)에서 ‘○○○ 공인중개사’라는 상호로 중개사무소(이하,"1. 처분의 경위 가. 원고는 구미시 (주소 1 생략)에서 ‘○○○ 공인중개사’라는 상호로 중개사무소(이하 ‘이 사건 사무소’라 한다)를 개설·등록하여 운영하고 있는 개업공인중개사이다. 나. 피고는 2021. 4. 15. 이 사건 사무소를 방문하여 현장 지도·점검을 한 결과, 원고가 다른 중개사와 공동중개를 한 아래 계약 3건과 관련하여 원고가 보관 중인 중개대상물 확인·설명서(이하 ‘확인·설명서’라 한다)에 공인중개사의 서명 또는 날인이 누락 되어 있는 것을 적발하였다. 1) 원고가 소외 1과 공동중개한, 소외 2와 소외 3 사이의 2018.",원문 참조,없음,"아파트, 중개대상물, 전세, 임대인, 매매, 매도, 매매계약, 공인중개, 확인·설명, 담보, 기각, 취소",전문 원문: https://www.law.go.kr/LSW/precInfoP.do?precSeq=234281,realtor_prohibited_acts,공인중개사법 제33조 금지행위,civil_sale_effect|민법 제568조 매매의 효력; civil_lease_definition|민법 제618조 임대차의 의의; realtor_prohibited_acts|공인중개사법 제33조 금지행위
80,CASE_2021_00080,2016다34007,소유권말소등기,대법원,2021-06-03,민사,판결,상고심,상고기각,"명의수탁자가 양자간 명의신탁에 따라 명의신탁자로부터 소유권이전등기를 넘겨받은 부동산을 임의로 처분한 경우, 형사상 횡령죄의 성립 여부와 관계없이 명의신탁자에 대하여 민사상 불법행위책임을 부담하는지 여부 (적극)","명의수탁자가 양자간 명의신탁에 따라 명의신탁자로부터 소유권이전등기를 넘겨받은 부동산을 임의로 처분한 행위가 형사상 횡령죄로 처벌되지 않더라도, 위 행위는 명의신탁자의 소유권을 침해하는 행위로서 형사상 횡령죄의 성립 여부와 관계없이 민법상 불법행위에 해당하여 명의수탁자는 명의신탁자에게 손해배상책임을 부담한다. 이유는 다음과 같다. ① 대법원은 2021. 2. 18. 선고 2016도18761 전원합의체 판결 을 통해 부동산 실권리자명의 등기에 관한 법률(이하 ‘부동산실명법’이라 한다)을 위반하여 명의신탁자가 그 소유인 부동산 등기명의를 명의수탁자에게 이전하는 양자간 명의신탁의 경우 명의수탁자와 명의신탁자 간의 관계는 형법상 보호할 만한 가치 있는 신임에 의한 관계가 아니고,...","민법 제750조 , 부동산 실권리자명의 등기에 관한 법률 제4조 , 형법 제355조 제1항","대법원 2008. 2. 1. 선고 2006다6713 판결 (공2008상, 288), 대법원 2019. 6. 20. 선고 2013다218156 전원합의체 판결 (공2019하, 1423), 대법원 2021. 2. 18. 선고 2016도18761 전원합의체 판결 (공2021상, 668)","부동산, 매매, 매도, 매매계약, 소유권이전, 등기, 명의신탁, 명의수탁, 부동산실명법, 고소, 횡령, 손해배상",전문 원문: https://www.law.go.kr/LSW/precInfoP.do?precSeq=216699,civil_sale_effect,민법 제568조 매매의 효력,embezzlement_breach_of_trust|형법 제355조·제356조 횡령·배임; civil_nonperformance_damages|민법 제390조 채무불이행 손해배상; civil_sale_effect|민법 제568조 매매의 효력
81,CASE_2014_00081,2014나13609,손해배상(기),서울중앙지법,2014-06-20,민사,판결,2심,항소기각,"[1] 임대인이 임차인에게 목적물을 인도할 당시에 이미 존재하고 있었던 하자가 임대인의 수선의무의 대상이 되는지 여부 (적극) [2] 임대목적물의 하자에 대한 수선이 불가능하고 그로 인하여 임대차의 목적을 달성할 수 없는 경우, 임차인이 임대차계약의 효력을 소급적으로 소멸시키는 해제를 할 수 있는지 여부 (한정 적극) [3] 임대차 목적물에 임대인의 수선을 요하는 하자가 있는데도 임대인이 이를 모르고 있고 임차인 또한 임대인에게 지체 없이 통지하지 않은 경우, 임대인이 부담하는 손해배상책임의 범위 [4] 甲이 乙로부터 임차한 다가구주택에서 거주하는 동안 심한 결로와...","[1] 임대인의 수선의무의 대상이 되는 목적물의 파손 또는 장해(이하 ‘하자’라고 총칭한다)는 임대차기간 중에 드러난 하자를 의미하는 것으로서 임대차기간 중에 비로소 발생한 하자에 한정되지 않고, 이미 임대인이 임차인에게 목적물을 인도할 당시에 존재하고 있었던 하자도 포함된다. [2] 임대인이 귀책사유로 하자 있는 목적물을 인도하여 목적물 인도의무를 불완전하게 이행하거나 수선의무를 지체한 경우, 임차인은 임대인을 상대로 채무불이행에 기한 손해배상을 청구할 수 있고( 민법 제390조 ), 임대차계약을 해지할 수도 있다. 그리고 목적물의 하자에 대한 수선이 불가능하고 그로 인하여 임대차의 목적을 달성할 수 없는 경우에는, 임차인의 해지를 기다릴 것도 없이 임대차는 곧바로 종료...","[1] 민법 제618조 , 제623조 [2] 민법 제390조 , 제543조 , 제546조 , 제618조 , 제623조 [3] 민법 제374조 , 제618조 , 제623조 , 제624조 , 제634조 [4] 민법 제390조 , 제546조 , 제567조 , 제575조 제1항 , 제580조 제1항 , 제618조 , 제623조 , 제634조","[2] 대법원 1996. 3. 8. 선고 95다15087 판결 (공1996상, 1193), 대법원 2010. 4. 29. 선고 2009다96984 판결 (공2010상, 995)","부동산, 주택, 다가구, 임대목적물, 임대차, 보증금, 임대인, 임차인, 임대차계약, 계약금, 담보, 손해배상",전문 원문: https://www.law.go.kr/LSW/precInfoP.do?precSeq=174940,civil_lease_definition,민법 제618조 임대차의 의의,civil_nonperformance_damages|민법 제390조 채무불이행 손해배상; civil_sale_effect|민법 제568조 매매의 효력; civil_lease_definition|민법 제618조 임대차의 의의
82,CASE_2024_00082,2024다239364,손해배상(기)[공인중개사가 부동산 중개 과정에서 임대차보증금 반환채무가 매수인에게 면책적으로 인수되지 않는다는 사정을 설명할 주의의무가 인정되는지 여부가 문제된 사건],대법원,2024-09-12,민사,판결,상고심,"원심판결 중 피고들 패소 부분을 파기하고, 이 부분 사건을 울산지방법원에 환송한다.","부동산중개업자가 중개의뢰인에게 부담하는 의무의 내용 / 공인중개사법상 부동산중개업의 대상이 되는 중개행위의 의미 및 이는 변호사법 제3조 에서 정한 법률사무와 구별되는지 여부 (적극) / 부동산 매수인이 매매목적물에 관한 임대차보증금 반환채무 등을 인수하는 한편 그 채무액을 매매대금에서 공제하기로 약정한 경우, 각 채무인수의 요건에 관한 분석 등을 통하여 채무인수의 법적 성격을 가리는 행위는 법률사무에 해당하는지 여부 (적극) / 공인중개사가 부동산을 중개하는 과정에서 채무인수의 법적 성격에 관하여 조사·확인하여 설명하지 않았다는 사정만으로 선량한 관리자의 주의로 신...","부동산중개업자와 중개의뢰인과의 법률관계는 민법상의 위임관계와 같으므로 중개업자는 중개의뢰의 본지에 따라 선량한 관리자의 주의로 의뢰받은 중개업무를 처리할 의무가 있을 뿐 아니라, 공인중개사법 제29조 제1항 에 의하여 신의와 성실로 공정하게 중개행위를 할 의무가 있다. 공인중개사법 제2조 제1호 , 제3호 의 규정에 의하면, 부동산중개업의 대상이 되는 중개행위는 중개대상물에 대하여 거래당사자 간의 매매·교환·임대차 그 밖의 권리의 득실변경에 관한 행위를 알선하는 것으로서, 당사자 사이에 매매 등 법률행위가 용이하게 성립할 수 있도록 조력하고 주선하는 사실행위에 불과하고, 변호사법 제3조 에서 규정한 법률사무와는 구별된다. 그런데 부동산 매수인이 매매목적물에 관한 임대차보증...","민법 제454조 , 제680조 , 제681조 , 공인중개사법 제2조 제1호 , 제3호 , 제29조 제1항 , 변호사법 제3조","대법원 2006. 5. 11. 선고 2003두14888 판결 (공2006상, 1045), 대법원 2007. 11. 15. 선고 2007다44156 판결 , 대법원 2012. 11. 29. 선고 2012다69654 판결 (공2013상, 45)","부동산, 주택, 아파트, 중개대상물, 임대차, 전세, 보증금, 전세금, 임차인, 주택임대차, 임대차계약, 매매",전문 원문: https://www.law.go.kr/LSW/precInfoP.do?precSeq=241585,realtor_prohibited_acts,공인중개사법 제33조 금지행위,civil_nonperformance_damages|민법 제390조 채무불이행 손해배상; civil_sale_effect|민법 제568조 매매의 효력; civil_lease_definition|민법 제618조 임대차의 의의; realtor_prohibited_acts|공인중개사법 제33조 금지행위
83,CASE_2024_00083,2022나72946,임대차보증금,수원지방법원,2024-06-05,민사,판결,2심,1. 이 법원에서 감축 및 확장된 청구를 포함하여 제1심판결을 다음과 같이 변경한다. 원고들의 청구를 모두 기각한다. 2. 소...,"】 2024. 5. 8. 【주 문】 1. 이 법원에서 감축 및 확장된 청구를 포함하여 제1심판결을 다음과 같이 변경한다. 원고들의 청구를 모두 기각한다. 2. 소송 총비용은 원고들이 부담한다. 【청구취지 및 항소취지】 1. 청구취지 피고는 원고들에게 각 46,189,286원 및 위 각 돈 중 각 35,530,000원에 대하여 2022. 5. 28.부터 다 갚는 날까지 연 12%의 비율로 계산한 돈과 나머지 각 10,450,000원에 대하여 2022. 9. 15.","1. 기초사실 가. 소외 1과 피고의 임대차계약 체결 및 계약금, 중도금의 지급 1) 소외 1은 2018. 3. 22. 주식회사 ○○건설(이하 ‘소외 2 회사’라 한다)로부터 시흥시 (주소 1 생략)(이하 ‘이 사건 건물’이라 한다) □□동 지1층 2-105호(이하 ‘이 사건 105호 부동산’이라고 한다) 및 같은 층 2-106호(이하 ‘이 사건 106호 부동산’이라고 하고, 이 사건 105호 부동산과 통틀어 ‘이 사건 각 부동산’이라 한다)를 분양받았다(갑 5호증). 2) 피고는 이 사건 건물이 완공되기 전인 20",원문 참조,없음,"부동산, 상가, 건물, 임대차, 보증금, 임대인, 임차인, 월세, 임대차계약, 매매, 매수, 매도",전문 원문: https://www.law.go.kr/LSW/precInfoP.do?precSeq=601991,civil_lease_definition,민법 제618조 임대차의 의의,civil_sale_effect|민법 제568조 매매의 효력; civil_lease_definition|민법 제618조 임대차의 의의
84,CASE_2021_00084,2019다236392,손해배상(기),대법원,2021-10-14,민사,판결,상고심,상고기각,"甲이 乙 등으로부터 상가를 임차하여 일반음식점업을 하다가 실내포차 영업을 하려는 丙과 권리금 계약을 체결하고 乙 등에게 신규임차인 丙과 임대차계약을 체결하여 줄 것을 요청하였는데, 乙 등이 실내포차에서 발생하는 음식 냄새 등으로 주거 생활에 불편을 초래할 수 있다는 이유로 임대차계약을 거절하자, 甲이 丙과 위 권리금 계약을 해제하고 상가를 乙 등에게 인도한 사안에서, 甲이 乙 등과 위 상가에서 술이나 음식을 판매하는 업종을 제한하기로 약정하였음을 인정하기 어렵고, 신규임차인 丙에게 환기시설을 요구하거나 영업시간을 조절하는 방법으로 냄새나 소란 등 문제를 해결할 가능성...","규모인 이 사건 건물을 1/2 지분씩 소유하고 있었다. 원고는 2015. 5. 11. 소외 1 등으로부터 이 사건 건물 중 1층 102호에 있는 이 사건 상가를 보증금 2,500만 원, 기간 2015. 6. 11.부터 2017. 6. 10.까지로 정하여 임차하고, 빵과 빵을 이용한 음식을 판매하는 일반음식점업을 하였다. 원고는 임대차계약 당시 이 사건 상가에서 세탁소를 운영하던 임차인에게 권리금 6,000만 원을 지급하였다. 나. 원고는 2017. 5. 13. 이 사건 상가에서 실내포차 영업을 하려는 소외 2와 권리금 6,000만 원을 지급받기로 하는 권리금 계약을 체결하고 같은 날 계약금 600만 원을 받았다. 원고는 소외 1 등에게","구 상가건물 임대차보호법(2018. 10. 16. 법률 제15791호로 개정되기 전의 것) 제10조의4 제1항 , 제3항 , 민법 제390조",없음,"부동산, 상가, 건물, 임대차, 보증금, 임대인, 임차인, 임대차계약, 계약금, 중개업자, 손해배상, 기각",전문 원문: https://www.law.go.kr/LSW/precInfoP.do?precSeq=223399,realtor_prohibited_acts,공인중개사법 제33조 금지행위,civil_nonperformance_damages|민법 제390조 채무불이행 손해배상; civil_sale_effect|민법 제568조 매매의 효력; civil_lease_definition|민법 제618조 임대차의 의의; realtor_prohibited_acts|공인중개사법 제33조 금지행위
85,CASE_2018_00085,2012다74236,부당이득금,대법원,2018-03-22,민사,판결,상고심,"원심판결 중 원고승계참가인 패소 부분을 파기하고, 이 부분 사건을 서울고등법원에 환송한다.","금액이 다른 채무가 서로 부진정연대 관계에 있을 때 다액채무자가 일부 변제를 하는 경우, 변제로 먼저 소멸하는 부분(=다액채무자가 단독으로 채무를 부담하는 부분)","금액이 다른 채무가 서로 부진정연대 관계에 있을 때 다액채무자가 일부 변제를 하는 경우 변제로 인하여 먼저 소멸하는 부분은 당사자의 의사와 채무 전액의 지급을 확실히 확보하려는 부진정연대채무 제도의 취지에 비추어 볼 때 다액채무자가 단독으로 채무를 부담하는 부분으로 보아야 한다. 이러한 법리는 사용자의 손해배상액이 피해자의 과실을 참작하여 과실상계를 한 결과 타인에게 직접 손해를 가한 피용자 자신의 손해배상액과 달라졌는데 다액채무자인 피용자가 손해배상액의 일부를 변제한 경우에 적용되고, 공동불법행위자들의 피해자에 대한 과실비율이 달라 손해배상액이 달라졌는데 다액채무자인 공동불법행위자가 손해배상액의 일부를 변제한 경우에도 적용된다. 또한 중개보조원을 고용한 개업공인중개사의...","민법 제393조 , 제396조 , 제413조 , 제756조 , 제760조 , 제763조 , 공인중개사법 제30조 제1항","대법원 1994. 2. 22. 선고 93다53696 판결(공1994상, 1078)(변경) , 대법원 1994. 8. 9. 선고 94다10931 판결(공1994하, 2275)(변경) , 대법원 1995. 3. 10. 선고 94다5731 판결(공1995상, 1571)(변경) , 대법원 1995. 5. 12. 선고 94다6246 판결(변경), 대법원 1995. 7. 14. 선고 94다19600 판결(공1995하, 2773)(변경) , 대법원 1998. 7. 24. 선고 97다55706 판결(공1998하...","아파트, 임대차, 보증금, 임대차계약, 잔금, 공인중개, 중개보조, 상해, 기망, 횡령, 손해배상, 불법행위",전문 원문: https://www.law.go.kr/LSW/precInfoP.do?precSeq=194227,realtor_prohibited_acts,공인중개사법 제33조 금지행위,civil_fraud_duress|민법 제110조 사기·강박에 의한 의사표시; civil_nonperformance_damages|민법 제390조 채무불이행 손해배상; civil_sale_effect|민법 제568조 매매의 효력; civil_lease_definition|민법 제618조 임대차의 의의; realtor_prohibited_acts|공인중개사법 제33조 금지행위
86,CASE_2024_00086,2023가단114053,배당이의,부산지방법원 서부지원,2024-05-09,민사,판결,1심,1. 부산지방법원 서부지원 2021타경104666호 부동산강제경매사건에 관하여 위 법원이 2023. 7. 25. 작성한 배당표...,"1. 부산지방법원 서부지원 2021타경104666호 부동산강제경매사건에 관하여 위 법원이 2023. 7. 25. 작성한 배당표 중 피고에 대한 배당액 47,500,000원을 21,9","장기적·안정적 공급을 촉진하기 위하여 한국주택금융공사법에 따라 설립된 법인이고, 피고는 주거취약계층의 주거안정을 위해 국가로부터 자금을 지원받아 주택 소유자와 임대차계약을 체결한 후 지원대상자인 입주자에게 전대차계약을 통하여 임대주택을 지원하는 사업을 하는 법인이다. 나. 이 사건 임대차계약의 체결 등 1) 피고는 2012. 1. 12. 소외 1과 사이에 동인 소유의 부산 북구 △△동 (지번 생략) (아파트명 생략) (동호수 생략)(이하 ‘이 사건 부동산’이라 한다)에 관하여 임대차보증금 60,000,000원(피고 지급액 47,500,000원, 입주자 부담액 12,500,000원), 임대차기간 2012. 1. 19.부터 2014. 1.",원문 참조,없음,"부동산, 주택, 아파트, 토지, 다가구, 임차주택, 임대차, 전세, 보증금, 전세금, 임차권, 임대인",전문 원문: https://www.law.go.kr/LSW/precInfoP.do?precSeq=618531,civil_lease_definition,민법 제618조 임대차의 의의,civil_lease_definition|민법 제618조 임대차의 의의
87,CASE_2025_00087,2025다212423,건물인도,대법원,2025-09-11,민사,판결,상고심,상고기각,"[1] 조합원의 다른 조합원에 대한 해지통고를 조합의 해산청구로 볼 수 있는 경우 / 조합이 해산되었으나 잔무로 처리할 일은 없고 잔여재산 분배만 남은 경우, 청산절차를 밟을 필요가 있는지 여부 (소극) [2] 부당이득의 반환에서 ‘이득’의 의미(=실질적 이득) / 임차인이 임대차관계 소멸 후 임차건물을 계속 점유하였으나 본래 계약상의 목적에 따라 사용·수익하지 않은 경우, 부당이득반환의무가 성립하는지 여부 (소극) 및 이는 임차인의 사정으로 임차건물을 사용·수익하지 못하였거나 임차인이 자신의 시설물을 반출하지 않았던 경우라도 마찬가지인지 여부 (적극)","건 동업계약’이라 한다)에 따라 원고 소유의 원심판결 별지 목록 기재 각 부동산(이하 ‘이 사건 건물’이라 한다)에 시설비를 들여 태권도장을 제공하였고, 피고는 보증금을 5,000만 원, 월 임대료를 220만 원(부가가치세 포함)으로 하여 작성한 이 사건 건물 임대차계약서를 이용하여 2008. 5. 14. 사업자등록을 마치고 이 사건 건물에서 태권도장을 운영하였다. 나. 원고는 2022. 8. 초경 피고에게 수익금 미지급을 이유로 2022. 9.까지 이 사건 건물을 인도해 달라고 요구하자, 피고는 당초 2022. 10. 말까지 태권도장을 정리하여 이 사건 건물을 인도해 주기로 하였으나, 위 기간까지 원고가 제시한 임대조건으로 태권도장 임","[1] 민법 제87조 , 제543조 , 제703조 , 제720조 , 제724조 [2] 민법 제610조 제1항 , 제615조 , 제618조 , 제654조 , 제741조","[1] 대법원 1996. 3. 26. 선고 94다46268 판결 (공1996상, 1367), 대법원 2007. 11. 15. 선고 2007다48370, 48387 판결 / [2] 대법원 1998. 7. 10. 선고 98다8554 판결 (공1998하, 2090)","부동산, 건물, 임대차, 보증금, 임대인, 임차인, 임대차계약, 조합원, 기각, 파기, 반환, 부당이득",전문 원문: https://www.law.go.kr/LSW/precInfoP.do?precSeq=618081,civil_lease_definition,민법 제618조 임대차의 의의,civil_lease_definition|민법 제618조 임대차의 의의
88,CASE_2025_00088,"2024다317332, 317349",건물인도·손해배상(기)[부속물 매매대금 채권을 수동채권으로 한 임대인의 상계 의사표시 이전 임차인의 목적물 점유가 불법점유인지 문제된 사건],대법원,2025-05-15,민사,판결,상고심,상고기각,[1] 임대차계약 종료에 따른 임차인의 목적물 반환의무와 임차인의 부속물매수청구권 행사에 따른 임대인의 부속물 매매대금 지급의무가 동시이행관계에 있는지 여부 (적극) 및 임차인이 적법한 부속물매수청구권 행사 후 목적물을 계속 점유하는 경우 불법점유에 따른 손해배상의무를 지는지 여부 (원칙적 소극) [2] 민법 제493조 제2항 에서 정한 상계의 소급효에 의하여 상계의 의사표시 전에 발생한 사실이 복멸하는지 여부 (원칙적 소극) [3] 甲 시설관리공단이 乙 주식회사를 상대로 임대차계약이 종료 후에도 임대목적물인 건물 부분을 불법점유하고 있다며 건물 부분의 인도와 함께...,"[1] 임대차계약 종료로 발생한 임차인의 목적물 반환의무와 임차인의 부속물매수청구권 행사로 발생한 임대인의 부속물 매매대금 지급의무는 동시이행관계에 있으므로, 임대인이 부속물 매매대금 지급의무를 이행하거나 적법하게 이행제공을 하는 등으로 임차인의 동시이행항변권을 상실시키지 않은 이상, 임차인이 적법한 부속물매수청구권 행사 후에 목적물을 계속 점유하는 것을 불법점유라고 할 수 없고 임차인은 이에 대한 손해배상의무를 지지 않는다. [2] 상계의 의사표시에 의하여 각 채무는 상계할 수 있는 때에 대등액에 관하여 소멸한 것으로 보게 되지만( 민법 제493조 제2항 ), 이러한 상계의 소급효는 양 채권 및 이에 관한 이자나 지연손해금 등을 정산하는 기준시기를 소급하는 것일 뿐이고...","[1] 민법 제536조 , 제618조 , 제646조 , 제750조 [2] 민법 제493조 제2항 [3] 민법 제398조 , 제493조 제2항 , 제536조 , 제618조 , 제646조 , 제741조 , 제750조","[1] 대법원 1981. 11. 10. 선고 81다378 판결 (공1982, 44), 대법원 2020. 5. 14. 선고 2019다252042 판결 (공2020하, 1090) / [2] 대법원 2015. 10. 29. 선고 2015다32585 판결","건물, 임대목적물, 임대차, 임대인, 임차인, 임대차계약, 매매, 매수, 매매계약, 매매대금, 손해배상, 기각",전문 원문: https://www.law.go.kr/LSW/precInfoP.do?precSeq=606173,civil_lease_definition,민법 제618조 임대차의 의의,civil_nonperformance_damages|민법 제390조 채무불이행 손해배상; civil_sale_effect|민법 제568조 매매의 효력; civil_lease_definition|민법 제618조 임대차의 의의
89,CASE_2025_00089,"2024다227606, 227620",임대차보증금·부당이득금,대법원,2025-08-14,민사,판결,상고심,상고기각,"임차보증금의 금융이익을 차임으로 이득할 것을 내용으로 하는 월차임 없는 임대차계약에서 임대차기간이 만료 후 임대인이 임차보증금을 반환하지 않은 상태에서 임차인이 임차목적물을 계속 사용·수익한 경우, 그 사용이익을 임차인이 부당이득하였다고 볼 수 있는지 여부 (소극)","(반소원고, 이하 ‘피고’라 한다)로부터 인천 부평구 (이하 생략) 외 2필지 (건물명 생략) (호수 생략)호(이하 ‘이 사건 부동산’이라 한다)를 월차임 없이 임대차보증금 165,000,000원에 임차하였고(이하 ‘이 사건 임대차계약’이라 한다), 같은 날 피고에게 계약금 15,000,000원을 지급하였다. 나. 이 사건 부동산은 원래 피고의 소유였다가 2017. 8. 18. 수탁자인 주식회사 생보부동산신탁 명의로 신탁을 원인으로 한 소유권이전등기가 마쳐진 상태였는데, 원고와 피고는 이 사건 임대차계약의 특약사항으로 ‘신탁은 잔금일에 말소하기로 한다.’고 정하였다. 다. 원고는 이 사건 임대차계약에서 정한 잔금일인 2020. 8. 14","민법 제317조 , 제741조","대법원 1979. 9. 25. 선고 79다762 판결 (공1979, 12260), 대법원 2014. 5. 29. 선고 2013다72138 판결","부동산, 건물, 임대차, 전세, 보증금, 임대인, 임차인, 임대차계약, 임차보증금, 계약금, 잔금, 소유권이전",전문 원문: https://www.law.go.kr/LSW/precInfoP.do?precSeq=615699,civil_lease_definition,민법 제618조 임대차의 의의,civil_sale_effect|민법 제568조 매매의 효력; civil_lease_definition|민법 제618조 임대차의 의의
90,CASE_2024_00090,2023고단3100,부동산실권리자명의등기에관한법률위반·전자금융거래법위반·사기·업무방해·범죄수익은닉의규제및처벌등에관한법률위반,울산지방법원,2024-05-30,형사,판결,1심,무죄,"1, 피고인 2, 피고인 3, 피고인 4, 피고인 5에 대한 업무방해의 점과 피고인 1에 대한 범죄수익은닉의규제및처벌등에관한법률위반의 점은 각 무죄. 【이 유】 【범죄사실】 [범죄전력] 피고인 1은 2018. 1. 30. 대구지방법원 상주지원에서 사기죄 등으로 징역 8월을 선고받아 2018. 7. 31. 대구구치소에서 그 형의 집행을 종료하였고, 2022. 3. 2. 부산지방법원에 사기죄 등으로 구속 기소된 것을 비롯하여 위 법원에 다수의 재판이 계속 중에 있다","[범죄전력] 피고인 1은 2018. 1. 30. 대구지방법원 상주지원에서 사기죄 등으로 징역 8월을 선고받아 2018. 7. 31. 대구구치소에서 그 형의 집행을 종료하였고, 2022. 3. 2. 부산지방법원에 사기죄 등으로 구속 기소된 것을 비롯하여 위 법원에 다수의 재판이 계속 중에 있다. 피고인 2는 2013. 4. 4. 부산지방법원에서 사기죄 등으로 징역 5년을, 2013. 7. 17. 부산지방법원 동부지원에서 사기죄 등으로 징역 4월을, 2016. 1. 12. 창원지방법원 진주지원에서 사기죄 등으로 징역 3월을 각각 선고받아 경북직업훈련교도소",원문 참조,없음,"부동산, 아파트, 임대차, 전세, 보증금, 임대인, 임차인, 임대차계약, 매매, 매수, 매매계약, 소유권이전",전문 원문: https://www.law.go.kr/LSW/precInfoP.do?precSeq=612917,criminal_fraud,형법 제347조 사기죄,criminal_fraud|형법 제347조 사기죄; civil_sale_effect|민법 제568조 매매의 효력; civil_lease_definition|민법 제618조 임대차의 의의
91,CASE_2025_00091,2024다221455,건물인도[주택임대차보호법에 따른 임차인의 임차권등기 관련비용 상환채권의 행사 방법이 문제된 사건],대법원,2025-04-24,민사,판결,상고심,파기환송,임차인이 주택임대차보호법 제3조의3 제8항 에서 정한 임차권등기명령 신청비용과 임차권등기비용에 대한 비용상환청구권을 상계의 자동채권으로 삼는 등의 방법으로 행사할 수 있는지 여부 (적극),"주택임대차보호법 제3조의3 은 제3항 에서 임차권등기명령의 신청에 대한 재판절차와 임차권등기명령의 집행 등에 관하여 민사집행법상 가압류에 관한 절차규정을 일부 준용하는 한편, 제8항 에서 ""임차인은 제1항 에 따른 임차권등기명령의 신청과 그에 따른 임차권등기와 관련하여 든 비용을 임대인에게 청구할 수 있다.""라고 규정하고 있다. 이처럼 주택임대차보호법 제3조의3 제8항 은 임차권등기명령 신청비용과 임차권등기비용에 대한 비용상환청구권을 인정하면서도 비용청구의 방법이나 절차에 관한 별도의 규정을 두지 않고 있다. 따라서 임차인은 민사소송으로 그 비용을 청구하거나, 상계의 자동채권으로 삼는 등의 방법으로 비용상환청구권을 행사할 수 있다고 봄이 타당하다.","주택임대차보호법 제3조의3 제3항 , 제8항 , 민사소송법 제110조 , 민법 제492조 제1항",없음,"주택, 아파트, 건물, 임대차, 보증금, 임차권, 임대인, 임차인, 주택임대차, 임대차계약, 등기, 임차권등기",전문 원문: https://www.law.go.kr/LSW/precInfoP.do?precSeq=605931,civil_lease_definition,민법 제618조 임대차의 의의,civil_fraud_duress|민법 제110조 사기·강박에 의한 의사표시; civil_lease_definition|민법 제618조 임대차의 의의
92,CASE_2022_00092,"2017다207475, 207482",소유권이전등기·소유권이전등기,대법원,2022-03-11,민사,판결,상고심,"원심판결 중 본소 부분을 파기하고, 이 부분 사건을 서울고등법원에 환송한다.","[1] 수증자의 범죄행위를 원인으로 한 증여계약의 해제를 규정하고 있는 민법 제556조 제1항 제1호 에서 정한 ‘범죄행위’의 의미와 이에 해당하는지 판단하는 기준 및 이때 수증자가 그 범죄행위로 형사처벌을 받을 필요가 있는지 여부 (소극) [2] 甲의 어머니인 乙이 甲 등에게 토지 및 건물을 증여하되 乙이 살아있는 동안에는 직접 관리하기로 하는 내용의 증여증서를 작성하여 甲 등에게 교부한 다음 건물에 관하여 甲 명의로 소유권이전등기를 마쳤고, 甲과 乙은 토지 및 건물의 운영에 관하여 동업계약서를 작성하고 공동명의로 사업자등록을 마쳤으며, 그 후 乙이 알츠하이머병에...","[1] 민법 제556조 제1항 제1호 는 ‘수증자가 증여자에 대하여 증여자 또는 그 배우자나 직계혈족에 대한 범죄행위가 있는 때에는 증여자는 그 증여를 해제할 수 있다.’고 정한다. 이는 중대한 배은행위를 한 수증자에 대해서까지 증여자로 하여금 증여계약상의 의무를 이행하게 할 필요가 없다는 윤리적 요청을 법률적으로 고려한 것이다. 여기에서 ‘범죄행위’는, 수증자가 증여자에게 감사의 마음을 가져야 함에도 불구하고 증여자가 배은망덕하다고 느낄 정도로 둘 사이의 신뢰관계를 중대하게 침해하여 수증자에게 증여의 효과를 그대로 유지시키는 것이 사회통념상 허용되지 아니할 정도의 범죄를 저지르는 것을 말한다. 이때 이러한 범죄행위에 해당하는지는 수증자가 범죄행위에 이르게 된 동기 및 경...",[1] 민법 제556조 제1항 제1호 [2] 민법 제556조 제1항 제1호,"[1] 헌법재판소 2009. 10. 29. 선고 2007헌바135 전원재판부 결정(헌공157, 1933)","부동산, 아파트, 토지, 건물, 임대차, 보증금, 임차인, 임대차계약, 소유권이전, 등기, 고소, 위조",전문 원문: https://www.law.go.kr/LSW/precInfoP.do?precSeq=220239,civil_lease_definition,민법 제618조 임대차의 의의,civil_sale_effect|민법 제568조 매매의 효력; civil_lease_definition|민법 제618조 임대차의 의의
93,CASE_2025_00093,2024나54706,계약금반환청구의소,부산지방법원,2025-05-22,민사,판결,2심,항소기각,"1. 제1심판결 중 아래에서 지급을 명하는 금액을 초과하는 피고 패소 부분을 취소하고, 그 취소 부분에 해당하는 원고의 청구","다툼이 없거나, 갑 제1 내지 4호증의 각 기재 및 변론 전체의 취지에 의하여 인정된다. 가. 피고는 부산 남구 (이하 생략) 일원에서 공동주택(이하 ‘이 사건 아파트’라 한다)을 신축·분양하는 사업(이하 ‘이 사건 사업’이라 한다)을 추진하기 위하여 주택법에 따라 2017. 10. 18. 관할관청의 인가를 받아 설립된 지역주택조합이다. 나. 원고는 2019. 12. 10. 피고에게 조합가입계약의 계약금 명목으로 5,000만 원을 지급하였고(이하 ‘이 사건 계약금’이라 한다), 2020. 1. 29. 피고와 사이에 조합원 분담금을 3억 9,840만 원으로 정하여 아파트 1세대를 분양받기로 하는 내용의 조합가입계약서를 작성함으로써 조합가입",원문 참조,없음,"주택, 아파트, 토지, 매수, 계약금, 분양, 지역주택조합, 조합가입, 조합원, 분담금, 담보, 사기",전문 원문: https://www.law.go.kr/LSW/precInfoP.do?precSeq=612903,civil_fraud_duress,민법 제110조 사기·강박에 의한 의사표시,civil_fraud_duress|민법 제110조 사기·강박에 의한 의사표시; civil_sale_effect|민법 제568조 매매의 효력
94,CASE_2026_00094,2025다213608,납입금반환청구의소[지역주택조합과 조합원 가입계약을 체결하고 조합원 분담금과 업무용역비를 납입한 후 조합규약 및 가입계약에서 정한 조합원 자격을 상실하여 지역주택조합을 상대로 납입금 반환을 구한 사건],대법원,2026-01-08,민사,판결,상고심,"원심판결 중 예비적 청구에 관한 피고 패소 부분을 파기하고, 이 부분 사건을 서울고등법원에 환송한다.","[1] 지역주택조합과 조합원 사이의 법률관계는 근거 법령이나 조합규약의 규정, 조합총회의 결의 또는 조합과 조합원 사이의 약정에 따라 규율되는지 여부 (적극) 및 조합원이 그 지위를 상실한 경우, 그 효력은 장래에 향해서만 미치는지 여부 (적극) / 조합원에게 조합의 비용 중 일정 부분을 부담하도록 하기 위하여는 그와 같은 취지를 조합규약이나 조합총회의 결의, 조합과 조합원 사이의 약정 등으로 미리 정하여야 하는지 여부 (적극) 및 이는 조합원의 지위 상실로 인한 분담금 환급절차에서 조합의 비용 중 일정 부분을 공제하는 경우도 마찬가지인지 여부 (적극) [2] 甲이...","[1] 지역주택조합과 조합원 사이의 법률관계는 근거 법령이나 조합규약의 규정, 조합총회의 결의 또는 조합과 조합원 사이의 약정에 따라 규율된다. 일반적으로 지역주택조합사업은 무주택자들이 주택 마련이라는 일정한 목적을 가지고 조합설립 준비단계에서부터 사업부지의 확보, 조합의 설립과 사업계획승인, 아파트 등 주택의 건축에 이르기까지 일련의 절차를 진행하여 시행되고, 조합원은 사업의 진행과정에서 그 진행단계에 따라 지속적으로 발생하는 사업비에 충당할 분담금을 납부할 의무를 진다. 근거 법령에 따라 마련된 조합규약이나 가입계약에는 조합원의 의무로서 분담금 및 기타 비용에 관한 납부의무를 정하고, 조합원 지위를 상실한 경우 납부한 분담금에 대하여 별도의 환불 범위, 방법 및 시기...","[1] 주택법 제11조 제1항 , 제7항 , 제11조의3 [2] 민법 제398조 , 주택법 제11조 제1항 , 제7항 , 제11조의3","[1] 대법원 2022. 2. 11. 선고 2021다282046, 282053 판결(공2022상, 549), 대법원 2022. 7. 14. 선고 2021다281999, 282008 판결(공2022하, 1615)","주택, 아파트, 분양, 지역주택조합, 조합원, 납입금, 분담금, 업무대행비, 손해배상, 기각, 파기, 반환",전문 원문: https://www.law.go.kr/LSW/precInfoP.do?precSeq=615953,civil_sale_effect,민법 제568조 매매의 효력,civil_nonperformance_damages|민법 제390조 채무불이행 손해배상; civil_sale_effect|민법 제568조 매매의 효력
95,CASE_2024_00095,2024나10738,경업금지및손해배상,대전고법,2024-12-11,민사,판결,2심,일부인용,"의사인 甲이 자신이 소유하는 건물 4층에서 정형외과 병원을 운영하다가 건강상의 이유로 병원을 운영하는 데 어려움이 있자 의사인 乙과 위 병원의 사업에 관한 일체의 권리와 의무를 포괄적으로 양도·양수하기로 하는 양도양수계약을 체결하였고, 동시에 건물 4층 등에 관하여는 임대차계약을 체결하였는데, 몇 년 후 甲이 건물 2층에 乙의 병원과 동종의 정형외과 의원을 개원하자 乙이 甲을 상대로 경업금지 및 손해배상을 구한 사안에서, 위 양도양수계약에 상법 제41조 가 유추적용되거나 양도양수계약 과정에서 묵시적 경업금지약정이 이루어졌다고 보이므로, 甲은 영업양도일로부터 10년 동...","의사인 甲이 자신이 소유하는 건물 4층에서 정형외과 병원을 운영하다가 건강상의 이유로 병원을 운영하는 데 어려움이 있자 의사인 乙과 위 병원의 사업에 관한 일체의 권리와 의무를 포괄적으로 양도·양수하기로 하는 양도양수계약을 체결하였고, 동시에 건물 4층 등에 관하여는 임대차계약을 체결하였는데, 몇 년 후 甲이 건물 2층에 乙의 병원과 동종의 정형외과 의원을 개원하자 乙이 甲을 상대로 경업금지 및 손해배상을 구한 사안이다. 甲과 乙이 의사이기는 하나 위 양도양수계약은 甲이 운영하던 병원을 乙에게 양도하면서 병원 인테리어, 장비 기타 물품 대금, 영업권(권리금)을 감안한 대금을 지급받고, 그에 부수하여 임대차계약까지 체결한 것으로서, 이는 상인 간 영업양도계약과 아무런 차이가...","상법 제41조 제1항 , 민법 제105조 , 제390조 , 제750조 , 상가건물 임대차보호법 제10조의4",없음,"상가, 건물, 임대차, 보증금, 임대인, 임차인, 임대차계약, 손해배상, 불법행위, 기각, 반환, 취소",전문 원문: https://www.law.go.kr/LSW/precInfoP.do?precSeq=614479,civil_lease_definition,민법 제618조 임대차의 의의,civil_nonperformance_damages|민법 제390조 채무불이행 손해배상; civil_lease_definition|민법 제618조 임대차의 의의
96,CASE_2024_00096,2021나51915,보증금,대전고등법원(청주),2024-02-21,민사,판결,2심,일부인용,"다 갚는 날까지는 연 12%의 각 비율로 계산한 돈을 지급하라. 2. 원고의 나머지 항소와 원고가 이 법원에서 추가한 제2 예비적 청구를 각 기각한다. 3. 소송총비용 중 35%는 원고가, 나머지는 피고가 각 부담한다. 4. 제1항의 금원 지급을 명하는 부분은 가집행할 수 있다. 【청구취지 및 항소취지】 1. 청구취지 주위적 및 예비적으로, 피고는 원고에게 700,000,000원 및 그중 200,000,000원에 대하여는 2016. 8. 18.부터 2016.","원고는 건축설계 및 감리업 등을 목적으로 설립된 회사이고, 피고는 청주시 (주소 1 생략) 일대 137,960㎡를 사업시행구역으로 하여 도로 등 기반시설 조성, 아파트 건축을 위한 공동주택용지와 단독주택용지 조성, 공동주택 신축사업 등을 내용으로 한 ‘청주 △△지구 도시개발사업’(이하 ‘이 사건 사업’이라 한다)을 시행할 목적으로 도시개발법 제13조 에 의하여 2011. 4. 19. 위 구역 내 토지의 소유자들을 조합원으로 하여 설립된 조합이다. 한편, 소외 2는 피고가 설립된 때부터 2013. 4. 19.까지는 피고의 이사를, 2014. 12. 5.부터 2018. 12. 30.까지는 피고의 조합장을 각 역임한 사람이다. 나. 원고는 2",원문 참조,없음,"주택, 아파트, 토지, 보증금, 조합원, 사기, 기망, 편취, 손해배상, 불법행위, 기각, 취소",전문 원문: https://www.law.go.kr/LSW/precInfoP.do?precSeq=241431,civil_fraud_duress,민법 제110조 사기·강박에 의한 의사표시,civil_fraud_duress|민법 제110조 사기·강박에 의한 의사표시; civil_nonperformance_damages|민법 제390조 채무불이행 손해배상; civil_lease_definition|민법 제618조 임대차의 의의
97,CASE_2026_00097,2025다213466,보증금[임차인이 임차주택의 소유권을 취득한 경우 주택임대차의 대항력과 우선변제권이 상실되는지 문제된 사건],대법원,2026-01-08,민사,판결,상고심,상고기각,"[1] 주택임대차보호법 제3조 제1항 에서 정한 주민등록이 대항력의 요건을 충족시키는 공시방법이 되기 위한 요건 [2] 주택임대차에서 주택의 인도와 주민등록이라는 대항요건은 대항력의 취득 시만이 아니라 대항력을 유지하기 위해서도 계속 존속하고 있어야 하는지 여부 (적극) / 대항력을 갖춘 임차인이 임차주택을 양수하여 소유자가 된 경우, 임차인의 주민등록이 소유권이전등기 이후에도 대항력의 인정요건이 되는 유효한 공시방법이 되는지 여부 (소극) 및 이 경우 대항력의 소멸 시기(=소유권 취득 시) [3] 甲 은행이 乙에게 전세금안심대출을 실행하면서 담보로 교부받은 주택도시...","[1] 주택임대차보호법 제3조 제1항 에서 주택의 인도와 더불어 대항력의 요건으로 규정하고 있는 주민등록은 거래의 안전을 위하여 임차권의 존재를 제3자가 명백히 인식할 수 있게 하는 공시방법으로 마련된 것으로서, 주민등록이 어떤 임대차를 공시하는 효력이 있는지 여부는 그 주민등록으로 제3자가 임차권의 존재를 인식할 수 있는지에 따라 결정된다. 따라서 주민등록이 대항력의 요건을 충족시킬 수 있는 공시방법이 되려면 단순히 형식적으로 주민등록이 되어 있다는 것만으로는 부족하고, 주민등록에 의하여 표상되는 점유관계가 임차권을 매개로 하는 점유임을 제3자가 인식할 수 있는 정도는 되어야 한다. [2] 주택임대차보호법이 제3조 제1항 에서 주택임차인에게 주택의 인도와 주민등록을 요건...","[1] 주택임대차보호법 제3조 제1항 [2] 주택임대차보호법 제3조 제1항 [3] 민법 제105조 , 제428조 , 주택임대차보호법 제3조 제1항 , 제3조의2 제2항 , 주택도시기금법 제26조 제1항 제2호","[1] 대법원 1999. 4. 23. 선고 98다32939 판결 (공1999상, 993), 대법원 2000. 2. 11. 선고 99다59306 판결 (공2000상, 688) / [2] 대법원 1998. 1. 23. 선고 97다43468 판결 (공1998상, 609), 대법원 2025. 4. 15. 선고 2024다326398 판결 (공2025상, 821)","주택, 임차주택, 임대차, 전세, 보증금, 전세금, 임차권, 임차인, 주택임대차, 임대차계약, 매매, 매수",전문 원문: https://www.law.go.kr/LSW/precInfoP.do?precSeq=615767,civil_lease_definition,민법 제618조 임대차의 의의,civil_sale_effect|민법 제568조 매매의 효력; civil_lease_definition|민법 제618조 임대차의 의의
98,CASE_2022_00098,2021다283834,임대차보증금반환등[임차인이 공인중개사사무실의 중개보조인을 통해 임대부동산을 관리하여 오던 임대인에게 중개보조인의 불법행위에 대한 사용자책임을 묻는 사안],대법원,2022-02-11,민사,판결,상고심,상고기각,"[1] 민법 제756조 의 사용관계가 인정되기 위한 요건 / 타인에게 위탁하여 계속적으로 사무를 처리하여 왔고 객관적으로 타인의 행위가 위탁자의 지휘·감독 범위 내에 속하는 경우, 그 타인은 민법 제756조 에서 정한 피용자에 해당하는지 여부 (적극) / 민법 제756조 의 사용관계에서 실질적 지휘·감독 관계가 있는지를 결정하는 기준 [2] 甲이 중개보조인 乙 및 그의 남편인 공인중개사 丙의 중개로 오피스텔을 구입한 다음, 월 임료 등 수익을 얻을 목적으로 위 오피스텔에 관한 ‘월 임료 있는 임대차계약’을 체결하면서 乙 등으로 하여금 甲 명의로 임대차계약서를 작성하게...","[1] 민법 제756조 의 사용자와 피용자의 관계는 반드시 유효한 고용관계가 있는 경우에 한하는 것이 아니고, 사실상 어떤 사람이 다른 사람을 위하여 그 지휘·감독 아래 그 의사에 따라 사무를 집행하는 관계가 있으면 인정된다. 또한 타인에게 위탁하여 계속적으로 사무를 처리하여 온 경우 객관적으로 보아 그 타인의 행위가 위탁자의 지휘·감독의 범위 내에 속한다고 보이는 경우 그 타인은 민법 제756조 에 규정한 피용자에 해당한다. 민법 제756조 의 사용관계에 있어서 실질적인 지휘·감독 관계는 실제로 지휘·감독하고 있느냐의 여부에 의하여 결정되는 것이 아니라 객관적으로 지휘·감독을 하여야 할 관계에 있느냐의 여부에 따라 결정된다. [2] 甲이 중개보조인 乙 및 그의 남편인 공...",[1] 민법 제756조 [2] 민법 제756조,"[1] 대법원 1963. 2. 21. 선고 62다780 판결 (집11-1, 민109), 대법원 1982. 11. 23. 선고 82다카1133 판결 (공1983, 210), 대법원 1992. 2. 25. 선고 91다39146 판결 (공1992, 1143), 대법원 1996. 10. 11. 선고 96다30182 판결 (공1996하, 3328), 대법원 1998. 8. 21. 선고 97다13702 판결 (공1998하, 2276), 대법원 2010. 10. 28. 선고 2010다48387 판결 (공201...","부동산, 오피스텔, 임대차, 전세, 보증금, 임대인, 임차인, 임대차계약, 매수, 매도, 분양, 공인중개",전문 원문: https://www.law.go.kr/LSW/precInfoP.do?precSeq=219919,realtor_prohibited_acts,공인중개사법 제33조 금지행위,civil_nonperformance_damages|민법 제390조 채무불이행 손해배상; civil_sale_effect|민법 제568조 매매의 효력; civil_lease_definition|민법 제618조 임대차의 의의; realtor_prohibited_acts|공인중개사법 제33조 금지행위
99,CASE_2019_00099,2019고정78,공전자기록등불실기재·불실기재공전자기록등행사,수원지법평택지원,2019-09-20,형사,판결,1심,무죄,"甲 종중의 종중원인 피고인들이 적법한 소집절차를 거치지 아니하고 종중원 일부만 참석한 종중 임시총회를 개최하여 甲 종중 소유의 부동산에 대하여 피고인들에게 가등기를 설정하여 준다는 내용의 결의서를 작성한 후 위와 같이 무효인 종중결의서 등을 등기소 담당직원에게 제출하여 부동산 전자등기부에 피고인들을 가등기권자로 하는 소유권이전담보가등기가 경료되도록 전산입력하게 하고, 이를 등기소에 비치하게 하였다고 하여 공전자기록등불실기재 및 불실기재공전자기록등행사의 공소사실로 기소된 사안에서, 피고인들에게 무죄를 선고한 사례","甲 종중의 종중원인 피고인들이 적법한 소집절차를 거치지 아니하고 종중원 일부만 참석한 종중 임시총회를 개최하여 甲 종중 소유의 부동산에 대하여 피고인들에게 가등기를 설정하여 준다는 내용의 결의서를 작성한 후 위와 같이 무효인 종중결의서 등을 등기소 담당직원에게 제출하여 부동산 전자등기부에 피고인들을 가등기권자로 하는 소유권이전담보가등기가 경료되도록 전산입력하게 하고, 이를 등기소에 비치하게 하였다고 하여 공전자기록등불실기재 및 불실기재공전자기록등행사의 공소사실로 기소된 사안이다. 피고인들은 그 이전부터 甲 종중 소유의 부동산을 둘러싸고 종중원 乙 등과 분쟁이 있었고, 상대방이 개최한 임시총회의 효력을 부인하면서 다투어 왔으므로, 임시총회 당시 각자 개최한 임시총회의 효력...","형법 제30조 , 제228조 제1항 , 제229조 , 형사소송법 제325조",없음,"부동산, 토지, 소유권이전, 등기, 가등기, 담보, 공정증서원본불실기재, 허위, 무죄, 반환, 무효, 불실기재",전문 원문: https://www.law.go.kr/LSW/precInfoP.do?precSeq=225549,criminal_fraud,형법 제347조 사기죄,criminal_fraud|형법 제347조 사기죄
100,CASE_2012_00100,2011고단1945,사기·무고·공전자기록등불실기재·불실기재공전자기록등행사·공인중개사의업무및부동산거래신고에관한법률위반,대구지방법원 서부지원,2012-06-01,형사,판결,1심,무죄,"경우 50,000원을 1일로 환산한 기간 피고인을 노역장에 유치한다. 위 벌금에 상당한 금액의 가납을 명한다. 이 사건 공소사실 중 공전자기록등불실기재, 불실기재공전자기록등행사, 각 사기, 무고의 점은 각 무죄 【이 유】 【범죄사실】 피고인은 △△공인중개사무소의 중개보조원으로, 중개업자 등은 사례, 증여 그 밖의 어떠한 명목으로도 국토해양부령의 규정에 의한 수수료 또는 실비를 초과하여 금품을 받는 행위를 하여서는 아니된다. 그럼에도 피고인은 2010. 7. 3.","피고인은 △△공인중개사무소의 중개보조원으로, 중개업자 등은 사례, 증여 그 밖의 어떠한 명목으로도 국토해양부령의 규정에 의한 수수료 또는 실비를 초과하여 금품을 받는 행위를 하여서는 아니된다. 그럼에도 피고인은 2010. 7. 3. 대구 달성군 (이하 3 생략)에 있는 공소외 2 농협에서 대구 달성군 (주소 1 생략)빌라 502호에 대하여 매도인 공소외 3과 매수인 공소외 4의 매매(매매대금 2,500만 원)를 중개한 후 같은 달 7. 위 공소외 3으로부터 사례비 명목으로 150만 원을 교부",원문 참조,없음,"부동산, 토지, 빌라, 매매, 매수, 매도, 매매계약, 매매대금, 계약금, 중도금, 잔금, 소유권이전",전문 원문: https://www.law.go.kr/LSW/precInfoP.do?precSeq=168811,criminal_fraud,형법 제347조 사기죄,criminal_fraud|형법 제347조 사기죄; civil_sale_effect|민법 제568조 매매의 효력; real_estate_transaction_reporting_prohibition|부동산 거래신고 등에 관한 법률 제4조 금지행위; realtor_prohibited_acts|공인중개사법 제33조 금지행위
101,CASE_2024_00101,2023나72693,공제금등청구의소,서울중앙지방법원,2024-09-04,민사,판결,2심,청구기각,"1. 제1심판결 중 피고 패소 부분을 취소하고, 그 취소 부분에","1. 인정사실 가. 원고는 공인중개사인 피고보조참가인의 중개로 2020. 4. 8. 소외인으로부터 수원시 권선구 (지번 1 생략)에 있는 총 8개 호실로 이루어진 다가구주택(이하 ‘이 사건 다가구주택’이라고 한다) 중 (호수 생략)(이하 ‘이 사건 (호수 생략)’이라고 한다)를 임대차보증금 1억 1,000만 원, 임대차기간 2020. 4. 26.부터 2022. 4. 26.까지로 정하여 임차하는 임대차계약(이하 ‘이 사건 임대차계약’이라고 한다)을 체결하였다. 나. 원고가 소외인에게 2020. 4. 8. 계",원문 참조,없음,"부동산, 주택, 토지, 건물, 다가구, 중개대상물, 임대차, 전세, 보증금, 임차권, 임대인, 임차인",전문 원문: https://www.law.go.kr/LSW/precInfoP.do?precSeq=614361,realtor_prohibited_acts,공인중개사법 제33조 금지행위,civil_nonperformance_damages|민법 제390조 채무불이행 손해배상; civil_lease_definition|민법 제618조 임대차의 의의; realtor_prohibited_acts|공인중개사법 제33조 금지행위
103,CASE_2025_00103,"2024다315527, 315534",매매대금반환·매매대금[외국법원에서 승소 확정판결을 받은 당사자가 우리나라 법원에 동일한 청구의 소를 제기한 사건],대법원,2025-06-12,민사,판결,상고심,상고기각,"[1] 승소 확정판결을 받은 당사자가 전소의 상대방을 상대로 다시 동일한 청구의 소를 제기하는 경우, 후소에 권리보호의 이익이 있는지 여부 (소극) / 이는 외국법원에서 민사소송법 제217조 의 승인요건을 갖춘 승소 확정판결을 받은 당사자가 전소의 상대방을 상대로 다시 우리나라 법원에 동일한 청구의 소를 제기한 경우에도 마찬가지인지 여부 (적극) [2] 민사소송법 제217조 제1항 제4호 에서 정한 ‘상호보증’의 요건을 갖추었는지 판단하는 기준 및 외국재판의 승인요건이 충족되었는지는 법원의 직권조사사항인지 여부 (적극)","[1] 승소 확정판결을 받은 당사자가 전소의 상대방을 상대로 다시 승소 확정판결의 전소와 동일한 청구의 소를 제기하는 경우 후소는 권리보호의 이익이 없어 부적법하고, 이는 외국법원에서 민사소송법 제217조 의 승인요건을 갖춘 승소 확정판결을 받은 당사자가 전소의 상대방을 상대로 다시 우리나라 법원에 동일한 청구의 소를 제기한 경우에도 같다. [2] 민사소송법 제217조 제1항 제4호 는 외국법원의 확정재판 등의 승인요건으로 ‘상호보증이 있거나 대한민국과 그 외국법원이 속하는 국가에 있어 확정재판 등의 승인요건이 현저히 균형을 상실하지 아니하고 중요한 점에서 실질적으로 차이가 없을 것’을 규정하고 있다. 이에 의하면 우리나라와 외국 사이에 동종 판결의 승인요건이 현저히 균형...","[1] 민사소송법 제216조 , 제218조 , 제248조 [2] 민사소송법 제217조 제1항 제4호 , 제2항","[1] 대법원 2006. 4. 14. 선고 2005다74764 판결, 대법원 2016. 9. 28. 선고 2016다13482 판결 / [2] 대법원 2004. 10. 28. 선고 2002다74213 판결 (공2004하, 1937), 대법원 2017. 5. 30. 선고 2012다23832 판결 (공2017하, 1339)","부동산, 주택, 건물, 임차권, 매매, 매수, 매매계약, 매매대금, 계약금, 잔금, 대금반환, 사기",전문 원문: https://www.law.go.kr/LSW/precInfoP.do?precSeq=606765,civil_fraud_duress,민법 제110조 사기·강박에 의한 의사표시,civil_fraud_duress|민법 제110조 사기·강박에 의한 의사표시; civil_sale_effect|민법 제568조 매매의 효력
104,CASE_2023_00104,2022도16422,사기·전자금융거래법위반·부동산실권리자명의등기에관한법률위반,대법원,2023-06-29,형사,판결,상고심,"원심판결 중 피고인들에 대한 부분을 파기하고, 이 부분 사건을 서울서부지방법원에 환송한다.","[1] 사기죄의 요건으로서 ‘부작위에 의한 기망’의 의미 및 이때 법률상 고지의무가 인정되는 범위 / 법률상 고지의무의 근거가 되는 거래의 내용이나 거래관행 등 거래실정에 관한 사실을 주장·증명할 책임의 소재(=검사) [2] 피고인들이 자신들의 보유 자금은 전혀 없이 오피스텔 등을 인수한 후 매매대금보다 고액인 전세보증금과 매매대금과의 차액 상당의 금원인 전세차익금을 수령하여 분배하고, 인수한 오피스텔 등의 임대차 존재 사실을 숨기고 근저당권을 설정해주는 방법으로 대출을 받아 활용할 계획이었을 뿐, 전세보증금 상당액을 변제할 자력이 없으며, 전세보증금 반환채무의 이행...","상고이유를 판단한다. 1. 쟁점 공소사실의 요지 피고인들에 대한 공소사실 중 사기 부분의 요지는 다음과 같다. 피고인들은 주택 내지 주거용 오피스텔 보유 소유자들이 세금 인상 우려 등으로 인해, 매수인의 전세보증금반환채무 인수를 조건으로 매매대금보다 고액인 전세보증금과 매매대금과의 차액 상당의 금원(이하 ‘전세차익금’이라 한다)을 오히려 매수인에게 지급하면서까지 급매물로 판매하려 한다는 사실을 알고, 관련 오피스텔 등 매물과 그 전세차익금을 편취하기로 순차 공모하였다. 가. 피고인들의 공동범행 피고인들은 2020. 11. 18.경부터 2021. 1. 27","[1] 형법 제347조 , 형사소송법 제308조 [2] 형법 제30조 , 제347조 , 형사소송법 제325조","[1] 대법원 2000. 1. 28. 선고 99도2884 판결 (공2000상, 636), 대법원 2020. 6. 25. 선고 2018도13696 판결 (공2020하, 1552)","부동산, 주택, 오피스텔, 빌라, 임차주택, 임대차, 전세, 보증금, 임차권, 임대인, 임차인, 주택임대차",전문 원문: https://www.law.go.kr/LSW/precInfoP.do?precSeq=238997,criminal_fraud,형법 제347조 사기죄,criminal_fraud|형법 제347조 사기죄; civil_fraud_duress|민법 제110조 사기·강박에 의한 의사표시; civil_lease_definition|민법 제618조 임대차의 의의
105,CASE_2024_00105,2023나12234,손해배상(기),울산지방법원,2024-04-18,민사,판결,2심,일부인용,"다음과 같이 변경한다.가. 피고들은 공동하여 원고에게 65,783,374원 및 이에 대하여 피고 1은 2021. 10. 16.부터, 피고 한국공인중개사협회는 2021. 10. 13.부터 각 2024. 4. 18.까지는 연 5%, 각 그 다음 날부터 다 갚는 날까지는 연 12%의 각 비율로 계산한 돈을 지급하라.나. 원고의 피고들에 대한 나머지 청구를 각 기각한다. 2. 소송총비용 중 원고와 피고들 사이에 생긴 부분의 50%는 피고들이, 나머지는 원고가 각 부담","판결 중 해당 부분 이유와 같으므로 민사소송법 제420조 본문에 의하여 이를 그대로 인용한다. 2. 원고 주장의 요지 가. 피고 1에 대하여 피고 1은 이 사건 매매계약을 중개함에 있어 매수인이 매매목적물을 현장에서 확인하지도 않고 매매계약을 체결하였고, 매수인이 목포에서 온 외지인이었으며, 계약일과 잔금일 사이 간격이 이틀에 불과하여 정상적인 거래가 아님을 의심할만한 사정이 충분하였으므로 매매계약이 제대로 이행되는지를 더욱 주의깊게 살펴야 할 주의의무가 있었고, 이 사건 임차인이 법인으로서 주택임대차보호법상 대항력이 있는 임차인이 아니고 매수인이 임대인의 지위를 당연히 승계하는 것이 아니므로 이 사건 임차인을 참여시켜 면책적 채무인수",원문 참조,없음,"부동산, 주택, 중개대상물, 임대차, 전세, 보증금, 전세금, 임대인, 임차인, 주택임대차, 임대차계약, 매매",전문 원문: https://www.law.go.kr/LSW/precInfoP.do?precSeq=601975,realtor_prohibited_acts,공인중개사법 제33조 금지행위,civil_nonperformance_damages|민법 제390조 채무불이행 손해배상; civil_sale_effect|민법 제568조 매매의 효력; civil_lease_definition|민법 제618조 임대차의 의의; realtor_prohibited_acts|공인중개사법 제33조 금지행위
107,CASE_2025_00107,"2023다203221, 203238",분담금반환청구의소·정산금,대법원,2025-10-16,민사,판결,상고심,상고기각,"甲 지역주택조합이 조합규약에 따라 정기총회에서 ‘탈퇴, 조합원 자격의 상실, 제명 등으로 조합원의 지위를 상실한 자에 대하여는 조합원이 납입한 제 납입금(분담금 + 업무용역비) 중 전체 분담금의 20%와 업무용역비 100%를 제외한 잔액을 반환한다.’는 내용으로 의결을 하였는데, 그 후 조합원 지위를 상실한 乙 등이 甲 조합을 상대로 기납입 분담금의 반환을 구한 사안에서, 위 의결에서 공제금을 정한 것은 손해배상액의 예정에 해당하고, 이 경우에도 민법 제398조 제2항 이 적용되는데, 전체 분담금의 20%을 공제금으로 정한 것은 부당히 과다하므로 이를 전체 분담금의...","사실을 알 수 있다. 가. 피고(반소원고, 이하 ‘피고’라고만 한다)는 울산 남구 (이하 생략) 일원을 사업시행구역으로 하여 주택건설사업을 시행하기 위해 설립된 지역주택조합이다. 나. 원고(반소피고, 이하 ‘원고’라고만 한다)들 및 원고 5, 원고 6(이하 같이 부를 때는 ‘원고들’이라 한다)은 2014년 말부터 2015년 초 사이에 피고의 전신인 (가칭)○○지역주택조합 추진위원회와 이 사건 조합가입계약을 각각 체결하였다. 다. 이 사건 조합가입계약에서는 원고들이 각자 총분담금 2억 1,156만 원(원고 6은 2억 5,743만 원)을 납입하고 업무용역비 1,000만 원을 별도로 지급해야 하는 것으로 되어 있다. 이에 따라 피고에게, 원고","민법 제398조 제1항 , 제2항 , 주택법 제11조 제9항",없음,"주택, 매매, 매매대금, 계약금, 지역주택조합, 조합가입, 조합원, 납입금, 분담금, 공제금, 손해배상, 기각",전문 원문: https://www.law.go.kr/LSW/precInfoP.do?precSeq=618147,civil_sale_effect,민법 제568조 매매의 효력,civil_nonperformance_damages|민법 제390조 채무불이행 손해배상; civil_sale_effect|민법 제568조 매매의 효력
108,CASE_2023_00108,2023도7045,특정경제범죄가중처벌등에관한법률위반(배임)·특정경제범죄가중처벌등에관한법률위반(사기),대법원,2023-08-31,형사,판결,상고심,파기환송,[1] 타인의 사무를 처리하는 자가 그 임무에 위배하는 행위로써 본인에게 현실적인 재산상 손해를 가한 경우뿐 아니라 재산상 실해 발생의 위험을 초래한 경우도 배임죄가 성립하는지 여부 (적극) 및 재산상 손해가 있는지 판단하는 방법 [2] 甲 학교법인의 교육용 재산 처분 업무를 담당하였던 피고인이 甲 학교법인 소유 부동산의 소유권이전등기에 필요한 제반 서류를 보관하던 중 매매계약에 따른 매매대금을 모두 지급받지 못하였음에도 乙 회사에 소유권이전에 필요한 서류 일체를 넘겨주어 乙 회사 앞으로 소유권이전등기를 마치게 하는 등으로 乙 회사에 매매잔금 상당의 재산상 이득을 취...,"상고이유를 판단한다. 1. 검사의 상고이유에 관하여 가. 이 사건 공소사실 중 「특정경제범죄 가중처벌 등에 관한 법률」(이하 ‘특정경제범죄법’이라고 한다) 위반(배임) 부분의 공소사실의 요지는, 피고인은 피해 학교법인의 교육용 재산 처분 업무를 담당하였던 사람으로서 피해 학교법인이 2021. 5. 13.경 주식회사 (회사명 생략)[이하 ‘(회사명 생략)’이라고 한다]에 대금 335억 8,000만 원에 매도한 교육용 기본재산인 이 사건 부동산의 소유권이전등기에 필요한 제반 서류를 보관하던 중, 2021. 8. 10.경 매매계약에 따른 매매대금을 모두 지급받지 못하였음에도 그 임무에 위배하여 (회사명 생략) 대표이사 공소외 1에게 소유권이전",[1] 형법 제355조 제2항 [2] 형법 제355조 제2항,"[1] 대법원 2012. 12. 27. 선고 2012도10822 판결(공2013상, 285), 대법원 2013. 4. 11. 선고 2012도15890 판결 (공2013상, 905), 대법원 2017. 7. 20. 선고 2014도1104 전원합의체 판결 (공2017하, 1760)","부동산, 매매, 매도, 매매계약, 매매대금, 잔금, 소유권이전, 등기, 가등기, 사기, 배임, 무죄",전문 원문: https://www.law.go.kr/LSW/precInfoP.do?precSeq=238961,aggravated_economic_crime,특정경제범죄 가중처벌 등에 관한 법률 제3조,aggravated_economic_crime|특정경제범죄 가중처벌 등에 관한 법률 제3조; criminal_fraud|형법 제347조 사기죄; embezzlement_breach_of_trust|형법 제355조·제356조 횡령·배임; civil_sale_effect|민법 제568조 매매의 효력
109,CASE_2024_00109,2023가단5114713,납입금반환청구의소,서울중앙지방법원,2024-03-26,민사,판결,1심,일부인용,"1. 피고는 원고에게 330,082,900원 및 이에 대하여 2023. 6. 2.부터 2024. 3. 26.까지는 연 5%의, 그다음 날부터 다 갚는 날까지는 연 12%의 각 비율로 계산한 돈을 지급하라. 2.","1. 기초사실 가. 당사자의 지위 및 원고의 조합원가입계약 체결 1) 피고는 서울 동작구 (이하 생략) 일원 15,581㎡에 608세대의 아파트를 건설하는 주택건설사업(이하 ‘이 사건 사업’이라 한다)을 시행하기 위하여 설립된 지역주택조합으로, 2018. 10. 15. 조합설립인가를, 2020. 9. 3. 사업계획승인을 받았다. 2) 원고는 2018. 11. 17. 피고와 사이에 피고의 조합원으로 가입하여 이 사건 사업에 따라 신축될 아파트 중 59㎡형 주택 1채를 분양받기로 하는 조합원 가입계약을 체결하였고(이하 ‘이 사",원문 참조,없음,"주택, 아파트, 토지, 소유권이전, 분양, 지역주택조합, 조합가입, 조합원, 납입금, 분담금, 업무대행비, 사기",전문 원문: https://www.law.go.kr/LSW/precInfoP.do?precSeq=616597,civil_fraud_duress,민법 제110조 사기·강박에 의한 의사표시,civil_fraud_duress|민법 제110조 사기·강박에 의한 의사표시; civil_sale_effect|민법 제568조 매매의 효력
111,CASE_2024_00111,2023구합72692,과징금부과처분취소,수원지법,2024-09-11,행정,판결,1심,"1. 피고가 2021. 3. 24. 원고에 대하여 한 과징금 585,177,300원의 부과처분을 취소한다. 2. 소송비용은 피...","甲 종중의 임시총회 결의로 회장에 선출되고 종중 소유 토지의 관리·처분 권한을 위임받은 乙이 甲 종중의 대표자로서 丙 주식회사에 종중 소유 토지를 위탁하여 개발하고 매각 후 수익금을 분배하기로 하는 계약을 체결하고, 丁에게 종중 소유 토지에 관하여 소유권이전등기를 마쳐준 사실에 대하여, 甲 종중이 부동산 실권리자명의 등기에 관한 법률 제3조 제1항 을 위반하여 위 토지를 명의신탁하기로 약정하고 丁 명의로 소유권이전등기를 했다는 이유로, 관할 시 출장소장이 같은 법 제5조 에 따라 과징금을 부과했는데, 甲 종중을 상대로 제기된 위 임시총회 결의의 무효확인을 구하는 소송...","甲 종중의 임시총회 결의로 회장에 선출되고 종중 소유 토지의 관리·처분 권한을 위임받은 乙이 甲 종중의 대표자로서 丙 주식회사에 종중 소유 토지를 위탁하여 개발하고 매각 후 수익금을 분배하기로 하는 계약을 체결하고, 丁에게 종중 소유 토지에 관하여 소유권이전등기를 마쳐준 사실에 대하여, 甲 종중이 부동산 실권리자명의 등기에 관한 법률(이하 ‘부동산실명법’이라고 한다) 제3조 제1항 을 위반하여 위 토지를 명의신탁하기로 약정하고 丁 명의로 소유권이전등기를 했다는 이유로, 관할 시 출장소장이 같은 법 제5조 에 따라 과징금을 부과했는데, 甲 종중을 상대로 제기된 위 임시총회 결의의 무효확인을 구하는 소송에서 결의에 중대한 하자가 있다는 이유로 위 결의가 무효임을 확인하는 판결...","부동산 실권리자명의 등기에 관한 법률 제3조 제1항 , 제5조 제1항 제1호",없음,"부동산, 토지, 임야, 매매, 매매계약, 소유권이전, 등기, 근저당, 저당권, 명의신탁, 명의수탁, 부동산실명법",전문 원문: https://www.law.go.kr/LSW/precInfoP.do?precSeq=614497,civil_sale_effect,민법 제568조 매매의 효력,civil_sale_effect|민법 제568조 매매의 효력
112,CASE_2022_00112,2022도1227,사기미수,대법원,2022-05-26,형사,판결,상고심,파기환송,"[1] 소송사기를 인정할 때 유의할 사항 / 소송사기가 성립하기 위한 요건 [2] 甲은 乙에 대한 손해배상채권에 기하여 피고인을 상대로 ‘피고인이 乙로부터 부동산을 매수한 것은 사해행위에 해당한다.’는 이유로 사해행위취소소송을 제기하여 제1심에서 승소판결을 받고, 피고인은 이에 대해 추완항소를 제기하였는데, 피고인은 선행 사해행위취소소송을 제기한 채권자 丙과의 사이에 성립한 조정 결과에 따른 가액배상금의 변제를 완료하였으므로 이를 사해행위 대상 부동산의 담보가치에서 공제하여야 한다고 주장하며 해당 금융거래내역을 증거로 제출하였으나, 사실은 미리 丙으로부터 송금받은 금...","[1] 소송사기는 법원을 기망하여 자기에게 유리한 판결을 얻음으로써 상대방의 재물 또는 재산상 이익을 취득하는 것을 내용으로 하는 범죄로서, 이를 처벌하는 것은 필연적으로 누구든지 자기에게 유리한 주장을 하고 소송을 통하여 권리구제를 받을 수 있다는 민사재판제도의 위축을 가져올 수밖에 없으므로, 피고인이 범행을 인정한 경우 외에는 소송상의 주장이 사실과 다름이 객관적으로 명백하거나 피고인이 소송상의 주장이 명백히 허위인 것을 인식하였거나 증거를 조작하려고 한 흔적이 있는 등의 경우 외에는 이를 쉽사리 유죄로 인정하여서는 안 된다. 그리고 소송사기가 성립하기 위하여는 주장하는 채권이 존재하지 않는다는 것만으로는 부족하고 그 주장의 채권이 존재하지 않는 사실을 잘 알면서도 허...","[1] 형법 제347조 [2] 형법 제347조 제1항 , 제352조","[1] 대법원 2018. 12. 28. 선고 2018도13305 판결 (공2019상, 430), 대법원 2020. 1. 16. 선고 2017도10896 판결","부동산, 건물, 매수, 담보, 경매, 사기, 기망, 허위, 손해배상, 기각, 파기, 반환",전문 원문: https://www.law.go.kr/LSW/precInfoP.do?precSeq=221951,criminal_fraud,형법 제347조 사기죄,criminal_fraud|형법 제347조 사기죄; civil_fraud_duress|민법 제110조 사기·강박에 의한 의사표시; civil_nonperformance_damages|민법 제390조 채무불이행 손해배상; civil_sale_effect|민법 제568조 매매의 효력
113,CASE_2022_00113,2021노4092,업무방해·주택법위반·주민등록법위반·사기·공인중개사법위반,부산지방법원,2022-08-08,형사,판결,2심,무죄,"】 부산지방법원 동부지원 2021. 11. 30. 선고 2021고단187, 994(병합) 판결 【주 문】 원심판결 중 피고인 5에 대한 부분을 파기한다. 피고인 5는 무죄. 피고인 6, 피고인 1, 피고인 2, 피고인 3, 피고인 4와 검사의 항소를 모두 기각한다. 피고인 5에 대한 무죄판결의 요지를 공시한다. 【이 유】 1. 항소이유의 요지 가. 피고인 5(상고심의 원심 공동피고인 1이 피고인 5로 비실명 처리됨) 피고인 5는 피고인 6(상고심의 원심 공동피고","명 처리됨)의 부탁에 따라 청약신청서 등에 자신의 전화번호를 기재하도록 허락한 사실이 있을 뿐 제1심 공동피고인 12, 제1심 공동피고인 4로 하여금 안양○○○ 아파트 2채를 분양받도록 한 피고인 6의 범행에 가담한 사실이 없다. 한편, 원심이 유죄 판단의 주요 근거로 삼은 제1심 공동피고인 12에 대한 경찰 피의자신문조서 사본은 피고인이 내용부인 취지로 부동의하였으므로 증거능력이 없다. 그럼에도 원심은 피고인 5에 대한 공소사실을 유죄로 인정하였으니, 원심판결에는 사실오인의 위법이 있다. 나. 피고인 6 1) 사실오인 등 가) 원심판결문 별지 범죄일람표 2의 연번 13, 17 부분은 피고인 6의 딸 공소외 7과 올케 공소외 8이 실제",원문 참조,없음,"부동산, 주택, 아파트, 매매, 매매계약, 분양, 분양계약, 분양권, 공인중개, 인감증명, 사기, 허위",전문 원문: https://www.law.go.kr/LSW/precInfoP.do?precSeq=612023,criminal_fraud,형법 제347조 사기죄,criminal_fraud|형법 제347조 사기죄; civil_sale_effect|민법 제568조 매매의 효력; realtor_prohibited_acts|공인중개사법 제33조 금지행위
114,CASE_2024_00114,2023가단116664,계약금반환청구의소,부산지방법원 동부지원,2024-05-28,민사,판결,1심,원고승소,"1. 피고는 원고에게 50,000,000원 및 이에 대하여 2019. 12. 11.부터 2024. 2. 27.까지는 연 5%, 그 다음날부터 다 갚는 날까지는 연 12%의 각 비율로 계산한 돈을 지급하라. 2","1. 인정사실 가. 피고는 부산 남구 (이하 생략) 일원에서 공동주택(이하 ‘이 사건 아파트’라 한다)을 신축·분양하는 사업(이하 ‘이 사건 사업’이라 한다)을 추진하기 위하여 주택법에 따라 2017. 10. 18. 조합설립인가를 받은 지역주택조합이다. 나. 원고는 2019. 12. 10. 피고에게 조합가입계약 계약금 명목으로 50,000,000원을 지급하고(이하 ‘이 사건 계약금’이라 한다), 2020. 1. 29. 피고와 사이에 조합원 분담금을 398,400,000원으로 정하여 위 아파트 세대를 분양받기로 하는 내용의 조합가입계약을 체결하였다(이하 ‘이 사건",원문 참조,없음,"주택, 아파트, 토지, 매수, 계약금, 분양, 지역주택조합, 조합가입, 조합원, 납입금, 분담금, 담보",전문 원문: https://www.law.go.kr/LSW/precInfoP.do?precSeq=612905,civil_sale_effect,민법 제568조 매매의 효력,civil_sale_effect|민법 제568조 매매의 효력
115,CASE_2016_00115,2015나53581,손해배상(기),서울중앙지방법원,2016-02-03,민사,판결,2심,항소기각,"원 2015. 9. 17. 선고 2014가단5201424 판결 【변론종결】 2016. 1. 13. 【주 문】 1. 원고 및 피고의 항소를 모두 기각한다. 2. 항소비용은 각자 부담한다. 【청구취지 및 항소취지】 1. 청구취지 피고는 원고에게 50,000,000원(주위적으로는, 매매대금 임의 소비에 의한 채무불이행 또는 불법행위에 의한 손해배상책임으로, 예비적으로는, 부동산중개인의 과실에 의한 불법행위 손해배상책임으로) 및 이에 대하여 이 사건 소장 부본 송달 다","의 이유 기재와 같으므로, 민사소송법 제420조 본문에 의하여 이를 그대로 인용한다. 2. 추가판단사항 가. 원고 주장에 대한 판단 1) 원고는 피고가 이 사건 조합원 가입증서의 매매를 중개함에 있어 원금은 보장된다는 취지(= ‘잘못되어도 원금은 찾을 수 있다’)로 설명하였다고 주장하나, 피고가 위와 같이 설명하였음을 인정할 아무런 증거가 없으므로, 위 주장은 이유 없다. 2) 원고는 을 제2호증(조합원 가입증서)이 위조된 것이라고 주장하나, 주식회사 에스디화림이 원고의 조합원 지위를 인정하여 서울 동작구 (주소 생략) 대 112㎡ 중 3.29/112 지분에 관하여 원고 앞으로 이 법원 2009. 8. 18. 접수 제30742호로 그 소",원문 참조,없음,"부동산, 중개대상물, 매매, 매매대금, 소유권이전, 조합원, 공인중개, 중개업자, 중개보조, 등기, 위조, 손해배상",전문 원문: https://www.law.go.kr/LSW/precInfoP.do?precSeq=217221,realtor_prohibited_acts,공인중개사법 제33조 금지행위,civil_nonperformance_damages|민법 제390조 채무불이행 손해배상; civil_sale_effect|민법 제568조 매매의 효력; realtor_prohibited_acts|공인중개사법 제33조 금지행위
116,CASE_2004_00116,2003가합12577,손해배상(기),인천지법,2004-06-24,민사,판결,1심,일부인용,[1] 부동산 중개에 있어 중개업자의 조사·확인 의무의 내용과 정도 [2] 부동산 중개업자의 불법행위 또는 중개대상물 확인·조사의무 위반으로 인한 중개사고를 공제금 지급대상에서 제외한 공제계약 약관의 효력 (무효),"[1] 부동산 중개업자와 중개의뢰인의 법률관계는 민법상 위임관계와 같으므로 중개업자는 민법 제681조 에 의하여 중개의뢰의 본지에 따라 선량한 관리자의 주의로써 의뢰받은 중개업무를 처리하여야 할 의무가 있을 뿐만 아니라, 부동산중개업법에 의하면, 부동산 중개업자는 신의·성실로써 공정하게 중개행위를 하여야 할 의무를 부담하는 한편, 중개의뢰를 받은 경우에는 당해 중개대상물의 권리관계, 법령의 규정에 의한 거래 또는 이용제한사항 등을 확인하여 이를 당해 중개대상물에 관한 권리를 취득하고자 하는 중개의뢰인에게 서면으로 제시하고 성실·정확하게 설명하여야 할 의무가 있고, 여기의 권리관계에는 중개대상물의 권리자에 관한 사항도 포함된다. [2] 부동산 중개업자가 부동산을 중개하는 과...","[1] 민법 제681조 , 부동산중개업법 제16조 , 제17조 제1항 [2] 부동산중개업법 제17조 , 약관의규제에관한법률 제6조 제1항 , 제2항","[1] 대법원 1992. 2. 11. 선고 91다36239 판결(공1992, 1000)","부동산, 토지, 중개대상물, 매매, 매수, 매도, 매매계약, 계약금, 중도금, 공인중개, 중개업자, 확인·설명",전문 원문: https://www.law.go.kr/LSW/precInfoP.do?precSeq=69796,realtor_prohibited_acts,공인중개사법 제33조 금지행위,civil_nonperformance_damages|민법 제390조 채무불이행 손해배상; civil_sale_effect|민법 제568조 매매의 효력; realtor_prohibited_acts|공인중개사법 제33조 금지행위
117,CASE_2022_00117,2022도5129,주택법위반·공인중개사법위반,대법원,2022-07-14,형사,판결,상고심,"원심판결 중 피고인들에 대한 부분을 파기하고, 이 부분 사건을 전주지방법원에 환송한다.",[1] 법관의 서명날인이 없는 재판서에 의한 판결은 형사소송법 제383조 제1호 가 정한 ‘판결에 영향을 미친 법률의 위반이 있는 때’에 해당하여 파기되어야 하는지 여부 (적극) [2] 공인중개사법 제10조의2 의 취지 및 공인중개사법 위반죄와 상상적 경합관계에 있는 다른 범죄에 대하여 처벌받는 가장 무거운 죄가 공인중개사법 위반죄인지를 묻지 않고 공인중개사법 위반죄와 상상적 경합관계에 있는 모든 죄를 통틀어 공인중개사법 위반죄로 취급하여 하나의 형을 선고하여야 하는지 여부 (적극),"인하여야 한다. 이러한 법관의 서명날인이 없는 재판서에 의한 판결은 형사소송법 제383조 제1호가 정한 ‘판결에 영향을 미친 법률의 위반이 있는 때’에 해당하여 파기되어야 한다 ( 대법원 1964. 4. 12. 선고 63도321 판결 , 대법원 2001. 12. 27. 선고 2001도5338 판결 등 참조). 기록을 살펴보면, 제1심법원은 제3회 공판기일에 판결서에 의하여 판결을 선고하였으나 그 판결서에 재판한 법관의 서명날인이 누락되어 있고, 원심은 이를 간과한 채 위 피고인들의 항소를 기각하였음을 알 수 있다. 따라서 원심판결 중 위 피고인들에 대한 부분에는 판결에 영향을 미친 법률의 위반이 있어 이를 그대로 유지할 수 없다. 2.","[1] 형사소송법 제38조 , 제41조 , 제383조 제1호 [2] 공인중개사법 제10조 제1항 제11호 , 제2항 , 제10조의2 , 제38조 제1항 제3호 , 제39조 제1항 제1호 , 형법 제40조","[1] 대법원 1964. 4. 12. 선고 63도321 판결 (집12-1, 형10), 대법원 2001. 12. 27. 선고 2001도5338 판결 / [2] 대법원 2021. 7. 21. 선고 2018도16587 판결 , 대법원 2022. 1. 13. 선고 2021도14471 판결","주택, 공인중개, 중개보조, 기각, 파기, 취소",전문 원문: https://www.law.go.kr/LSW/precInfoP.do?precSeq=232935,realtor_prohibited_acts,공인중개사법 제33조 금지행위,realtor_prohibited_acts|공인중개사법 제33조 금지행위
118,CASE_2025_00118,2025다213846,계약금반환청구의소[지역주택조합 조합원이 환불보장약정이 무효임을 이유로 조합가입계약의 무효 또는 취소를 주장하며 지역주택조합을 상대로 계약금 반환을 구하는 사건],대법원,2025-09-25,민사,판결,상고심,"원심판결 중 피고 패소 부분과 이에 해당하는 주위적 청구 부분을 파기하고, 이 부분 사건을 부산지방법원에 환송한다.","[1] 비법인사단인 지역주택조합이 조합가입계약과 함께 ‘사업의 일정 절차를 진행하지 못하거나 그로 인하여 사업이 중단 또는 실패할 경우에는 조합원이 납입한 분담금을 반환하겠다.’는 내용의 환불보장약정을 체결하면서 총회의 결의를 거치지 않은 경우, 그 약정의 효력 (무효) 및 이러한 사정이 함께 체결한 조합가입계약의 무효 또는 취소 원인이 되는지 여부 (적극) / 조합원이 환불보장약정의 무효나 그에 따른 조합가입계약의 무효 또는 취소를 주장하지 않는 동안 환불보장약정에서 환불의 소극적 조건으로 삼은 절차가 이행되어 환불보장약정의 목적이 달성되고 더 나아가 주택건설사업이...","[1] 지역주택조합 가입계약은, 계약 상대방이 조합원으로 가입하여 분담금 등을 납입하고 지역주택조합은 주택건설사업을 통하여 신축하는 아파트 중 해당 세대에 관한 소유권을 조합원에게 이전하겠다고 약정함을 내용으로 한다. 조합원이 조합가입계약을 체결하는 궁극적인 목적은 주택건설사업이 성공적으로 완료되어 신축 아파트의 소유권을 취득하는 것이다. 한편 조합원이 조합가입계약과 함께 환불보장약정을 체결하는 주된 목적은 조합가입계약의 목적 달성 실패로 인한 손해를 최소화하려는 것이지 분담금 반환을 절대적으로 보장받으려는 데 있다고 보기 어렵다. 민법 제276조 제1항 은 ‘총유물의 관리 및 처분은 사원총회의 결의에 의한다.’라고 규정한다. 비법인사단인 지역주택조합이 조합가입계약과 함께...","[1] 민법 제2조 , 제105조 , 제137조 , 제275조 , 제276조 제1항 [2] 민사소송법 제253조 , 제436조","[1] 대법원 2025. 8. 14. 선고 2024다292679 판결 (공2025하, 1675) / [2] 대법원 2014. 12. 24. 선고 2012다35675 판결, 대법원 2022. 3. 31. 선고 2017다247145 판결 (공2022상, 771), 대법원 2024. 6. 27. 선고 2020다259100 판결","주택, 아파트, 계약금, 분양, 지역주택조합, 조합가입, 조합원, 분담금, 기망, 손해배상, 불법행위, 기각",전문 원문: https://www.law.go.kr/LSW/precInfoP.do?precSeq=609571,civil_fraud_duress,민법 제110조 사기·강박에 의한 의사표시,civil_fraud_duress|민법 제110조 사기·강박에 의한 의사표시; civil_nonperformance_damages|민법 제390조 채무불이행 손해배상; civil_sale_effect|민법 제568조 매매의 효력
119,CASE_2025_00119,2024다296329,소유권말소등기,대법원,2025-09-04,민사,판결,상고심,파기환송,[1] 민법상 신의성실의 원칙의 의미 및 합법성의 원칙보다 구체적 신뢰보호를 우선할 필요가 있는 경우인지 판단하는 기준 [2] 택지개발촉진법령상 전매행위를 금지하는 강행규정의 적용에 위반한 전매행위의 무효 주장을 신의성실의 원칙을 근거로 제한함에 있어 그 판단 기준,". 29. 선고 2012다44518 판결 등 참조). 나. 택지개발촉진법 제19조의2 제1항은 ‘택지개발촉진법에 따라 조성된 택지에 대한 공급계약을 체결한 자는 소유권이전등기를 하기 전까지는 해당 택지를 공급받은 용도대로 사용하지 아니한 채 그대로 전매할 수 없고, 다만 대통령령이 정하는 경우에는 이러한 제한을 적용하지 아니할 수 있다.’고 규정하고, 이러한 위임을 받아 구 택지개발촉진법 시행령(2020. 7. 7. 대통령령 제30826호로 개정되기 전의 것, 이하 ‘구 시행령’이라 한다)은 제13조의3 제9의2호 (가)목에서 ‘주택건설용지(근린생활시설을 건축하는 용지는 제외한다)를 공급받은 자가 해당 용지에 대한 잔금 납부일(잔금 납부","[1] 민법 제2조 제1항 [2] 택지개발촉진법 제1조 , 제19조의2 , 부칙(2021. 1. 5.) 제2조 제1항 , 구 택지개발촉진법 시행령(2020. 7. 7. 대통령령 제30826호로 개정되기 전의 것) 제13조의3","[1] 대법원 2000. 8. 22. 선고 99다62609, 62616 판결(공2000하, 1998), 대법원 2014. 5. 29. 선고 2012다44518 판결","부동산, 주택, 토지, 건물, 매매, 매수, 매도, 매매계약, 매매대금, 중도금, 잔금, 소유권이전",전문 원문: https://www.law.go.kr/LSW/precInfoP.do?precSeq=615641,civil_sale_effect,민법 제568조 매매의 효력,civil_sale_effect|민법 제568조 매매의 효력
120,CASE_2022_00120,2020나2347,배당이의등,서울고등법원(춘천),2022-01-14,민사,판결,2심,1. 제1심 판결을 다음과 같이 변경한다. 가. 이 사건 소 중 예비적 청구 부분을 모두 각하한다. 나. 별지 목록 기재 각...,"8. 【주 문】 1. 제1심 판결을 다음과 같이 변경한다. 가. 이 사건 소 중 예비적 청구 부분을 모두 각하한다. 나. 별지 목록 기재 각 부동산에 관하여, 피고 1과 소외인 사이에 2016. 5. 12. 체결된 매매예약 및 피고 2와 소외인 사이에 2016. 5. 23. 체결된 근저당권설정계약을 각 취소한다. 다. 춘천지방법원 원주지원 2017타경58호 부동산 임의경매신청사건에 관하여 위 법원이 2017. 10. 26. 작성한 배당표 중 피고 1에 대한 배","사실"" 부분 기재와 같으므로, 민사소송법 제420조 본문에 따라 이를 그대로 인용한다. 2. 원고의 주장 요지 가. 주위적 주장의 요지 1) 피고 1의 이 사건 가등기는 담보가등기가 아닌 소유권이전청구권 보전을 위한 가등기이거나, 이 사건 경매부동산에 관한 개발사업을 차질 없이 진행하고 제3자의 압류 등을 대비하여 설정된 것에 불과하므로, 그 피담보채권이 존재하지 않는 담보가등기로서 무효이다. 2) 피고 2의 이 사건 근저당권은 아래와 같은 이유로 그 피담보채권이 존재하지 않으므로 무효이다. 가) 소외 2가 구속되자 소외인을 강압 또는 협박하여 작성토록 한 2016. 4. 18.자 차용증과 2016. 5. 23.자 이행각서에 기초한 것으",원문 참조,없음,"부동산, 토지, 매매, 매수, 매매대금, 소유권이전, 분양, 등기, 가등기, 근저당, 저당권, 담보",전문 원문: https://www.law.go.kr/LSW/precInfoP.do?precSeq=222857,civil_sale_effect,민법 제568조 매매의 효력,civil_sale_effect|민법 제568조 매매의 효력; civil_lease_definition|민법 제618조 임대차의 의의
121,CASE_2018_00121,2015다242429,임차권확인등,대법원,2018-02-13,민사,판결,상고심,상고기각,"[1] 주관적·예비적 공동소송에서 일부 공동소송인에 대해서만 판결을 하거나 남겨진 당사자를 위하여 추가판결을 하는 것이 허용되는지 여부 (소극) 및 주위적 공동소송인과 예비적 공동소송인 중 어느 한 사람이 상소를 제기한 경우, 다른 공동소송인에 관한 청구 부분도 상소심의 심판대상이 되는지 여부 (적극) [2] 주관적·예비적 공동소송에서 공동소송인 중 일부가 소를 취하하거나 일부 공동소송인에 대한 소를 취하할 수 있는지 여부 (적극) 및 이 경우 소를 취하하지 않은 나머지 공동소송인에 관한 청구 부분이 여전히 법원의 심판대상이 되는지 여부 (적극) [3] 과실에 의한...","[1] 주관적·예비적 공동소송은 동일한 법률관계에 관하여 모든 공동소송인이 서로 간의 다툼을 하나의 소송절차로 한꺼번에 모순 없이 해결하는 소송형태로서 모든 공동소송인에 대한 청구에 관하여 판결을 하여야 하고( 민사소송법 제70조 제2항 ), 그중 일부 공동소송인에 대해서만 판결을 하거나 남겨진 당사자를 위하여 추가판결을 하는 것은 허용되지 않는다. 그리고 주관적·예비적 공동소송에서 주위적 공동소송인과 예비적 공동소송인 중 어느 한 사람이 상소를 제기하면 다른 공동소송인에 관한 청구 부분도 확정이 차단되고 상소심에 이심되어 심판대상이 된다. [2] 민사소송법은 주관적·예비적 공동소송에 대하여 필수적 공동소송에 관한 규정인 제67조 내지 제69조 를 준용하도록 하면서도 소의...","[1] 민사소송법 제67조 제1항 , 제2항 , 제70조 [2] 민사소송법 제70조 제1항 , 제266조 [3] 민법 제396조 , 제760조 , 제763조 , 공인중개사법 제30조 제1항 [4] 민법 제396조 , 제763조 , 민사소송법 제202조 , 제432조","[1] 대법원 2014. 3. 27. 선고 2009다104960, 104977 판결(공2014상, 911) / [3] 대법원 2007. 6. 14. 선고 2005다32999 판결 (공2007하, 1045), 대법원 2008. 6. 12. 선고 2008다22276 판결 / [4] 대법원 2000. 6. 9. 선고 98다54397 판결 (공2000하, 1603)","임차권, 공인중개, 중개업자, 중개보조, 공인중개사협회, 손해배상, 불법행위, 기각, 과실상계",전문 원문: https://www.law.go.kr/LSW/precInfoP.do?precSeq=193379,realtor_prohibited_acts,공인중개사법 제33조 금지행위,civil_nonperformance_damages|민법 제390조 채무불이행 손해배상; realtor_prohibited_acts|공인중개사법 제33조 금지행위
122,CASE_2024_00122,2023나18356,손해배상(기),대구고법,2024-10-30,민사,판결,2심,항소기각,"약사인 甲이 약국 운영을 목적으로 상가건물 일부를 분양받으면서 ‘위 상가건물에 최소 내과 전문의 2명이 진료하는 연합내과가 입점한다.’는 설명을 듣고, 위 상가건물을 분양·임대하는 사업자 乙 주식회사와 분양계약을 체결하였으나, 실제로는 산부인과·내과 전문의 2인이 약 한 달간 병원을 운영하다가 폐업했고, 이에 약국 영업이 불가능해진 甲이 乙 회사 등을 상대로 기망 또는 착오를 이유로 분양계약 취소 및 분양대금 반환 등을 구한 사안에서, 甲이 분양계약 체결 과정에서 위 상가건물에 개원하는 의원의 규모나 전문의 구성, 운영기간 등을 오인함으로써 동기의 착오를 일으켰다고...","약사인 甲이 약국 운영을 목적으로 상가건물 일부를 분양받으면서 ‘위 상가건물에 최소 내과 전문의 2명이 진료하는 연합내과가 입점한다.’는 설명을 듣고, 위 상가건물을 분양·임대하는 사업자 乙 주식회사와 분양계약을 체결하였으나, 실제로는 산부인과·내과 전문의 2인이 약 한 달간 병원을 운영하다가 폐업했고, 이에 약국 영업이 불가능해진 甲이 乙 회사 등을 상대로 기망 또는 착오를 이유로 분양계약 취소 및 분양대금 반환 등을 구한 사안이다. 甲이 제출한 증거만으로 乙 회사 등이 기망행위를 하였다고 인정하기에 부족하지만, 의약분업 실시 이후 통상적인 약국은 매출과 수익에 있어 일반의약품을 판매하는 것보다 병원이 발행하는 처방전에 따라 처방약을 조제하는 비중이 훨씬 크므로, 특정...","민법 제109조 제1항 , 제110조",없음,"부동산, 상가, 건물, 임대차, 보증금, 임대인, 임차인, 임대차계약, 계약금, 소유권이전, 분양, 분양대금",전문 원문: https://www.law.go.kr/LSW/precInfoP.do?precSeq=605893,civil_fraud_duress,민법 제110조 사기·강박에 의한 의사표시,civil_fraud_duress|민법 제110조 사기·강박에 의한 의사표시; civil_nonperformance_damages|민법 제390조 채무불이행 손해배상; civil_sale_effect|민법 제568조 매매의 효력; civil_lease_definition|민법 제618조 임대차의 의의
123,CASE_2023_00123,2022도16137,특정경제범죄가중처벌등에관한법률위반(횡령),대법원,2023-11-02,형사,판결,상고심,파기환송,"甲 종중은 그 소유인 乙 토지를 丙 등 5인에게 명의신탁하였고, 丙 사망 후 丙에게 명의신탁되어 있던 乙 토지 5분의 1 지분 중 3분의 1 지분(乙 토지 중 15분의 1 지분)이 丙의 외손녀인 피고인에게 상속을 원인으로 소유권이전등기가 되었는데, 피고인이 자신의 명의로 등기된 乙 토지 지분을 丁, 戊, 己에게 각 매도하는 내용의 매매계약을 체결한 후 소유권이전등기를 마쳐줌으로써 甲 종중 소유인 乙 토지 중 15분의 1 지분을 횡령하였다는 내용으로 기소된 사안에서, 甲 종중과 피고인 사이에 제기된 민사소송 및 그 결과는 피고인이 위 각 매매계약을 체결한 이후에 발생한...","지 목록 기재 24필지의 토지(이하 ‘이 사건 토지’라 한다)를 공소외 1·공소외 2·공소외 3·공소외 4·공소외 5(이하 ‘공소외 2 등 5인’이라 한다)에게 명의신탁하였다. 공소외 2 사망 후, 공소외 2에게 명의신탁되어 있던 이 사건 토지 중 5분의 1 지분은 공소외 2의 자녀들에게 소유권이전등기가 되지 않고 있다가, 2007. 9. 28.경 그중 3분의 1 지분(이 사건 토지 중 15분의 1 지분)에 관하여 공소외 2의 둘째 딸 공소외 6의 2녀인 피고인에게 상속을 원인으로 한 소유권이전등기가 마쳐졌으므로, 피고인은 종중을 위하여 이를 보관하게 되었다. 피고인은 2016. 8. 16.경 천안시 (주소 2 생략)공소외 7 법무사 사","형법 제355조 제1항 , 구 특정경제범죄 가중처벌 등에 관한 법률(2017. 12. 19. 법률 제15256호로 개정되기 전의 것) 제3조 제1항 제2호",없음,"부동산, 토지, 임야, 매매, 매수, 매도, 매매계약, 매매대금, 소유권이전, 등기, 명의신탁, 인감증명",전문 원문: https://www.law.go.kr/LSW/precInfoP.do?precSeq=241695,aggravated_economic_crime,특정경제범죄 가중처벌 등에 관한 법률 제3조,aggravated_economic_crime|특정경제범죄 가중처벌 등에 관한 법률 제3조; embezzlement_breach_of_trust|형법 제355조·제356조 횡령·배임; civil_sale_effect|민법 제568조 매매의 효력
124,CASE_2020_00124,2019가합52860,부당이득금,창원지방법원,2020-10-15,민사,판결,1심,일부인용,"1. 원고들의 주위적 청구를 기각한다. 2. 원고들의 예비적 청구 중 조합원 지위 부존재 확인청구 부분을 각하한다. 3. 피고 ○○○○○지역주택조합은 원고 1, 원고 2, 원고 3, 원고 4, 원고 5, 원고","1. 기초사실 가. 피고들의 지위 1) 피고 ○○○○○지역주택조합(이하 ‘피고 조합’이라고 한다)은 김해시 ○○동 690 일원 지상에 아파트를 신축하는 주택건설사업(이하 ‘이 사건 주택건설사업’이라고 한다)을 시행하기 위하여 설립된 지역주택조합으로서 2015. 4. 29. 김해시장으로부터 조합설립인가를 받았고 2015. 12. 21. 사업계획승인을 받았으며 2016. 3. 29., 2016. 10. 18., 2017. 7. 24. 각 사업계획변경 승인을 받았다. 2) 피고 유한회사 온누리산업개발(이하 ‘피고 온누리산업개발’이라고 한",원문 참조,없음,"부동산, 주택, 아파트, 토지, 매매, 매매계약, 계약금, 중도금, 잔금, 지역주택조합, 조합원, 납입금",전문 원문: https://www.law.go.kr/LSW/precInfoP.do?precSeq=226577,civil_sale_effect,민법 제568조 매매의 효력,civil_sale_effect|민법 제568조 매매의 효력
125,CASE_2023_00125,2022다297632,소유권이전등기,대법원,2023-06-15,민사,판결,상고심,상고기각,[1] 동일한 사실관계에 관하여 이미 확정된 형사판결이 유죄로 인정한 사실이 민사재판에서 갖는 증명력 [2] 부동산 매매로 인한 소유권이전등기청구권 양도의 대항요건(=채무자의 동의나 승낙),"소피고는 1991. 4. 3. 소외 2에게 강원 홍천군 △△읍□□리(이하 ‘□□리’라 한다) (지번 생략) 토지(이하 ‘분할 전 토지’라 한다) 중 29.7㎡를 매매대금 1,000만 원에 매도하였다(이하 ‘제1매매계약’이라 한다). 2) 반소피고는 1991. 11.경 □□리 소재 ‘○○연립주택’이라는 공동주택의 입주자대표회의인 반소원고에게 분할 전 토지 중 12평을 매매대금 1,400만 원에 매도하였다(이하 ‘제2매매계약’이라 한다). 3) 이후 분할 전 토지는 분할, 지목 변경을 거쳐 □□리(지번 생략) 대 433㎡(이하 ‘이 사건 토지’라 한다)로 되었다. 4) 반소원고는 2020. 5. 17. 제1심법원에 을 제1호증으로 제1매매계","[1] 민사소송법 제202조 [2] 민법 제186조 , 제449조 , 제450조 제1항","[1] 대법원 2021. 10. 14. 선고 2021다243430 판결 (공2021하, 2180) / [2] 대법원 2018. 7. 12. 선고 2015다36167 판결 (공2018하, 1570)","부동산, 주택, 토지, 건물, 빌라, 대지권, 매매, 매수, 매도, 매매계약, 매매대금, 소유권이전",전문 원문: https://www.law.go.kr/LSW/precInfoP.do?precSeq=239709,civil_sale_effect,민법 제568조 매매의 효력,civil_sale_effect|민법 제568조 매매의 효력
126,CASE_2018_00126,2015다207044,약정금,대법원,2018-07-20,민사,판결,상고심,파기환송,"[1] 처분문서에 나타난 당사자 의사의 해석 방법 [2] 甲 주식회사 등 23개 회사가 컨소시엄을 구성하여 한국자산관리공사 등으로부터 그들이 소유한 乙 주식회사의 발행주식을 매수하는 주식매매계약을 체결하면서 ‘매도인대표의 이사들 및 乙 회사의 이사들’의 인지 또는 인지가능성을 매도인들의 진술 및 보증 조항 위반에 따른 손해배상책임의 성립요건으로 정하였는데, 이것이 ‘매도인대표의 이사들 또는 乙 회사의 이사들 중 어느 한쪽이라도 진술 및 보증 조항 위반을 인지하였거나 그럴 가능성이 있었으면 손해배상책임이 성립한다는 의미인지, 매도인대표의 이사들과 乙 회사의 이사들 모두...","[1] 당사자 사이에 계약의 해석을 둘러싸고 다툼이 있어 처분문서에 나타난 당사자의 의사해석이 문제 되는 경우에는 문언의 내용, 약정이 이루어진 동기와 경위, 약정으로 달성하려는 목적, 당사자의 진정한 의사 등을 종합적으로 고찰하여 논리와 경험칙에 따라 합리적으로 해석하여야 한다. [2] 甲 주식회사 등 23개 회사가 컨소시엄을 구성하여 한국자산관리공사 등으로부터 그들이 소유한 乙 주식회사의 발행주식을 매수하는 주식매매계약을 체결하면서 ‘매도인대표의 이사들 및 乙 회사의 이사들’의 인지 또는 인지가능성을 매도인들의 진술 및 보증 조항 위반에 따른 손해배상책임의 성립요건으로 정하였는데, 이것이 ‘매도인대표의 이사들 또는 乙 회사의 이사들 중 어느 한쪽이라도 진술 및 보증 조...","[1] 민법 제105조 [2] 민법 제105조 [3] 민법 제105조 , 제390조 [4] 민법 제105조 , 제390조 , 제393조 [5] 민법 제147조 제1항 , 제152조 제1항 , 제387조 제2항","[1] 대법원 2002. 6. 28. 선고 2002다23482 판결 (공2002하, 1816), 대법원 2016. 10. 27. 선고 2014다88543, 88550 판결(공2016하, 1757)","부동산, 상가, 매매, 매수, 매도, 매매계약, 매매대금, 손해배상, 불법행위, 파기",전문 원문: https://www.law.go.kr/LSW/precInfoP.do?precSeq=199839,civil_sale_effect,민법 제568조 매매의 효력,civil_nonperformance_damages|민법 제390조 채무불이행 손해배상; civil_sale_effect|민법 제568조 매매의 효력
127,CASE_2025_00127,2023다240299,배당이의의소[채무자가 소멸시효가 완성된 상태에서 채무를 일부 변제한 경우 시효이익을 포기한 것인지 문제된 사건],대법원,2025-07-24,민사,판결,상고심,"원심판결 중 원고 패소 부분을 파기하고, 이 부분 사건을 인천지방법원에 환송한다.",채무자가 시효완성 후 채무를 승인한 경우 시효완성 사실을 알고 그 이익을 포기한 것으로 추정되는지 여부 (소극),"[다수의견] ‘채무자가 시효완성 후 채무를 승인한 경우에는 시효완성의 사실을 알고 그 이익을 포기한 것으로 추정된다.’는 법리(이하 ‘추정 법리’라 한다)는 다음과 같은 이유로 타당하지 않다. ① 추정 법리는 시효완성 후 채무자의 채무승인으로부터 시효완성에 관한 채무자의 인식 및 그 시효이익 포기에 관한 채무자의 의사표시를 추정하는 법리이다. 이러한 인식의 추정 및 의사표시의 추정은 경험칙에 근거하여 인정되는 사실상 추정에 해당한다. 하지만 이러한 추정은 경험칙으로 뒷받침되지 않거나 오히려 경험칙에 어긋난다. 시효완성에 대한 인식의 추정은 경험칙에 근거한다고 보기 어렵다. 시효완성 여부는 소멸시효 기간, 소멸시효 기산점, 소멸시효의 중단 또는 정지 사유 등 다양한 요소에...",민법 제184조,"대법원 1967. 2. 7. 선고 66다2173 판결 (집15-1, 민89)(변경), 대법원 1992. 5. 22. 선고 92다4796 판결 (공1992, 1980)(변경), 대법원 1999. 1. 26. 선고 98다46808 판결(변경), 대법원 2007. 11. 29. 선고 2005다64552 판결 (공2007하, 2001), 대법원 2013. 2. 28. 선고 2011다21556 판결 (공2013상, 547), 대법원 2013. 5. 23. 선고 2013다12464 판결 (공2013하, 11...","부동산, 등기, 근저당, 저당권, 담보, 경매, 배당, 배당이의, 파기",전문 원문: https://www.law.go.kr/LSW/precInfoP.do?precSeq=607827,civil_lease_definition,민법 제618조 임대차의 의의,civil_lease_definition|민법 제618조 임대차의 의의
128,CASE_2025_00128,2023나103472,배당이의,수원지방법원,2025-04-16,민사,판결,2심,항소기각,"결】 수원지방법원 2023. 11. 22. 선고 2023가단514422 판결 【변론종결】 2025. 3. 19. 【주 문】 1. 피고의 항소를 기각한다. 2. 항소비용은 피고가 부담한다. 【청구취지 및 항소취지】 1. 청구취지 수원지방법원 2019타경11318 부동산임의경매 사건에 관하여 위 법원이 2023. 2. 22. 작성한 배당표 중 피고에 대한 1순위 배당액 495,000,000원을 320,000,000원으로, 원고에 대한 배당액 0원을 175,000,0","측과 ◇◇◇대부 측이 작성한 대부금액 10억원에 관한 대부거래계약서에는 양측의 법인인감이 날인된 것으로 보이는 점, ② 위 대부거래계약서에 계약일자, 만료일, 담보내용이 공란으로 되어 있다는 사정만으로 허위의 대부거래계약서가 작성되었다고 단정하기 어려운 점, ③ 원고가 위 대부거래계약서 작성 후 ◇◇◇대부 계좌로 4회에 걸쳐 합계 7억원을 송금한 점, ④ 피고는, 원고의 계좌에서 ◇◇◇대부 계좌로 송금된 7억원이 몇 분 이내에 □□□대부 계좌를 거쳐 원래의 원고 계좌로 반환되었다고 주장하나, 원고는 □□□대부의 채권자로서 □□□대부로부터 변제받은 대여금 중 7억원을 ◇◇◇대부에 송금한 사실이 확인되는 점, ⑤ 위 7억원이 다시 □□□대",원문 참조,없음,"부동산, 담보, 경매, 배당, 배당이의, 허위, 기각, 반환, 취소",전문 원문: https://www.law.go.kr/LSW/precInfoP.do?precSeq=612913,civil_lease_definition,민법 제618조 임대차의 의의,civil_lease_definition|민법 제618조 임대차의 의의
129,CASE_2021_00129,2020노644,특정경제범죄가중처벌등에관한법률위반(배임)(변경된 죄명: 택일적으로 업무상횡령 또는 업무상배임)ㆍ특정경제범죄가중처벌등에관한법률위반(횡령)(변경된 죄명: 택일적으로 업무상횡령 또는 업무상배임)ㆍ업무상횡령,수원고법,2021-08-18,형사,판결,2심,무죄,"채무자인 피고인이 채권자 甲의 기존 채권을 투자금으로 전환하여 공동으로 분양받은 乙 상가에 관하여 甲과 ‘피고인은 乙 상가를 매각하여 매각대금 중 일정 금액 이상을 甲에게 지급하고, 매각 후 차익이 발생할 시에는 투자금액에 비례하여 분배한다.’는 내용의 합의서를 작성하였음에도, 자신의 단독명의로 乙 상가에 대한 소유권이전등기를 마치고 乙 상가를 임의로 담보로 제공하여 대출을 받은 후 이를 제3자에게 매도함으로써 피고인과 甲을 조합원으로 한 丙 조합에 손해를 가하고 조합재산을 횡령하였다고 하여 업무상배임 또는 업무상횡령의 택일적 공소사실로 기소된 사안에서, 제반 사정을...","채무자인 피고인이 채권자 甲의 기존 채권을 투자금으로 전환하여 공동으로 분양받은 乙 상가에 관하여 甲과 ‘피고인은 乙 상가를 매각하여 매각대금 중 일정 금액 이상을 甲에게 지급하고, 매각 후 차익이 발생할 시에는 투자금액에 비례하여 분배한다.’는 내용의 합의서를 작성하였음에도, 자신의 단독명의로 乙 상가에 대한 소유권이전등기를 마치고 乙 상가를 임의로 담보로 제공하여 대출을 받은 후 이를 제3자에게 매도함으로써 피고인과 甲을 조합원으로 한 丙 조합에 손해를 가하고 조합재산을 횡령하였다고 하여 업무상배임 또는 업무상횡령의 택일적 공소사실로 기소된 사안이다. 동업계약은 2인 이상이 상호 출자하여 공동으로 사업을 경영할 것을 약정하는 민법상 조합계약에 해당하는 것으로서( 민법...","형법 제355조 , 제356조 , 민법 제703조 , 형사소송법 제325조",없음,"부동산, 상가, 매도, 소유권이전, 분양, 분양대금, 분양계약, 조합원, 상가분양, 등기, 근저당, 저당권",전문 원문: https://www.law.go.kr/LSW/precInfoP.do?precSeq=227753,aggravated_economic_crime,특정경제범죄 가중처벌 등에 관한 법률 제3조,aggravated_economic_crime|특정경제범죄 가중처벌 등에 관한 법률 제3조; embezzlement_breach_of_trust|형법 제355조·제356조 횡령·배임; civil_sale_effect|민법 제568조 매매의 효력
130,CASE_2010_00130,2010도7298,부동산등기특별조치법위반·사기,대법원,2010-09-09,형사,판결,상고심,파기환송,"[1] 상품의 허위, 과장광고가 사기죄의 기망행위에 해당하는 경우 [2] 기획부동산업자인 피고인들이 도시계획시설 사업으로 수용되는 철거주택의 입주권을 받게 해 줄 의사나 능력이 없는데도 ‘구청 공무원들에게 이미 작업을 해놓아 입주권이 나올 것이 확실하다’는 취지로 피해자들을 기망하여 입주권 매매대금을 편취하였다는 내용으로 기소된 사안에서, 피고인들이 위에 언급한 내용은 객관적 사실에 부합하거나 사기죄의 기망행위에 해당한다고 보기는 어려운데도, 이와 달리 본 원심판단에 법리오해 및 사실오인의 위법이 있다고 한 사례.","상고이유를 판단한다. 1. 공소사실 중 사기죄 부분의 요지와 원심의 판단 이 사건 공소사실 중 사기죄 부분의 요지는 “피고인들은 기획부동산업체를 공소외 1과 함께 운영하던 자들로서 공소외 1과 공모하여, 사실은 당시 서울 서대문구 홍제동 (이하 생략) 지상 다가구주택(이하 ‘이 사건 홍제동 다가구주택’이라 한다)에 대하여 서대문구청에서 도시계획시설 사업을 추진 중인 사실이 없었기 때문에 피고인들은 도시계획 사업으로 인한 건물 철거계획이나 철거로 인해 주택 소유자에게 주어지는 서울시 택지개발지구의 입주권을 피해자로 하여","[1] 형법 제347조 제1항 [2] 형법 제30조 , 제347조 제1항","[1] 대법원 2002. 2. 5. 선고 2001도5789 판결 (공2002상, 714), 대법원 2004. 1. 15. 선고 2001도1429 판결 (공2004상, 368), 대법원 2004. 1. 15. 선고 2003도5728 판결, 대법원 2007. 1. 25. 선고 2004도45 판결 (공2007상, 378), 대법원 2008. 10. 23. 선고 2008도6549 판결","부동산, 주택, 아파트, 건물, 다가구, 다세대, 매매, 매수, 매도, 매매계약, 매매대금, 소유권이전",전문 원문: https://www.law.go.kr/LSW/precInfoP.do?precSeq=147338,criminal_fraud,형법 제347조 사기죄,criminal_fraud|형법 제347조 사기죄; civil_fraud_duress|민법 제110조 사기·강박에 의한 의사표시; civil_sale_effect|민법 제568조 매매의 효력
132,CASE_2023_00132,2022다293395,부당이득금반환청구의소[토지사용권원 확보 비율에 관한 기망을 이유로 조합가입계약 취소를 주장한 사건],대법원,2023-07-27,민사,판결,상고심,파기환송,"[1] 상품에 대한 허위 또는 과장의 선전·광고가 기망행위에 해당하는 경우 [2] 지역주택조합의 설립인가를 위한 조합원 모집에서 거래의 중요한 사항에 관한 구체적 사실을 비난받을 정도의 방법으로 허위로 고지하였는지 판단하는 방법 [3] 지역주택조합 조합원 모집 광고가 계약상대방을 속이거나 계약상대방으로 하여금 잘못 알게 할 우려가 있는지 판단하는 기준 [4] 甲이 지역주택조합 아파트 건립 사업을 추진하는 乙 지역주택조합 설립추진위원회와 조합가입계약을 체결하고 업무대행비와 분담금 등을 지급하였다가, 乙 추진위원회를 상대로 乙 추진위원회가 사업부지의 토지확보비율에 관하여...","[1] 상품의 선전·광고에 있어 다소의 과장이나 허위가 수반되는 것은 그것이 일반 상거래의 관행과 신의칙에 비추어 시인될 수 있는 한 기망성이 결여되나, 거래에 있어서 중요한 사항에 관하여 구체적 사실을 신의성실의 의무에 비추어 비난받을 정도의 방법으로 허위로 고지한 경우에는 기망행위에 해당한다. [2] 지역주택조합의 설립인가를 위한 조합원 모집에 있어 그 모집 관련 거래의 관행과 신의칙에 비추어 거래의 중요한 사항에 관한 구체적 사실을 비난받을 정도의 방법으로 허위로 고지한 경우에 해당하는지 여부는 관련 법령과 규약의 내용, 모집공고의 내용과 당시 모집 현황 및 이를 전후한 진행 경과 등 여러 사정을 종합하여 구체적 상황에 맞추어 합목적적으로 판단하여야 한다. [3] 일...","[1] 민법 제110조 [2] 민법 제110조 , 구 주택법(2020. 1. 23. 법률 제16870호로 개정되기 전의 것) 제2조 제11호 (가)목 , 제11조 , 주택법 시행령 제20조 제7항 [3] 민법 제109조 , 제110조 , 구 주택법(2020. 1. 23. 법률 제16870호로 개정되기 전의 것) 제2조 제11호 (가)목 , 제11조 , 주택법 시행령 제20조 제7항 [4] 민법 제109조 , 제110조 , 구 주택법(2020. 1. 23. 법률 제16870호로 개정되기 전의 것)...","[1] 대법원 2009. 4. 23. 선고 2009다1313 판결 (공2009상, 755), 대법원 2020. 6. 25. 선고 2020다215469 판결 / [2] 대법원 2021. 10. 28. 선고 2021다257743 판결","주택, 아파트, 토지, 분양, 지역주택조합, 조합가입, 조합원, 분담금, 업무대행비, 사기, 기망, 허위",전문 원문: https://www.law.go.kr/LSW/precInfoP.do?precSeq=236339,civil_fraud_duress,민법 제110조 사기·강박에 의한 의사표시,civil_fraud_duress|민법 제110조 사기·강박에 의한 의사표시; civil_sale_effect|민법 제568조 매매의 효력
133,CASE_2023_00133,2022나2015012,소유권말소등기,서울고등법원,2023-06-29,민사,판결,2심,항소기각,4. 【주 문】 1. 제1심판결의 예비적 청구 중 유류분반환청구 부분을 다음과 같이 변경한다. 가. 피고들은 원고들에게 별지 1 목록 기재 각 부동산 중 별지 3 목록 기재 각 지분에 관하여 2019. 9. 16. 유류분반환을 원인으로 한 소유권이전등기절차를 각 이행하라. 나. 원고들의 나머지 유류분반환청구를 기각한다. 2. 주위적 청구에 관한 원고들의 항소와 예비적 청구 중 위자료청구 부분에 관한 원고들 및 피고 2의 항소를 모두 기각한다. 3. 소송총비용 중,"1. 이 법원의 심판범위 가. 원고들의 주위적 청구를 모두 기각하고 예비적 청구를 일부 인용한 제1심판결에 대하여, 원고들은 2022. 4. 6. 항소장을 제출하면서 항소취지 제1항에 “제1심판결 중 원고들 패소 부분을 취소한다.”라고 기재하고, 제2, 3항에 예비적 청구취지 부분만 기재하였으나, 이후 2022. 7. 28. 항소취지 변경신청서를 제출하면서 항소취지를 “제1심판결을 주위적 청구취지 및 예비적 청구취지 기재와 같이 변경한다.”는 내용으로 정정하였다. 나. 이에 대해 피고들은 ‘원고들이 항소 제기 당시 주위적 청구에 관해서는",원문 참조,없음,"부동산, 소유권이전, 등기, 강박, 상해, 사기, 위조, 기각, 파기, 반환, 취소, 무효",전문 원문: https://www.law.go.kr/LSW/precInfoP.do?precSeq=239083,civil_fraud_duress,민법 제110조 사기·강박에 의한 의사표시,civil_fraud_duress|민법 제110조 사기·강박에 의한 의사표시
134,CASE_2023_00134,2022나11386,청구이의,서울고등법원(인천),2023-11-02,민사,판결,2심,청구기각,"문】 1. 당심에서 변경된 청구를 포함하여 제1심판결을 다음과 같이 변경한다. 가. 피고는 원고에게 인천지방법원 부천지원 2020타경32478 부동산임의경매 사건의 배당절차에서 작성된 배당표에 따라 2021년 (공탁번호 생략)으로 공탁된 264,970,984원 중 240,789,711원에 대한 공탁금출급청구채권을 양도하고, 소외 대한민국(소관:인천지방법원 부천지원 세입세출외 현금출납공무원)에게 위 채권을 양도하였다는 취지의 통지를 하라. 나. 원고의 나머지 청구","○ 제1심판결 제4면 제1~2행을 다음과 같이 고쳐 쓴다. 『5) 소외인은 2018. 4. 9. 소외 회사와 사이에 소외 회사에 이 사건 부동산을 17억 원에 매도한다는 내용의 매매계약(이하 ‘이 사건 매매계약’이라 한다)을 체결하였고, 2018. 5. 10. 이 사건 부동산에 관하여 이 사건 매매계약을 원인으로 한 소유권이전등기를 마쳐주었다(이하 ‘이 사건 소유권이전등기’라 한다)』 ○ 제1심판결 제4면 제8행 ""부천시흥원예농업협동조합""을 ""부천시흥원예농업협동조합(이하 ‘부천농협’이라 한다)""로 고쳐 쓴다. ○ 제1심판결 제4면 제9행 ""2021. 3. 27""을 ""2020. 3. 27""로 고쳐 쓴다. ○ 제1심판결 제4면 제10~11",원문 참조,없음,"부동산, 매매, 매수, 매도, 매매계약, 매매대금, 계약금, 잔금, 소유권이전, 등기, 가등기, 담보",전문 원문: https://www.law.go.kr/LSW/precInfoP.do?precSeq=240107,civil_sale_effect,민법 제568조 매매의 효력,civil_sale_effect|민법 제568조 매매의 효력
135,CASE_2021_00135,2018가단134048,사해행위취소,의정부지방법원,2021-01-19,민사,판결,1심,"1. 별지 목록 기재 각 부동산에 관하여, 가. 소외 2와 소외 1 사이에 2016. 4. 2. 체결한 매매계약을 취소하고,...","국민건강보험공단 【피 고】 피고 (소송대리인 변호사 김정원 외 1인) 【변론종결】 2020. 11. 24. 【주 문】 1. 별지 목록 기재 각 부동산에 관하여, 가. 소외 2와 소외 1 사이에 2016. 4. 2. 체결한 매매계약을 취소하고, 나. 피고는 소외 1에게 진정명의회복을 원인으로 한 소유권이전등기절차를 이행하라. 2. 소송비용은 피고가 부담한다. 【청구취지】 주문과 같다. 【이 유】 1. 기초사실 가. 원고는 국민건강보험법에 따라 설립되어 국민건강보험","1. 기초사실 가. 원고는 국민건강보험법에 따라 설립되어 국민건강보험의 자격관리, 건강보험료 부과 및 징수, 부당이득금의 결정과 징수, 요양기관이 정당하게 청구한 요양급여비용 지급 등의 건강보험업무를 처리 및 운영하는 특수공법인이다. 소외 1은 약사이고, 소외 2는 소외 1의 외삼촌이며, 피고는 소외 1의 모(母)이다. 나. 1) 소외 1은 ‘약사가 아니면 약국을 개설하지 못함에도 불구하고 약사가 아닌 소외 3이 실질적으로 약국을 개설하여 운영하는데 소외 1이 약국을 개설하는 것처럼 외관을 형성하는 방법으로 약사가 아닌 소외 3의 약국개설행위를 공모하고, 약사법에 위반하여 약국의 개설자",원문 참조,없음,"부동산, 매매, 매수, 매도, 매매계약, 소유권이전, 등기, 담보, 명의신탁, 명의수탁, 사기, 무죄",전문 원문: https://www.law.go.kr/LSW/precInfoP.do?precSeq=234901,civil_fraud_duress,민법 제110조 사기·강박에 의한 의사표시,civil_fraud_duress|민법 제110조 사기·강박에 의한 의사표시; civil_sale_effect|민법 제568조 매매의 효력
136,CASE_2022_00136,2021도14471,주택법위반·공인중개사법위반,대법원,2022-01-13,형사,판결,상고심,상고기각,"[1] 공인중개사법 위반죄와 다른 죄의 경합범에 대하여 벌금형을 선고하는 경우, 이를 분리 심리하여 형을 따로 선고하도록 규정한 구 공인중개사법 제10조의2 의 취지 / 공인중개사법 위반죄와 다른 죄의 경합범에 대하여 징역형을 선고하는 경우에도 구 공인중개사법 제10조의2 를 유추적용하여 형을 분리 선고하여야 하는지 여부 (소극) [2] 공인중개사법 위반죄와 다른 범죄가 상상적 경합관계에 있는 경우, 모든 죄를 통틀어 하나의 형을 선고하여야 하는지 여부 (적극)","상고이유를 판단한다. 1. 구 공인중개사법(2019. 8. 20. 법률 제16489호로 개정되기 전의 것, 이하 ‘구 공인중개사법’이라고 한다)은 공인중개사 자격의 취소와 개설등록의 결격사유 및 벌금형의 분리 선고에 관하여 다음과 같이 규정하고 있다. 가. 시·도지사는 공인중개사가 공인중개사법을 위반하여 징역형의 선고를 받은 경우 공인중개사 자격을 취소하여야 한다( 제35조 제1항 제4호 ). 나. 공인중개사법 제35조 제1항 에 따라 공인중개사 자격이 취소된 후 3년이 지나지 않은 자와 공인중개사법을 위반하","[1] 구 공인중개사법(2019. 8. 20. 법률 제16489호로 개정되기 전의 것) 제10조 제1항 제6호 , 제11호 , 제10조의2 , 제35조 제1항 제4호 , 제48조 , 제49조 , 형법 제38조 [2] 구 공인중개사법(2019. 8. 20. 법률 제16489호로 개정되기 전의 것) 제10조의2 , 제48조 , 제49조 , 형법 제40조","[1][2] 대법원 1999. 4. 23. 선고 99도636 판결 (공1999상, 1100), 대법원 2021. 7. 21. 선고 2018도16587 판결","주택, 공인중개, 기각, 취소",전문 원문: https://www.law.go.kr/LSW/precInfoP.do?precSeq=231583,realtor_prohibited_acts,공인중개사법 제33조 금지행위,realtor_prohibited_acts|공인중개사법 제33조 금지행위
138,CASE_2024_00138,"2023나2022109, 2022116",소유권확인·건물철거등,서울고법,2024-04-18,민사,판결,2심,청구기각,"택지개발사업의 시행자인 甲 공사로부터 사업부지 내 토지를 공급받는 내용의 매매계약(최초 공급계약)을 체결한 乙이 택지개발촉진법 등에 따른 전매제한 기간인 최초 공급계약 체결일부터 2년이 지나기 전에 최초 공급계약상 토지분양권 매수인 지위를 분양가와 동일한 금액으로 丙에게 양도하는 분양권 매매계약(제1-1차 매매계약)을 체결하였다가 이를 해제한 다음, 전매제한 기간이 지난 후 다시 위 계약과 동일한 내용으로 분양권 매매계약(제1-2차 매매계약)을 체결하였고, 이후 丁이 丙으로부터 위 매수인 지위를 양도받는 분양권 매매계약(제2차 매매계약)을 체결하여 丙 및 甲 공사와...","택지개발사업의 시행자인 甲 공사로부터 사업부지 내 토지를 공급받는 내용의 매매계약(최초 공급계약)을 체결한 乙이 택지개발촉진법 등에 따른 전매제한 기간인 최초 공급계약 체결일부터 2년이 지나기 전에 최초 공급계약상 토지분양권 매수인 지위를 분양가와 동일한 금액으로 丙에게 양도하는 분양권 매매계약(제1-1차 매매계약)을 체결하였다가 이를 해제한 다음, 전매제한 기간이 지난 후 다시 위 계약과 동일한 내용으로 분양권 매매계약(제1-2차 매매계약)을 체결하였고, 이후 丁이 丙으로부터 위 매수인 지위를 양도받는 분양권 매매계약(제2차 매매계약)을 체결하여 丙 및 甲 공사와 권리의무승계계약을 체결한 다음 잔금을 납입하고 소유권이전등기를 마쳐 그 지상에 건물을 신축하였는데, 甲 공사...","택지개발촉진법 제19조의2 제1항 , 제3항 , 민사소송법 제250조 , 민법 제213조 , 제214조 , 택지개발촉진법 시행령 제13조의3 제9의2호 (가)목",없음,"부동산, 주택, 토지, 건물, 매매, 매수, 매매계약, 매매대금, 잔금, 소유권이전, 소유권보존, 분양",전문 원문: https://www.law.go.kr/LSW/precInfoP.do?precSeq=241677,civil_sale_effect,민법 제568조 매매의 효력,civil_sale_effect|민법 제568조 매매의 효력
139,CASE_2014_00139,2014다32007,근저당권말소,대법원,2014-11-27,민사,판결,상고심,파기환송,"[1] 의사표시와 관련하여 ‘사실인정’과 법률적 판단의 영역에 속하는 ‘의사표시의 해석’의 구별 [2] 근저당권자와 근저당권 설정자의 행위가 가지는 법률적 의미가 분명하지 않은 경우, 그 법률관계의 실체를 밝히는 것이 의사표시 해석의 문제인지 여부 (적극) 및 그 해석 방법 [3] 甲이 어머니인 乙로부터 부동산을 증여받아 소유권이전등기를 마쳤는데, 甲의 형제인 丙 등이 위 부동산에 관하여 근저당권설정등기를 마치자, 甲이 丙 등을 상대로 근저당권설정등기의 말소를 구한 사안에서, 甲이 丙 등에게 위 부동산 중 일부 지분을 이전하여 주기로 약정한 점 등에 비추어, 丙 등이...","상고이유를 판단한다. 1. 원심은, 피고들이 이 사건 각 부동산의 소유자인 원고 임의대로 재산권행사를 하지 못하도록 이 사건 각 부동산에 관하여 피고들 명의의 근저당권설정등기를 마쳤다는 취지로 주장하나, 그러한 사실을 인정할 수 없고, 피고들이 피담보채권의 존재와 구체적 액수 및 지목이 도로인 이 사건 각 부동산에 시가를 훨씬 초과하는 채권최고액이 정해지게 된 산출과정, 원인서류의 존재 여부 등에 대하여 설득력 있는 주장 및 증명을 하지 못하고 있다는 등의 이유를 들어, 이 사건 근저당권설정등기는 그 피담보채권이 존재하지 않는 무효의 등기로 봄이 상당하다고 판단하였다. 2. 그러나 원심의 위와 같은 판단은 받아들일 수 없다. (1) 의","[1] 민법 제105조 [2] 민법 제105조 , 제357조 [3] 민법 제105조 , 제357조 , 민사소송법 제202조","[1] 대법원 2001. 3. 15. 선고 99다48948 전원합의체 판결 (공2001상, 873), 대법원 2011. 1. 13. 선고 2010다69940 판결 (공2011상, 342) / [2] 대법원 2011. 1. 13. 선고 2010다69940 판결 (공2011상, 342)","부동산, 매수, 소유권이전, 등기, 근저당, 저당권, 담보, 인감증명, 공정증서원본불실기재, 고발, 사기, 손해배상",전문 원문: https://www.law.go.kr/LSW/precInfoP.do?precSeq=177691,civil_fraud_duress,민법 제110조 사기·강박에 의한 의사표시,civil_fraud_duress|민법 제110조 사기·강박에 의한 의사표시; civil_nonperformance_damages|민법 제390조 채무불이행 손해배상; civil_sale_effect|민법 제568조 매매의 효력
140,CASE_2013_00140,2010다16519,약정금등,대법원,2013-01-24,민사,판결,상고심,상고기각,아파트의 동·호수를 특정하지 않은 채 분양계약을 중개하는 행위가 ‘공인중개사의 업무 및 부동산거래 신고에 관한 법률’상 ‘건축물의 중개’에 해당하는 경우,"특정 동·호수에 대하여 피분양자가 선정되거나 분양계약이 체결되지는 아니하였다고 하더라도, 장차 예정된 동·호수의 추첨이 분양 대상으로 정하여져 있는 세대들을 특정 피분양자에 대한 분양 목적물로 확정하여 주는 절차에 불과하고 피분양자가 아파트를 분양받는 것 자체는 당연히 보장되는 것으로 되어 있을 뿐만 아니라 대상 아파트 전체의 건축이 완료됨으로써 분양 대상이 될 세대들이 객관적으로 존재하여 분양 목적물로의 현실적인 제공 또한 가능한 상태에 이르렀다면 분양 대상물이 상당히 구체화되었다고 할 것이어서, 이에 대한 거래를 중개하는 것 또한 ‘공인중개사의 업무 및 부동산거래 신고에 관한 법률’이 중개대상물로 정한 ‘건축물의 중개’에 해당한다고 봄이 상당하다.",공인중개사의 업무 및 부동산거래 신고에 관한 법률 제3조 제2호,없음,"부동산, 주택, 아파트, 건물, 중개대상물, 매매, 분양, 분양대금, 분양계약, 조합가입, 조합원, 분양권",전문 원문: https://www.law.go.kr/LSW/precInfoP.do?precSeq=167515,realtor_prohibited_acts,공인중개사법 제33조 금지행위,civil_sale_effect|민법 제568조 매매의 효력; realtor_prohibited_acts|공인중개사법 제33조 금지행위
141,CASE_2005_00141,"2003고합931, 2004고합230, 1007, 1253",특정경제범죄가중처벌등에관한법률위반(사기)(인정된죄명:사기)·사기·사문서위조·위조사문서행사·공문서위조·위조공문서행사·자격모용사문서작성·자격모용작성사문서행사·주민등록법위반·주택건설촉진법위반,서울중앙지법,2005-01-14,형사,판결,1심,무죄,"[1] 구 주택건설촉진법 제51조 제5의3호 , 제44조 제2항 단서에 의하여 신청서의 접수순서에 따라 조합원의 지위를 인정하였다는 이유로 처벌하기 위한 요건 및 같은 단서 소정의 지역조합의 의미 [2] 지역조합 구성을 위한 실질적인 절차가 전혀 이루어지지 않아 그 조합의 실체를 인정하기 어렵다고 한 사례 [3] 제3자로부터 금전을 융자받을 목적으로 타인을 기망하여 그 타인 소유의 부동산에 제3자 앞으로 근저당권을 설정하게 한 자가 그로 인하여 취득하는 재산상 이득액의 범위","[1] 구 주택건설촉진법(2003. 5. 29. 법률 제6916호 주택법으로 전문 개정되기 전의 것) 제51조 제5의3호 , 제44조 제2항 단서에 의하여 신청서의 접수순서에 따라 조합원의 지위를 인정하였다는 이유로 처벌하기 위하여는 지역조합 설립인가를 받았거나 설립인가를 받지 않았더라도 지역조합으로서의 실체를 갖춘 단체가 구성원을 선정하는 경우에 해당하여야 하고, 지역조합은 공동주택건설사업이라는 단체 고유의 목적을 가지고 활동하고 있고 규약 및 단체로서의 조직을 갖추고 구성원의 가입 탈퇴에 따른 변경에 관계없이 단체 그 자체가 존속하는 등 단체로서의 주요사항이 확정되어 있어야 그 실체가 인정될 수 있다. [2] 피고인이 명의대여자에 불과한 자에게 조합장 직함을 주고 조합...","[1] 구 주택건설촉진법(2003. 5. 29. 법률 제6916호 주택법으로 전문 개정되기 전의 것) 제44조 제2항 , ( 현행 주택법 제32조 제5항 참조), 제51조 제5의3호 , ( 현행 주택법 제97조 제7호 참조) [2] 구 주택건설촉진법(2003. 5. 29. 법률 제6916호 주택법으로 전문 개정되기 전의 것) 제44조 제2항 , ( 현행 주택법 제32조 제5항 참조), 제51조 제5의3호 , ( 현행 주택법 제97조 제7호 참조) [3] 형법 제347조 제1항",없음,"부동산, 주택, 아파트, 건물, 빌라, 분양, 조합원, 분양권, 자격모용, 근저당, 저당권, 담보",전문 원문: https://www.law.go.kr/LSW/precInfoP.do?precSeq=69974,aggravated_economic_crime,특정경제범죄 가중처벌 등에 관한 법률 제3조,aggravated_economic_crime|특정경제범죄 가중처벌 등에 관한 법률 제3조; criminal_fraud|형법 제347조 사기죄; civil_fraud_duress|민법 제110조 사기·강박에 의한 의사표시; civil_sale_effect|민법 제568조 매매의 효력
142,CASE_2020_00142,2017가합465,배당이의등,춘천지방법원 원주지원,2020-12-03,민사,판결,1심,청구기각,"들에 대한 각 소 중 주위적 청구의 사해행위취소 부분 및 예비적 청구 부분을 각 각하한다. 2. 원고의 피고들에 대한 각 나머지 주위적 청구를 기각한다. 3. 소송비용은 원고가 부담한다. 【청구취지】 [주위적 청구취지] 1. 별지 목록 기재 각 부동산에 관하여, 피고 1과 소외인 사이에 2016. 5. 12. 체결된 매매예약 및 피고 2와 소외인 사이에 2016. 5. 23. 체결된 근저당권설정계약을 각 취소한다. 2. 춘천지방법원 원주지원 2017타경58 부동","결 원고는 2015. 12. 29. 원주 지역에서 부동산 개발사업을 영위하는 소외 2 및 소외 2의 배우자 소외인과, 별지 목록 기재 각 부동산(이하 ‘이 사건 경매부동산’이라 한다)을 매수하여 개발하는 사업과 관련하여 원고가 소외 2, 소외인에게 8억 원을 투자하기로 하는 계약(이하 ‘이 사건 투자계약’이라 한다)을 체결하고, 같은 날 소외 2, 소외인에게 8억 원을 지급하였다. 이 사건 투자계약의 주요 내용은 다음과 같다(이 사건 투자계약 중 ‘갑’은 원고를, ‘을’은 소외 2, 소외인을 각 의미한다. 소외인은 소외 2가 영위하는 부동산 개발사업과 관련하여 법률행위의 당사자가 되거나 그 명의로 부동산을 취득하였으나, 실질적인 행위와",원문 참조,없음,"부동산, 토지, 매매, 매수, 매매대금, 소유권이전, 등기, 가등기, 근저당, 저당권, 담보, 경매",전문 원문: https://www.law.go.kr/LSW/precInfoP.do?precSeq=222877,civil_sale_effect,민법 제568조 매매의 효력,civil_sale_effect|민법 제568조 매매의 효력; civil_lease_definition|민법 제618조 임대차의 의의
144,CASE_2015_00144,2015노671,위계공무집행방해,전주지방법원,2015-10-14,형사,판결,2심,항소기각,변호사 김민석 【원심판결】 전주지방법원 정읍지원 2015. 5. 19. 선고 2015고정14 판결 【주 문】 피고인들의 항소를 기각한다. 【이 유】 1. 항소이유의 요지 가. 법리오해 1) 등기관의 형식적 심사권 등에 비추어 위계에 의한 공무집행방해죄가 성립할 수 없다. 2) 피고인들의 행위는 정당행위에 해당한다. 나. 양형부당 원심판결의 형(벌금 100만 원)이 너무 무거워서 부당하다. 2. 법리오해 주장에 관한 판단 가. 피고인들은 원심에서,"1. 항소이유의 요지 가. 법리오해 1) 등기관의 형식적 심사권 등에 비추어 위계에 의한 공무집행방해죄가 성립할 수 없다. 2) 피고인들의 행위는 정당행위에 해당한다. 나. 양형부당 원심판결의 형(벌금 100만 원)이 너무 무거워서 부당하다. 2. 법리오해 주장에 관한 판단 가. 피고인들은 원심에서 이 부분 항소이유와 같은 취지의 주장을 하여 원심은 이에 관한 판단을 자세하게 설시하여 위 주장을 배척하였는바, 원심이 인정한 사정들에다가 원심에서 적법하게 채택하여 조사한 증거에 의하여 인정되는 다음의 사정들을 보태어 보면",원문 참조,없음,"부동산, 소유권이전, 등기, 공정증서원본불실기재, 위조, 기각, 불실기재, 권리관계",전문 원문: https://www.law.go.kr/LSW/precInfoP.do?precSeq=182742,criminal_fraud,형법 제347조 사기죄,criminal_fraud|형법 제347조 사기죄
146,CASE_2007_00146,2004도45,사기·부동산등기특별조치법위반,대법원,2007-01-25,형사,판결,상고심,상고기각,"[1] 부동산등기특별조치법 제8조 제1호 , 제2조 제3항 위반죄의 성립시기와 형법 제37조 후단 경합범의 적용 [2] 부동산등기특별조치법 제8조 제1호 , 제2조 제3항 위반죄의 성립시기를 오해하여, 먼저 체결된 매매계약의 반대급부의 이행을 완료한 날로부터 그에 따른 소유권이전등기를 신청하지 아니하고서 60일이 경과한 날을 심리하지 아니한 채 다시 매매계약을 체결한 일자만을 기준으로 형법 제37조 후단을 적용한 원심의 조치를 위법하다고 본 사례 [3] 상품의 허위, 과장광고가 사기죄의 기망행위에 해당하는 경우 [4] 피고인들이 매수인들에게 토지의 매수를 권유하면서...","[1] 부동산에 관하여 1차 매매계약을 체결한 자가 반대급부의 이행을 완료하기 전에 다시 제3자와 2차 매매계약을 체결한 경우, 조세부과 등을 면할 목적으로 1차 매매계약의 반대급부 이행을 완료하고서도 1차 매매계약에 따른 소유권이전등기를 신청하지 아니한 채 60일이 경과하면 그 때 부동산등기특별조치법 제8조 제1호 , 제2조 제3항 위반죄가 성립하고, 형법 제37조 후단의 ‘판결확정 전에 범한 죄’라 함은 그 범죄가 판결확정 전에 성립하여 종료된 것을 말하므로, 위 부동산등기특별조치법위반죄가 형법 제37조 후단의 ‘판결확정 전에 범한 죄’에 해당하는지 여부는 1차 매매계약의 반대급부 이행을 완료한 때로부터 1차 매매계약에 따른 소유권이전등기를 신청하지 아니한 채 60일이...","[1] 형법 제37조 , 부동산등기특별조치법 제2조 제3항 , 제8조 제1호 [2] 형법 제37조 , 부동산등기특별조치법 제2조 제3항 , 제8조 제1호 [3] 형법 제347조 [4] 형법 제347조","[3] 대법원 2002. 2. 5. 선고 2001도5789 판결 (공2002상, 714), 대법원 2004. 1. 15. 선고 2003도5728 판결","부동산, 토지, 임야, 매매, 매수, 매도, 매매계약, 소유권이전, 등기, 부동산등기특별조치법, 사기, 기망",전문 원문: https://www.law.go.kr/LSW/precInfoP.do?precSeq=84931,criminal_fraud,형법 제347조 사기죄,criminal_fraud|형법 제347조 사기죄; civil_fraud_duress|민법 제110조 사기·강박에 의한 의사표시; civil_sale_effect|민법 제568조 매매의 효력
147,CASE_2024_00147,"2022가합546698(본소), 2022가합559823(반소)",근저당권말소·손해배상청구의소,서울중앙지방법원,2024-07-24,민사,판결,1심,청구기각,"회사 (소송대리인 법무법인 해광 담당변호사 임성근 외 1인) 【변론종결】 2024. 6. 12. 【주 문】 1. 원고(반소피고)의 본소 청구를 기각한다. 2. 본소로 인한 소송비용은 원고(반소피고)가 부담한다. 【청구취지】 ○ 본소: 피고(반소원고, 이하 ‘피고’라고 한다) △△△은행, 피고 □□□ 주식회사는 원고(반소피고, 이하 ‘원고’라고 한다)에게 별지1 목록 기재 각 근저당권설정등기의 말소등기절차를 이행하라. ○ 반소: 원고는 피고 △△△은행에게 735,","용의 임시주주총회 의사록이 작성되었는데, 위 의사록에 첨부된 개정정관 제48조에는 ‘영업연도 중 1회에 한하여 상법 제462조의3 의 규정에 의하여 주주에게 중간배당을 할 수 있다’는 규정이 신설되어 있다. 2) 원고의 2020. 11. 10. 자 이사회에서 총 이사 2명 중 출석 이사 2명(소외 1, 소외 2) 전원의 동의로 ① 주주들에 대하여 총 28억 원(1주당 280,000원)을 중간배당하고, ② 원고 소유의 별지2 목록 기재 각 부동산(이하 ‘이 사건 각 부동산’이라고 한다)을 감정기관의 감정가를 토대로 매각하며, ③ 2020. 12. 5. 임시주주총회를 소집하기로 결의하였다는 내용의 이사회 의결서가 작성되었다. 3) 원고의 2",원문 참조,없음,"부동산, 매매, 매수, 매도, 매매계약, 매매대금, 소유권이전, 등기, 근저당, 저당권, 담보, 배당",전문 원문: https://www.law.go.kr/LSW/precInfoP.do?precSeq=616555,civil_sale_effect,민법 제568조 매매의 효력,civil_nonperformance_damages|민법 제390조 채무불이행 손해배상; civil_sale_effect|민법 제568조 매매의 효력
148,CASE_2022_00148,2022다226883,조합원부담금청구,대법원,2022-07-14,민사,판결,상고심,"원심판결 중 피고에 대한 부분을 파기하고, 이 부분 사건을 부산고등법원에 환송한다.","지역주택조합의 조합원이 조합가입계약 체결 당시에는 조합원 자격 요건을 충족하였으나 주택조합설립인가신청일 이후 조합원의 지위를 상실한 경우, 그 후 이행기가 도래하는 부담금을 납부할 의무를 면하는지 여부 (적극)","상고이유를 판단한다. 1. 사실관계 원심판결 이유와 기록에 의하면, 다음과 같은 사실을 알 수 있다. 가. 원고는 거제시 (주소 생략) 일대에 지역주택조합 아파트를 건립하여 조합원들에게 분양하는 사업(이하 ‘이 사건 사업’이라 한다)을 위해 설립된 주택조합으로, 2015. 2. 14. 조합설립인가를 신청하였고, 2015. 4. 28. 거제시장으로부터 조합설립인가를 받았다. 나. 피고는 원고가 조합설립인가를 신청하기 전인 2014. 11. 3. 원고와 사이에 나중에 건립될 지역주택조합 아파트 1세대를 분양받기로 하는 내용의 조합가입계약(이하 ‘이 사건 조합가입계약’이라 한다)을 체결하였는데, 부담금 중 계약금(1차) 75","구 주택법(2015. 7. 24. 법률 제13435호로 개정되기 전의 것) 제32조 제5항 (현행 제11조 제7항 참조), 구 주택법 시행령(2014. 12. 23. 대통령령 제25880호로 개정되기 전의 것) 제38조 제1항 (현행 제21조 제1항 참조)",없음,"주택, 아파트, 계약금, 중도금, 분양, 지역주택조합, 조합가입, 조합원, 사기, 기망, 허위, 파기",전문 원문: https://www.law.go.kr/LSW/precInfoP.do?precSeq=235417,civil_fraud_duress,민법 제110조 사기·강박에 의한 의사표시,civil_fraud_duress|민법 제110조 사기·강박에 의한 의사표시; civil_sale_effect|민법 제568조 매매의 효력
149,CASE_2019_00149,2018나26108,소유권이전등기,광주고등법원,2019-06-26,민사,판결,2심,"1. 이 법원에서 교환적으로 변경한 주위적 청구에 따라 제1심판결을 다음과 같이 변경한다. 가. 피고 1에게, 1) 피고 3은...","이 변경한다. 가. 피고 1에게, 1) 피고 3은 전남 담양군 (주소 생략) 답 6,050㎡ 중 183분의 44 지분에 관하여 광주지방법원 담양등기소 2015. 5. 15. 접수 제7114호로 마친 소유권이전등기 및 같은 토지 중 183분의 139 지분에 관하여 같은 등기소 2017. 6. 29. 접수 제9988호로 마친 소유권이전등기의 각 말소등기절차를, 2) 피고 경록영농조합법인은 위 1)항 기재 토지에 관하여 광주지방법원 담양등기소 2009. 2. 6. 접",1. 기초 사실 가. 소외 2는 1955. 10. 30. 이 사건 토지에 관하여 소유권이전등기를 마치고 1978년경 사망하였다. 소외 2의 아들 소외인은 이 사건 토지를 상속하였으나 이를 원인으로 한 소유권이전등기를 마치지 않은 채 1997. 2. 24. 이 사건 토지를 한국농어촌공사에 매도하고 소유권이전등기를 마쳐주었다. 나. 소외인은 1997. 2.경 피고 1과 아래와 같은 내용의 약정을 체결하였다(이하 이를 ‘제1 명의신탁’이라 한다). 1) 소외인은 피고 1 명의로 이 사건 토지를 매수한다.2) 소외인은 피고 1 명의로 한국농어촌공사로부터 대출(이하,원문 참조,없음,"부동산, 토지, 매매, 매수, 매도, 매매대금, 소유권이전, 등기, 근저당, 저당권, 담보, 명의신탁",전문 원문: https://www.law.go.kr/LSW/precInfoP.do?precSeq=221885,civil_sale_effect,민법 제568조 매매의 효력,civil_sale_effect|민법 제568조 매매의 효력
150,CASE_2021_00150,2020나235,채무부존재확인,서울고등법원(춘천),2021-09-10,민사,판결,2심,1. 제1심판결을 취소한다. 2. 원고의 피고에 대한 2003. 3. 25.자 및 2003. 6. 20.자 춘천시 (지번 생략...,"라 한다). 다. 원고의 묘지사용관리권 취득 1) 원고는 제1 내지 14묘역으로 구성된 춘천시립공설묘원을 완공하였고, 묘역 및 진입도로 시설의 소유권은 ○○교회 묘지추진위원회와 춘천시 사이의 위 2000. 12. 19.자 협약에서 정해진 대로 춘천시에게 귀속되었다. 2) 다만 원고는 2001. 12. 22. 춘천시로부터 자신의 지분에 상응하는 제7 내지 14묘역에 관한 사용관리권(묘지를 분양하여 수분양자로부터 묘지사용료, 묘지관리비, 석물대금 등을 지급받을 수","정해진 대로 춘천시에게 귀속되었다. 2) 다만 원고는 2001. 12. 22. 춘천시로부터 자신의 지분에 상응하는 제7 내지 14묘역에 관한 사용관리권(묘지를 분양하여 수분양자로부터 묘지사용료, 묘지관리비, 석물대금 등을 지급받을 수 있는 권리, 이하 ‘묘지사용관리권’이라 한다)을 취득한 다음, 위 묘역 부분의 명칭을 ‘△△공원묘원’이라 짓고 그 무렵부터 이를 운영하였다. 라. 원고의 주식 양도 및 묘지사용관리권 양도 1) 원고와 피고는 2004. 7. 22. 주식회사 금오건영(이하 ‘금오건영’이라 한다)에게 원고의 총 발행주식, 자산, △△공원묘원 조성공사 시행권 및 시공권, 묘지사용관리권(○○교회 묘지추진위원회와 춘천시 사이의 20",원문 참조,없음,"분양, 분양계약, 담보, 허위, 배임, 기각, 파기, 반환, 부당이득, 취소, 해제, 무효",전문 원문: https://www.law.go.kr/LSW/precInfoP.do?precSeq=237169,civil_sale_effect,민법 제568조 매매의 효력,civil_sale_effect|민법 제568조 매매의 효력
151,CASE_2021_00151,2019고합138,"특정경제범죄가중처벌등에관한법률위반(배임)(피고인1,피고인2에대하여일부인정된죄명:업무상배임)·업무상횡령·주택법위반·사전자기록등변작·변작사전자기록등행사",청주지방법원,2021-01-22,형사,판결,1심,무죄,"피고인 3을 각 징역 4년 6월에 각 처한다. 피고인 1의 사전자기록등변작 및 변작사전자기록등행사의 점과 피고인 3의 조합 자료 미공개로 인한 주택법위반의 점은 각 무죄. 【이 유】 【범죄사실(주1)】 범죄사실 [피고인들의 지위] 피고인 3은 2015. 9. 1.부터 2016. 4. 28.까지는 청주시 (주소 2 생략) 일대 약 71,000㎡ 규모의 대지에 조합원 모집 방식으로 진행된 지역주택조합인 피해자 공소외 지역주택조합(이하, ‘피해자 조합’이라 하고, 피","】 범죄사실 [피고인들의 지위] 피고인 3은 2015. 9. 1.부터 2016. 4. 28.까지는 청주시 (주소 2 생략) 일대 약 71,000㎡ 규모의 대지에 조합원 모집 방식으로 진행된 지역주택조합인 피해자 공소외 지역주택조합(이하, ‘피해자 조합’이라 하고, 피해자 조합의 사업은 ‘이 사건 사업’이라 한다) 설립추진위원회(이하, ‘피해자 추진위’라 한다)의 위원장을, 2016. 4. 29.부터 2016. 11. 17.까지는 피해자 조합의 조합장을 맡았다가 조합장에서 사임한 이후에도 2016. 11. 18.부터 2017. 8.경까지 자신의 조카인 피고인 1을 조합장으로 취임시킨 후 피해자 조합의 고문 및 자문위원직을 가지고 임원회의",원문 참조,없음,"주택, 아파트, 토지, 매매, 매수, 매도, 매매계약, 매매대금, 계약금, 중도금, 소유권이전, 분양",전문 원문: https://www.law.go.kr/LSW/precInfoP.do?precSeq=220131,aggravated_economic_crime,특정경제범죄 가중처벌 등에 관한 법률 제3조,aggravated_economic_crime|특정경제범죄 가중처벌 등에 관한 법률 제3조; embezzlement_breach_of_trust|형법 제355조·제356조 횡령·배임; civil_sale_effect|민법 제568조 매매의 효력
152,CASE_2005_00152,"2002가합54672,2004가합40738(참가),2004가합104342(참가)",원인무효로인한소유권등기말소등·소유권보존등기말소등청구의소,서울중앙지방법원,2005-11-23,민사,판결,1심,"1. 원고(선정당사자, 선정자들 포함) 및 독립당사자 참가인들의 청구를 모두 기각한다. 2. 소송비용 중 본소로 인한 부분은...","2005. 7. 27. 【주 문】 1. 원고(선정당사자, 선정자들 포함) 및 독립당사자 참가인들의 청구를 모두 기각한다. 2. 소송비용 중 본소로 인한 부분은 원고(선정당사자, 선정자들 포함)의 부담으로 하고, 참가로 인한 부분은 독립당사자 참가인들의 부담으로 한다. 【청구취지】 1. 본소 청구취지 : 피고는 원고(선정당사자) 및 선정자들(이하 모두 ‘원고들’이라고 한다)에게 별지 제3 “부동산 및 등기” 목록의 ‘부동산’ 란 기","제21호증의 1 내지 8, 갑제36호증의 1 내지 9, 갑제110호증의 1, 2의 각 기재에 변론 전체의 취지를 종합하면 인정된다. 가. 별지 제3 “부동산 및 등기” 목록의 ‘부동산’ 란 기재 각 부동산(이하 ‘이 사건 부동산’이라 한다)은, 일제 시대인 1916(대정 5년). 11. 28. 또는 1919(대정 8년). 1. 6. 소외 송병준(宋秉畯)이 그 명의로 사정(査定)받은 것으로 임야조사부에 기재되어 있는 경기도 부천군 부내면 산곡리 (지번 1 내지 2, 3, 4, 5 생략)(이하 ‘분할 전 부동산’이라 한다)으로부터 분할·합병되거나 행정구역의 명칭이 변경된 부동산 중 일부이다. 나. 그런데 이 사건 부동산에는 현재 별지 제3",원문 참조,없음,"부동산, 토지, 임야, 소유권이전, 소유권보존, 등기, 허위, 기각, 무효",전문 원문: https://www.law.go.kr/LSW/precInfoP.do?precSeq=150870,civil_sale_effect,민법 제568조 매매의 효력,civil_sale_effect|민법 제568조 매매의 효력
153,CASE_2011_00153,2010나107264,사해 행위 취소등,서울고등법원,2011-08-19,민사,판결,2심,항소기각,"합7137 판결 【변론종결】 2011. 7. 1. 【주 문】 1. 당심에서 변경된 피고 2에 대한 청구에 따라, 가. 피고들 사이에 별지 기재 부동산에 관하여 2008. 4. 20. 체결된 매매계약은 1억 7,000만 원 한도 내에서 이를 취소하고, 나. 피고 2는 원고에게 1억 7,000만 원 및 이에 대한 이 사건 판결 확정일 다음날부터 갚는 날까지 연 5%의 비율로 계산한 돈을 지급하라. 다. 원고의 피고 2에 대한 나머지 청구를 기각한다. 2. 피고 1의","항과 같다( 민사소송법 제420조 본문). ○ 제1심 판결 4면 4행과 5행 사이에 다음과 같이 추가한다. 아. 별지 기재 부동산은 2010. 10. 5.자 강제경매개시결정에 기한 강제경매절차가 진행된 끝에 128,350,000원에 매각돼 2011. 6. 28. 소유권이전등기까지 마쳐졌다. 위 경매절차에서 별지 기재 부동산에 관한 감정가액은 1억 7,000만 원이었다(인정근거 : 갑 제28, 29, 31호증). 2. 청구에 대한 판단 가. 피고 1에 대한 청구 부분 이 부분에 설시할 내용은 아래와 같이 추가 판단하는 것 외에는 제1심 판결 이유 제3의 가항과 같다( 민사소송법 제420조 본문). ○ 피고 1의 추가 주장에 대한 판단 (1",원문 참조,없음,"부동산, 아파트, 매매, 매수, 매도, 매매계약, 매매대금, 소유권이전, 중개보조, 등기, 담보, 경매",전문 원문: https://www.law.go.kr/LSW/precInfoP.do?precSeq=160972,realtor_prohibited_acts,공인중개사법 제33조 금지행위,civil_sale_effect|민법 제568조 매매의 효력; realtor_prohibited_acts|공인중개사법 제33조 금지행위
154,CASE_2013_00154,2013고합95,특정경제범죄가중처벌등에관한법률위반(배임)(인정된죄명업무상배임)·업무상배임·사기·한국농어촌공사및농지관리기금법위반·공인중개사의업무및부동산거래신고에관한법률위반,춘천지방법원,2013-11-15,형사,판결,1심,무죄,"2년간, 피고인 4에 대하여는 1년간 위 각 형의 집행을 유예한다. 피고인 7에 대하여 위 벌금에 상당한 금액의 가납을 명한다. 피고인 2는 무죄. 【이 유】 【범죄사실】 1. 피고인 1 피고인은 2008. 1.경부터 2013. 1. 11.경까지는 피해자 공소외 13 공사(이하 ‘피해자 공사’라고 한다) △△지사 소속 △△△△팀의 차장으로, 2013. 1. 12.경부터는 위 △△△△팀 팀장으로 근무하면서, 위 공사에서 시행하는 영농규모화사업 지원금 관련 업무를","농업인이 아니거나 전업 또는 은퇴하려는 농업인 등(매입대상자)의 소유 농지를 위 공사에서 매입하여 영농규모를 확대하고자 하는 전업농육성대상자 등(지원대상자)에게 매수대금을 3.3㎡당 논 30,000원, 밭 35,000원을 한도로(위 각 금액을 초과하는 금액은 지원대상인의 자부담) 연이자 2%로 15년에서 30년간 분할상환 조건으로 대출 지원하여 주는 사업이다. 위 영농규모화사업의 업무지침에 따르면, 농지매매지원을 받기 위해서는 (1) 대상농지가 농업진흥지역 안의 논 또는 밭이어야 하고, 다만, 영농규모 및 집단화를 위하여 불가피한 경우에는 농업진흥지역 밖의 농지 중 ① 경지정리된 논 또는 밭기반정비사업이 완료된 밭, ② 경지정리 되지 않",원문 참조,없음,"부동산, 농지, 매매, 매수, 매도, 매매계약, 매매대금, 계약금, 잔금, 공인중개, 사기, 편취",전문 원문: https://www.law.go.kr/LSW/precInfoP.do?precSeq=179964,aggravated_economic_crime,특정경제범죄 가중처벌 등에 관한 법률 제3조,aggravated_economic_crime|특정경제범죄 가중처벌 등에 관한 법률 제3조; criminal_fraud|형법 제347조 사기죄; embezzlement_breach_of_trust|형법 제355조·제356조 횡령·배임; civil_sale_effect|민법 제568조 매매의 효력; real_estate_transaction_reporting_prohibition|부동산 거래신고 등에 관한 법률 제4조 금지행위; realtor_prohibited_acts|공인중개사법 제33조 금지행위
155,CASE_2023_00155,2023가단132791,기타(금전),서울북부지법,2023-10-26,민사,판결,1심,청구기각,"甲이 乙의 공인중개사사무소의 시설을 포함한 영업권 일체를 乙이 ‘길음뉴타운 관할 내에 개업하지 않는 조건’으로 인수하기로 하는 권리(시설) 양수·양도 계약을 체결하였는데, 乙이 약 2.4km 떨어져 있는 장위뉴타운 관할 내에서 공인중개사사무소를 개업하자 甲이 경업금지의무 위반을 이유로 계약해제 등을 구한 사안에서, ‘길음뉴타운 관할 내’는 ‘길음 재정비촉진지구’를 의미하는 것으로 해석함이 타당하므로, 乙이 위 계약에서 정한 ‘길음뉴타운 관할 내에 개업하지 않는 조건’을 위반하였다거나 상법 제41조 제1항 을 위반하였다고 볼 수 없다고 한 사례","甲이 乙의 공인중개사사무소의 시설을 포함한 영업권 일체를 乙이 ‘길음뉴타운 관할 내에 개업하지 않는 조건’으로 인수하기로 하는 권리(시설) 양수·양도 계약(이하 ‘양수도 계약’이라 한다)을 체결하였는데, 乙이 약 2.4km 떨어져 있는 장위뉴타운 관할 내에서 공인중개사사무소를 개업하자 甲이 경업금지의무 위반을 이유로 계약해제 등을 구한 사안이다. 당사자 간의 특약으로 상법 제41조 제1항 에서 정한 영업양도인의 경업금지의무를 완화 또는 강화할 수 있고, 甲과 乙은 양수도 계약을 통해 乙의 경업금지의무를 ‘길음뉴타운 관할 내에 개업하지 않는 조건’으로 완화하는 내용으로 약정하였으므로, 상법 제41조 제1항 에 따른 경업금지의무는 양수도 계약에서 정한 바에 따른다고 보아야 하...",상법 제41조 제1항,없음,"부동산, 건물, 임대차, 보증금, 임대차계약, 계약금, 잔금, 공인중개, 손해배상, 기각, 해제",전문 원문: https://www.law.go.kr/LSW/precInfoP.do?precSeq=238439,realtor_prohibited_acts,공인중개사법 제33조 금지행위,civil_nonperformance_damages|민법 제390조 채무불이행 손해배상; civil_sale_effect|민법 제568조 매매의 효력; civil_lease_definition|민법 제618조 임대차의 의의; realtor_prohibited_acts|공인중개사법 제33조 금지행위
156,CASE_2019_00156,2015다253573,소유권말소등기,대법원,2019-05-16,민사,판결,상고심,상고기각,"[1] 강제경매개시결정 기입등기가 법원의 촉탁에 의하여 말소된 경우, 강제경매 신청채권자가 말소된 기입등기의 회복등기절차 이행을 소구할 이익이 있는지 여부 (소극) 및 이 경우 강제경매 신청채권자가 기입등기 말소 당시 소유권이전등기를 경료하고 있던 사람을 상대로 기입등기의 회복절차에 대한 승낙청구의 소를 제기할 수 있는지 여부 (적극) [2] 甲 명의로 소유권보존등기가 되어 있던 부동산 지분에 관하여 위조된 甲과 乙 명의의 매매예약계약서로 매매예약을 원인으로 하는 乙 명의의 지분전부이전청구권가등기가 마쳐진 상태에서 丙이 甲의 채권자로서 강제경매개시신청을 하여 위 지분...","[1] 부동산 강제경매개시결정 기입등기는 채권자나 채무자가 직접 등기공무원에게 이를 신청하여 행할 수는 없고 반드시 법원의 촉탁에 의하여 행하여지는데, 이와 같이 당사자가 신청할 수 없는 강제경매개시결정 기입등기가 법원의 촉탁에 의하여 말소된 경우에는 그 회복등기도 법원의 촉탁에 의하여 행하여져야 하므로, 이 경우 강제경매 신청채권자가 말소된 강제경매개시결정 기입등기의 회복등기절차의 이행을 소구할 이익은 없고, 다만 강제경매개시결정 기입등기가 말소될 당시 그 부동산에 관하여 소유권이전등기를 경료하고 있는 사람은 법원이 강제경매개시결정 기입등기의 회복을 촉탁함에 있어서 등기상 이해관계가 있는 제3자에 해당하므로, 강제경매 신청채권자로서는 그 사람을 상대로 하여 법원의 촉탁에...","[1] 부동산등기법 제59조 , 민사집행법 제94조 , 민사소송법 제248조 [소의제기] [2] 부동산등기법 제59조 , 제91조 , 제92조 , 민법 제139조 , 민사집행법 제94조","[1] 대법원 2002. 4. 12. 선고 2001다84367 판결 (공2002상, 1118), 대법원 2017. 1. 25. 선고 2016다28897 판결 (공2017상, 466)","부동산, 상가, 건물, 매매, 매수, 매매계약, 소유권이전, 소유권보존, 분양, 등기, 가등기, 경매",전문 원문: https://www.law.go.kr/LSW/precInfoP.do?precSeq=207487,civil_sale_effect,민법 제568조 매매의 효력,civil_sale_effect|민법 제568조 매매의 효력
157,CASE_2017_00157,2016나2065771,대지권지분이전등기등,서울고등법원,2017-04-21,민사,판결,2심,항소기각,"㎡ 중 별지 6 목록 ‘피고별 이전할 대지지분’란 기재 각 해당지분에 관하여 ‘전유부분 취득일’란 기재 각 해당일자 전유부분취득을 원인으로 한 소유권이전등기절차를 이행하라. 2. 원고들 및 원고승계참가인들의 항소를 모두 기각한다. 3. 원고들 및 원고승계참가인들과 피고 주식회사 다림씨앤씨, 주식회사 슬기솔건설 사이의 소송총비용 중 30%는 원고들 및 원고승계참가인들이, 나머지는 위 피고들이 각 부담하고, 원고들 및 원고승계참가인들과 피고 예원건설 주식회사 사이의","1. 피고 예원건설 주식회사에 대한 이 법원의 심판범위 원고들 및 승계참가인들은 피고 예원건설 주식회사(이하 ‘피고 예원건설’이라 한다)에 대하여 소유권이전등기청구와 손해배상청구를 하였는데, 제1심 법원은 손해배상청구를 모두 기각하고 피승계참가 원고들을 제외한 나머지 원고들 및 승계참가인들의 소유권이전등기청구만 인용하였다. 이에 대하여 원고들 및 승계참가인들이 손해배상청구 부분만 항소하였으므로, 피고 예원건설에 대한 이 법원의 심판대상은 손해배상청구로 한정된다. 2. 기초사실 이 법원이 이 부분에 적을 이유는 제1심판결 이유 제1항 기재와 같으므로, 민사소송법 제420조 본문에 따라 이를 그대로 인용한다. 3. 대지지분이전",원문 참조,없음,"아파트, 대지권, 전세, 전세금, 매매, 매수, 매도, 매매계약, 매매대금, 소유권이전, 공유지분, 분양",전문 원문: https://www.law.go.kr/LSW/precInfoP.do?precSeq=217109,civil_lease_definition,민법 제618조 임대차의 의의,civil_nonperformance_damages|민법 제390조 채무불이행 손해배상; civil_sale_effect|민법 제568조 매매의 효력; civil_lease_definition|민법 제618조 임대차의 의의
158,CASE_2020_00158,2019도9756,사기·배임,대법원,2020-02-20,형사,판결,상고심,"원심판결 중 유죄 부분을 파기하고, 이 부분 사건을 창원지방법원 합의부에 환송한다.","[1] 배임죄의 주체인 ‘타인의 사무를 처리하는 자’의 의미 / 채무자가 금전채무를 담보하기 위하여 그 소유의 동산을 채권자에게 양도담보로 제공함으로써 채권자인 양도담보권자에 대하여 담보물의 담보가치를 유지·보전할 의무 내지 담보물을 타에 처분하거나 멸실, 훼손하는 등으로 담보권 실행에 지장을 초래하는 행위를 하지 않을 의무를 부담하게 된 경우, 배임죄의 주체인 ‘타인의 사무를 처리하는 자’에 해당하는지 여부 (소극) 및 이때 채무자가 담보물을 제3자에게 처분하는 등으로 담보가치를 감소 또는 상실시켜 채권자의 담보권 실행이나 이를 통한 채권실현에 위험을 초래한 경우,...","[1] [다수의견] 배임죄는 타인의 사무를 처리하는 자가 그 임무에 위배하는 행위로써 재산상의 이익을 취득하거나 제3자로 하여금 이를 취득하게 하여 사무의 주체인 타인에게 손해를 가할 때 성립하는 것이므로 범죄의 주체는 타인의 사무를 처리하는 지위에 있어야 한다. 여기에서 ‘타인의 사무를 처리하는 자’라고 하려면, 타인의 재산관리에 관한 사무의 전부 또는 일부를 타인을 위하여 대행하는 경우와 같이 당사자 관계의 전형적·본질적 내용이 통상의 계약에서의 이익대립관계를 넘어서 그들 사이의 신임관계에 기초하여 타인의 재산을 보호 또는 관리하는 데에 있어야 한다. 이익대립관계에 있는 통상의 계약관계에서 채무자의 성실한 급부이행에 의해 상대방이 계약상 권리의 만족 내지 채권의 실현이...","[1] 헌법 제12조 제1항 , 형법 제1조 제1항 , 제355조 , 민법 제185조 , 제188조 제1항 , 제189조 [2] 형법 제355조 제2항 , 민법 제189조 , 제374조 , 형사소송법 제325조","[1] 대법원 1983. 3. 8. 선고 82도1829 판결(공1983, 678)(변경) , 대법원 1987. 4. 28. 선고 86도2490 판결 (공1987, 924), 대법원 1998. 11. 10. 선고 98도2526 판결(공1998하, 2903)(변경) , 대법원 2007. 6. 15. 선고 2006도3912 판결(변경), 대법원 2009. 2. 26. 선고 2008도11722 판결 (공2009상, 401), 대법원 2010. 2. 25. 선고 2009도13187 판결(변경) , 대법원...","등기, 가등기, 담보, 사기, 횡령, 배임, 파기",전문 원문: https://www.law.go.kr/LSW/precInfoP.do?precSeq=226109,embezzlement_breach_of_trust,형법 제355조·제356조 횡령·배임,criminal_fraud|형법 제347조 사기죄; embezzlement_breach_of_trust|형법 제355조·제356조 횡령·배임
159,CASE_2020_00159,2019다222041,부당이득금[보증인의 제3취득자에 대한 변제자대위에서 항상 부기등기가 필요한지 여부],대법원,2020-10-15,민사,판결,상고심,상고기각,"[1] 금융기관과 근저당권설정계약을 체결할 때 작성한 근저당권설정계약서에 금융기관의 여신거래로부터 생기는 모든 채무를 담보하기로 하는 이른바 포괄근저당권을 설정한다는 문언이 기재된 경우, 근저당권설정계약서의 문언에 따라 의사표시의 내용을 해석하여야 하는지 여부 (원칙적 적극) / 이때 피담보채무 범위에 관한 의사표시의 해석 방법 [2] 민법 제482조 제2항 제1호 의 규정 취지 및 보증인이 채무를 변제한 후 저당권 등의 등기에 관하여 대위의 부기등기를 하지 않고 있는 동안 제3취득자가 목적부동산에 대하여 권리를 취득한 경우, 보증인이 제3취득자에 대하여 채권자를 대...","[1] 금융기관과 근저당권설정자가 근저당권설정계약을 체결할 때 작성한 근저당권설정계약서에 금융기관의 여신거래로부터 생기는 모든 채무를 담보하기로 하는 이른바 포괄근저당권을 설정한다는 문언이 기재된 경우 근저당권설정계약서는 처분문서이므로 특별한 사정이 없는 한 계약서의 문언에 따라 의사표시의 내용을 해석하여야 함이 원칙이다. 그러나 근저당권설정계약서가 일반거래약관의 형태로 일률적으로 부동문자로 인쇄해 두고 사용하는 것이고 근저당권설정계약 체결의 경위와 목적, 피담보채무액, 근저당권설정자·채무자·채권자의 상호관계 등 여러 사정에 비추어 당사자의 의사가 계약서 문언과는 달리 특정한 채무만을 피담보채무로 하려는 취지였다고 인정할 수 있는 경우에는 당사자의 의사에 따라 담보책임의...","[1] 민법 제105조 , 제357조 제1항 , 제360조 [2] 민법 제482조 제2항 제1호","[1] 대법원 1984. 6. 12. 선고 83다카2159 판결 (공1984, 1271), 대법원 2003. 4. 11. 선고 2001다12430 판결 (공2003상, 1144) / [2] 대법원 2015. 3. 20. 선고 2012다99341 판결 (공2015상, 592)","부동산, 전세, 보증금, 전세권, 매수, 소유권이전, 등기, 근저당, 저당권, 담보, 경매, 배당",전문 원문: https://www.law.go.kr/LSW/precInfoP.do?precSeq=214301,civil_lease_definition,민법 제618조 임대차의 의의,civil_sale_effect|민법 제568조 매매의 효력; civil_lease_definition|민법 제618조 임대차의 의의
162,CASE_2013_00162,2012두20021,과징금부과처분취소,대법원,2013-06-14,행정,판결,상고심,파기환송,"부동산 실권리자명의 등기에 관한 법률 제5조 제1항 에 따른 과징금 부과의 제척기간 기산일인 ‘명의신탁관계가 해소된 때’의 의미 및 반사회적인 법률행위에 해당하여 원인무효인 제3자 명의의 등기가 말소된 후 당초의 명의신탁자 명의로 등기가 회복된 경우, 위 과징금 부과 제척기간의 기산일","부동산 실권리자명의 등기에 관한 법률(이하 ‘부동산실명법’이라 한다) 제5조 제7항 , 부동산 실권리자명의 등기에 관한 법률 시행령 제3조 제5항 , 지방세기본법 제38조 제1항 제3호 , 지방세기본법 시행령 제18조 제1항 제2호 등 관련 법령에 비추어 보면, 부동산실명법 제5조 제1항 에 따른 과징금 부과의 제척기간은 5년이고, 그 기산일은 명의신탁관계가 해소된 때라고 할 것인데, 여기에서 ‘명의신탁관계가 해소된 때’란 관련 규정의 문언 및 체계에 비추어 볼 때 부동산실명법 제5조 제2항 단서의 ‘명의신탁관계 종료 시점 또는 실명등기 시점’과 같은 뜻이다. 그런데 반사회적인 법률행위에 해당하여 원인무효인 제3자 명의의 등기가 말소된 후 당초의 명의신탁자 명의로 등기가...","부동산 실권리자명의 등기에 관한 법률 제5조 제1항 , 제2항 , 제7항 , 부동산 실권리자명의 등기에 관한 법률 시행령 제3조 제5항 , 지방세기본법 제38조 제1항 제3호 , 지방세기본법 시행령 제18조 제1항 제2호","대법원 2004. 7. 22. 선고 2004두2509 판결 (공2004하, 1541), 대법원 2006. 1. 13. 선고 2004두2776 판결 (공2006상, 250)","부동산, 소유권이전, 등기, 명의신탁, 명의수탁, 부동산실명법, 횡령, 파기, 취소, 무효",전문 원문: https://www.law.go.kr/LSW/precInfoP.do?precSeq=192087,civil_sale_effect,민법 제568조 매매의 효력,civil_sale_effect|민법 제568조 매매의 효력
163,CASE_2007_00163,2006고단161,사기·횡령·부동산실권리자명의등기에관한법률위반·부동산등기특별조치법위반·배상명령신청,광주지방법원 목포지원,2007-01-19,형사,판결,1심,유죄(징역형),"인의 배상명령신청을 각하한다. 【이 유】 【범죄사실】 피고인 1은 상업에 종사하는 자이고, 피고인 2는 건설업에 종사하는 자이며, 피고인 3은 부동산중개사무실 보조원으로 일했던 자인바, [ 2006고단161 ] 1. 피고인 1은 가. 2001.경부터 알고 지내던 유부녀인 피해자 배상신청인으로부터 돈을 차용하더라도, 유부녀인 피해자가 남편에게 피고인과의 관계가 알려질 것을 두려워하여 쉽게 반환을 요구하지 못하는 약점을 이용하여 피해자로부터 금원을 편취하기로 마음먹","가. 2001.경부터 알고 지내던 유부녀인 피해자 배상신청인으로부터 돈을 차용하더라도, 유부녀인 피해자가 남편에게 피고인과의 관계가 알려질 것을 두려워하여 쉽게 반환을 요구하지 못하는 약점을 이용하여 피해자로부터 금원을 편취하기로 마음먹고, (1) 2002. 6. 15.경 목포시 하당동 소재 흙염소 식당에서 피해자에게 “급히 돈이 필요한데 2002. 10. 중순경까지는 반드시 돈을 갚겠다. 이자는 월 40만 원씩 지급하겠다”라는 취지로 거짓말하여 피해자로부터 100만 원권 자기앞수표 7매, 현금 100만 원 합계 금 800만 원을 즉석에서 교부받아 이를 편취하고, (2) 2002. 9. 4.경 위 1항 기재 장소에서 피해자에게 “내가 급",원문 참조,없음,"부동산, 토지, 건물, 매매, 매수, 매도, 매매계약, 매매대금, 계약금, 중도금, 잔금, 소유권이전",전문 원문: https://www.law.go.kr/LSW/precInfoP.do?precSeq=78905,embezzlement_breach_of_trust,형법 제355조·제356조 횡령·배임,criminal_fraud|형법 제347조 사기죄; embezzlement_breach_of_trust|형법 제355조·제356조 횡령·배임; civil_sale_effect|민법 제568조 매매의 효력
164,CASE_2023_00164,2022가단114635,부당이득금,대전지법,2023-12-07,민사,판결,1심,일부인용,"甲이 乙 지역주택조합에 가입하기 위해 제1차 계약금을 납부하였다가 다음 날 조합 가입을 철회하려 하였으나, 乙 지역주택조합 추진위원회 등이 철회가 불가능하다고 하여 甲이 다시 계약을 진행하기로 하고 조합가입계약서를 작성한 다음 제2차 계약금을 지급하였는데, 이후 甲이 중도금 대출이 실행되지 않아 乙 지역주택조합 추진위원회 등과 전화상담을 하였고, 乙 지역주택조합 추진위원회 등이 계약해지를 하면 위약금이 발생한다며 계약유지를 권유하자, 甲이 乙 지역주택조합 추진위원회 등을 상대로 조합가입계약 취소 및 계약금 반환을 구한 사안에서, 乙 지역주택조합 추진위원회 등이 甲과...","甲이 乙 지역주택조합에 가입하기 위해 제1차 계약금을 납부하였다가 다음 날 조합 가입을 철회하려 하였으나, 乙 지역주택조합 추진위원회 등이 철회가 불가능하다고 하여 甲이 다시 계약을 진행하기로 하고 조합가입계약서를 작성한 다음 제2차 계약금을 지급하였는데, 이후 甲이 중도금 대출이 실행되지 않아 乙 지역주택조합 추진위원회 등과 전화상담을 하였고, 乙 지역주택조합 추진위원회 등이 계약해지를 하면 위약금이 발생한다며 계약유지를 권유하자, 甲이 乙 지역주택조합 추진위원회 등을 상대로 조합가입계약 취소 및 계약금 반환을 구한 사안이다. 乙 지역주택조합 추진위원회 등이 甲과 조합가입계약서를 작성하면서 ""가입철회, 조합탈퇴 및 환급에 관한 사항""을 설명하지 않은 점, 甲이 제1차 계...","주택법 제11조의4 제1항 , 제11조의6 제2항 , 제6항 , 주택법 시행령 제24조의3 제2항 , 민법 제110조 , 제741조",없음,"주택, 아파트, 계약금, 중도금, 지역주택조합, 조합가입, 조합원, 분담금, 기망, 손해배상, 기각, 반환",전문 원문: https://www.law.go.kr/LSW/precInfoP.do?precSeq=239817,civil_fraud_duress,민법 제110조 사기·강박에 의한 의사표시,civil_fraud_duress|민법 제110조 사기·강박에 의한 의사표시; civil_nonperformance_damages|민법 제390조 채무불이행 손해배상; civil_sale_effect|민법 제568조 매매의 효력
165,CASE_2005_00165,2005고합87,특정경제범죄가중처벌등에관한법률위반(사기)·공문서위조·위조공문서행사·사기·사기미수·변호사법위반·공인위조·사문서위조·위조사문서행사·위증·위증교사·허위감정·배임수재·배상신청,의정부지방법원,2005-08-19,형사,판결,1심,유죄(징역형),"24호)을 피고인 3으로부터, 인쇄용 필름 4개(증 제72호), 붓 1개(증 제74호), 인쇄용 실크판 1개(증 제77호)를 피고인 9로부터, 토지분할신청서 원본 1장(증 제106호), 세금영수증 원본 1장(증 제107호), 토지매도증서 원본 1장(증 제112호)을 피고인 4로부터 각 몰수한다. 피고인 3으로부터 990,000,000원을, 피고인 6으로부터 26,000,000원을 각 추징한다. 배상신청인들의 신청을 각하한다. 【이 유】 【범죄사실】 피고인 1은","피고인 1은 1999. 12. 28. 서울지방법원에서 공정증서원본불실기재죄 등으로 징역 2년을 선고받고 그 형의 집행 중 2000. 11. 20. 가석방되어 2001. 1. 4. 그 남은 형기가 경과된 자이고, 피고인 3은 2000. 6. 13. 같은 법원에서 공문서위조죄 등으로 징역 10월을 선고받아 2000. 6. 23. 그 형의 집행을 종료한 자이고, 피고인 4는 2000. 5. 3. 같은 법원에서 사문서위조죄 등으로 징역 2년 4월을, 2000. 6. 26. 수원지방법원에서 사기죄로 징역 10월을 각 선고받아 2001. 8.",원문 참조,없음,"부동산, 토지, 임야, 매수, 매도, 소유권이전, 소유권보존, 등기, 공정증서원본불실기재, 사기, 기망, 편취",전문 원문: https://www.law.go.kr/LSW/precInfoP.do?precSeq=77961,aggravated_economic_crime,특정경제범죄 가중처벌 등에 관한 법률 제3조,aggravated_economic_crime|특정경제범죄 가중처벌 등에 관한 법률 제3조; criminal_fraud|형법 제347조 사기죄; embezzlement_breach_of_trust|형법 제355조·제356조 횡령·배임; civil_fraud_duress|민법 제110조 사기·강박에 의한 의사표시; civil_sale_effect|민법 제568조 매매의 효력
166,CASE_2022_00166,2022가단5123215(반소),임대차보증금반환,서울중앙지방법원,2022-09-30,민사,판결,1심,일부인용,"30.까지는 연 5%의, 그 다음 날부터 다 갚는 날까지는 연 12%의 각 비율로 계산한 돈을 지급하라. 2. 반소원고의 나머지 반소 청구를 기각한다. 3. 소송비용 중 9/10은 반소원고가, 나머지는 반소피고가 각 부담한다. 4. 제1항은 가집행할 수 있다. 【청구취지】 반소피고는 반소원고에게 37,380,000원과 이에 대한 2022. 3. 1.부터 이 사건 반소장 부본 송달일까지는 연 5%의, 그 다음 날부터 다 갚는 날까지는 연 12%의 각 비율로 계산","1 경 씨제이대한통운 주식회사(이하 ‘씨제이대한통운’이라 한다)로부터 그 소유이던 별지 부동산 목록 기재 각 토지 및 건물(이하 ‘이 사건 부동산’이라 한다)을 임대차보증금 4,000만 원, 차임 월 400만 원(부가가치세 별도), 임대차기간 2017. 11. 1.부터 2019. 10. 31.까지로 정하여 임차하였다. 이후 반소원고와 씨제이대한통운은 2019. 10. 31.경 위와 동일한 조건으로 하여 임대차기간을 1년 연장(2019. 11. 1.부터 2020. 10. 31.까지)하기로 약정하였다. 나. 반소피고는 2020. 4. 23. 씨제이대한통운으로부터 이 사건 부동산을 매수하여 2020. 5. 28. 그 소유권이전등기를 마쳤다.",원문 참조,없음,"부동산, 상가, 토지, 건물, 임대차, 보증금, 임대인, 임차인, 임대차계약, 임차보증금, 매수, 소유권이전",전문 원문: https://www.law.go.kr/LSW/precInfoP.do?precSeq=238851,civil_lease_definition,민법 제618조 임대차의 의의,civil_sale_effect|민법 제568조 매매의 효력; civil_lease_definition|민법 제618조 임대차의 의의
167,CASE_2023_00167,2022가합5213,배당이의,광주지방법원 장흥지원,2023-06-20,민사,판결,1심,청구기각,"유한) 맥 담당변호사 문방진) 【피 고】 강진군 (소송대리인 변호사 길탁균) 【변론종결】 2023. 5. 16. 【주 문】 1. 원고의 청구를 기각한다. 2. 소송비용은 원고가 부담한다. 【청구취지】 광주지방법원 장흥지원 2020타경1039 부동산임의경매 사건에 관하여 위 법원이 2022. 8. 29. 작성한 배당표 중 원고에 대한 배당액 272,066,849원을 506,768,592원으로, 피고에 대한 배당액 596,195,227원을 361,493,484원으로","1. 기초사실 가. 피고의 보조금 교부 및 근저당권설정등기 1) 피고는 2013. 3. 6.경 주식회사 △△△(이하 ‘소외 1 회사’라 한다)에 ‘(사업명 생략)’에 따른 보조금 990,945,000원(이하 ‘이 사건 보조금’이라 한다)을 지급하였다. 2) 피고는 보조금 유용 등에 대비하기 위하여 소외 1 회사 소유의 전라남도 강진군 (지번 1 생략) 외 3필지 지상 건물(이하 ‘이 사건 공장건물’이라 한다) 및 기계설비 등( 공장 및 광업재단 저당법 제6조 목록 제2013-7호)에 관하여 광주지방법원 강진등기소 2013",원문 참조,없음,"부동산, 건물, 매매, 등기, 근저당, 저당권, 담보, 경매, 배당, 배당요구, 배당이의, 허위",전문 원문: https://www.law.go.kr/LSW/precInfoP.do?precSeq=607625,civil_sale_effect,민법 제568조 매매의 효력,civil_sale_effect|민법 제568조 매매의 효력; civil_lease_definition|민법 제618조 임대차의 의의
168,CASE_2021_00168,2021다257743,계약금등반환청구의소,대법원,2021-10-28,민사,판결,상고심,파기환송,"[1] 상품의 허위·과장광고가 기망행위가 되는 경우 및 지역주택조합의 설립인가를 위한 조합원 모집에서 거래의 중요한 사항에 관한 구체적 사실을 비난받을 정도의 방법으로 허위로 고지하였는지 판단하는 기준 [2] 주택법상 지역주택조합의 조합원이 된 사람이 사업 추진 과정에서 조합규약이나 사업계획 등에 따라 당초 체결한 조합가입계약의 내용과 다르게 조합원의 권리·의무가 변경될 수 있음을 전제로 조합가입계약을 체결한 경우, 그러한 권리·의무의 변경을 계약 불이행으로 보아 조합가입계약을 해제할 수 있는지 여부 (원칙적 소극) [3] 사정변경을 근거로 한 계약해제가 인정되는 경...","상고이유를 판단한다. 1. 상고이유 제1점 가. 원심은, ① 조합설립인가 시 신고된 조합원 517명 중 238명은 확정적으로 피고의 조합원이 되었다고 볼 수 없고, 남은 279명만으로는 지역주택조합 설립인가 조건인 주택건설 예정 세대수 988세대의 50%에 미치지 못하는데도, 2017. 6. 1.경부터 ‘조합원 모집 마감이 임박하였다.’는 취지의 언론홍보가 시작되고, 동일한 취지의 광고 문구가 기재된 분양광고가 제작된 사정 등에 비추어 보면, 피고는 2017. 6. 17.부터 2017. 7. 20.까지 사이에 이 사건 조합가입계약을 체결하면서 원고들에게 ‘조합원","[1] 민법 제110조 , 주택법 제2조 제11호 (가)목 , 제11조 , 주택법 시행령 제20조 제7항 [2] 민법 제543조 [3] 민법 제2조 , 제543조","[1] 대법원 2008. 11. 27. 선고 2008다56118 판결 (공2008하, 1785) / [2] 대법원 2019. 11. 14. 선고 2018다212467 판결 / [3] 대법원 2014. 6. 12. 선고 2013다75892 판결","주택, 아파트, 토지, 매수, 계약금, 분양, 지역주택조합, 조합가입, 조합원, 분담금, 사기, 기망",전문 원문: https://www.law.go.kr/LSW/precInfoP.do?precSeq=223375,civil_fraud_duress,민법 제110조 사기·강박에 의한 의사표시,civil_fraud_duress|민법 제110조 사기·강박에 의한 의사표시; civil_sale_effect|민법 제568조 매매의 효력
169,CASE_2004_00169,2003나3660,배당이의,대구고등법원,2004-08-18,민사,판결,2심,1. 제1심판결을 취소한다. 2. 대구지방법원 2001타경32557호 부동산임의경매사건에 관하여 같은 법원이 2002. 8....,"2002가합15997 판결 【변론종결】 2004. 2. 25. 【주 문】 1. 제1심판결을 취소한다. 2. 대구지방법원 2001타경32557호 부동산임의경매사건에 관하여 같은 법원이 2002. 8. 8. 작성한 배당표 중 피고에 대한 배당액 금 82,974,516원을 삭제한다. 3. 소송비용은 제1, 2심 모두 피고의 부담으로 한다. 【청구취지 및 항소취지】 제1심판결을 취소한다. 대구지방법원 2001타경32557호 부동산임의경매사건에 관하여 같은 법원이 200","8호증의 각 1, 2, 제12호증, 제22호증의 1 내지 7, 제23, 24호증의 각 기재에 변론 전체의 취지를 종합하여 인정할 수 있다. 가. 원고의 명의로 소유권이전등기가 경료되어 있던 별지목록 기재 각 부동산(이하 ‘이 사건 부동산’이라고 한다.)에 관하여, ① 대구지방법원 청도등기소 1994. 9. 16. 접수 제19007호로 근저당권자 피고(변경전 상호 : 풍각농업협동조합), 채무자 소외 1, 채권최고액 금 45,000,000원으로 하는 근저당권설정등기(이하 ‘이 사건 1번 근저당권’이라고 한다.) 및 ② 같은 등기소 1997. 3. 29. 접수 제4810호로 근저당권자 피고, 채무자 원고, 채권최고액 금 70,000,000원",원문 참조,없음,"부동산, 매매, 소유권이전, 등기, 근저당, 저당권, 담보, 경매, 배당, 배당이의, 허위, 취소",전문 원문: https://www.law.go.kr/LSW/precInfoP.do?precSeq=77829,civil_sale_effect,민법 제568조 매매의 효력,civil_sale_effect|민법 제568조 매매의 효력; civil_lease_definition|민법 제618조 임대차의 의의
170,CASE_2005_00170,"2005노45,2005노730(병합),2005노1408(병합),2005노2155(병합)",사기·자격모용사문서작성·자격모용작성사문서행사·부동산등기특별조치법위반·국토의계획및이용에관한법률위반·부동산중개업법위반·법무사법위반·부동산실권리자명의등기에관한법률위반,서울중앙지방법원,2005-08-18,형사,판결,2심,유죄(징역형),")【주 문】 제1원심판결, 제2원심판결 중 피고인 A, C, D, E에 대한 부분, 제3원심판결, 제4원심판결 중 피고인 C에 대한 부분을 각 파기한다. 피고인 A를 징역 1년 10월에, 피고인 C를 벌금 3,000만 원에, 피고인 D를 벌금 1,500만 원에, 피고인 E를 벌금 2,000만 원에 각 처한다. 피고인 C, D, E가 위 각 벌금을 납입하지 아니하는 경우 각 금 10만 원을 1일로 환산한 기간 위 피고인들을 노역장에 각 유치한다. 피고인 A에 대하","】 1. 항소이유의 요지 가. 사실오인 ⑴ 피고인 A (제3원심판결에 대하여) 위 피고인은 피해자 H로부터 성남시 분당구 I, J, K 소재 논 305평에 대한 매매대금 2억 4,400만 원을 편취한 사실이 없음에도, 원심은 사실을 오인하여 이 사건 공소사실을 유죄로 인정한 잘못을 저질렀다. ⑵ 피고인 F (제2원심판결에 대하여) 이 사건 공소사실 중 부동산등기특별조치법위반의 점 및 국토의계획및이용에관한법률위반의 점은 원심 공동피고인 L에게 성남시 분당구 동원동 M, N 임야의 매수자금으로 2억 4천만 원을 대여하여 준 뒤, 위 대여금을 회수하기 위하여 위 동원동 M, N 임야의 일부를 매수하고자 하는 O, P, Q를 위 L에게 소개한",원문 참조,없음,"부동산, 토지, 임야, 매매, 매수, 매매대금, 토지거래허가, 자격모용, 등기, 명의신탁, 부동산실권리자, 부동산등기특별조치법",전문 원문: https://www.law.go.kr/LSW/precInfoP.do?precSeq=191949,criminal_fraud,형법 제347조 사기죄,criminal_fraud|형법 제347조 사기죄; civil_sale_effect|민법 제568조 매매의 효력
171,CASE_2021_00171,2021다238650,구상금등청구의소,대법원,2021-10-28,민사,판결,상고심,파기환송,"주택의 공동임차인 중 1인이 주택임대차보호법 제3조 제1항 에서 정한 대항력 요건을 갖춘 상태에서 임차 건물이 양도되는 경우, 공동임차인에 대한 보증금반환채무 전부가 임대인의 지위를 승계한 양수인에게 이전되고 양도인의 채무가 소멸하는지 여부 (원칙적 적극) 및 이러한 법리는 계약당사자 사이에 공동임차인의 임대차보증금 지분을 별도로 정한 경우에도 마찬가지인지 여부 (적극)","주택의 공동임차인 중 1인이라도 주택임대차보호법 제3조 제1항 에서 정한 대항력 요건을 갖추게 되면 그 대항력은 임대차 전체에 미치므로, 임차 건물이 양도되는 경우 특별한 사정이 없는 한 공동임차인에 대한 보증금반환채무 전부가 임대인 지위를 승계한 양수인에게 이전되고 양도인의 채무는 소멸한다. 이러한 법리는 계약당사자 사이에 공동임차인의 임대차보증금 지분을 별도로 정한 경우에도 마찬가지이다. 공동임차인으로서 임대차계약을 체결한 것은 기본적으로 임대차계약에 따른 권리ㆍ의무를 함께하겠다는 것이고, 임대차보증금에 관한 지분을 정하여 그 지분에 따라 임대차보증금을 지급하거나 반환받기로 약정하였다고 하더라도 임대차계약 자체를 지분에 따라 분리하겠다는 것이라고 볼 수는 없다. 공동임...",주택임대차보호법 제3조 제1항,없음,"부동산, 주택, 아파트, 건물, 임대차, 보증금, 임대인, 임차인, 주택임대차, 임대차계약, 매매, 매매계약",전문 원문: https://www.law.go.kr/LSW/precInfoP.do?precSeq=218441,civil_lease_definition,민법 제618조 임대차의 의의,civil_nonperformance_damages|민법 제390조 채무불이행 손해배상; civil_sale_effect|민법 제568조 매매의 효력; civil_lease_definition|민법 제618조 임대차의 의의
172,CASE_2010_00172,2010다21702,소유권이전등기말소등기,대법원,2010-07-22,민사,판결,상고심,파기환송,"[1] 부동산에 관한 소유권이전등기의 추정력 [2] 국가가 매수토지에 관한 소유권이전등기를 촉탁하면서 그 등기촉탁서에 등기의무자의 부동산 매도용 인감증명서만 첨부하고 그의 승낙서를 첨부하지 않은 사안에서, 위 소유권이전등기는 그 등기절차가 적법하게 진행되지 않은 것으로 볼 만한 의심스러운 사정이 있고, 위 등기의무자의 인감증명서를 부동산등기법 제36조 제1항 의 승낙서와 동일한 것으로 취급하여야 할 아무런 근거도 없으므로, 그 추정력이 깨어졌다고 본 원심의 판단이 정당하다고 한 사례 [3] 매도인이 토지가 이미 매도되었음을 전제로 매수인에게 그 등기이전에 협력한다는...","상고이유를 판단한다. 1. 상고이유 제1점에 대하여 부동산에 관하여 소유권이전등기가 마쳐져 있는 경우 그 등기명의자는 제3자에 대하여서뿐만 아니라 그 전 소유자에 대하여서도 적법한 절차 및 원인에 의하여 소유권을 취득한 것으로 추정되므로, 그 절차 및 원인이 부당하여 그 등기가 무효라는 사실은 이를 주장하는 자에게 입증책임이 있으나, 등기절차가 적법하게 진행되지 아니한 것으로 볼 만한 의심스러운 사정이 있음이 입증되는 경우에는 그 추정력은 깨어진다( 대법원 2000. 3. 10. 선고 99다65462 판결 , 대법원 2008. 3. 27. 선고","[1] 민법 제186조 , 민사소송법 제202조 , 제288조 [2] 민법 제186조 , 민사소송법 제202조 , 부동산등기법 제36조 제1항 [3] 민법 제2조 , 제186조 , 민사소송법 제248조","[1] 대법원 2000. 3. 10. 선고 99다65462 판결 (공2000상, 944), 대법원 2003. 2. 28. 선고 2002다46256 판결 (공2003상, 916), 대법원 2008. 3. 27. 선고 2007다91756 판결","부동산, 주택, 아파트, 토지, 건물, 매매, 매수, 매도, 매매계약, 매매대금, 소유권이전, 소유권보존",전문 원문: https://www.law.go.kr/LSW/precInfoP.do?precSeq=146662,civil_sale_effect,민법 제568조 매매의 효력,civil_sale_effect|민법 제568조 매매의 효력
173,CASE_1993_00173,92나10927,건물명도,부산지법,1993-07-01,민사,판결,2심,항소기각,임대차계약체결 당시 이미 임대인 본인이 사망하여 대리권이 소멸하였으나 민법 제129조 소정의 표현대리의 성립을 인정할 수 있다고 한 사례,"갑 제1호증(등기부등본), 갑 제2호증(가옥대장등본), 갑 제3호증(호적등본), 을 제1호증(전세계약서)의 각 기재와 원심증인 소외 1, 소외 7의 각 증언에 변론의 전취지를 종합하면, 별지목록 기재의 이 사건 아파트는 1990.4.27.자로 망 소외인 앞으로 소유권이전등기가 경료되어 있는 사실, 그런데 위 망인은 1991.8.30. 사망하여 그 처인 원고를 비롯하여 그 자녀들인 소외 2, 소외 3, 소외 4, 소외 5가 공동재산상속인이 된 사실, 한편 피고는 위 아파트를 1991.9.4.",민법 제129조,없음,"부동산, 주택, 아파트, 건물, 임대차, 전세, 보증금, 임대인, 임차인, 임대차계약, 임차보증금, 매매",전문 원문: https://www.law.go.kr/LSW/precInfoP.do?precSeq=227627,civil_lease_definition,민법 제618조 임대차의 의의,civil_sale_effect|민법 제568조 매매의 효력; civil_lease_definition|민법 제618조 임대차의 의의
174,CASE_2016_00174,"2015고합1046, 2016고합351(병합)",특정경제범죄가중처벌등에관한법률위반(배임)·특정경제범죄가중처벌등에관한법률위반(사기)·특정경제범죄가중처벌등에관한법률위반(증재등)·사문서위조·위조사문서행사·특정경제범죄가중처벌등에관한법률위반(수재등),서울중앙지방법원,2016-09-02,형사,판결,1심,유죄(징역형),"】 【범죄사실】 『2015고합1046』 피고인 1은 2014. 8. 20. 서울 금천구 (주소 2 생략)□□□□□□□□◇◇◇◇◇ 소재 ☆☆☆☆☆공인중개사 사무실에서 피해자 공소외 6, 공소외 7과 사이에, 피해자들에게 피고인 1 및 공소외 1, 공소외 2, 공소외 3 공동 소유인 서울 금천구 (주소 생략)외 1필지 ○○○○ 지하 1층 △△△호 건물 및 그 토지 지분(이하, ‘이 사건 부동산’ 이라 한다)을 매도하는 계약(이하 ‘이 사건 매매계약’이라 한다)을 체","『2015고합1046』 피고인 1은 2014. 8. 20. 서울 금천구 (주소 2 생략)□□□□□□□□◇◇◇◇◇ 소재 ☆☆☆☆☆공인중개사 사무실에서 피해자 공소외 6, 공소외 7과 사이에, 피해자들에게 피고인 1 및 공소외 1, 공소외 2, 공소외 3 공동 소유인 서울 금천구 (주소 생략)외 1필지 ○○○○ 지하 1층 △△△호 건물 및 그 토지 지분(이하, ‘이 사건 부동산’ 이라 한다)을 매도하는 계약(이하 ‘이 사건 매매계약’이라 한다)을 체결하였다. 피고인 1은 피해자들로부터 계약 당일 계약금 2억 원을, 2014. 9. 30. 중도금 6억 원을, 2014. 11. 30.에 이 사건 부동산에 관한",원문 참조,없음,"부동산, 토지, 건물, 임대차, 임대차계약, 매매, 매수, 매도, 매매계약, 계약금, 중도금, 잔금",전문 원문: https://www.law.go.kr/LSW/precInfoP.do?precSeq=202100,aggravated_economic_crime,특정경제범죄 가중처벌 등에 관한 법률 제3조,aggravated_economic_crime|특정경제범죄 가중처벌 등에 관한 법률 제3조; criminal_fraud|형법 제347조 사기죄; embezzlement_breach_of_trust|형법 제355조·제356조 횡령·배임; civil_sale_effect|민법 제568조 매매의 효력; civil_lease_definition|민법 제618조 임대차의 의의; realtor_prohibited_acts|공인중개사법 제33조 금지행위
175,CASE_2022_00175,2017도3829,횡령,대법원,2022-06-23,형사,판결,상고심,파기환송,"[1] 채권양도인이 채무자에게 채권양도 통지를 하는 등으로 채권양도의 대항요건을 갖추어 주지 않은 채 채무자로부터 양도한 채권을 추심하여 수령한 금전에 관하여 채권양수인을 위해 보관하는 자의 지위에 있는지 여부 (소극) 및 채권양도인이 위 금전을 임의로 처분한 경우 횡령죄가 성립하는지 여부 (소극) [2] 건물의 임차인인 피고인이 임대인 甲에 대한 임대차보증금반환채권을 乙에게 양도하였는데도 甲에게 채권양도 통지를 하지 않고 甲으로부터 남아 있던 임대차보증금을 반환받아 보관하던 중 개인적인 용도로 사용하여 이를 횡령하였다는 내용으로 기소된 사안에서, 임대차보증금으로 받...","[1] [다수의견] 채권양도인이 채무자에게 채권양도 통지를 하는 등으로 채권양도의 대항요건을 갖추어 주지 않은 채 채무자로부터 채권을 추심하여 금전을 수령한 경우, 특별한 사정이 없는 한 금전의 소유권은 채권양수인이 아니라 채권양도인에게 귀속하고 채권양도인이 채권양수인을 위하여 양도 채권의 보전에 관한 사무를 처리하는 신임관계가 존재한다고 볼 수 없다. 따라서 채권양도인이 위와 같이 양도한 채권을 추심하여 수령한 금전에 관하여 채권양수인을 위해 보관하는 자의 지위에 있다고 볼 수 없으므로, 채권양도인이 위 금전을 임의로 처분하더라도 횡령죄는 성립하지 않는다. 구체적인 이유는 다음과 같다. (가) 채권양도에 의하여 양도된 채권이 동일성을 잃지 않고 채권양도인으로부터 채권양수...","[1] 형법 제355조 제1항 [2] 형법 제355조 제1항 , 형사소송법 제325조","[1] 대법원 1999. 4. 15. 선고 97도666 전원합의체 판결(공1999상, 978)(변경) , 대법원 2007. 5. 11. 선고 2006도4935 판결(변경) , 대법원 2014. 1. 16. 선고 2013도11014 판결","부동산, 건물, 임대차, 보증금, 임차권, 임대인, 임차인, 매매, 분양, 분양권, 등기, 횡령",전문 원문: https://www.law.go.kr/LSW/precInfoP.do?precSeq=223303,embezzlement_breach_of_trust,형법 제355조·제356조 횡령·배임,embezzlement_breach_of_trust|형법 제355조·제356조 횡령·배임; civil_sale_effect|민법 제568조 매매의 효력; civil_lease_definition|민법 제618조 임대차의 의의
176,CASE_2016_00176,2015고합88,배임수재ㆍ부동산가격공시및감정평가에관한법률위반ㆍ배임증재,서울중앙지방법원,2016-09-29,형사,판결,1심,유죄(징역형),"사’라고 한다)의 감정평가사이고, 피고인 5 회사는 감정평가업 등을 목적으로 설립된 법인이며, 피고인 4는 서울 용산구 (주소 생략)에 있는 (아파트명 생략) 아파트(이하 ‘이 사건 아파트’라고 한다)의 임차인으로서 이 사건 아파트 분양전환 대책위원회의 위원장이다. 이 사건 아파트는 시행사이자 소유자인 ○○○○ 주식회사(이하 ‘○○○○’라고 한다)에서 2009년경부터 신축하여 2011년경 완공한 민간건설 임대주택이고, ○○○○는 2009. 2.경 임차인 모집공고","하 ‘공소외 2 회사’라고 한다)의 감정평가사이고, 피고인 5 회사는 감정평가업 등을 목적으로 설립된 법인이며, 피고인 4는 서울 용산구 (주소 생략)에 있는 (아파트명 생략) 아파트(이하 ‘이 사건 아파트’라고 한다)의 임차인으로서 이 사건 아파트 분양전환 대책위원회의 위원장이다. 이 사건 아파트는 시행사이자 소유자인 ○○○○ 주식회사(이하 ‘○○○○’라고 한다)에서 2009년경부터 신축하여 2011년경 완공한 민간건설 임대주택이고, ○○○○는 2009. 2.경 임차인 모집공고를 통하여 임차인을 모집한 후 2011. 1.경 당첨된 임차인들과 사이에 임대차 기간을 5년으로 정하여 임대차계약을 체결하였다. 한편, 관련 법령에 따르면 위 임",원문 참조,없음,"부동산, 주택, 아파트, 임대차, 전세, 보증금, 임차인, 임대차계약, 매매, 분양, 배임",전문 원문: https://www.law.go.kr/LSW/precInfoP.do?precSeq=218429,embezzlement_breach_of_trust,형법 제355조·제356조 횡령·배임,embezzlement_breach_of_trust|형법 제355조·제356조 횡령·배임; civil_sale_effect|민법 제568조 매매의 효력; civil_lease_definition|민법 제618조 임대차의 의의
177,CASE_2019_00177,2018나23581,손해배상(기),광주고법,2019-04-05,민사,판결,2심,청구기각,"甲은 乙과 사실혼 관계에 있었고, 乙은 丙 주식회사의 이사로 등재되어 있지 않으면서 운영에 관여해 왔는데, 甲과 乙이, 甲과 丙 회사 명의로 丙 회사가 甲에게 丙 회사의 부동산을 분양하기로 하는 내용의 분양계약서를 작성한 후 乙이 丙 회사의 인장을 날인한 사안에서, 위 분양계약 체결 행위는 무권대리행위로서 무효이고, 丙 회사가 이를 추인하였다고 인정하기에 부족하므로, 결국 甲과 丙 회사 명의로 체결된 분양계약은 무효라고 한 사례","甲은 乙과 사실혼 관계에 있었고, 乙은 丙 주식회사의 이사로 등재되어 있지 않으면서 운영에 관여해 왔는데, 甲과 乙이, 甲과 丙 회사 명의로 丙 회사가 甲에게 丙 회사의 부동산을 분양하기로 하는 내용의 분양계약서를 작성한 후 乙이 丙 회사의 인장을 날인한 사안이다. 乙이 丙 회사의 대표자이거나 丙 회사로부터 분양계약서 작성 등에 관한 권한을 개별적·구체적으로 위임 또는 승낙을 받았다고 인정하기에 부족하므로, 乙이 丙 회사 명의로 한 분양계약 체결 행위는 무권대리행위로서 무효이고, 乙과 丙 회사의 명의로 乙의 채권자인 甲에게 채무변제에 갈음하여 부동산을 무상분양하기로 하는 내용의 합의각서가 작성되기는 하였으나 제반 사정 등에 비추어, 丙 회사가 乙의 무권대리행위가 있음을 알...","상법 제209조 제1항 , 제389조 제3항 , 제395조 , 민법 제130조 , 제139조",없음,"부동산, 주택, 아파트, 임대차, 보증금, 매매, 매매대금, 소유권이전, 분양, 분양대금, 분양계약, 등기",전문 원문: https://www.law.go.kr/LSW/precInfoP.do?precSeq=206272,civil_lease_definition,민법 제618조 임대차의 의의,civil_nonperformance_damages|민법 제390조 채무불이행 손해배상; civil_sale_effect|민법 제568조 매매의 효력; civil_lease_definition|민법 제618조 임대차의 의의
178,CASE_2025_00178,2023다296643,건물인도,대법원,2025-03-13,민사,판결,상고심,파기환송,"[1] 신탁법 제4조 제1항 의 규정 취지 및 위 조항이 적용되는 신탁계약에서 계약의 내용이 신탁원부에 기재되어 부동산등기법 제81조 제3항 에 따라 등기기록의 일부로 보게 된 경우, 신탁재산의 구성에 관한 사항 외의 것으로도 제3자에게 대항할 수 있는지 여부 (원칙적 소극) [2] 甲이 상가건물인 부동산의 일부에 관하여 임대차계약을 체결하고 임차목적물을 인도받아 사업자등록을 마친 후 그 계약기간을 갱신하여 왔는데, 위 부동산을 매수하여 소유권이전등기를 마친 乙 주식회사 등이 丙 신탁회사와 담보신탁계약을 체결하여 丙 회사에 신탁계약을 원인으로 하는 소유권이전등기를 마...","음과 같다. 가. 피고는 상가건물인 이 사건 부동산 1층 중 원심판결 별지 도면 표시 (가) 부분(이하 ‘이 사건 임차목적물’이라 한다)에 관하여 당시 소유자와 임대차계약을 체결하고 임차목적물을 인도받아 사업자등록을 마쳤으며, 이후 계약기간이 갱신되어 왔다. 나. 원고들은 2022. 2. 17. 당시 소유자로부터 이 사건 부동산을 매수한 다음, 2022. 8. 16. 그 매매를 원인으로 한 소유권이전등기를 마쳤다. 원고들은 2022. 8. 16. 이 사건 부동산에 관하여 주식회사 무궁화신탁(이하 ‘무궁화신탁’이라 한다)과 담보신탁계약(이하 ‘이 사건 신탁계약’이라 한다)을 체결하고 무궁화신탁에 이 사건 신탁계약을 원인으로 한 소유권이전등","[1] 신탁법 제4조 제1항 , 부동산등기법 제81조 제3항 [2] 신탁법 제4조 제1항 , 부동산등기법 제81조 제3항 , 상가건물 임대차보호법 제3조 제1항 , 제2항","[1] 대법원 2025. 2. 13. 선고 2022다233164 판결 (공2025상, 544)","부동산, 상가, 건물, 임대차, 보증금, 임대인, 임차인, 임대차계약, 매매, 매수, 소유권이전, 등기",전문 원문: https://www.law.go.kr/LSW/precInfoP.do?precSeq=609535,civil_lease_definition,민법 제618조 임대차의 의의,civil_sale_effect|민법 제568조 매매의 효력; civil_lease_definition|민법 제618조 임대차의 의의
179,CASE_2020_00179,2019나12591,근저당권말소,광주고등법원(전주),2020-05-07,민사,판결,2심,항소기각,"2020. 5. 7.까지는 연 5%, 그 다음날부터 다 갚는 날까지는 연 12%의 각 비율로 계산한 돈을 지급하라. 2. 원고의 나머지 항소를 기각한다. 3. 소송 총비용은 피고가 부담한다. 4. 제1항의 금원지급 부분은 가집행할 수 있다. 【청구취지 및 항소취지】 제1심판결을 취소한다. 피고는 원고에게 632,331,951원과 이에 대하여 소장부본 송달 다음날부터 다 갚는 날까지 연 12%의 비율로 계산한 돈을 지급하라(원고는 이 법원에서 지연손해금을 연 15","1. 부당이득반환청구에 관한 판단 가. 원고의 주장 원고는 대부업자인 피고로부터 별지1 대여금 채권 기재와 같이 금원을 차용하였고, 별지2 변제금 기재와 같이 원리금을 변제하였다. 그런데 대부업 등의 등록 및 금융이용자 보호에 관한 법률(이하 ‘대부업법’이라 한다)에 따른 제한이자율을 적용하여 원고의 변제금을 차용원리금에 충당하면 원고가 피고에게 988,371,572원을 초과하여 변제한 결과가 되므로, 피고는 원고에게 위 988,321,572원의 일부인 632,331,951원과 이에",원문 참조,없음,"부동산, 임야, 건물, 빌라, 전세, 전세금, 전세권, 매매, 매수, 매매계약, 등기, 근저당",전문 원문: https://www.law.go.kr/LSW/precInfoP.do?precSeq=614507,civil_lease_definition,민법 제618조 임대차의 의의,civil_sale_effect|민법 제568조 매매의 효력; civil_lease_definition|민법 제618조 임대차의 의의
180,CASE_2025_00180,2022다247378,구상금등[개인파산절차에서 면책결정의 효력이 우선변제권 있는 임대차보증금반환청구권에 미치는지 문제된 사건],대법원,2025-06-12,민사,판결,상고심,"원심판결 중 피고 패소 부분과 이에 해당하는 구상금청구 부분을 파기하고, 이 부분 사건을 서울남부지방법원에 환송한다.","채무자 회생 및 파산에 관한 법률 제564조 에 의한 면책결정의 효력이 우선변제권이 인정되는 부분을 포함하여 주택임차인의 보증금반환채권 전부에 미치는지 여부 (적극) 및 주택임차인이 보증금반환채권 중 우선변제권이 인정되는 부분조차 변제받지 못한 상태에서 파산절차가 폐지되고 면책결정이 확정된 경우, 주택임차인이 채무자를 상대로 보증금반환채권의 이행을 소구할 수 있는지 여부 (소극)","채무자 회생 및 파산에 관한 법률(이하 ‘법’이라고 한다) 제566조 는 ""면책을 받은 채무자는 파산절차에 의한 배당을 제외하고는 파산채권자에 대한 채무의 전부에 관하여 그 책임이 면제된다. 다만 다음 각호의 청구권에 대하여는 책임이 면제되지 아니한다.""라고 규정하면서 각호에서 파산채권에 해당하는 법 제415조 의 주택임대차보호법상 대항요건 및 확정일자를 갖춘 주택임차인이 채무자에 대하여 가지는 보증금반환채권을 면책에서 제외되는 청구권으로 규정하고 있지 않고, 위 보증금반환채권 중 우선변제권이 인정되는 부분 역시 마찬가지이므로, 법 제564조 에 의한 면책결정의 효력은 우선변제권이 인정되는 부분을 포함하여 주택임차인의 보증금반환채권 전부에 미친다. 따라서 법 제415조 에...","채무자 회생 및 파산에 관한 법률 제415조 , 제564조 , 제566조",없음,"주택, 임대차, 전세, 보증금, 임대인, 임차인, 주택임대차, 임대차계약, 담보, 배당, 파기, 반환",전문 원문: https://www.law.go.kr/LSW/precInfoP.do?precSeq=606789,civil_lease_definition,민법 제618조 임대차의 의의,civil_nonperformance_damages|민법 제390조 채무불이행 손해배상; civil_lease_definition|민법 제618조 임대차의 의의
181,CASE_2023_00181,2022가단5265355,임대차보증금반환,서울중앙지방법원,2023-12-06,민사,판결,1심,원고승소,"다. 【이 유】 1. 기초사실 가. 소외 1은 2017. 2. 8. 소외 2와 소외 2 소유의 천안시 서북구 (이하 생략)(이하 ‘이 사건 부동산’이라 한다)를 임대차보증금 95,000,000원, 임대차기간 2017. 2. 27.부터 2019. 2. 26.까지로 정하여 임차하는 내용의 임대차계약(이하 ‘이 사건 임대차계약’이라 한다)을 체결하고, 2017. 3. 20. 확정일자를 받았으며, 2017. 2. 27. 전입신고를 마쳤다. 나. 소외 1은 2017. 2. 27.경 원고와 ‘임대차보증금 반환사유(임대차기간 종료 등)가 발생하","1. 기초사실 가. 소외 1은 2017. 2. 8. 소외 2와 소외 2 소유의 천안시 서북구 (이하 생략)(이하 ‘이 사건 부동산’이라 한다)를 임대차보증금 95,000,000원, 임대차기간 2017. 2. 27.부터 2019. 2. 26.까지로 정하여 임차하는 내용의 임대차계약(이하 ‘이 사건 임대차계약’이라 한다)을 체결하고, 2017. 3. 20. 확정일자를 받았으며, 2017. 2. 27. 전입신고를 마쳤다. 나. 소외 1은 2017. 2. 27.경 원고와 ‘임대차보증금 반환사유(임대차기간 종료 등)가 발생하였음에도 임대인이 보증금 반환을 지체할 경우 원고가 소외 1에게 임대차보증금 상당 금액을 지급’하기로 하는",원문 참조,없음,"부동산, 주택, 임차주택, 임대차, 전세, 보증금, 전세금, 임차권, 임대인, 임차인, 주택임대차, 임대차계약",전문 원문: https://www.law.go.kr/LSW/precInfoP.do?precSeq=606119,civil_lease_definition,민법 제618조 임대차의 의의,civil_lease_definition|민법 제618조 임대차의 의의
182,CASE_2005_00182,2005다8637,약정금,대법원,2005-04-29,민사,판결,상고심,상고기각,"[1] 쌍무계약에 있어서 일방 당사자의 자기 채무에 관한 이행 제공의 정도 [2] 매도인이 부동산 매매계약의 해제에 따른 매매대금 반환 및 소유권이전등기절차 인수거절의사를 명백히 하고 있는 상황하에서, 매수인이 소유권이전등기에 필요한 제반 서류를 준비하여 두고 매도인에게 그 수령을 최고함으로써 자신의 채무이행의 제공을 마치고 그러한 상태를 계속 유지하고 있다고 판단하여 매도인은 위 최고일 이후로는 매매대금 반환을 지체함으로 인한 책임을 면할 수 없다고 한 원심의 판단을 수긍한 사례","야 중 각 일부를 각 그 판시 일시에, 원고 1의 경우 1억 3,200만 원, 원고 2의 경우 1억 2,000만 원, 원고 3의 경우 3,600만 원에 이를 각 매수하기로 하는 매매계약을 체결하고, 각 매매대금을 전액 지급하고, 각 이전등기까지 경료받은 사실, 이 사건 임야에 대한 개발사업이 이루어지지 아니하자 원고들이 위 각 매매대금의 반환을 요구하여 2000. 8. 18. 원고들과 피고들 사이에 위 각 매매계약을 해제하고, ""피고들은 매매 당시의 언약으로 2001. 2. 말일까지 원고들에게 매매대금의 원금을 지불하고, 원고들은 피고들에게 소유권이전등기를 해 준다.""는 내용이 포함되어 있는 판시 이 사건 합의를 한 사실을 포함한 판시","[1] 민법 제460조 , 제536조 제1항 [2] 민법 제460조 , 제536조 제1항 , 제544조","[1] 대법원 1995. 12. 22. 선고 95다40397 판결(공1996상, 507) ,대법원 2001. 5. 8. 선고 2001다6053, 6060, 6077 판결(공2001하, 1356), 대법원 2001. 12. 11. 선고 2001다36511 판결(공2002상, 260)","부동산, 임야, 매매, 매수, 매도, 매매계약, 매매대금, 소유권이전, 등기, 인감증명, 강박, 사기",전문 원문: https://www.law.go.kr/LSW/precInfoP.do?precSeq=228215,civil_fraud_duress,민법 제110조 사기·강박에 의한 의사표시,civil_fraud_duress|민법 제110조 사기·강박에 의한 의사표시; civil_sale_effect|민법 제568조 매매의 효력
183,CASE_2008_00183,"2008다27301,27318",소유권이전등기등·소유권이전등기말소,대법원,2008-09-11,민사,판결,상고심,파기환송,"[1] 부정행위에 대한 고소, 고발이 강박행위가 되는 경우 [2] 민법 제146조 소정의 취소권 행사의 제척기간의 기산점 [3] 강박에 의한 의사표시에 대한 취소권을 취소의 의사표시를 담은 반소장 부분을 송달함으로써 재판상 행사하는 경우 취소권의 적법한 행사 요건(=반소장 부본이 제척기간 내에 송달)","1. 강박행위의 위법성 여부에 대하여 일반적으로 부정행위에 대한 고소·고발이나 언론에의 제보 등은 그것이 부정한 이익을 목적으로 하는 것이 아닌 때에는 정당한 권리행사가 되어 위법하다고 할 수 없으나, 부정한 이익의 취득을 목적으로 하거나 그 목적이 정당하다 하더라도 행위나 수단 등이 부당한 때에는 위법성이 있는 경우가 있을 수 있다( 대법원 1992. 12. 24. 선고 92다25120 판결 등 참조). 원심은, 그 채용 증거들을 종합하여 피고(반소원고, 선정당사자, 이하 ‘피고’라","[1] 민법 제110조 [2] 민법 제110조 , 제144조 제1항 , 제146조 [3] 민법 제110조 , 제144조 제1항 , 제146조","[1] 대법원 1992. 12. 24. 선고 92다25120 판결 (공1993상, 595) / [2] 대법원 1998. 11. 27. 선고 98다7421 판결 (공1999상, 33) / [3] 대법원 1997. 6. 27. 선고 97다16664 판결 (공1997하, 2366), 대법원 1999. 4. 9. 선고 98다46945 판결 (공1999상, 840)","부동산, 주택, 토지, 임야, 소유권이전, 등기, 강박, 협박, 고소, 고발, 사기, 편취",전문 원문: https://www.law.go.kr/LSW/precInfoP.do?precSeq=64599,civil_fraud_duress,민법 제110조 사기·강박에 의한 의사표시,civil_fraud_duress|민법 제110조 사기·강박에 의한 의사표시; civil_sale_effect|민법 제568조 매매의 효력
184,CASE_2025_00184,2022다283633,"부당이득금[파산채무자가 재단법인을 설립하여 부동산을 출연하고 소유권이전등기를 마쳐주었는데 원인행위인 출연행위는 부인되지 않고 등기행위만 부인된 경우, 부동산을 점유·사용할 권원이 없게 되어 부당이득반환책임을 부담하는지 문제된 사건]",대법원,2025-09-11,민사,판결,상고심,상고기각,"[1] 파산채무자가 파산선고 전에 상대방과 일정한 법률관계를 형성한 경우, 파산 전에 파산채무자와 상대방 사이에 형성된 모든 법률관계에 관하여 파산관재인에게 대항할 수 없는지 여부 (원칙적 소극) 및 이는 파산관재인이 부인권을 행사하는 경우에도 마찬가지인지 여부 (적극) [2] 채무자 회생 및 파산에 관한 법률 제394조 제1항 본문에 따라 권리변동의 성립 요건행위를 부인하는 경우, 권리변동의 원인이 되는 행위의 효력까지 소멸되는지 여부 (소극) 및 권리변동의 원인행위가 여전히 유효하고 성립 요건인 채무자의 상대방에 대한 등기행위만 부인된 경우, 등기행위로 소멸하게...","[1] 파산채무자가 파산선고 전에 상대방과 일정한 법률관계를 형성한 경우에 민법 제108조 제2항 과 같은 특별한 제한이 있는 경우를 제외하고는 재산의 출연 등 파산 전에 파산채무자와 상대방 사이에 형성된 모든 법률관계에 관하여 파산관재인에게 대항할 수 없는 것은 아니다. 이는 파산관재인이 채무자 회생 및 파산에 관한 법률에 따라 부인권을 행사하는 경우에도 마찬가지이다. [2] 채무자 회생 및 파산에 관한 법률(이하 ‘채무자회생법’이라 한다) 제394조 제1항 본문은 ""지급정지 또는 파산신청이 있은 후에 권리의 설정·이전 또는 변경의 효력을 생기게 하는 등기 또는 등록이 행하여진 경우 그 등기 또는 등록이 그 원인인 채무부담행위가 있은 날부터 15일을 경과한 후에 지급정지...","[1] 민법 제108조 제2항 , 채무자 회생 및 파산에 관한 법률 제384조 , 제391조 [2] 채무자 회생 및 파산에 관한 법률 제391조 , 제394조 제1항 , 제396조 제1항 , 제397조 제1항 [3] 민법 제390조 , 채무자 회생 및 파산에 관한 법률 제394조 제1항 , 제396조 제1항 , 제397조 제1항 [4] 민법 제48조 제1항 , 제192조 제1항 , 제568조 , 제741조 , 채무자 회생 및 파산에 관한 법률 제394조 제1항 , 제396조 제1항 , 제397조...","[1] 대법원 2005. 5. 12. 선고 2004다68366 판결 (공2005상, 927) / [2] 대법원 2007. 7. 13. 선고 2005다72348 판결 (공2007하, 1268), 대법원 2009. 5. 28. 선고 2005다56865 판결 (공2009하, 957), 대법원 2014. 9. 25. 선고 2014다214885 판결 / [3] 대법원 1995. 2. 28. 선고 94다42020 판결 (공1995상, 1463), 대법원 2010. 12. 9. 선고 2009다75321 판결...","부동산, 토지, 건물, 매매, 매수, 매도, 매매계약, 소유권이전, 등기, 기각, 반환, 부당이득",전문 원문: https://www.law.go.kr/LSW/precInfoP.do?precSeq=609481,civil_sale_effect,민법 제568조 매매의 효력,civil_nonperformance_damages|민법 제390조 채무불이행 손해배상; civil_sale_effect|민법 제568조 매매의 효력
185,CASE_2025_00185,2024다239692,분담금반환,대법원,2025-05-15,민사,판결,상고심,상고기각,"비법인사단인 지역주택조합이 조합가입계약과 함께 ‘사업의 일정 절차를 진행하지 못하거나 그로 인하여 사업이 중단 또는 실패할 경우에는 조합원이 납입한 분담금을 반환하겠다.’는 내용의 환불보장약정을 체결하면서 총회의 결의를 거치지 않은 경우, 그 약정의 효력 (무효) 및 이러한 사정이 함께 체결한 조합가입계약의 무효 또는 취소 원인이 되는지 여부 (적극) / 조합원이 ‘환불보장약정에 따른 환불이 가능한지 여부와는 관계없이 조합가입계약을 유지하겠다.’는 의미로 해석될 만한 선행행위를 한 경우, 이후 환불보장약정의 무효를 이유로 조합가입계약의 무효 또는 취소를 주장하며 지역...","결 이유와 기록에 따르면 다음과 같은 사실을 알 수 있다. 가. 피고는 부산 북구 (이하 생략) 일원을 사업시행구역으로 하여 주택건설사업을 시행하기 위해 설립된 지역주택조합이다. 나. 원고들은 (가칭)○○○지역주택조합으로부터 ‘상기 사업 추진 중 토지 관련 문제로 조합설립인가 신청을 못하여 본 사업이 무산될 경우 납입한 계약금과 업무추진용역비 전액의 반환을 보증한다.’는 내용의 환불보장약정(이하 ‘이 사건 환불보장약정’이라고 한다)이 기재된 안심보장확약서를 교부받으면서 다음과 같은 내용의 조합가입계약(이하 ‘이 사건 조합가입계약’이라고 한다)을 각 체결하였다. 원고계약 체결일총 분담금 원고 12017. 2. 5.282,200,000원 원","민법 제2조 , 제105조 , 제137조 , 제275조 , 제276조 제1항",없음,"주택, 아파트, 토지, 계약금, 중도금, 지역주택조합, 조합가입, 조합원, 분담금, 기망, 허위, 기각",전문 원문: https://www.law.go.kr/LSW/precInfoP.do?precSeq=613103,civil_fraud_duress,민법 제110조 사기·강박에 의한 의사표시,civil_fraud_duress|민법 제110조 사기·강박에 의한 의사표시; civil_sale_effect|민법 제568조 매매의 효력
186,CASE_2023_00186,2022가단5118602,보증금,서울중앙지방법원,2023-09-22,민사,판결,1심,원고승소,"1. 소외 2와 사이에, 소외 2 소유의 서울 관악구 (이하 생략) 지상 벽돌조 세멘와즙 2층 주택 중 1층 86.08㎡(이하 ‘이 사건 주택’이라 한다)를 임대보증금 450,000,000원(계약금 45,000,000원은 계약시에 지불하고 영수함, 잔금 405,000,000원은 2018. 4. 12.에 지불한다), 임대차기간 2018. 4. 12.부터 2020. 4. 11.까지로 정하여 임차하는 임대차계약(이하 ‘이 사건 임대차계약’이라 한다)을 체결하였다. 나. 원고는 피고 공사와 보증업무위탁협약(전세보증금반환보증·전세금안심대출보","1. 소외 2와 사이에, 소외 2 소유의 서울 관악구 (이하 생략) 지상 벽돌조 세멘와즙 2층 주택 중 1층 86.08㎡(이하 ‘이 사건 주택’이라 한다)를 임대보증금 450,000,000원(계약금 45,000,000원은 계약시에 지불하고 영수함, 잔금 405,000,000원은 2018. 4. 12.에 지불한다), 임대차기간 2018. 4. 12.부터 2020. 4. 11.까지로 정하여 임차하는 임대차계약(이하 ‘이 사건 임대차계약’이라 한다)을 체결하였다. 나. 원고는 피고 공사와 보증업무위탁협약(전세보증금반환보증·전세금안심대출보증, 이하 ‘이 사건 협약’이라 한다)을 체결하였는데, 이 사건 협약 중 관련 내용은 아래와 같다(단 ""공사",원문 참조,없음,"주택, 임대차, 전세, 보증금, 전세금, 임대인, 임차인, 월세, 임대차계약, 계약금, 잔금, 공인중개",전문 원문: https://www.law.go.kr/LSW/precInfoP.do?precSeq=616569,realtor_prohibited_acts,공인중개사법 제33조 금지행위,civil_sale_effect|민법 제568조 매매의 효력; civil_lease_definition|민법 제618조 임대차의 의의; realtor_prohibited_acts|공인중개사법 제33조 금지행위
187,CASE_2020_00187,2019가단128481,매매대금반환,서울북부지법,2020-07-21,민사,판결,1심,일부인용,"甲은 분양대행사인 乙 주식회사를 ‘분양사’로, 丙 주식회사를 ‘시행ㆍ시공사’로 하여 丙 회사가 신축한 공동주택(빌라) 1세대를 분양받기로 하는 내용의 계약을 체결하고 乙 회사에 그 계약에 따른 계약금과 중도금을 지급한 다음 丁에게 수분양권을 전매하고 수분양권자 명의변경 절차를 이행하였는데, 丁을 포함한 수분양권자들이 丙 회사와 조합원들을 상대로 분양계약에 따른 소유권이전등기절차의 이행을 구하는 소를 제기하였다가 丙 회사가 위 분양계약의 당사자가 아니라는 등의 이유로 패소하여 판결이 확정되자, 丁이 甲을 상대로 전매계약을 해제하고 원상회복을 구한 사안에서, 분양자인 乙...","甲은 분양대행사인 乙 주식회사를 ‘분양사’로, 丙 주식회사를 ‘시행·시공사’로 하여 丙 회사가 신축한 공동주택(빌라) 1세대를 분양받기로 하는 내용의 계약을 체결하고 乙 회사에 그 계약에 따른 계약금과 중도금을 지급한 다음 丁에게 수분양권을 전매하고 수분양권자 명의변경 절차를 이행하였는데, 丁을 포함한 수분양권자들이 丙 회사와 조합원들을 상대로 분양계약에 따른 소유권이전등기절차의 이행을 구하는 소를 제기하였다가 丙 회사가 위 분양계약의 당사자가 아니라는 등의 이유로 패소하여 판결이 확정되자, 丁이 甲을 상대로 전매계약을 해제하고 원상회복을 구한 사안이다. 분양자인 乙 회사가 매매목적물의 소유권을 이전할 수 있는 권리를 보유하고 있지 않아 수분양권 매도인 甲이 매수인 丁 앞...","민법 제546조 , 제548조 , 제568조",없음,"부동산, 주택, 빌라, 매매, 매수, 매도, 매매계약, 매매대금, 계약금, 중도금, 잔금, 소유권이전",전문 원문: https://www.law.go.kr/LSW/precInfoP.do?precSeq=214525,civil_sale_effect,민법 제568조 매매의 효력,civil_sale_effect|민법 제568조 매매의 효력
188,CASE_2023_00188,2022다255126,"구상금[주택임대차보호법 제3조의2 제7항에서 정한 금융기관이 임차인으로부터 보증금반환채권을 양수한 후 그에 기해 경매절차에서 배당요구를 하여 보증금 일부를 배당받고, 경매절차에서 임차주택을 매수한 피고들을 상대로 전세보증금 잔액에 대해 양수금 또는 구상금 지급을 구한 사안]",대법원,2023-02-02,민사,판결,상고심,상고기각,"주택임대차보호법 제3조의2 제7항 에서 정한 금융기관이 임차인으로부터 보증금반환채권을 계약으로 양수하여 양수한 금액의 범위에서 우선변제권을 승계한 다음 경매절차에서 배당요구를 하여 보증금 중 일부를 배당받은 경우, 주택임대차의 대항요건이 존속되는 한 임차인은 보증금반환채권을 양수한 금융기관이 보증금 잔액을 반환받을 때까지 임차주택의 양수인을 상대로 임대차관계의 존속을 주장할 수 있는지 여부 (적극)","주택임차인은 주택임대차보호법 제3조 제1항 에서 정한 주택의 인도와 주민등록을 구비하면 대항력을 취득하고 대항요건이 존속되는 한 대항력은 계속 유지된다. 한편 주택임대차보호법에 정한 대항력과 우선변제권 두 가지 권리를 겸유하고 있는 임차인이 먼저 우선변제권을 선택하여 임차주택에 대하여 진행되고 있는 경매절차에서 배당요구를 하였으나 보증금 전액을 배당받지 못한 경우 임차인은 여전히 대항요건을 유지함으로써 임대차관계의 존속을 주장할 수 있으므로, 임차인이 대항력을 구비한 후 임차주택을 양수한 자는 그와 같이 존속되는 임대차의 임대인 지위를 당연히 승계한다. 이는 주택임대차보호법 제3조의2 제7항 에서 정한 금융기관이 임차인으로부터 보증금반환채권을 계약으로 양수함으로써 양수한...","주택임대차보호법 제3조 제1항 , 제4항 , 제3조의2 제2항 , 제7항 , 제3조의5",없음,"주택, 임차주택, 임대차, 전세, 보증금, 임대인, 임차인, 주택임대차, 매수, 경매, 배당, 배당요구",전문 원문: https://www.law.go.kr/LSW/precInfoP.do?precSeq=233877,civil_lease_definition,민법 제618조 임대차의 의의,civil_nonperformance_damages|민법 제390조 채무불이행 손해배상; civil_sale_effect|민법 제568조 매매의 효력; civil_lease_definition|민법 제618조 임대차의 의의
189,CASE_2012_00189,2012노1811,사기·무고·공전자기록등불실기재·불실기재공전자기록등행사·공인중개사의업무및부동산거래신고에관한법률위반,대구지방법원,2012-09-21,형사,판결,2심,항소기각,"법무법인 위더스 담당 변호사 임철 【원심판결】 대구지방법원 서부지원 2012. 6. 1. 선고 2011고단1945 판결 【주 문】 검사의 항소를 기각한다. 【이 유】 1. 이 법원의 심판범위 원심은 피고인에 대한 이 사건 공소사실 중 공인중개사의 업무 및 부동산거래신고에 관한 법률위반의 점에 대하여 유죄판결을 선고하였다. 그런데 피고인이 항소를 제기하지 않아 당사자 간의 공방대상에서 벗어났다고 보아야 하므로 이 부분에 대해서는 원심판결의 유죄의 결론에 따르고, 이 법원의 심판범위는 원심판결 중 검사가 항소한 무죄부분","1. 이 법원의 심판범위 원심은 피고인에 대한 이 사건 공소사실 중 공인중개사의 업무 및 부동산거래신고에 관한 법률위반의 점에 대하여 유죄판결을 선고하였다. 그런데 피고인이 항소를 제기하지 않아 당사자 간의 공방대상에서 벗어났다고 보아야 하므로 이 부분에 대해서는 원심판결의 유죄의 결론에 따르고, 이 법원의 심판범위는 원심판결 중 검사가 항소한 무죄부분(사기, 무고, 공전자기록 등 불실기재, 불실기재 공전자기록 등 행사의 각 점)에 한정된다. 2. 항소이유의 요지 가. 공전자기록 등 불실기재 및 동행사의 점 부동산등기법이 새롭게 부동산의 거래가액",원문 참조,없음,"부동산, 토지, 매매, 매수, 매도, 매매계약, 매매대금, 소유권이전, 공인중개, 중개업자, 등기, 명의수탁",전문 원문: https://www.law.go.kr/LSW/precInfoP.do?precSeq=168693,criminal_fraud,형법 제347조 사기죄,criminal_fraud|형법 제347조 사기죄; civil_sale_effect|민법 제568조 매매의 효력; real_estate_transaction_reporting_prohibition|부동산 거래신고 등에 관한 법률 제4조 금지행위; realtor_prohibited_acts|공인중개사법 제33조 금지행위
191,CASE_2022_00191,2018다300364,손해배상[법무법인에 소송대리를 위임한 의뢰인과 그의 대리인이 담당변호사의 잘못된 답변을 믿고 행위한 탓에 형사처벌을 받았다고 주장하면서 그 담당변호사를 상대로 불법행위를 이유로 한 손해배상을 청구한 사건],대법원,2022-11-17,민사,판결,상고심,상고기각,"[1] 변호사가 의뢰인이나 그의 대리인으로부터 위임사무 수행과 밀접하게 관련된 법률적 문제에 관하여 구체적인 질의를 받은 경우, 이에 대한 답변과 관련하여 부담하는 의무의 내용 / 변호사가 위 의무를 위반한 경우, 불법행위가 성립하는지 여부 (한정 적극) [2] 甲으로부터 포괄적으로 대리권을 수여받아 乙 법무법인에 甲 소유 부동산의 매매계약 관련 선행소송의 대리사무를 위임한 丙이 乙 법인의 대표변호사이자 선행소송의 담당변호사인 丁에게 선행소송 계속 중 위 부동산을 제3자에게 처분하는 것이 적법한지 문의하여 丁으로부터 아무런 문제가 없다는 답변을 듣고 위 부동산을 제3...","[1] 변호사의 신분적 지위와 직무수행의 방법과 한계, 의뢰인에 대한 의무의 목적과 성격 등을 종합하면, 변호사는 의뢰인이나 그의 대리인으로부터 위임된 소송의 소송물 또는 공격방어방법, 후속 분쟁 발생 가능성 등의 측면에서 위임사무 수행과 밀접하게 관련된 법률적 문제에 관하여 구체적인 질의를 받은 경우에는, 그것이 직접적인 수임사무는 아니더라도 해당 질의 사항이 가지고 있는 법률적인 문제점, 그들의 선택에 따라 향후 발생할 수 있는 상황과 현재 수행하는 소송에 미칠 영향, 만일 형사처벌이 문제 될 여지가 있다면 그 위험성 등을 당시 인식할 수 있었던 상황과 법률전문가로서 통상적으로 갖추고 있는 법률지식의 범위에서 성실히 답변하여야 한다. 그리고 만약 그러한 질의 사항이 자...","[1] 변호사법 제1조 , 제2조 , 제4조 , 제5조 , 제24조 [2] 민법 제751조 , 변호사법 제1조 , 제2조 , 제4조 , 제5조 , 제24조",없음,"부동산, 매매, 매도, 매매계약, 중도금, 잔금, 소유권이전, 등기, 가등기, 배임, 손해배상, 불법행위",전문 원문: https://www.law.go.kr/LSW/precInfoP.do?precSeq=232021,civil_sale_effect,민법 제568조 매매의 효력,civil_nonperformance_damages|민법 제390조 채무불이행 손해배상; civil_sale_effect|민법 제568조 매매의 효력
193,CASE_2023_00193,2022나41356,건물철거및토지인도·퇴거청구,서울북부지법,2023-06-16,민사,판결,2심,항소기각,"甲 주식회사 소유의 토지와 그 지상 건물에 관하여 乙 새마을금고 앞으로 근저당권이 설정된 후 甲 회사가 기존건물을 철거한 다음 다세대주택을 신축하여 각 호실별로 소유권보존등기를 마쳤고, 그 후 신축건물의 각 개별 호실에 관하여 乙 새마을금고 앞으로 기존건물과 같은 내용의 근저당권이 설정되었으며, 丙 등은 甲 회사로부터 각 호실을 임차하고 인도를 받아 전입신고를 마쳤는데, 乙 새마을금고가 토지 및 기존건물에 대한 공동저당권에 기하여 위 토지에 대한 임의경매를 신청하였고, 丁이 임의경매 절차에서 토지를 매수한 후 丙 등을 상대로 건물 철거집행을 위한 퇴거를 구한 사안에서...","甲 주식회사 소유의 토지와 그 지상 건물에 관하여 乙 새마을금고 앞으로 근저당권이 설정된 후 甲 회사가 기존건물을 철거한 다음 다세대주택을 신축하여 각 호실별로 소유권보존등기를 마쳤고, 그 후 신축건물의 각 개별 호실에 관하여 乙 새마을금고 앞으로 기존건물과 같은 내용의 근저당권이 설정되었으며, 丙 등은 甲 회사로부터 각 호실을 임차하고 인도를 받아 전입신고를 마쳤는데, 乙 새마을금고가 토지 및 기존건물에 대한 공동저당권에 기하여 위 토지에 대한 임의경매를 신청하였고, 丁이 임의경매 절차에서 토지를 매수한 후 丙 등을 상대로 건물 철거집행을 위한 퇴거를 구한 사안이다. 다세대주택 신축 당시 토지와 신축건물의 소유자가 甲 회사로 동일하기는 하나, 토지와 함께 공동저당권의 목...","민법 제214조 , 제304조 , 제366조 , 제622조 제1항 , 주택임대차보호법 제3조 제1항",없음,"부동산, 주택, 토지, 건물, 다세대, 임대차, 전세, 임차권, 임차인, 전세권, 주택임대차, 임대차계약",전문 원문: https://www.law.go.kr/LSW/precInfoP.do?precSeq=237905,civil_lease_definition,민법 제618조 임대차의 의의,civil_lease_definition|민법 제618조 임대차의 의의
194,CASE_2015_00194,2013노138,위조사문서행사·특정경제범죄가중처벌등에관한법률위반(사기)(피고인1·피고인4에대하여일부인정된죄명사기)·업무방해·업무상횡령·특정경제범죄가중처벌등에관한법률위반(배임)·건설산업기본법위반·부동산실권리자명의등기에관한법률위반·특정경제범죄가중처벌등에관한법률위반(횡령)·사문서위조·정치자금법위반,대구고등법원,2015-12-10,형사,판결,2심,무죄,"학 【원심판결】 대구지방법원 안동지원 2013. 2. 21. 선고 2012고합35, 76(병합) 판결 【주 문】 1. 원심판결 중 피고인 1에 대한 유죄 부분을 파기한다. 2. 피고인 1을 징역 3년에 처한다. 3. 피고인 2, 피고인 3(대판:공소외 3), 피고인 4의 항소와 검사의 피고인 1에 대한 무죄 부분에 관한 항소 및 피고인 2, 피고인 3(대판:공소외 3), 피고인 4에 대한 항소를 모두 기각한다. 【이 유】 1. 항소이유의 요지 가. 피고인들 1) 사실오인 내지 법리오해 가) 피고인 1, 피고인 2, 피고인 3(대판:","소이유의 요지 가. 피고인들 1) 사실오인 내지 법리오해 가) 피고인 1, 피고인 2, 피고인 3(대판:공소외 3)에 대한 각 특정경제범죄가중처벌등에관한법률위반(사기)의 점(원심 판시 Ⅰ. 1. 다.항 및 Ⅰ. 2. 다.항) ① 공소외 2 주식회사(이하 ‘공소외 2 회사’라 한다)가 이 부분 각 범행 당시 피해자 ◇◇은행(이하 ‘피해은행’이라 한다) ◈◈지점으로부터 대출받은 대출금은 아파트 부지 담보대출금, 신용대출금, 한국주택금융공사의 보증서에 기한 대출금으로 구성되어 있는데, 피고인들이 이 부분 각 범행 당시 매매대금이 부풀려진 허위 매매계약서 등을 제출한 행위가 아파트 사업부지의 담보가치에 관한 감정평가에 영향을 미쳤고, 그로 인하",원문 참조,없음,"부동산, 주택, 아파트, 토지, 건물, 보증금, 매매, 매수, 매매계약, 매매대금, 분양, 등기",전문 원문: https://www.law.go.kr/LSW/precInfoP.do?precSeq=183369,aggravated_economic_crime,특정경제범죄 가중처벌 등에 관한 법률 제3조,aggravated_economic_crime|특정경제범죄 가중처벌 등에 관한 법률 제3조; criminal_fraud|형법 제347조 사기죄; embezzlement_breach_of_trust|형법 제355조·제356조 횡령·배임; civil_sale_effect|민법 제568조 매매의 효력; civil_lease_definition|민법 제618조 임대차의 의의
195,CASE_2017_00195,"2016고단754, 2200",사기·배임,울산지법,2017-09-07,형사,판결,1심,무죄,"피고인이 신축 중인 빌라를 甲에게 매도하기로 甲과 분양계약을 체결한 후 계약에 따라 甲으로부터 계약금과 중도금을 지급받고 빌라가 준공되었음에도 甲에게 소유권이전등기절차를 이행하여 주지 아니하고 피고인의 처 명의로 소유권보존등기를 마친 다음 빌라에 근저당권을 설정하고 금융기관에서 대출을 받음으로써 재산상 이익을 취득하고 甲에게 손해를 가하였다고 하여 배임으로 기소된 사안에서, 중도금을 받은 부동산 매도인은 매수인(타인)의 사무를 처리하는 자에 해당하지 않는다는 이유로 피고인에게 무죄를 선고한 사례","피고인이 신축 중인 빌라를 甲에게 매도하기로 甲과 분양계약을 체결한 후 계약에 따라 甲으로부터 계약금과 중도금을 지급받고 빌라가 준공되었음에도 甲에게 소유권이전등기절차를 이행하여 주지 아니하고 피고인의 처 명의로 소유권보존등기를 마친 다음 빌라에 근저당권을 설정하고 금융기관에서 대출을 받음으로써 재산상 이익을 취득하고 甲에게 손해를 가하였다고 하여 배임으로 기소된 사안에서, 중도금을 받은 부동산 매도인의 사무가 이른바 자타사무(自他事務, 자신의 사무이기도 하면서 타인의 사무라는 개념)의 성격이 있다면 피고인에게 유리하게 최대한 ‘자신의 사무’로만 취급하는 것이 ‘의심스러울 때에는 피고인의 이익으로’라는 법언(法諺)에 보다 부합하는 점, 중도금까지 받은 부동산 매도인의 ‘등...","형법 제355조 제2항 , 형사소송법 제325조",없음,"부동산, 아파트, 빌라, 매매, 매수, 매도, 매매계약, 계약금, 중도금, 잔금, 소유권이전, 소유권보존",전문 원문: https://www.law.go.kr/LSW/precInfoP.do?precSeq=186157,embezzlement_breach_of_trust,형법 제355조·제356조 횡령·배임,criminal_fraud|형법 제347조 사기죄; embezzlement_breach_of_trust|형법 제355조·제356조 횡령·배임; civil_sale_effect|민법 제568조 매매의 효력
196,CASE_2017_00196,2017도14560,사기·사문서위조(일부변경된죄명:자격모용사문서작성)·위조사문서행사(일부변경된죄명:자격모용작성사문서행사),대법원,2017-12-22,형사,판결,상고심,파기환송,"[1] 자격모용에 의한 사문서작성죄의 성립요건 / 대표자 또는 대리인의 자격으로 임대차 등 계약을 하는 경우, 위 죄의 성립에 필요한 대표 또는 대리관계의 표시 정도 및 판단 방법 [2] 피고인이 甲 주식회사 소유의 오피스텔에 대한 분양대행 권한을 가지게 되었을 뿐 甲 회사의 동의 없이 오피스텔을 임대할 권한이 없는데도 임차인들과 임대차계약을 체결하면서 甲 회사가 분양사업을 위해 만든 乙 회사 명의로 계약서를 작성·교부하였는데, 임대차계약서에는 임대인 성명이 ‘乙 회사(피고인)’로 기재되어 대표자 또는 대리인의 자격 표시가 없고 또 피고인의 개인 도장이 찍혀있는 사안...","[1] 자격모용에 의한 사문서작성죄는 문서위조죄와 마찬가지로 문서의 진정에 대한 공공의 신용을 보호법익으로 하는 것으로, 행사할 목적으로 타인의 자격을 모용하여 작성된 문서가 일반인으로 하여금 명의인의 권한 내에서 작성된 문서라고 믿게 할 수 있는 정도의 형식과 외관을 갖추고 있으면 성립한다. 대표자 또는 대리인의 자격으로 임대차 등 계약을 하는 경우 그 자격을 표시하는 방법에는 특별한 규정이 없다. 피고인 자신을 위한 행위가 아니고 작성명의인을 위하여 법률행위를 한다는 것을 인식할 수 있을 정도의 표시가 있으면 대표 또는 대리관계의 표시로서 충분하다. 일반인이 명의인의 권한 내에서 작성된 문서로 믿게 하기에 충분한 정도인지는 문서의 형식과 외관은 물론 문서의 작성 경위,...","[1] 형법 제232조 [2] 형법 제232조 , 제234조","[1] 대법원 2008. 2. 14. 선고 2007도9606 판결 (공2008상, 415)","부동산, 오피스텔, 임대차, 전세, 보증금, 임대인, 임차인, 월세, 임대차계약, 매매, 매수, 매매대금",전문 원문: https://www.law.go.kr/LSW/precInfoP.do?precSeq=192971,criminal_fraud,형법 제347조 사기죄,criminal_fraud|형법 제347조 사기죄; civil_sale_effect|민법 제568조 매매의 효력; civil_lease_definition|민법 제618조 임대차의 의의
197,CASE_2022_00197,2021도6089,특정경제범죄가중처벌등에관한법률위반(배임)(인정된죄명:배임미수),대법원,2022-10-27,형사,판결,상고심,상고기각,"甲 주식회사 대표이사인 피고인이 도시개발사업 시행자로부터 공사를 도급받아 수행하면서 乙에게 가환지된 체비지를 매도하고 매매대금을 지급받은 다음 새로이 환지 확정된 체비지를 매매대상 토지로 변경하였는데, 그 후 丙에게 위 체비지를 매도하고 잔금까지 지급받아 재산상 이익을 취득하고 乙에게 손해를 가하였다는 공소사실로 기소된 사안에서, 체비지 매매계약은 부동산 매매계약의 일종이므로 피고인이 제1차 매수인 乙로부터 잔금까지 모두 수령한 이상 乙에 대한 관계에서 타인의 사무를 처리하는 자의 지위에 있고, 해당 체비지를 이중으로 매도하고 제2차 매수인 丙으로부터 잔금까지 수령하...","상고이유를 판단한다. 원심은 다음과 같은 이유로 이 사건 공소사실 중 「특정경제범죄 가중처벌 등에 관한 법률」위반(배임) 부분을 이유무죄로 판단하고, 배임미수 부분을 유죄로 판단하였다. 체비지 매매계약은 부동산 매매계약의 일종이므로 체비지 매도인의 대표자인 피고인이 제1차 매수인인 피해자로부터 잔금까지 모두 수령한 이상 피해자에 대한 관계에서 타인의 사무를 처리하는 자의 지위에 있다. 피고인은 해당 체비지를 이중으로 매도하고 제2차 매수인으로부터 잔금까지 수령하였으므로 배임행위의 실행에 착수한 것으로 인정되나, 체비지대장의 등재는 물권의 공시방법이 아니므로 피고인이 체비지대장상 소유자 명의를","형법 제355조 제2항 , 제359조 , 구 특정경제범죄 가중처벌 등에 관한 법률(2012. 2. 10. 법률 제11304호로 개정되기 전의 것) 제3조 제1항 제2호",없음,"부동산, 토지, 매매, 매수, 매도, 매매계약, 매매대금, 잔금, 소유권이전, 등기, 배임, 무죄",전문 원문: https://www.law.go.kr/LSW/precInfoP.do?precSeq=238317,aggravated_economic_crime,특정경제범죄 가중처벌 등에 관한 법률 제3조,aggravated_economic_crime|특정경제범죄 가중처벌 등에 관한 법률 제3조; embezzlement_breach_of_trust|형법 제355조·제356조 횡령·배임; civil_sale_effect|민법 제568조 매매의 효력
198,CASE_2021_00198,2016도18761,사기·횡령,대법원,2021-02-18,형사,판결,상고심,상고기각,"[1] 횡령죄에서 말하는 ‘보관’의 의미 / 횡령죄 성립에 필요한 법률상 또는 사실상의 위탁관계는 횡령죄로 보호할 만한 가치 있는 신임에 의한 것으로 한정되는지 여부 (적극) 및 위탁관계가 있는지 판단하는 기준 [2] 부동산 실권리자명의 등기에 관한 법률을 위반하여 명의신탁자가 그 소유인 부동산의 등기명의를 명의수탁자에게 이전하는 이른바 양자간 명의신탁의 경우, 명의수탁자가 명의신탁자에 대한 관계에서 ‘타인의 재물을 보관하는 자’의 지위에 있는지 여부 (소극) 및 이때 명의수탁자가 신탁받은 부동산을 임의로 처분하면 명의신탁자에 대한 관계에서 횡령죄가 성립하는지 여부...","[1] 형법 제355조 제1항 이 정한 횡령죄에서 보관이란 위탁관계에 의하여 재물을 점유하는 것을 뜻하므로 횡령죄가 성립하기 위하여는 재물의 보관자와 재물의 소유자(또는 기타의 본권자) 사이에 법률상 또는 사실상의 위탁관계가 존재하여야 한다. 이러한 위탁관계는 사용대차ㆍ임대차ㆍ위임 등의 계약에 의하여서뿐만 아니라 사무관리ㆍ관습ㆍ조리ㆍ신의칙 등에 의해서도 성립될 수 있으나, 횡령죄의 본질이 신임관계에 기초하여 위탁된 타인의 물건을 위법하게 영득하는 데 있음에 비추어 볼 때 위탁관계는 횡령죄로 보호할 만한 가치 있는 신임에 의한 것으로 한정함이 타당하다. 위탁관계가 있는지 여부는 재물의 보관자와 소유자 사이의 관계, 재물을 보관하게 된 경위 등에 비추어 볼 때 보관자에게 재물...","[1] 형법 제355조 제1항 [2] 형법 제355조 제1항 , 부동산 실권리자명의 등기에 관한 법률 제1조 , 제3조 제1항 , 제4조 , 제7조","[1][2] 대법원 2016. 5. 19. 선고 2014도6992 전원합의체 판결 (공2016상, 817) / [1] 대법원 2018. 7. 19. 선고 2017도17494 전원합의체 판결 (공2018하, 1801) / [2] 대법원 1999. 10. 12. 선고 99도3170 판결(공1999하, 2384)(변경) , 대법원 2000. 2. 22. 선고 99도5227 판결(공2000상, 884)(변경) , 대법원 2000. 4. 25. 선고 99도1906 판결(변경), 대법원 2003. 12. 2...","부동산, 임대차, 소유권이전, 등기, 명의신탁, 명의수탁, 부동산실명법, 사기, 횡령, 무죄, 기각, 반환",전문 원문: https://www.law.go.kr/LSW/precInfoP.do?precSeq=213717,embezzlement_breach_of_trust,형법 제355조·제356조 횡령·배임,criminal_fraud|형법 제347조 사기죄; embezzlement_breach_of_trust|형법 제355조·제356조 횡령·배임; civil_lease_definition|민법 제618조 임대차의 의의
199,CASE_1974_00199,73다1143,소유권이전등기말소,대법원,1974-02-26,민사,판결,상고심,"원심판결중 피고에 관한 부분을 파기하고, 이를 서울고등법원에 환송한다.",강박에 의한 의사표시가 취소할 수 있음에 그치지 않고 무효가 되기 위한 요건,강박으로 인한 의사표시가 취소되는 것에 그치지 아니하고 더 나아가 무효로 되기 위하여서는 강박의 정도가 극심하여 의사표시자의 의사결정의 자유가 완전히 박탈되는 정도에 이를 것을 요한다.,민법 제100조,없음,"부동산, 임야, 매매, 소유권이전, 등기, 가등기, 강박, 협박, 감금, 고소, 고발, 사기",전문 원문: https://www.law.go.kr/LSW/precInfoP.do?precSeq=92096,civil_fraud_duress,민법 제110조 사기·강박에 의한 의사표시,civil_fraud_duress|민법 제110조 사기·강박에 의한 의사표시; civil_sale_effect|민법 제568조 매매의 효력
200,CASE_2007_00200,2007도4812,특정경제범죄가중처벌등에관한법률위반(사기)·자격모용사문서작성·자격모용작성사문서행사·사문서위조·위조사문서행사·부동산실권리자명의등기에관한법률위반,대법원,2007-11-30,형사,판결,상고심,상고기각,"[1] 신탁자가 수탁자의 개별적 승낙 없이 수탁자 명의로 신탁재산의 처분에 필요한 서류를 작성하는 행위가 사문서위조·동행사죄를 구성하는 경우 [2] 수탁자가 신탁자에게 자신에 대한 차용금 채무를 변제하지 않는 한 신탁재산을 타인에게 매도하는 데 필요한 서류 작성에 협조하지 않겠다는 취지의 말을 한 경우, 신탁자에게 부여하였던 수탁자 명의사용에 대한 포괄적 허용을 철회한 것으로 본 사례 [3] 명의신탁자가 매도인 명의를 수탁자로 하여 제3자에게 신탁재산을 매도하는 계약을 체결하면서 수탁자가 위 신탁재산의 매도를 반대하며 매도에 따른 절차이행에 협조하기를 거절하고 있는...","[1] 신탁자에게 아무런 부담이 없이 재산이 수탁자에게 명의신탁된 경우에는 그 재산의 처분 기타 권한행사에 있어서는 수탁자가 자신의 명의사용을 포괄적으로 신탁자에게 허용하였다고 봄이 상당하므로, 신탁자가 수탁자 명의로 신탁재산의 처분에 필요한 서류를 작성함에 있어 수탁자로부터 개별적인 승낙을 받지 아니하였다 하더라도 사문서위조·동행사죄가 성립하지 아니하지만, 수탁자가 명의신탁 받은 사실을 부인하면서 신탁재산이 수탁자 자신의 소유라고 주장하는 등으로 두 사람 사이에 신탁재산의 소유권에 관하여 다툼이 있는 경우에는 더 이상 신탁자가 그 재산의 처분 등과 관련하여 수탁자의 명의를 사용하는 것이 허용된다고 볼 수 없으며, 이는 수탁자가 명의신탁 받은 사실 자체를 부인하는 것은 아...","[1] 형법 제231조 , 제234조 , 민법 제103조 [명의신탁] [2] 형법 제231조 , 제234조 , 민법 제103조 [명의신탁] [3] 형법 제347조 , 민법 제103조 [명의신탁]","[1] 대법원 1983. 10. 25. 선고 83도1213 판결 (공1983, 1781), 대법원 2007. 3. 29. 선고 2006도9425 판결(공2007상, 646)","부동산, 임야, 매매, 매수, 매도, 매매계약, 소유권이전, 자격모용, 등기, 명의신탁, 명의수탁, 부동산실권리자",전문 원문: https://www.law.go.kr/LSW/precInfoP.do?precSeq=85437,aggravated_economic_crime,특정경제범죄 가중처벌 등에 관한 법률 제3조,aggravated_economic_crime|특정경제범죄 가중처벌 등에 관한 법률 제3조; criminal_fraud|형법 제347조 사기죄; civil_sale_effect|민법 제568조 매매의 효력
201,CASE_2017_00201,"2014다72449, 72456",토지인도등·지상물매수청구,대법원,2017-04-26,민사,판결,상고심,파기환송,"[1] 민법 제643조 에 따른 임차인의 지상물매수청구권 행사의 상대방(=원칙적으로 임차권 소멸 당시 토지 소유권을 가진 임대인) 및 임대인이 제3자에게 토지를 양도하는 등으로 토지 소유권이 이전된 경우, 임대인의 지위가 승계되거나 임차인이 토지 소유자에게 임차권을 대항할 수 있다면 새로운 토지 소유자를 상대로 지상물매수청구권을 행사할 수 있는지 여부 (적극) / 토지 소유자가 아닌 제3자가 임대차계약의 당사자로서 토지를 임대한 경우, 토지 소유자가 지상물매수청구권의 상대방이 될 수 있는지 여부 (원칙적 소극) [2] 甲의 형인 乙 명의로 소유권이전등기를 마친 후 甲...","[1] 건물 등의 소유를 목적으로 하는 토지 임대차에서 임대차 기간이 만료되거나 기간을 정하지 않은 임대차의 해지통고로 임차권이 소멸한 경우에 임차인은 민법 제643조 에 따라 임대인에게 상당한 가액으로 건물 등의 매수를 청구할 수 있다. 임차인의 지상물매수청구권은 국민경제적 관점에서 지상 건물의 잔존 가치를 보존하고 토지 소유자의 배타적 소유권 행사로부터 임차인을 보호하기 위한 것으로서, 원칙적으로 임차권 소멸 당시에 토지 소유권을 가진 임대인을 상대로 행사할 수 있다. 임대인이 제3자에게 토지를 양도하는 등으로 토지 소유권이 이전된 경우에는 임대인의 지위가 승계되거나 임차인이 토지 소유자에게 임차권을 대항할 수 있다면 새로운 토지 소유자를 상대로 지상물매수청구권을 행사...",[1] 민법 제643조 [2] 민법 제643조,"[1] 대법원 1977. 4. 26. 선고 75다348 판결 (공1977, 10038), 대법원 1994. 7. 29. 선고 93다59717, 52724 판결 (공1994하, 2233)","부동산, 주택, 토지, 건물, 임대차, 임차권, 임대인, 임차인, 임대차계약, 매수, 소유권이전, 등기",전문 원문: https://www.law.go.kr/LSW/precInfoP.do?precSeq=184753,civil_lease_definition,민법 제618조 임대차의 의의,civil_sale_effect|민법 제568조 매매의 효력; civil_lease_definition|민법 제618조 임대차의 의의
202,CASE_1970_00202,69나727,소유권이전등기청구사건,서울고법,1970-05-20,민사,판결,2심,청구기각,1. 처분금지가처분등기 이후 위 가저분신청인등 앞으로 경료된 소유권이전등기가 효력이 있는 경우 2. 확정판결에 의하여 먼저 적법하게 경료된 등기의 효력,"1. 이건 처분금지가처분등기가 피고가 국으로부터 본건 부동산을 매수하였으므로 국이 피고에게 그 이전등기절차를 이행할 의무있음을 전제로 하여 피고로부터 이를 매수한 원고의 신청에 의하여 이루어진 것인 바, 그 가처분등기 기재가 있은 후 피고 보조참가인의 대위권행사에 의하여 국으로부터 피고에게 이전된 등기의 효력에는 아무런 영향이 없고 따라서 피고로부터 이건 부동산을 매수하여 거친 피고보조참가인 명의의 등기에도 효력이 미칠수 없다. 2. 당사자를 달리하는 두 개의 확정판결중 늦게 확정된 판결에 의한 것이라도 먼저 적법하게 경료한 등기는 다른 승소 당사자에 대하여 유효하다.",민사소송법 제719조 민법 제186조,"1967.2.28. 선고 66다2651,2652 판결","부동산, 주택, 임야, 건물, 매매, 매수, 매도, 매매계약, 소유권이전, 등기, 담보, 인감증명",전문 원문: https://www.law.go.kr/LSW/precInfoP.do?precSeq=152058,civil_sale_effect,민법 제568조 매매의 효력,civil_sale_effect|민법 제568조 매매의 효력
203,CASE_2022_00203,2019가합111487,소유권말소등기,서울남부지방법원,2022-03-25,민사,판결,1심,일부인용,"2022. 3. 4. 【주 문】 1. 피고들은 원고들에게 별지 1 목록 기재 각 부동산 중 별지 3 목록 기재 각 지분에 관하여 2019. 9. 16. 유류분 반환을 원인으로 한 소유권이전등기절차를 각 이행하라. 2. 피고 2는 원고 1에게 10,000,000원 및 이에 대하여 2019. 9. 17.부터 2022. 3. 25.까지는 연 5%, 그다음 날부터 다 갚는 날까지는 연 12%의 각 비율로 계산한 돈을 지급하라. 3. 원고들의 주위적 청구 및 나머지 예비적 청구를 각 기각한다. 4. 소송비용 중 30%는 원고들이, 나머지는","3. 이 사건 유증재산 중 각 1/2 지분에 관하여 ‘2019. 6. 10. 유증’을 원인으로 하여 서울남부지방법원 2019. 7. 3. 접수 제117739호로 소유권이전등기를 마쳤다. [인정근거] 다툼 없는 사실, 갑 제1 내지 8, 10, 32호증, 을 제15, 51호증(가지번호 있는 것은 가지번호 포함, 이하 같다)의 각 기재, 변론 전체의 취지 2. 주위적 청구에 관한 판단 가. 당사자의 주장 1) 원고들 주장 요지 피고들은 망인의 공동상속인인 원고들에게 이 사건 유언공정증서를 보여주지 않은 채 유언을 집행하고, 원고들의 유언서 제시 요청에도 불응하였는바, 민법 제1004조 제5호 , 제1064조 에 따라 ‘피상속인의 유증에 관한",원문 참조,없음,"부동산, 소유권이전, 등기, 강박, 상해, 사기, 위조, 손해배상, 불법행위, 기각, 파기, 반환",전문 원문: https://www.law.go.kr/LSW/precInfoP.do?precSeq=239125,civil_fraud_duress,민법 제110조 사기·강박에 의한 의사표시,civil_fraud_duress|민법 제110조 사기·강박에 의한 의사표시; civil_nonperformance_damages|민법 제390조 채무불이행 손해배상
204,CASE_1957_00204,4290형상190,"횡령등,횡령공인등의위조,횡령공인등의위조부정사용,공문서위조,공문서위조행사,공정증서원본부실기재,공정증서원본부실기재행사",대법원,1957-08-02,형사,판결,상고심,유죄(징역형),부동산 등기부와 문서의 폐기,부동산 등기부는 범인 이외의 자에 속하는 물건이며 범죄후 범인 이외의 자가 정을 알면서 취득한 것이 아니므로 차를 몰수할 수 없으며 따라서 등기부기재중 특정부분을 문서의 일부라 하고 몰수에 해당한다하여 형법 제48조 제3항 을 적용하야 폐기의 선고를 할 수 없는 것이다,형법 제48조,없음,"부동산, 매매, 매도, 매매계약, 소유권이전, 등기, 공정증서원본불실기재, 강박, 공갈, 고소, 고발, 위조",전문 원문: https://www.law.go.kr/LSW/precInfoP.do?precSeq=86307,embezzlement_breach_of_trust,형법 제355조·제356조 횡령·배임,embezzlement_breach_of_trust|형법 제355조·제356조 횡령·배임; civil_sale_effect|민법 제568조 매매의 효력
205,CASE_1991_00205,90다14959,대여금,대법원,1991-04-29,민사,판결,상고심,상고기각,대여금청구사건에서 피고의 변제항변에 결정적인 증거가 될 수 있는 원고명의의 피고에 대한 차용증과 가옥매도증서에 대하여 원고가 성립을 부인하자 이에 관한 증인의 증언만으로는 그 진정성립을 인정하기 부족하다 하여 그 증거능력을 부인한 원심판결에 심리미진 또는 채증법칙위반의 위법이 있다 하여 파기한 사례,대여금청구사건에서 피고의 변제항변에 결정적인 증거가 될 수 있는 원고 명의의 피고에 대한 차용증과 가옥매도증서에 대하여 원고가 성립을 부인하자 이에 관한 증인의 증언만으로는 그 진정성립을 인정하기 부족하다 하여 그 증거능력을 부인한 원심판결에 심리미진 또는 채증법칙위반의 위법이 있다 하여 파기한 사례,"민사소송법 제183조 , 제187조",없음,"부동산, 건물, 매매, 매수, 매도, 매매대금, 인감증명, 고소, 사기, 기각, 파기",전문 원문: https://www.law.go.kr/LSW/precInfoP.do?precSeq=108400,civil_fraud_duress,민법 제110조 사기·강박에 의한 의사표시,civil_fraud_duress|민법 제110조 사기·강박에 의한 의사표시; civil_sale_effect|민법 제568조 매매의 효력
206,CASE_2008_00206,2007가합78659,소유권이전등기말소,서울중앙지방법원,2008-09-02,민사,판결,1심,"1. 원고에게, 별지 목록 기재 각 부동산에 관하여, 가. 피고 한일유앤아이제삼차 유한회사는 부산지방법원 부산진등기소 2006...",") 【변론종결】 2008. 7. 22. 【주 문】 1. 원고에게, 별지 목록 기재 각 부동산에 관하여, 가. 피고 한일유앤아이제삼차 유한회사는 부산지방법원 부산진등기소 2006. 12. 28 . 접수 제73555호로 마친, 나. 피고 주식회사 코람코자산신탁은 같은 등기소 같은 날 접수 제73556호로 마친 각 소유권이전등기의 말소등기절차를 이행하라. 2. 소송비용은 피고들이 부담한다. 【청구취지】 주문과 같다. 【이 유】 1. 기초사실 가. 원고 내부의 경영권 분쟁 경위 1) 제1차 소송 가) 소외 1, 3(이하 ‘ 소외 1 등’이","2005. 8. 31. 소외 1 등의 청구를 모두 인용하였고, 이에 소외 4가 항소하였으나 서울고등법원 2005나84824호는 2006. 6. 14. 그 항소를 기각하였으며, 이에 소외 4가 상고하였으나 대법원 2006다44494호는 2006. 10. 26. 심리불속행으로 그 상고를 기각하였다(이하 ‘제1차 소송’이라 한다). 2) 제2차 소송 가) 소외 1 등은 2006. 6. 12. 원고를 상대로 기존 이사·감사의 해임과 신임 이사·감사의 선임을 안건으로 하는 임시주주총회 소집허가 신청의 소를 제기하였다. 나) 서울중앙지방법원 2006비합168호는 2006. 7. 21. 그 신청을 기각하였고, 이에 소외 1 등이 항고하자 서울고등법원",원문 참조,없음,"부동산, 아파트, 오피스텔, 건물, 매매, 매매대금, 계약금, 중도금, 잔금, 소유권이전, 소유권보존, 분양",전문 원문: https://www.law.go.kr/LSW/precInfoP.do?precSeq=149940,civil_sale_effect,민법 제568조 매매의 효력,civil_sale_effect|민법 제568조 매매의 효력
207,CASE_2007_00207,2007도5838,자격모용사문서작성(예비적죄명:사문서위조),대법원,2007-10-11,형사,판결,상고심,상고기각,"[1] 대표 또는 대리명의로 문서를 작성할 권한을 가진 자가 이를 남용하여 문서를 작성한 경우, 자격모용 사문서작성죄의 성립 여부 (소극) [2] 토지매수권한을 위임받은 대리인이 매도인측 대표자와 공모하여 매매대금 일부를 착복하기로 하고 위임받은 특정 매매금액보다 낮은 금액을 허위로 기재한 매매계약서를 작성한 경우, 자격모용 사문서작성죄를 구성하지 않는다고 한 사례","[1] 자격모용 사문서작성죄를 구성하는지 여부는 그 문서를 작성함에 있어 타인의 자격을 모용하였는지 아닌지의 형식에 의하여 결정하여야 하고, 그 문서의 내용이 진실한지 아닌지는 이에 아무런 영향을 미칠 수 없으므로, 타인의 대표자 또는 대리자가 그 대표 또는 대리명의로 문서를 작성할 권한을 가지는 경우에 그 지위를 남용하여 단순히 자기 또는 제3자의 이익을 도모할 목적으로 문서를 작성하였다 하더라도 자격모용 사문서작성죄는 성립하지 아니한다. [2] 토지매수권한을 위임받은 대리인이 매도인측 대표자와 공모하여 매매대금 일부를 착복하기로 하고 위임받은 특정 매매금액보다 낮은 금액을 허위로 기재한 매매계약서를 작성한 경우, 자격모용 사문서작성죄를 구성하지 않는다고 한 사례.",[1] 형법 제232조 [2] 형법 제232조,"[1] 대법원 1983. 4. 12. 선고 83도332 판결 (공1983, 861)","부동산, 토지, 매매, 매수, 매도, 매매계약, 매매대금, 자격모용, 허위, 위조, 무죄, 기각",전문 원문: https://www.law.go.kr/LSW/precInfoP.do?precSeq=85350,civil_sale_effect,민법 제568조 매매의 효력,civil_sale_effect|민법 제568조 매매의 효력
208,CASE_2004_00208,2003고합1177,중감금치상·강요·사문서위조·위조사문서행사·공정증서원본불실기재·불실기재공정증서원본행사·폭력행위등처벌에관한법률위반(야간·공동폭행),서울중앙지법,2004-06-01,형사,판결,1심,무죄,감금기간 중에 있었던 폭행을 범죄사실로 하는 약식명령의 기판력이 감금기간 중의 중감금치상 및 강요의 점에도 미친다고 한 사례,"남편이 아내의 간통 사실에 관한 자백을 받아내기 위하여 일정 기간 동안 주거지에서 아내를 감금하고 가혹행위를 하여 상해를 가하고, 간통 사실에 관한 자술서를 쓰도록 강요하였다는 공소사실에 대하여, 위 감금기간 중에 있었던 폭행으로 인해 확정된 약식명령이 존재하고, 위 중감금치상 및 강요의 공소사실과 약식명령이 확정된 폭행죄의 범죄사실이 범행일시, 범행장소, 범행동기와 그 상대방이 동일한 점 등을 고려해 볼 때 그 기초가 되는 사회적 사실관계가 기본적인 점에서 동일하여 위 약식명령의 기판력이 위 감금기간 중의 중감금치상 및 강요의 점에도 미친다고 보아 면소를 선고한 사례.","형법 제260조 제1항 , 제277조 제1항 , 제281조 제1항 , 제324조 , 형사소송법 제326조 제1호","대법원 1994. 3. 22. 선고 93도2080 전원합의체 판결(공1994상, 1368) , 대법원 1998. 8. 21. 선고 98도749 판결(공1998하, 2367)","매매, 매도, 매매계약, 인감증명, 공정증서원본불실기재, 폭력행위, 감금, 상해, 고소, 사기, 위조, 무죄",전문 원문: https://www.law.go.kr/LSW/precInfoP.do?precSeq=69808,civil_sale_effect,민법 제568조 매매의 효력,civil_sale_effect|민법 제568조 매매의 효력
209,CASE_2010_00209,2009고합376,특정경제범죄가중처벌등에관한법률위반(배임)·특정경제범죄가중처벌등에관한법률위반(횡령)·특정경제범죄가중처벌등에관한법률위반(사기)·상법위반·공전자기록등불실기재·불실기재공전자기록등행사·증권거래법위반,수원지법,2010-04-14,형사,판결,1심,무죄,"甲 회사의 대표이사가 비상장회사인 乙 회사를 객관적 가치의 수십 배에 달하는 가격으로 인수한 후, 乙 회사로부터 인수대금을 바로 차용금명목으로 받아 개인적인 이익을 취하고 甲 회사에 손해를 끼친 사안에서, 업무상배임죄를 인정한 사례","甲 회사의 대표이사인 피고인이 카자흐스탄 알마티(Almaty)시 확장 계획인 소위 알가바스 프로젝트에 투자한다는 명목으로 비상장회사인 乙 회사를 객관적 가치의 수십 배에 달하는 가격으로 인수한 후, 乙 회사로부터 인수대금을 바로 차용금명목으로 받아 개인적인 이익을 취하고 甲 회사에 손해를 끼친 사안에서, 피고인은 인수계약 체결 2개월 전에 乙 회사가 보유한 유일한 자산인 丙 회사의 지분 30%를 100만 달러(약 10억 원에서 최대 11억 원 상당으로 평가됨)에 거래하도록 주선하여 乙 회사의 객관적 가치를 잘 알고 있었으면서도, 200억 원을 매매대금으로 제시하여 인수계약을 체결하고 계약금 및 선급금으로 110억 원을 지급함으로써 甲 회사에 대한 배임행위를 하였고, 이로...","형법 제355조 제2항 , 제356조 , 특정경제범죄 가중처벌 등에 관한 법률 제3조 제1항 제1호","대법원 2006. 11. 9. 선고 2004도7027 판결 (공2006하, 2115), 대법원 2007. 3. 15. 선고 2004도5742 판결 (공2007상, 569), 대법원 2010. 1. 14. 선고 2007도10415 판결","부동산, 토지, 매매, 매수, 매매대금, 계약금, 등기, 담보, 사기, 횡령, 배임, 무죄",전문 원문: https://www.law.go.kr/LSW/precInfoP.do?precSeq=143902,aggravated_economic_crime,특정경제범죄 가중처벌 등에 관한 법률 제3조,aggravated_economic_crime|특정경제범죄 가중처벌 등에 관한 법률 제3조; criminal_fraud|형법 제347조 사기죄; embezzlement_breach_of_trust|형법 제355조·제356조 횡령·배임; civil_sale_effect|민법 제568조 매매의 효력
210,CASE_2020_00210,2019도14770,특정경제범죄가중처벌등에관한법률위반(횡령)[일부인정된죄명:특정경제범죄가중처벌등에관한법률위반(배임)]·특정경제범죄가중처벌등에관한법률위반(사기)·배임,대법원,2020-08-27,형사,판결,상고심,파기환송,"배임죄의 주체인 ‘타인의 사무를 처리하는 자’의 의미 / 채무자가 금전채무를 담보하기 위하여 그 소유의 동산을 채권자에게 동산·채권 등의 담보에 관한 법률에 따른 동산담보로 제공함으로써 채권자인 동산담보권자에 대하여 담보물의 담보가치를 유지·보전할 의무 또는 담보물을 타에 처분하거나 멸실, 훼손하는 등으로 담보권 실행에 지장을 초래하는 행위를 하지 않을 의무를 부담하게 된 경우, 배임죄의 주체인 ‘타인의 사무를 처리하는 자’에 해당하는지 여부 (소극) 및 이때 채무자가 담보물을 제3자에게 처분하는 등으로 담보가치를 감소 또는 상실시켜 채권자의 담보권 실행이나 이를 통...","[다수의견] 배임죄는 타인의 사무를 처리하는 자가 그 임무에 위배하는 행위로써 재산상의 이익을 취득하거나 제3자로 하여금 이를 취득하게 하여 사무의 주체인 타인에게 손해를 가할 때 성립하는 것이므로 그 범죄의 주체는 타인의 사무를 처리하는 지위에 있어야 한다. 여기에서 ‘타인의 사무를 처리하는 자’라고 하려면, 타인의 재산관리에 관한 사무의 전부 또는 일부를 타인을 위하여 대행하는 경우와 같이 당사자 관계의 전형적·본질적 내용이 통상의 계약에서의 이익대립관계를 넘어서 그들 사이의 신임관계에 기초하여 타인의 재산을 보호 또는 관리하는 데에 있어야 한다. 이익대립관계에 있는 통상의 계약관계에서 채무자의 성실한 급부이행에 의해 상대방이 계약상 권리의 만족 내지 채권의 실현이라는...","형법 제355조 제2항 , 동산·채권 등의 담보에 관한 법률 제2조 제2호 , 제7조 제1항","대법원 2020. 2. 20. 선고 2019도9756 전원합의체 판결(공2020상, 723)","등기, 저당권, 담보, 사기, 기망, 편취, 횡령, 배임, 파기",전문 원문: https://www.law.go.kr/LSW/precInfoP.do?precSeq=226505,aggravated_economic_crime,특정경제범죄 가중처벌 등에 관한 법률 제3조,aggravated_economic_crime|특정경제범죄 가중처벌 등에 관한 법률 제3조; criminal_fraud|형법 제347조 사기죄; embezzlement_breach_of_trust|형법 제355조·제356조 횡령·배임; civil_fraud_duress|민법 제110조 사기·강박에 의한 의사표시
211,CASE_2013_00211,"2012고합35, 76(병합)",위조사문서행사·특정경제범죄가중처벌등에관한법률위반(사기)(피고인1·4에대하여일부인정된죄명·사기)·업무방해·업무상횡령·특정경제범죄가중처벌등에관한법률위반(배임)·건설산업기본법위반·부동산실권리자명의등기에관한법률위반·특정경제범죄가중처벌등에관한법률위반(횡령)·사문서위조·정치자금법위반,대구지방법원 안동지원,2013-02-21,형사,판결,1심,무죄,"1 주식회사)에 대하여 위 벌금에 상당한 금액의 가납을 명한다. 피고인 1, 피고인 2, 피고인 3(대판:소외 3)에 대한 공소사실 중 각 업무방해의 점은 각 무죄. 피고인 1, 피고인 2, 피고인 3(대판:소외 3)에 대한 각 무죄 판결 부분의 요지를 공시한다. 【이 유】 【범죄사실】 『2012고합35』 Ⅰ. 피고인 1, 피고인 2, 피고인 3(대판:소외 3)의 공동범행 피고인 1은 피고인 5 주식회사(대판:공소외 1 주식회사)(이하 ‘피고인 5 회사(대판:공소외 1 회사)’라 한다)의 대표이사이자, 그 형인 피고인 4가 대표이","(대판:소외 3)을 ‘피고인들’이라고만 하고, 이하 각 항에서도 각 항목별 피고인을 ‘피고인’ 또는 ‘피고인들’이라고만 한다). 1. 영주시 가흥동 “△△△△” 아파트 관련 특정경제범죄가중처벌등에관한법률위반(사기) 등 피고인들은 영주시 가흥동에서 공소외 2 회사가 시행하고, 피고인 5 회사(대판:공소외 1 회사)가 시공하는 “△△△△” 아파트(분양아파트 및 임대아파트 포함)와 관련하여, 그 부지의 매매가격을 실제보다 높게 부풀려 감정평가를 높게 받은 후, 이를 기초로 분양아파트의 경우에는 분양가상한금액을 높게 결정 받아 분양가를 실제보다 높게 받고, 임대아파트의 경우에는 한국주택금융공사로부터 실제보다 높은 금액에 대하여 보증을 받아 은행",원문 참조,없음,"부동산, 주택, 아파트, 토지, 매매, 매수, 매도, 매매계약, 매매대금, 계약금, 공유지분, 분양",전문 원문: https://www.law.go.kr/LSW/precInfoP.do?precSeq=187940,aggravated_economic_crime,특정경제범죄 가중처벌 등에 관한 법률 제3조,aggravated_economic_crime|특정경제범죄 가중처벌 등에 관한 법률 제3조; criminal_fraud|형법 제347조 사기죄; embezzlement_breach_of_trust|형법 제355조·제356조 횡령·배임; civil_sale_effect|민법 제568조 매매의 효력
212,CASE_2005_00212,2004고합414,특정경제범죄가중처벌등에관한법률위반(사기)·특정경제범죄가중처벌등에관한법률위반(배임)·특정경제범죄가중처벌등에관한법률위반(횡령)·업무상배임·업무상횡령·업무방해·부동산실권리자명의등기에관한법률위반·강제집행면탈·예금자보호법위반,서울중앙지방법원,2005-08-11,형사,판결,1심,무죄,"자보호법위반의 점, 피해자 대한종합금융 주식회사, 주식회사 한미은행 및 1998. 12. 31.자 주식회사 경남은행에 대한 각 특정경제범죄가중처벌등에관한법률위반(사기)의 점, 공소외 4 주식회사에의 대출로 인한 특정경제범죄가중처벌등에관한법률위반(배임)의 점, 피고인 2에 대한 자료제출거부로 인한 예금자보호법위반의 점, 피해자 대한종합금융 주식회사, 주식회사 경남은행에 대한 각 특정경제범죄가중처벌등에관한법률위반(사기)의 점은 각 무죄. 피고인 1에 대한 공소사실 중 피해자 공소외 37 주식회사에 대한 특정경제범죄가중처벌등에관한법률위반","소외 2 주식회사는 약 271억 원 합계 약 1,088억 원의 채무를 지고 있었고, 공소외 1 주식회사, 2 주식회사와 그 전·현직 임직원들은 예금보험공사로부터 손해배상청구를 요구받거나 손해배상청구권의 대위행사 또는 소송참가를 받을 상황에 처하여 예금보험공사 부실채무기업 특별조사단의 업무 및 재산상황에 관하여 장부, 서류 기타의 조사를 받게 됨으로써 이러한 경우 조사를 거부, 방해 또는 기피하여서는 아니됨에도 불구하고, 가. 피고인 1은 2003. 2. 20.경 10:00경 서울 서초구 (상세 번지 생략)에 있는 공소외 1 주식회사 회장실에서 그 무렵의 공소외 1 주식회사, 2 주식회사 임직원들의 조사에 대한 비협조와 특히 2003. 2",원문 참조,없음,"부동산, 주택, 조합원, 등기, 부동산실권리자, 사기, 편취, 허위, 횡령, 배임, 손해배상, 무죄",전문 원문: https://www.law.go.kr/LSW/precInfoP.do?precSeq=78290,aggravated_economic_crime,특정경제범죄 가중처벌 등에 관한 법률 제3조,aggravated_economic_crime|특정경제범죄 가중처벌 등에 관한 법률 제3조; criminal_fraud|형법 제347조 사기죄; embezzlement_breach_of_trust|형법 제355조·제356조 횡령·배임; civil_nonperformance_damages|민법 제390조 채무불이행 손해배상
213,CASE_2021_00213,2020다280890,소유권이전등기,대법원,2021-04-29,민사,판결,상고심,파기환송,"공익사업을 위한 토지 등의 취득 및 보상에 관한 법률 제91조 제1항 에서 환매권을 인정하는 취지 / 도시계획시설사업의 시행자로 지정되어 도시계획시설사업의 수행을 위하여 필요한 토지를 협의취득하였으나 시행자 지정이 처음부터 효력이 없거나 토지의 취득 당시 해당 도시계획시설사업의 법적 근거가 없었던 것으로 볼 수 있는 등 협의취득이 당연무효인 경우, 협의취득일 당시의 토지소유자가 위 조항에서 정한 환매권을 행사할 수 있는지 여부 (소극)","공익사업을 위한 토지 등의 취득 및 보상에 관한 법률(이하 ‘토지보상법’이라 한다) 제91조 제1항 은 해당 사업의 폐지ㆍ변경 또는 그 밖의 사유로 취득한 토지의 전부 또는 일부가 필요 없게 된 경우 취득일 당시의 토지소유자 또는 그 포괄승계인(이하 ‘토지소유자’라 한다)은 그 토지에 대하여 받은 보상금에 상당하는 금액을 사업시행자에게 지급하고 그 토지를 환매할 수 있다고 규정하고 있다. 토지보상법이 환매권을 인정하는 취지는, 토지의 원소유자가 사업시행자로부터 토지 등의 대가로 정당한 손실보상을 받았다고 하더라도 원래 자신의 자발적인 의사에 기하여 그 토지 등의 소유권을 상실하는 것이 아니어서 그 토지 등을 더 이상 당해 공익사업에 이용할 필요가 없게 된 때, 즉 공익상의...","공익사업을 위한 토지 등의 취득 및 보상에 관한 법률 제91조 제1항 , 구 공익사업을 위한 토지 등의 취득 및 보상에 관한 법률(2007. 10. 17. 법률 제8665호로 개정되기 전의 것) 제4조 제7호 (현행 제4조 제8호 참조), 구 국토의 계획 및 이용에 관한 법률(2007. 1. 19. 법률 제8250호로 개정되기 전의 것) 제86조 제5항 , 제95조 제1항","대법원 1995. 2. 10. 선고 94다31310 판결 (공1995상, 1302), 대법원 2000. 8. 22. 선고 98다60422 판결 (공2000하, 1987)","주택, 토지, 매매, 매수, 매매계약, 매매대금, 소유권이전, 등기, 강박, 기각, 파기, 취소",전문 원문: https://www.law.go.kr/LSW/precInfoP.do?precSeq=226873,civil_fraud_duress,민법 제110조 사기·강박에 의한 의사표시,civil_fraud_duress|민법 제110조 사기·강박에 의한 의사표시; civil_sale_effect|민법 제568조 매매의 효력
214,CASE_2015_00214,2014가단5120624,소유권말소등기,서울중앙지방법원,2015-05-15,민사,판결,1심,1. 원고의 청구를 모두 기각한다. 2. 소송비용은 원고가 부담한다.,"정하) 【피 고】 피고 (소송대리인 법무법인(유한) 대륙아주 담당변호사 이홍배 외 1인) 【변론종결】 2015. 4. 15. 【주 문】 1. 원고의 청구를 모두 기각한다. 2. 소송비용은 원고가 부담한다. 【청구취지】 피고는 김태훈[000000-0000000, 주소 : 안양시 (주소 2 생략)]에게 별지 목록 기재 건물 중 35/100 지분에 관하여 서울중앙지방법원(서울북부지방법원 동대문등기소로 관할변경 전 구관할 등기소의 기재로 보인다. 이하 같다) 2010. 10. 25. 접수 제46498호로 마친 매매예약가등기 및 서울중앙지방",1. 이 사건 지분에 관한 등기 사항 가. 별지 목록 기재 건물(이하 ‘이 사건 구분점포’라 한다) 중 35/100 지분(이하 ‘이 사건 지분’이라 한다)에 관하여 2010. 10. 12. 소외 2 명의로 소유권보존등기가 마쳐진 후 서울북부지방법원 동대문등기소(관할변경 전 서울중앙지방법원 등기국) 2010. 10. 25. 접수 제46498호로 2010. 10. 25. 매매예약을 원인으로 한 피고 명의의 지분전부이전청구권가등기(이하 ‘이 사건 가등기’라 한다)가 마쳐졌다. 나. 원고는 소외 2의 채권자(대여,원문 참조,없음,"상가, 건물, 매매, 매수, 매매계약, 매매대금, 계약금, 중도금, 잔금, 소유권이전, 소유권보존, 분양",전문 원문: https://www.law.go.kr/LSW/precInfoP.do?precSeq=207567,civil_sale_effect,민법 제568조 매매의 효력,civil_sale_effect|민법 제568조 매매의 효력
215,CASE_2005_00215,2004구합4017,공인중개사시험불합격처분취소,서울행정법원,2005-05-13,행정,판결,1심,1. 원고들의 청구를 모두 기각한다. 2. 소송비용은 원고들의 부담으로 한다.,원 고】 【피 고】 한국산업인력공단(소송대리인 법무법인 해마루 담당변호사 지기룡외 2인) 【변론종결】 2005. 4. 1. 【주 문】 1. 원고들의 청구를 모두 기각한다. 2. 소송비용은 원고들의 부담으로 한다. 【청구취지】 피고가 2003. 11. 6. 원고들에 대하여 한 제14회 공인중개사자격시험 불합격처분을 취소한다. 【이 유】 1. 처분의 경위 가. 피고는 부동산중개업법시행령(이하 ‘시행령’이라 한다) 제41조 제3항 에 의거 건설교통부장관으로부터 제14회 공인중개사시험 시행에 대한 권한을 위임받아 2003. 9. 21. 제,"1. 처분의 경위 가. 피고는 부동산중개업법시행령(이하 ‘시행령’이라 한다) 제41조 제3항 에 의거 건설교통부장관으로부터 제14회 공인중개사시험 시행에 대한 권한을 위임받아 2003. 9. 21. 제14회 공인중개사자격시험(이하 ‘이 사건 시험’이라 한다)을 실시하였다. 나. 공인중개사시험의 방식은 객관식 선택형으로 시행령 제10장에 따라 제1차 시험{시험과목은 부동산학개론(제1과목), 민법 및 민사특별법(제2과목)의 2과목}과 제2차 시험{시험과목은 부동산중개업 법령 및 중개실무(제3과목), 부동산공시에 관한 법령 및 부동산 관련세법(제4과목), 부동산공법(제5과목)의 3과목}으로 구분 또는 동시에 실시할",원문 참조,없음,"부동산, 주택, 상가, 토지, 건물, 공인중개, 기각, 취소",전문 원문: https://www.law.go.kr/LSW/precInfoP.do?precSeq=78053,realtor_prohibited_acts,공인중개사법 제33조 금지행위,realtor_prohibited_acts|공인중개사법 제33조 금지행위
216,CASE_2001_00216,2000나8362,소유권이전등기,광주지법,2001-08-31,민사,판결,2심,"1. 원심판결을 취소한다. 2. 원고의 주위적 청구 및 당심에서 추가된 예비적 청구를 모두 기각한다. 3. 소송비용은 제1,...",소유권이전약정 이후 그 약정에 따른 소유권이전등기가 마쳐지기 전에 상대방에 제공하였던 등기서류 일체를 회수함으로써 그 약정은 무효가 되었다는 취지의 주장에는 서면에 의하지 아니한 증여계약의 임의 해제의 주장이 포함되어 있는 것으로 볼 수 있다고 한 사례,소유권이전약정 이후 그 약정에 따른 소유권이전등기가 마쳐지기 전에 상대방에 제공하였던 등기서류 일체를 회수함으로써 그 약정은 무효가 되었다는 취지의 주장에는 서면에 의하지 아니한 증여계약의 임의 해제의 주장이 포함되어 있는 것으로 볼 수 있다고 한 사례.,"[1] 민법 제105조 , 제555조 , 558조 , 민사소송법 제188조",없음,"부동산, 농지, 매도, 소유권이전, 등기, 인감증명, 강박, 사기, 기망, 기각, 취소, 해제",전문 원문: https://www.law.go.kr/LSW/precInfoP.do?precSeq=71442,civil_fraud_duress,민법 제110조 사기·강박에 의한 의사표시,civil_fraud_duress|민법 제110조 사기·강박에 의한 의사표시; civil_sale_effect|민법 제568조 매매의 효력
217,CASE_2023_00217,"2022다279733, 279740",추심금·추심금,대법원,2023-04-13,민사,판결,상고심,"원심판결 중 피고 패소 부분을 파기하고, 이 부분 사건을 서울남부지방법원에 환송한다.","[1] 채권압류 및 추심명령에 기한 추심의 소에서 피압류채권의 존재에 관한 증명책임의 소재(=채권자) [2] 처분문서의 해석 방법 [3] 甲 등이 지역주택조합 추진위원회와 조합가입계약을 체결하고 추진위원회로부터 자금관리 대리사무를 수임한 乙 신탁회사에 계약금 등을 지급하였다가 그 후 추진위원회를 상대로 조합가입계약의 무효를 주장하며 계약금 등 반환을 구하는 조정을 신청하여, 추진위원회로 하여금 甲 등에게 일정 금액을 반환하도록 하는 내용의 조정을 갈음하는 결정을 받아 위 결정이 확정되었는데, 위 결정이 확정되기 전에 乙 회사와의 자금관리 대리사무계약을 해지하고 丙 신...","[1] 채권압류 및 추심명령에 기한 추심의 소에서 피압류채권의 존재는 채권자가 증명하여야 한다. [2] 계약당사자 사이에 어떠한 계약내용을 처분문서인 서면으로 작성한 경우에 문언의 객관적인 의미가 명확하다면 특별한 사정이 없는 한 문언대로의 의사표시의 존재와 내용을 인정하여야 하고, 특히 문언의 객관적 의미와 달리 해석함으로써 당사자 사이의 법률관계에 중대한 영향을 초래하게 되는 경우에는 그 문언의 내용을 더욱 엄격하게 해석하여야 한다. [3] 甲 등이 지역주택조합 추진위원회와 조합가입계약을 체결하고 추진위원회로부터 자금관리 대리사무를 수임한 乙 신탁회사에 계약금 등을 지급하였다가 그 후 추진위원회를 상대로 조합가입계약의 무효를 주장하며 계약금 등 반환을 구하는 조정을 신...","[1] 민사소송법 제288조 [증명책임], 민사집행법 제227조 , 제229조 , 제238조 [2] 민법 제105조 [3] 민법 제105조 , 민사소송법 제288조 [증명책임], 민사집행법 제227조 , 제229조 , 제238조","[1] 대법원 2007. 1. 11. 선고 2005다47175 판결 (공2007상, 275), 대법원 2015. 6. 11. 선고 2013다40476 판결 (공2015하, 960) / [2] 대법원 2008. 11. 13. 선고 2008다46531 판결 , 대법원 2014. 11. 27. 선고 2012다21621 판결","주택, 아파트, 계약금, 지역주택조합, 조합가입, 조합원, 분담금, 업무대행비, 기망, 허위, 파기, 반환",전문 원문: https://www.law.go.kr/LSW/precInfoP.do?precSeq=234605,civil_fraud_duress,민법 제110조 사기·강박에 의한 의사표시,civil_fraud_duress|민법 제110조 사기·강박에 의한 의사표시; civil_sale_effect|민법 제568조 매매의 효력
218,CASE_2018_00218,2017나23302,건물인도등,대구고법,2018-08-22,민사,판결,2심,1. 제1심판결을 다음과 같이 변경한다. 가. 이 사건 소 중 운영위탁계약 종료확인 청구 부분을 각하한다. 나. 피고는 원고들...,"甲 등이 신탁회사인 乙 주식회사가 丙 주식회사로부터 신탁받아 甲 등에게 분양한 신축호텔의 객실에 관한 운영을 丙 회사에 10년간 위탁하되, 丙 회사는 甲 등에게 입실 지정일로부터 만 2개월이 경과한 날의 다음 달부터 만 1년간은 확정수익금을 지급하고 그 이후부터는 운영수익에 따라 수익률을 정산하기로 하는 내용의 운영위탁계약을 체결하였는데, 丙 회사가 무단으로 丁 주식회사에 호텔에 대한 영업상 권리의무 일체를 양도한 채 확정수익금의 일부와 그 이후의 수익금을 지급하지 않자, 甲 등이 차임연체 등을 이유로 운영위탁계약의 해지를 주장하면서 객실의 인도 등을 구한 사안에서,...","甲 등이 신탁회사인 乙 주식회사가 丙 주식회사로부터 신탁받아 甲 등에게 분양한 신축호텔의 객실에 관한 운영을 丙 회사에 10년간 위탁하되, 丙 회사는 甲 등에게 입실 지정일로부터 만 2개월이 경과한 날의 다음 달부터 만 1년간은 확정수익금을 지급하고 그 이후부터는 운영수익에 따라 수익률을 정산하기로 하는 내용의 운영위탁계약을 체결하였는데, 丙 회사가 무단으로 丁 주식회사에 호텔에 대한 영업상 권리의무 일체를 양도한 채 확정수익금의 일부와 그 이후의 수익금을 지급하지 않자, 甲 등이 차임연체 등을 이유로 운영위탁계약의 해지를 주장하면서 객실의 인도 등을 구한 사안이다. 위 운영위탁계약은 민법상 위임의 성격이 있다고 볼 여지도 있으나 甲 등이 乙 회사와 체결한 분양계약의 문언...","민법 제548조 제1항 , 제618조 , 제640조",없음,"부동산, 토지, 건물, 임대차, 보증금, 임대인, 임차인, 매매, 매매대금, 소유권이전, 소유권보존, 분양",전문 원문: https://www.law.go.kr/LSW/precInfoP.do?precSeq=203759,civil_lease_definition,민법 제618조 임대차의 의의,civil_sale_effect|민법 제568조 매매의 효력; civil_lease_definition|민법 제618조 임대차의 의의
219,CASE_1998_00219,98도749,폭력행위등처벌에관한법률위반,대법원,1998-08-21,형사,판결,상고심,"피고인 1, 피고인 2 및 검사의 상고를 각 기각한다.",[1] 공소사실이나 범죄사실의 동일성 여부의 판단 기준 [2] 감금죄의 공소사실과 그 감금 상태에서 피해자 명의의 인감증명서를 이용하여 회사의 대표이사 명의나 회사 부지의 소유자 명의를 변경하여 경영권을 빼앗았다는 내용의 폭력행위등처벌에관한법률위반죄의 공소사실 사이에 동일성이 있다고 본 사례,[1] 공소사실이나 범죄사실의 동일성 여부는 사실의 동일성이 갖는 법률적 기능을 염두에 두고 피고인의 행위와 그 사회적인 사실관계를 기본으로 하되 그 규범적 요소도 고려하여 판단하여야 한다. [2] 감금죄의 공소사실과 그 감금 상태에서 피해자 명의의 인감증명서를 이용하여 회사의 대표이사 명의나 회사 부지의 소유자 명의를 변경하여 경영권을 빼앗았다는 내용의 폭력행위등처벌에관한법률위반죄의 공소사실 사이에 동일성이 있다고 본 사례.,[1] 형사소송법 제298조 [2] 형사소송법 제298조,"[1] 대법원 1994. 3. 22. 선고 93도2080 전원합의체 판결 (공1994상, 1368), 대법원 1996. 6. 28. 선고 95도1270 판결 (공1996하, 2424), 대법원 1998. 6. 26. 선고 97도3297 판결(공1998하, 2044)","부동산, 인감증명, 폭력행위, 협박, 공갈, 감금, 기각",전문 원문: https://www.law.go.kr/LSW/precInfoP.do?precSeq=116975,criminal_fraud,형법 제347조 사기죄,criminal_fraud|형법 제347조 사기죄
220,CASE_2017_00220,2016도13362,특정경제범죄가중처벌등에관한법률위반(사기)(예비적죄명:사기)·사기·사문서위조·위조사문서행사·공정증서원본불실기재·불실기재공정증서원본행사·횡령,대법원,2017-02-16,형사,판결,상고심,파기환송,"[1] 피기망자가 처분행위의 의미나 내용을 인식하지 못하였으나 피기망자의 작위 또는 부작위가 직접 재산상 손해를 초래하는 재산적 처분행위로 평가되고, 이러한 작위 또는 부작위를 피기망자가 인식하고 한 경우, 사기죄의 처분행위에 상응하는 처분의사가 인정되는지 여부 (적극) [2] 피기망자가 행위자의 기망행위로 인하여 착오에 빠진 결과 내심의 의사와 다른 효과를 발생시키는 내용의 처분문서에 서명 또는 날인함으로써 처분문서의 내용에 따른 재산상 손해가 초래된 경우, 피기망자의 행위가 사기죄에서 말하는 처분행위에 해당하는지 여부 (적극) / 이때 피기망자가 처분결과, 즉 문...","[1] [다수의견] 사기죄에서 처분행위는 행위자의 기망행위에 의한 피기망자의 착오와 행위자 등의 재물 또는 재산상 이익의 취득이라는 최종적 결과를 중간에서 매개·연결하는 한편, 착오에 빠진 피해자의 행위를 이용하여 재산을 취득하는 것을 본질적 특성으로 하는 사기죄와 피해자의 행위에 의하지 아니하고 행위자가 탈취의 방법으로 재물을 취득하는 절도죄를 구분하는 역할을 한다. 처분행위가 갖는 이러한 역할과 기능을 고려하면, 피기망자의 의사에 기초한 어떤 행위를 통해 행위자 등이 재물 또는 재산상의 이익을 취득하였다고 평가할 수 있는 경우라면 사기죄에서 말하는 처분행위가 인정된다. 사기죄에서 피기망자의 처분의사는 기망행위로 착오에 빠진 상태에서 형성된 하자 있는 의사이므로 불완전하...","[1] 형법 제13조 , 제329조 , 제347조 , 전기통신금융사기 피해 방지 및 피해금 환급에 관한 특별법 제2조 제2호 , 제15조의2 제1항 제1호 [2] 형법 제13조 , 제231조 , 제347조 [3] 형법 제30조 , 제347조 제1항 , 구 특정경제범죄 가중처벌 등에 관한 법률(2012. 2. 10. 법률 제11304호로 개정되기 전의 것) 제3조 제1항 제2호","[1] 대법원 1983. 2. 22. 선고 82도3115 판결 (공1983, 629), 대법원 1984. 2. 14. 선고 83도2995 판결 (공1984, 475), 대법원 1987. 10. 26. 선고 87도1042 판결(공1987, 1829)(변경) , 대법원 1994. 8. 12. 선고 94도1487 판결 (공1994하, 2320), 대법원 1999. 7. 9. 선고 99도1326 판결(공1999하, 1681)(변경) , 대법원 2006. 1. 26. 선고 2005도1160 판결 , 대법원...","토지, 매도, 토지거래허가, 근저당, 저당권, 인감증명, 공정증서원본불실기재, 사기, 기망, 편취, 위조, 횡령",전문 원문: https://www.law.go.kr/LSW/precInfoP.do?precSeq=184471,aggravated_economic_crime,특정경제범죄 가중처벌 등에 관한 법률 제3조,aggravated_economic_crime|특정경제범죄 가중처벌 등에 관한 법률 제3조; criminal_fraud|형법 제347조 사기죄; embezzlement_breach_of_trust|형법 제355조·제356조 횡령·배임; civil_fraud_duress|민법 제110조 사기·강박에 의한 의사표시; civil_sale_effect|민법 제568조 매매의 효력
221,CASE_2002_00221,2001고단10674,사기·부동산등기특별조치법위반,서울지방법원,2002-12-17,형사,판결,1심,유죄(징역형),"10평의 면적에 위 회사의 지사를 설치하여, 본사에 상무, 실장, 차장 등 총 39명, 지사에 전무, 실장, 차장 등 총 70명, 합계 109명을 고용, 부동산 매매업에 종사하면서 직원 교육, 관리 감독, 전매 대상 부동산 매수 업무를 담당하는 자, 피고인 2는 2001. 3. 초순경부터 위 회사의 상무로서 직원 교육, 소속 관리 감독, 상담 업무를 담당하는 자, 피고인 3은 1999. 12. 하순경부터 위 회사의 기획부 실장으로서 소속 차장 등 직원 교육, 상담, 현지 안내, 계약서 작성 등의 업무를 담당하는 자, 피고인 4는 2","10평의 면적에 위 회사의 지사를 설치하여, 본사에 상무, 실장, 차장 등 총 39명, 지사에 전무, 실장, 차장 등 총 70명, 합계 109명을 고용, 부동산 매매업에 종사하면서 직원 교육, 관리 감독, 전매 대상 부동산 매수 업무를 담당하는 자, 피고인 2는 2001. 3. 초순경부터 위 회사의 상무로서 직원 교육, 소속 관리 감독, 상담 업무를 담당하는 자, 피고인 3은 1999. 12. 하순경부터 위 회사의 기획부 실장으로서 소속 차장 등 직원 교육, 상담, 현지 안내, 계약서 작성 등의 업무를 담당하는 자, 피고인 4는 2000. 10. 초순경부터 위 회사의 개발 사업부 실장으로 소속 차장 등 직원 교육, 상담, 현지 안내, 계",원문 참조,없음,"부동산, 임야, 건물, 매매, 매수, 매도, 매매대금, 계약금, 중도금, 잔금, 중개업자, 등기",전문 원문: https://www.law.go.kr/LSW/precInfoP.do?precSeq=230643,criminal_fraud,형법 제347조 사기죄,criminal_fraud|형법 제347조 사기죄; civil_sale_effect|민법 제568조 매매의 효력; realtor_prohibited_acts|공인중개사법 제33조 금지행위
222,CASE_1993_00222,93노467,특정경제범죄가중처벌등에관한법률위반(사기),서울고법,1993-04-29,형사,판결,2심,항소기각,서울 서초동 소재 국군정보동령부 부지를 목적물로 한 매매계약에 있어 국방부 소속 이사관을 포함한 매도인측의 관련자들 사이에 순차적 또는 암묵적으로 서로 의사가 상통되었다고 보아 사기죄의 공모공동정범으로 처벌한 사례,"유의 요지 가. 피고인 1과 그 변호인의 항소이유의 요지 제1점은 첫째는 서울 서초구 서초동 산 1005의 6 소재 국군 정보사령부(이하 정보사라고 한다) 부지 매매계약과 관련하여 (1) 위 피고인은 상 피고인 8, 피고인 7, 피고인 9 등과 상피고인 2, 피고인 10을 기망하여 돈을 편취하기로 공모한 사실이 없을 뿐 아니라, (2) 위 피고인은 국방부 소관 국유재산의 처분업무를 담당한 경력이 있는 자로서 정보사 부지가 도심에 위치하여 언젠가는 이전할 필요가 있고 이미 국방5개년계획에 그 이전계획이 포함되어 있었는바, 상 피고인 7, 피고인 10 등이 충분한 매수자격을 갖추고 자금을 확보하였다고 하면서 그 불하를 간청하여 왔기 때문에","형법 제30조 , 제347조 제1항 , 특정경제범죄가중처벌등에관한법률 제3조 제1항 제1호",없음,"토지, 임야, 매매, 매수, 매도, 매매계약, 매매대금, 계약금, 중도금, 잔금, 소유권이전, 토지거래허가",전문 원문: https://www.law.go.kr/LSW/precInfoP.do?precSeq=227297,aggravated_economic_crime,특정경제범죄 가중처벌 등에 관한 법률 제3조,aggravated_economic_crime|특정경제범죄 가중처벌 등에 관한 법률 제3조; criminal_fraud|형법 제347조 사기죄; civil_fraud_duress|민법 제110조 사기·강박에 의한 의사표시; civil_sale_effect|민법 제568조 매매의 효력
223,CASE_2022_00223,2021나2000655,부당이득금,서울고법,2022-01-13,민사,판결,2심,항소기각,"甲 등이 아파트 건축 공급 사업을 목적으로 하는 乙 지역주택조합 추진위원회로부터 위 사업에 따라 신축될 아파트 1세대를 공급받기로 하는 내용의 조합가입계약을 체결한 후 조합원부담금 등을 지급하였는데, 이후 ‘乙 추진위원회가 사업부지의 용도지역을 변경하지 않고서는 7층 이하의 아파트만을 건축할 수 있는 사실 등을 묵비한 채, 13층 이상의 호실을 배정하는 등의 방법으로 마치 고층의 아파트 건축이 확정된 것처럼 甲 등을 기망하였다.’고 주장하며, 乙 추진위원회를 상대로 계약 취소 등을 구한 사안에서, 제반 사정에 비추어 乙 추진위원회는 계약 체결에 있어서 중요한 사항인...","甲 등이 아파트 건축 공급 사업을 목적으로 하는 乙 지역주택조합 추진위원회로부터 위 사업에 따라 신축될 아파트 1세대를 공급받기로 하는 내용의 조합가입계약을 체결한 후 조합원부담금 등을 지급하였는데, 이후 ‘乙 추진위원회가 사업부지의 용도지역을 변경하지 않고서는 7층 이하의 아파트만을 건축할 수 있는 사실 등을 묵비한 채, 13층 이상의 호실을 배정하는 등의 방법으로 마치 고층의 아파트 건축이 확정된 것처럼 甲 등을 기망하였다.’고 주장하며, 乙 추진위원회를 상대로 계약 취소 등을 구한 사안이다. 甲 등이 乙 추진위원회로부터 교부받은 안내자료 등에 기재된 내용과 그 구체성에 비추어 보면, 위 사업에 따라 건축될 아파트의 규모와 층수, 그리고 이를 결정짓는 위 사업부지의 현...","민법 제2조 제1항 , 제105조 , 제110조 , 제741조",없음,"주택, 아파트, 토지, 지역주택조합, 조합가입, 조합원, 기망, 허위, 손해배상, 불법행위, 기각, 반환",전문 원문: https://www.law.go.kr/LSW/precInfoP.do?precSeq=222817,civil_fraud_duress,민법 제110조 사기·강박에 의한 의사표시,civil_fraud_duress|민법 제110조 사기·강박에 의한 의사표시; civil_nonperformance_damages|민법 제390조 채무불이행 손해배상; civil_sale_effect|민법 제568조 매매의 효력
224,CASE_2020_00224,2017다224906,소유권이전등기말소등기등청구의소,대법원,2020-07-23,민사,판결,상고심,상고기각,"[1] 확정판결의 기판력이 미치는 범위 및 소송물이 동일하거나 선결문제 또는 모순관계에 의하여 기판력이 미치는 객관적 범위에 해당하지 않는 경우, 후소에 전소 판결의 기판력이 미치는지 여부 (소극) [2] 민사집행법 제26조 및 제27조 에서 정한 집행판결의 소송물(=외국판결을 근거로 우리나라에서 집행력의 부여를 구하는 청구권) [3] 甲이 乙을 상대로 미국 법원에 제기한 이혼 및 재산분할청구의 소에서 甲과 乙은 이혼하고 부부 공동 재산인 부동산은 甲의 소유로 한다는 내용의 판결이 선고되었고, 이에 甲이 위 외국판결에 대한 집행판결을 받아 부동산에 관하여 소유권이전등...","피고 1의 소유로 한다는 내용의 판결을 선고하였다. 2) 이에 피고 1은 2010. 11. 12. 위 외국판결에 대한 집행판결을 받아 이 사건 부동산에 관하여 소유권이전등기를 마쳤다. 3) 그런데 위 캘리포니아주 법원은 2013. 5. 22. 피고 1이 허위의 송달증명서를 이용하였다는 이유로 위 외국판결을 취소하였고, 결국 2013. 10. 15. 당사자의 소송상 합의에 따라 위 외국판결 중 이혼 부분의 효력은 유지한 채 재산분할 부분을 취소하는 판결을 하였다. 다. 원심은 판시와 같은 이유로 미합중국 캘리포니아주 법원에서 2009. 7. 30. 선고된 외국판결에 대한 확정된 집행판결의 기판력은 위 외국판결을 국내에서 강제집행할 수 있","[1] 민사소송법 제216조 , 제218조 제1항 [2] 민사집행법 제26조 , 제27조 [3] 민사소송법 제216조 , 제218조 제1항 , 민사집행법 제26조 , 제27조","[1] 대법원 2014. 10. 30. 선고 2013다53939 판결 (공2014하, 2256)","부동산, 소유권이전, 등기, 강박, 허위, 기각, 취소, 해제, 권리관계",전문 원문: https://www.law.go.kr/LSW/precInfoP.do?precSeq=212929,civil_fraud_duress,민법 제110조 사기·강박에 의한 의사표시,civil_fraud_duress|민법 제110조 사기·강박에 의한 의사표시; civil_sale_effect|민법 제568조 매매의 효력
225,CASE_2007_00225,2006구합2009,공인중개사시험불합격처분취소청구,수원지방법원,2007-03-28,행정,판결,1심,청구기각,원고의 청구를 기각한다. 소송비용은 원고의 부담으로 한다. 【청구취지】 피고가 2005. 7. 5. 원고에 대하여 한 제15회 추가공인중개사 자격시험 불합격처분을 취소한다. 【이 유】 1. 처분의 경위 가. 피고는 건설교통부장관으로부터 공인중개사 자격시험의 시행에 관한 업무를 위탁받아 2005. 5. 22. 제15회 추가공인중개사 자격시험(이하 ‘이 사건 시험’이라고 한다)을 실시하였는바,"1. 처분의 경위 가. 피고는 건설교통부장관으로부터 공인중개사 자격시험의 시행에 관한 업무를 위탁받아 2005. 5. 22. 제15회 추가공인중개사 자격시험(이하 ‘이 사건 시험’이라고 한다)을 실시하였는바, 이 사건 시험은 제1차 시험과 제2차 시험으로 구분되어 같은 날 시행되고, 제2차 시험의 시험과목은 부동산중개업법령 및 중개실무(이하 ‘부동산중개업법령 등’이라고 한다), 부동산공시에 관한 법령 및 부동산관련세법(이하 ‘부동산공시법령 등’이라고 한다), 부동산공법 중 부동산중개에 관련되는 규정(이하 ’부동산공법‘이라고 한다)",원문 참조,없음,"부동산, 토지, 공인중개, 중개업자, 중개보조, 손해배상, 기각, 취소",전문 원문: https://www.law.go.kr/LSW/precInfoP.do?precSeq=152189,realtor_prohibited_acts,공인중개사법 제33조 금지행위,civil_nonperformance_damages|민법 제390조 채무불이행 손해배상; realtor_prohibited_acts|공인중개사법 제33조 금지행위
226,CASE_2011_00226,"2010가합6001(본소),2010가합20250(반소)",근저당권말소·손해배상(기),서울남부지방법원,2011-09-29,민사,판결,1심,일부인용,"2011. 9. 8. 【주 문】 1. 별지 1 목록 기재 각 부동산에 관하여 원고(반소피고)에게, 가. 피고(반소원고) 동서울농업협동조합은 서울남부지방법원 영등포등기소 2007. 6. 29. 접수 제31112호로 마친 각 근저당권설정등기의, 나. 피고 주식회사 미래상호저축은행은 같은 등기소 2007. 7. 20. 접수 제33798호로 마친 각 근저당권설정등기의 각 말소등기절차를 이행하라. 2. 피고 주식회사 미래상호저축은행은 원고(반소피고)에게 별지 2 목록 기재 각 부동산에 관하여 제1항 기재 등기소 2009. 6. 29. 접수","기재 각 부동산을 소유하고 있다. 2) 피고 동서울농업협동조합(이하 ‘피고 조합’이라 한다)은 별지 1 목록 기재 각 부동산에 관하여 주문 제1의 가 항 기재 근저당권설정등기(이하 '이 사건 제1 근저당권설정등기‘라 한다)를, 피고 주식회사 미래상호저축은행(이하 ‘피고 은행’이라 한다)은 별지 1 목록 기재 각 부동산에 관하여 주문 제1의 나 항 기재 근저당권설정등기(이하 ‘이 사건 제2 근저당권설정등기’라 한다)를, 별지 2 목록 기재 각 부동산에 관하여 주문 제2항 기재 근저당권설정등기(이하 ‘이 사건 제3 근저당권설정등기’라 한다)를 각 경료한 금융기관이다. 3) 소외 1(대법원판결의 소외인)은 1989. 6. 22. 원고 교회의",원문 참조,없음,"부동산, 토지, 건물, 등기, 근저당, 저당권, 담보, 공정증서원본불실기재, 고발, 사기, 기망, 편취",전문 원문: https://www.law.go.kr/LSW/precInfoP.do?precSeq=173340,civil_fraud_duress,민법 제110조 사기·강박에 의한 의사표시,civil_fraud_duress|민법 제110조 사기·강박에 의한 의사표시; civil_nonperformance_damages|민법 제390조 채무불이행 손해배상
228,CASE_2016_00228,2015가합20755,매매대금반환,울산지방법원,2016-06-08,민사,판결,1심,1. 원고의 피고들에 대한 주위적 청구 및 예비적 청구를 모두 기각한다. 2. 소송비용은 원고가 부담한다.,"1 외 4인 (소송대리인 법무법인 한밭 외 2인) 【변론종결】 2016. 5. 18. 【주 문】 1. 원고의 피고들에 대한 주위적 청구 및 예비적 청구를 모두 기각한다. 2. 소송비용은 원고가 부담한다. 【청구취지】 주위적 청구: 피고 1은 원고에게 274,070,100원 및 이에 대하여 이 사건 소장부본 송달일 다음 날부터 다 갚는 날까지 연 20%의 비율로 계산한 돈을 지급하라. 예비적 청구: 피고 2, 울주군, 울산광역시, 대한민국은 각자 원고에게 274,070,100원 및 이에 대한 지연손해금을 지급하라. 【이 유】 1.","1. 기초 사실 가. 원고와 피고 1 사이의 매매계약 체결 등 1) 원고는 2014. 3. 10. 피고 1로부터 별지 1 기재 부동산(이하 ‘이 사건 각 부동산’이라 한다)을 매매대금 225,000,000원에 매수하여, 울산지방법원 2014. 4. 25. 접수 제43030호로 이 사건 각 부동산에 관하여 원고 명의의 소유권이전등기를 마쳤다. 〈갑 제1호증, 제2호증의 1 내지 6〉 2) 피고 2는 중개업자로서 이 사건 각 부동산에 관한 원고와 피고 1 사이의 위 매매계약(이하 ‘이 사건 매매계약’이라 한다)을 중개하였는데,",원문 참조,없음,"부동산, 토지, 건물, 중개대상물, 매매, 매수, 매도, 매매계약, 매매대금, 소유권이전, 대금반환, 중개업자",전문 원문: https://www.law.go.kr/LSW/precInfoP.do?precSeq=224349,realtor_prohibited_acts,공인중개사법 제33조 금지행위,civil_sale_effect|민법 제568조 매매의 효력; realtor_prohibited_acts|공인중개사법 제33조 금지행위
229,CASE_1993_00229,92다55350,손해배상(기),대법원,1993-05-11,민사,판결,상고심,상고기각,가. 부동산을 처분하려는 자가 진정한 권리자와 동일인인지의 여부에 관한 부동산중개업자의 조사확인의무의 내용과 정도 나. 부동산중개업자는 매도의뢰인이 모르는 사람인 경우 등기권리증의 소지 여부나 그 내용을 확인조사할 주의의무가 있는지 여부 (적극),"가. 부동산중개업자와 중개의뢰인과의 법률관계는 민법상의 위임관계와 같으므로 중개업자는 중개의뢰의 본지에 따라 선량한 관리자의 주의로써 의뢰받은 중개업무를 처리하여야 할 의무가 있을 뿐 아니라 구 부동산중개업법(1989.12.30. 법률 제4153호로 개정되기 전의 것) 제16조 에 의하여 신의와 성실로써 공정하게 중개행위를 하여야 할 의무를 부담하고 있는바, 같은 법 제17조 제1항 은 중개의뢰를 받은 중개업자는 중개물건의 권리관계, 법령의 규정에 의한 거래 또는 이용제한사항 등을 확인하여 중개의뢰인에게 설명할 의무가 있음을 명시하고 있고 위 권리관계 중에는 중개대상물의 권리자에 관한 사항도 포함되어 있다고 할 것이므로, 중개업자는 선량한 관리자의 주의와 신의성실로써 매도...","구 부동산중개업법 (1989.12.30. 법률 제4153호로 개정되기 전의 것) 제16조 , 제17조 , 민법 제681조","가. 대법원 1992.2.11. 선고 91다36239 판결(공1992,1000)","부동산, 토지, 중개대상물, 매매, 매수, 매도, 매매계약, 계약금, 중도금, 잔금, 소유권이전, 중개업자",전문 원문: https://www.law.go.kr/LSW/precInfoP.do?precSeq=123021,realtor_prohibited_acts,공인중개사법 제33조 금지행위,civil_nonperformance_damages|민법 제390조 채무불이행 손해배상; civil_sale_effect|민법 제568조 매매의 효력; realtor_prohibited_acts|공인중개사법 제33조 금지행위
230,CASE_2015_00230,2014가합8442,손해배상(기),대구지법,2015-10-22,민사,판결,1심,일부인용,"甲이 乙 은행 명의의 근저당권이 설정된 부동산을 매수하면서, 丙 은행과 丙 은행에서 대출을 받아 근저당권을 말소하고 소유권이전등기를 마친 다음 丙 은행 명의로 1순위 근저당권을 설정하되, 업무 처리는 丙 은행이 지정한 법무사에게 맡기기로 약정하였는데, 丙 은행이 지정한 법무사 丁의 사무장 戊가 丙 은행에서 건네받은 대출금 등을 횡령하였고, 그 후 乙 은행 명의의 근저당권에 따른 임의경매절차가 진행되어 甲이 채무를 대위 변제한 사안에서, 丙 은행은 丁 및 戊의 사용자로서 민법 제756조 에 따라 甲에게 대위 변제금 상당의 손해를 배상할 책임이 있다고 한 사례","甲이 乙 은행 명의의 근저당권이 설정된 부동산을 매수하면서, 丙 은행과 丙 은행에서 대출을 받아 근저당권을 말소하고 소유권이전등기를 마친 다음 丙 은행 명의로 1순위 근저당권을 설정하되, 업무 처리는 丙 은행이 지정한 법무사에게 맡기기로 약정하였는데, 丙 은행이 지정한 법무사 丁의 사무장 戊가 丙 은행에서 건네받은 대출금 등을 횡령하였고, 그 후 乙 은행 명의의 근저당권에 따른 임의경매절차가 진행되어 甲이 채무를 대위 변제한 사안에서, 丙 은행은 대출금이 근저당권 말소나 소유권이전등기가 이루어지기 전에 실행되기 때문에 그에 따른 위험을 줄이기 위하여 등기를 자신의 영역 내에서 처리할 필요가 있었던 점 등에 비추어 丙 은행은 자기 명의의 근저당권설정등기뿐만 아니라 乙 은행...",민법 제756조,없음,"부동산, 주택, 매매, 매수, 매도, 매매대금, 계약금, 중도금, 잔금, 소유권이전, 공인중개, 등기",전문 원문: https://www.law.go.kr/LSW/precInfoP.do?precSeq=179933,realtor_prohibited_acts,공인중개사법 제33조 금지행위,civil_nonperformance_damages|민법 제390조 채무불이행 손해배상; civil_sale_effect|민법 제568조 매매의 효력; realtor_prohibited_acts|공인중개사법 제33조 금지행위
232,CASE_2007_00232,2006나107557,손해배상(기),서울고법,2007-09-20,민사,판결,2심,항소기각,[1] 청구 변경의 허용 범위 [2] 제1심에서 부동산 매매계약이 해제되었음을 전제로 위약금청구를 하였다가 항소심에 이르러 위 매매계약이 유효함을 전제로 소유권이전등기청구로 소를 교환적으로 변경한 것은 청구의 기초에 변경이 없어 적법하다고 본 사례 [3] 매매계약을 체결함에 있어서 약정에 따른 계약금의 지급 전에 계약 당사자 일방이 계약을 자유로이 해제할 수 있는지 여부 (적극) [4] 부동산 매매계약을 체결한 매수인이 중개인에게 계약금 상당의 금원이 예치된 통장을 맡긴 것만으로는 매도인에게 매매계약에서 정한 계약금을 지급한 것으로 볼 수 없다고 한 사례 [5] 무권...,"[1] 청구의 변경은 소송절차를 지연함이 현저한 경우가 아닌 한 청구의 기초에 변경이 없는 한도에서 사실심의 변론종결시까지 할 수 있는 것이고, 동일한 생활 사실 또는 동일한 경제적 이익에 관한 분쟁에 있어서 그 해결 방법에 차이가 있음에 불과한 청구취지 및 청구원인의 변경은 청구의 기초에 변경이 없다고 할 것이며, 또 새로운 청구의 심리를 위하여 종전의 소송자료를 대부분 이용할 수 있는 경우에는 소송절차를 지연케 함이 현저하다고 할 수 없다. [2] 제1심에서 부동산 매매계약이 해제되었음을 전제로 위약금청구를 하였다가 항소심에 이르러 위 매매계약이 유효함을 전제로 소유권이전등기청구로 소를 교환적으로 변경한 것은 청구의 기초에 변경이 없어 적법하다고 본 사례. [3] 계약...","[1] 민사소송법 제262조 [2] 민사소송법 제262조 [3] 민법 제398조 , 제565조 제1항 [4] 민법 제565조 제1항 [5] 민법 제135조 제1항","[1] 대법원 1998. 4. 24. 선고 97다44416 판결 (공1998상, 1450)","부동산, 아파트, 상가, 매매, 매수, 매도, 매매계약, 매매대금, 계약금, 중도금, 잔금, 소유권이전",전문 원문: https://www.law.go.kr/LSW/precInfoP.do?precSeq=70893,civil_sale_effect,민법 제568조 매매의 효력,civil_nonperformance_damages|민법 제390조 채무불이행 손해배상; civil_sale_effect|민법 제568조 매매의 효력
233,CASE_2012_00233,2010다8709,손해배상(기),대법원,2012-04-26,민사,판결,상고심,"원심판결 중 피고 패소 부분을 파기하고, 이 부분 사건을 서울고등법원에 환송한다.","[1] 고지의무를 위반한 당사자가 부주의 또는 착오 등으로 고지의무의 존재를 인식하지 못한 경우, 위법성이 부정되는지 여부 (소극) [2] 지역주택조합 방식에 의한 아파트개발사업의 시행대행자인 甲 주식회사가 乙 등과 조합원가입계약을 체결할 당시 이미 사업부지 일대가 뉴타운사업지구로 지정되어 위 방식에 의한 사업 추진이 불가능할 수 있었음에도 이를 고지하지 않았고, 그 후 사업 추진이 불가능하게 되어 乙 등이 손해를 입은 사안에서, 甲 회사의 고지의무 위반이 인정된다고 한 사례 [3] 민법 제760조 제3항 에서 정한 방조에 부작위에 의한 방조가 포함되는지 여부 (적극...","[1] 부작위로 인한 불법행위가 성립하려면 작위의무가 전제되어야 하지만, 작위의무가 객관적으로 인정되는 이상 의무자가 의무의 존재를 인식하지 못하였더라도 불법행위 성립에는 영향이 없다. 이는 고지의무 위반에 의하여 불법행위가 성립하는 경우에도 마찬가지이므로 당사자의 부주의 또는 착오 등으로 고지의무가 있다는 것을 인식하지 못하였다고 하여 위법성이 부정될 수 있는 것은 아니다. [2] 지역주택조합 방식에 의한 아파트개발사업의 시행대행자인 甲 주식회사가 乙 등과 조합원가입계약을 체결할 당시 이미 사업부지 일대가 뉴타운사업지구로 지정되어 위 방식에 의한 사업 추진이 불가능할 수 있었음에도 이를 고지하지 않았고, 그 후 실제로 사업 추진이 불가능하게 되어 乙 등이 손해를 입은 사...","[1] 민법 제750조 [2] 민법 제750조 [3] 민법 제2조 , 제750조 , 제760조 제3항 [4] 구 주택법(2009. 2. 3. 법률 제9405호로 개정되기 전의 것) 제10조 제2항 , 제32조 , 민법 제703조 [5] 민법 제2조 , 제750조 , 제760조 제3항","[3] 대법원 1996. 9. 6. 선고 95도2551 판결 (공1996하, 3069), 대법원 2007. 6. 14. 선고 2005다32999 판결 (공2007하, 1045)","주택, 아파트, 토지, 지역주택조합, 조합원, 기망, 손해배상, 불법행위, 파기, 고지의무",전문 원문: https://www.law.go.kr/LSW/precInfoP.do?precSeq=163572,civil_fraud_duress,민법 제110조 사기·강박에 의한 의사표시,civil_fraud_duress|민법 제110조 사기·강박에 의한 의사표시; civil_nonperformance_damages|민법 제390조 채무불이행 손해배상
234,CASE_1981_00234,81노507,사문서위조·동행사·배임등피고사건,대구고법,1981-08-03,형사,판결,2심,파기,위임의 취지에 반하는 문서를 작성하여 위임된 것보다 후순위의 근저당권설정등기를 경료한 자의 죄책,근저당권의 순위는 경제적으로 큰 의미를 가지고 있어 당사자로서는 그 순위여하에 따라서는 근저당권설정등기신청을 하지 아니할 수도 있는 문제이므로 부동산등기부상의 근저당권설정등기 순위가 비록 등기공무원에 의하여 등기부의 순위에 따라 등재되는 것이라 하나 등기신청대리인인 사법서사나 보조원인 그 사무원으로서는 당사자의 위임내용과는 상관없이 등기부에 의한 순위에 따른 순위를 기재하여 근저당권설정등기 신청을 할 수는 없는 것이며 등기부에 의하여 당사자가 원하는 순위의 근저당권을 설정할 수 없는 경우에는 의당 당사자에게 사전에 이를 알려 그로 하여금 등기부의 순위에 따른 근저당권이라도 설정할 것인지 여부를 재고할 기회를 준 후에 그 뜻에 따라 등기신청을 할 업무상의 임무가 있다 할 것...,"형법 제231조 , 형법 제355조 제1항","1982. 11. 9. 선고, 81도2501 판결","부동산, 주택, 분양, 분양대금, 등기, 근저당, 저당권, 담보, 기망, 위조, 배임, 파기",전문 원문: https://www.law.go.kr/LSW/precInfoP.do?precSeq=75039,embezzlement_breach_of_trust,형법 제355조·제356조 횡령·배임,criminal_fraud|형법 제347조 사기죄; embezzlement_breach_of_trust|형법 제355조·제356조 횡령·배임; civil_fraud_duress|민법 제110조 사기·강박에 의한 의사표시; civil_sale_effect|민법 제568조 매매의 효력
235,CASE_2020_00235,"2017다218987, 218994",임시총회결의무효확인의소·임시총회결의무효확인의소,대법원,2020-09-03,민사,판결,상고심,"원심판결 중 원고들에 대한 부분을 파기하고, 이 부분 사건을 서울고등법원에 환송한다.","[1] 재건축조합의 총회가 조합의 최고의사결정기관으로서 조합과 관련된 업무에 관하여 가지는 자율성과 재량의 정도 [2] 재건축조합의 총회에서 재건축사업의 수행결과에 따라 차후에 발생하는 추가이익금의 상당한 부분에 해당하는 금액을 조합 임원들에게 인센티브로 지급하도록 하는 내용을 결의하는 경우, 적당하다고 인정되는 범위를 벗어난 인센티브 지급에 대한 결의 부분의 효력 (무효) 및 인센티브의 내용이 부당하게 과다한지 판단하는 기준 [3] 甲 재건축조합의 임시총회에서 ‘조합 해산 시 추가이익이 발생하여 조합원들에 대한 환급금이 상승하고 추가부담금이 감소할 경우 추가이익금의...",[1] 재건축조합의 총회는 조합의 최고의사결정기관으로서 조합과 관련된 업무에 관하여 폭넓은 범위에서 의결할 수 있는 자율성과 형성의 재량을 가진다. 그러나 이러한 자율성과 재량이 무제한적인 것일 수는 없다. [2] 재건축조합 임원의 보수 특히 인센티브(성과급)의 지급에 관한 내용은 정비사업의 수행에 대한 신뢰성이나 공정성의 문제와도 밀접하게 연관되어 있고 여러 가지 부작용과 문제점을 불러일으킬 수 있으므로 단순히 사적 자치에 따른 단체의 의사결정에만 맡겨둘 수는 없는 특성을 가진다. 재건축사업의 수행결과에 따라 차후에 발생하는 추가이익금의 상당한 부분에 해당하는 금액을 조합 임원들에게 인센티브로 지급하도록 하는 내용을 총회에서 결의하는 경우 조합 임원들에게 지급하기로 한...,"[1] 도시 및 주거환경정비법 제40조 제3항 [2] 구 도시 및 주거환경정비법(2013. 12. 24. 법률 제12116호로 개정되기 전의 것) 제20조 제1항 제6호 (현행 제40조 제1항 제6호 참조), 제8호 (현행 제40조 제1항 제8호 참조), 제84조 (현행 제134조 참조) [3] 구 도시 및 주거환경정비법(2013. 12. 24. 법률 제12116호로 개정되기 전의 것) 제20조 제1항 제6호 (현행 제40조 제1항 제6호 참조), 제8호 (현행 제40조 제1항 제8호 참조), 제...","[1] 대법원 2018. 3. 13. 선고 2016두35281 판결 (공2018상, 703)","주택, 아파트, 토지, 조합원, 등기, 공갈, 기망, 불법행위, 기각, 파기, 무효",전문 원문: https://www.law.go.kr/LSW/precInfoP.do?precSeq=226513,civil_fraud_duress,민법 제110조 사기·강박에 의한 의사표시,civil_fraud_duress|민법 제110조 사기·강박에 의한 의사표시; civil_nonperformance_damages|민법 제390조 채무불이행 손해배상
236,CASE_2005_00236,2005도4910,공정증서원본불실기재·불실기재공정증서원본행사,대법원,2005-08-25,형사,판결,상고심,상고기각,"[1] 공정증서원본 기재사항이 부존재하거나 외관상 존재한다고 하더라도 무효에 해당되는 하자가 있는 경우, 공정증서원본불실기재죄의 성부 (적극) [2] 종중 재산의 관리 및 처분 방법 [3] 종중의 대표자가 종중총회의 결의 없이 종중재산인 부동산에 근저당권설정등기를 마친 행위가 공정증서원본불실기재죄에 해당한다고 한 원심의 판단을 수긍한 사례","[1] 공정증서원본 기재사항이 부존재하거나 외관상 존재한다고 하더라도 무효에 해당되는 하자가 있는 경우, 공정증서원본불실기재죄의 성부 (적극) [2] 종중 재산의 관리 및 처분 방법 [3] 종중의 대표자가 종중총회의 결의 없이 종중재산인 부동산에 근저당권설정등기를 마친 행위가 공정증서원본불실기재죄에 해당한다고 한 원심의 판단을 수긍한 사례 【참조조문】 [1] 형법 제228조 제1항 [2] 민법 제31조 , 제275조 , 제276조 제1항 [3] 형법 제228조 제1항 【참조판례】 [1] 대법원 1993. 9. 10. 선고 93도698 판결(공199","[1] 형법 제228조 제1항 [2] 민법 제31조 , 제275조 , 제276조 제1항 [3] 형법 제228조 제1항","[1] 대법원 1993. 9. 10. 선고 93도698 판결(공1993하, 2835) , 대법원 2004. 9. 24. 선고 2004도4012 판결 /[2] 대법원 2000. 10. 27. 선고 2000다22881 판결(공2000하, 2401) , 대법원 2005. 1. 28. 선고 2004다60287 판결","부동산, 등기, 근저당, 저당권, 담보, 공정증서원본불실기재, 허위, 기각, 무효, 불실기재",전문 원문: https://www.law.go.kr/LSW/precInfoP.do?precSeq=67682,criminal_fraud,형법 제347조 사기죄,criminal_fraud|형법 제347조 사기죄
237,CASE_2001_00237,2000도1985,공문서부정행사,대법원,2001-04-19,형사,판결,상고심,파기환송,"제3자로부터 신분확인을 위하여 신분증명서의 제시를 요구받고 다른 사람의 운전면허증을 제시한 경우, 공문서부정행사죄에 해당하는지 여부 (적극)","[다수의견] 운전면허증은 운전면허를 받은 사람이 운전면허시험에 합격하여 자동차의 운전이 허락된 사람임을 증명하는 공문서로서, 운전면허증에 표시된 사람이 운전면허시험에 합격한 사람이라는 '자격증명'과 이를 지니고 있으면서 내보이는 사람이 바로 그 사람이라는 '동일인증명'의 기능을 동시에 가지고 있다. 운전면허증의 앞면에는 운전면허를 받은 사람의 성명·주민등록번호·주소가 기재되고 사진이 첨부되며 뒷면에는 기재사항의 변경내용이 기재될 뿐만 아니라, 정기적으로 반드시 갱신교부되도록 하고 있어, 운전면허증은 운전면허를 받은 사람의 동일성 및 신분을 증명하기에 충분하고 그 기재 내용의 진실성도 담보되어 있다. 그럼에도 불구하고 운전면허증을 제시한 행위에 있어 동일인증명의 측면은 도외...","형법 제230조 , 도로교통법 제68조 , 제69조 , 제77조 , 주민등록법 제17조의9 , 제21조 제2항 , 여권법 제13조 제3항 , 제4항","대법원 1974. 9. 4. 선고 74도1695 판결 (공1974, 7962), 대법원 1981. 12. 8. 선고 81도1130 판결 (공1982, 186), 대법원 1983. 6. 28. 선고 82도1985 판결 (공1983, 1211), 대법원 1989. 3. 28. 선고 88도1593 판결 (공1989, 708)(변경), 대법원 1991. 5. 28. 선고 90도1877 판결 (공1991, 1820)(변경), 대법원 1991. 7. 12. 선고 91도1052 판결 (공1991, 2189)(...","부동산, 등기, 담보, 인감증명, 폭력행위, 무죄, 파기",전문 원문: https://www.law.go.kr/LSW/precInfoP.do?precSeq=80479,criminal_fraud,형법 제347조 사기죄,criminal_fraud|형법 제347조 사기죄
238,CASE_2008_00238,2007다77446,사해행위취소등,대법원,2008-02-28,민사,판결,상고심,상고기각,"부동산에 대하여 가압류등기 후에 근저당권설정등기가 경료된 경우, 가압류채권자가 채무자의 근저당권설정행위에 대하여 채권자취소권을 행사할 수 있는지 여부 (한정 적극)","부동산에 대하여 가압류등기가 먼저 되고 나서 근저당권설정등기가 마쳐진 경우에 경매절차의 배당관계에서 근저당권자는 선순위 가압류채권자에 대하여는 우선변제권을 주장할 수 없으므로 그 가압류채권자는 근저당권자와 일반 채권자의 자격에서 평등배당을 받을 수 있고, 따라서 가압류채권자는 채무자의 근저당권설정행위로 인하여 아무런 불이익을 입지 않으므로 채권자취소권을 행사할 수 없다. 그러나 채권자의 실제 채권액이 가압류 채권금액보다 많은 경우 그 초과하는 부분에 관하여는 가압류의 효력이 미치지 아니하여 그 범위 내에서는 채무자의 처분행위가 채권자들의 공동담보를 감소시키는 사해행위가 되므로 그 부분 채권을 피보전채권으로 삼아 채권자취소권을 행사할 수 있다.",민법 제406조,"대법원 1994. 11. 29. 자 94마417 결정 (공1995상, 104)","부동산, 주택, 분양, 분양대금, 등기, 근저당, 저당권, 담보, 경매, 배당, 강박, 손해배상",전문 원문: https://www.law.go.kr/LSW/precInfoP.do?precSeq=85600,civil_fraud_duress,민법 제110조 사기·강박에 의한 의사표시,civil_fraud_duress|민법 제110조 사기·강박에 의한 의사표시; civil_nonperformance_damages|민법 제390조 채무불이행 손해배상; civil_sale_effect|민법 제568조 매매의 효력
239,CASE_2015_00239,2013가합16001,소유권말소등기,부산지방법원,2015-11-04,민사,판결,1심,일부인용,"5%의, 그 다음날부터 다 갚는 날까지는 연 15%의 각 비율로 계산한 돈을 지급하라. 2. 원고의 피고 2에 대한 나머지 청구 및 피고 1에 대한 청구를 각 기각한다. 3. 소송비용 중 원고와 피고 1 사이에 생긴 부분은 원고가 부담하고, 원고와 피고 2 사이에 생긴 부분의 1/10은 원고가, 나머지는 피고 2가 각 부담한다. 4. 제1항은 가집행할 수 있다. 【청 구 취 지】 원고에게, 피고들은 각자 177,436,600원 및 이에 대하여 2012. 3. 15.부터 이 사건 소장부본 송달일까지는 연 5%의, 그 다음날부터 다","1. 기초사실 가. 이 사건 부동산에 관한 소유권이전등기 및 처분 1) 원고와 피고 2는 2012. 3. 15. 원고 소유인 ○○시 (이하 생략) 제가동호 목조 기와지붕 2층 제2종근린생활시설 및 단독주택 1층 101.42㎡, 2층 45.75㎡, 같은 번지 제나동호 목조 기와지붕 단층 제1종근린생활시설 50.89㎡, 같은 번지 대496㎡, 같은 리 1,498-5 답 340㎡(이하 ‘이 사건 부동산’이라 한다)를 피고 2의 처인 피고 1에게 2억 7,500만 원에 매도한다는 내용의 매매계약서(이하 ‘이 사건 매매계약서’라",원문 참조,없음,"부동산, 주택, 건물, 매매, 매수, 매도, 매매계약, 소유권이전, 공인중개, 등기, 담보, 명의신탁",전문 원문: https://www.law.go.kr/LSW/precInfoP.do?precSeq=217229,realtor_prohibited_acts,공인중개사법 제33조 금지행위,civil_sale_effect|민법 제568조 매매의 효력; realtor_prohibited_acts|공인중개사법 제33조 금지행위
241,CASE_1991_00241,91가합3164,손해배상(기),부산지법,1991-09-03,민사,판결,1심,일부인용,사기분양하는 조합주택의 분양을 알선한 부동산 중개업자에게 부동산중개업법 제19조 제1항등에 따른 손해배상책임이 있다고 본 사례,"부동산거래에 관하여 전문적인 지식과 경험을 가지고 그렇지 못한 일반의 의뢰인을 위하여 고가의 부동산거래를 알선 중개하고 상당한 보수를 받는 것을 업으로 하는 중개업자가 조합주택의 분양을 알선함에 있어서는 과연 그 사업시행자가 조합가입희망자를 모집하여 차질 없이 조합주택을 건설 분양할 만한 능력과 신용이 있는지 여부를 조사, 확인하여야 할 주의의무가 있다고 할 것인바, 주택조합 사업시행자가 당초부터 주택조합을 건설하여 분양할 능력이나 의사가 없이 다른 사람을 내세워 주택조합 설립인가를 받은 후 그 주택조합으로부터 사업시행권을 위임받는 형식을 취한 다음 위 사업을 미끼로 인가받은 세대수를 훨씬 넘는 조합가입희망자를 모집하여 그들로부터 대지구입비 또는 주택건설비 명목으로 금원을...","부동산중개업법 제17조 , 제18조 , 민법 제750조",없음,"부동산, 주택, 아파트, 중개대상물, 매매, 매도, 계약금, 중도금, 분양, 분양대금, 조합가입, 조합원",전문 원문: https://www.law.go.kr/LSW/precInfoP.do?precSeq=119203,realtor_prohibited_acts,공인중개사법 제33조 금지행위,civil_nonperformance_damages|민법 제390조 채무불이행 손해배상; civil_sale_effect|민법 제568조 매매의 효력; realtor_prohibited_acts|공인중개사법 제33조 금지행위
243,CASE_2009_00243,2008도11718,특정경제범죄가중처벌등에관한법률위반(사기)·사기·부동산실권리자명의등기에관한법률위반,대법원,2009-04-09,형사,판결,상고심,상고기각,[1] 사기죄의 주관적 구성요건인 ‘편취의 범의’의 판단 기준 [2] 항소심이 제1심의 양형이 과중하다고 인정하여 제1심판결을 파기하면서 제1심과 동일한 형을 선고한 경우 판결이유와 주문의 저촉·모순 여부 (적극) 및 확정판결 전후의 범죄에 대하여 2개의 주문을 선고한 제1심판결에 대한 항소심의 심리·판단 방법,"[1] 사기죄의 주관적 구성요건인 편취의 범의는 피고인이 자백하지 않는 이상 범행 전후의 피고인 등의 재력, 환경, 범행의 경위와 내용, 거래의 이행 과정 등과 같은 객관적인 사정 등을 종합하여 판단할 수밖에 없다. [2] 항소심이 제1심의 양형이 과중하다고 인정하여 피고인의 항소이유를 받아들여 제1심판결을 파기하면서 제1심 그대로의 형을 선고하면, 판결의 이유와 주문이 저촉·모순되는 위법이 있고 이러한 위법은 판결 결과에 영향이 있다. 동일 피고인의 확정판결 전후의 범죄에 대하여 주문 2개를 선고한 제1심의 항소심은 제1심판결의 하나의 주문 관련 부분과 그에 대한 항소이유, 또 하나의 주문 관련 부분과 그에 대한 항소이유를 살펴 개별적으로 항소이유가 있는지 여부를 판단하...","[1] 형법 제347조 [2] 형사소송법 제361조의5 , 제364조 , 제383조","[1] 대법원 2005. 3. 24. 선고 2004도8651 판결 (공2005상, 693), 대법원 2005. 10. 14. 선고 2005도12 판결 / [2] 대법원 1972. 2. 22. 선고 71도2381 판결 (집20-1, 형42), 대법원 1999. 7. 23. 선고 99도1682 판결 (공1999하, 1826)","부동산, 등기, 부동산실권리자, 사기, 편취, 기각, 파기",전문 원문: https://www.law.go.kr/LSW/precInfoP.do?precSeq=133513,aggravated_economic_crime,특정경제범죄 가중처벌 등에 관한 법률 제3조,aggravated_economic_crime|특정경제범죄 가중처벌 등에 관한 법률 제3조; criminal_fraud|형법 제347조 사기죄
244,CASE_2015_00244,2014나4907,대여금,서울서부지법,2015-09-10,민사,판결,2심,청구기각,"[1] 새마을금고가 비회원에게 자금을 대출하고 이자를 수취하는 행위가 상행위에 해당하는지 여부 (적극) / 새마을금고의 회원에 대한 대출행위가 상행위에 해당하는지 여부 (한정 적극) 및 상행위에 해당하는 경우 그로 인하여 발생하는 대출금채권의 소멸시효기간(=5년) [2] 甲 새마을금고가 乙 등의 연대보증 아래 丙에게 가계일반자금대출을 하였으나 丙이 상환기일이 지나서도 대출금을 변제하지 못하자 丙을 상대로 대출원리금 등의 지급을 구한 사안에서, 甲 금고의 대출행위는 금고의 회원에 대한 대출행위라는 외양을 빌렸으나 실질은 영리를 목적으로 하는 상행위에 해당하므로, 대출원...","[1] 새마을금고는 우리나라 고유의 상부상조정신에 입각하여 자금의 조성 및 이용과 회원의 경제적·사회적·문화적 지위의 향상 및 지역사회개발을 통한 건전한 국민정신의 함양과 국가경제발전에 기여함을 목적으로 하는 비영리법인이므로 새마을금고가 금고의 ‘회원’에게 자금을 대출하는 행위는 ‘일반적으로는’ 영리를 목적으로 하는 행위라고 보기 어렵다. 그러나 비영리법인이라 하더라도 목적을 수행하는 데 필요 또는 유익한 수단으로서의 영업, 즉 영리를 목적으로 계속·반복적으로 동종의 행위를 할 수 있고 이러한 범위에서 비영리법인도 부수적으로 상인자격을 취득할 수 있는바, 비영리법인인 새마을금고도 목적을 달성하기 위하여 영업을 할 수 있고, 새마을금고법 제30조 도 일정한 범위에서 비회원에...","[1] 새마을금고법 제1조 , 제2조 , 제28조 제1항 제1호 , 제30조 , 상법 제46조 제8호 , 제64조 [2] 새마을금고법 제1조 , 제2조 , 제28조 제1항 제1호 , 제29조 , 상법 제46조 제8호 , 제64조","[1] 대법원 1998. 7. 10. 선고 98다10793 판결 (공1998하, 2091)","부동산, 주택, 아파트, 임야, 건물, 분양, 등기, 근저당, 저당권, 담보, 배임, 기각",전문 원문: https://www.law.go.kr/LSW/precInfoP.do?precSeq=179319,civil_sale_effect,민법 제568조 매매의 효력,civil_sale_effect|민법 제568조 매매의 효력
245,CASE_2007_00245,2006도6350,사기미수,대법원,2007-03-30,형사,판결,상고심,상고기각,채권자가 채권배당절차에서 실제 배당받아야 할 금액을 초과하는 금액을 편취하려고 하였으나 미수에 그친 경우에 사기미수의 범죄사실을 인정할 수 있다고 한 원심의 판단을 수긍한 사례,"하여, 피고인 1, 2가 공모하여 사실은 피고인 2의 피고인 1에 대한 카드임가공채권이 3,500만 원 정도에 불과함에도 불구하고 채권액이 8,840만 원이라는 허위 내용의 부동산가압류 신청을 하여 그 가압류결정에 따라 부동산강제경매절차가 진행 중인 피고인 1 소유의 이 사건 부동산에 관하여 가압류등기가 기입되도록 한 후, 피고인 2가 경매법원에 8,840만 원의 권리신고 및 배당요구 신청을 하여 실제 채권액 3,500만 원을 기준으로 하여 계산된 배당금을 초과하는 금액을 편취하려고 하였으나 미수에 그친 판시 사기미수의 범죄사실을 인정할 수 있다고 판단하였는바, 기록에 비추어 살펴보면 원심에서의 증거취사와 사실인정 및 판단은 정당하여 수",형법 제347조 제1항,"대법원 2002. 6. 28. 선고 2001도1610 판결 (공2002하, 1885)","부동산, 등기, 경매, 배당, 배당요구, 권리신고, 사기, 편취, 허위, 무죄, 기각",전문 원문: https://www.law.go.kr/LSW/precInfoP.do?precSeq=68565,criminal_fraud,형법 제347조 사기죄,criminal_fraud|형법 제347조 사기죄
248,CASE_1992_00248,91다36239,손해배상(기),대법원,1992-02-11,민사,판결,상고심,상고기각,부동산 중개에 있어 매도 등 처분을 하려는 자가 진정한 권리자와 동일인 인지의 여부에 관한 부동산 중개업자의 조사 확인의무의 내용과 정도,"부동산 중개업자와 중개의뢰인과의 법률관계는 민법상의 위임관계와 같으므로 민법 제681조 에 의하여 중개업자는 중개의뢰의 본지에 따라 선량한 관리자의 주의로써 의뢰받은 중개업무를 처리하여야 할 의무가 있을 뿐 아니라 부동산중개업법 제16조 에 의하여 신의와 성실로써 공정하게 중개행위를 하여야 할 의무를 부담하고 있는바, 부동산중개업법 제17조 제1항 은 중개의뢰를 받은 중개업자는 당해 중개대상물의 권리관계, 법령의 규정에 의한 거래 또는 이용제한사항 기타 대통령령이 정하는 사항을 확인하여 중개의뢰인에게 설명할 의무가 있음을 명시하고 있고 위 권리관계 중에는 당해 중개대상물의 권리자에 관한 사항도 포함되어 있다고 할 것이므로, 중개업자는 선량한 관리자의 주의와 신의·성실로써...","민법 제681조 , 부동산중개업법 제16조 , 제17조 제1항",없음,"부동산, 중개대상물, 매매, 매수, 매도, 매매계약, 계약금, 중도금, 잔금, 중개업자, 등기, 편취",전문 원문: https://www.law.go.kr/LSW/precInfoP.do?precSeq=121546,realtor_prohibited_acts,공인중개사법 제33조 금지행위,civil_nonperformance_damages|민법 제390조 채무불이행 손해배상; civil_sale_effect|민법 제568조 매매의 효력; realtor_prohibited_acts|공인중개사법 제33조 금지행위
249,CASE_1982_00249,82도1621,배임,대법원,1982-09-28,형사,판결,상고심,파기환송,양도담보권자가 변제기 후 채권추심을 위하여 담보부동산에 관하여 가등기를 경료하거나 근저당권을 설정하고 금원을 차용한 행위와 배임죄의 성부 (소극),"채권자가 변제기 경과 후 담보권을 실행하는 방법으로 양도담보 목적물을 환가처분하거나 평가처분하는 대신에 다시 제3자 앞으로 가등기를 경료하거나 근저당권을 설정하고 금원을 차용하여 이로써 양도담보채권의 변제에 충당하고 그 잔액을 채무자에게 정산한다 하여도, 채무자로서는 가등기 또는 근저당권등기의 부담은 붙을지언정 담보 목적물의 환수권을 상실하지 아니하여 위의 환가처분이나 평가처분보다 불이익하다고 볼 수 없으므로 당사자의 의사에 반한다고 볼 특별한 사정이 없는 한 위와 같은 채권추심을 위한 양도 담보권자의 담보설정행위를 위법한 담보물의 처분행위로서 채무자에 대한 배임행위가 된다고 단정할 수 없다.",형법 제355조,대법원 1977.5.24. 선고 76도4180 판결,"부동산, 등기, 가등기, 근저당, 저당권, 담보, 배임, 파기, 반환",전문 원문: https://www.law.go.kr/LSW/precInfoP.do?precSeq=211907,embezzlement_breach_of_trust,형법 제355조·제356조 횡령·배임,embezzlement_breach_of_trust|형법 제355조·제356조 횡령·배임
253,CASE_1987_00253,86도748,"사문서위조,사문서위조행사,공정증서원본불실기재,사기,공정증서원본불실기재행사,유가증권위조,유가증권위조행사",대법원,1987-07-21,형사,판결,상고심,상고기각,사기죄의 성립요건,"사기죄는 타인을 기망하여 착오에 빠뜨리게 하고 그 착오에 기인하여 재산적 처분행위를 하게 하여 상대방으로부터 재산적 이득을 취함으로써 성립하는 것이므로 범인에게 타인을 기망하여 재산적 이득을 취한다는 목적의사가 있고 그 기망행위와 상대방의 착오, 재산적 처분행위 사이에 인과관계가 있으면 사기죄의 구성요건은 충족되는 것이다.",형법 제347조,없음,"부동산, 등기, 근저당, 저당권, 담보, 공정증서원본불실기재, 사기, 기망, 편취, 위조, 무죄, 기각",전문 원문: https://www.law.go.kr/LSW/precInfoP.do?precSeq=103447,criminal_fraud,형법 제347조 사기죄,criminal_fraud|형법 제347조 사기죄; civil_fraud_duress|민법 제110조 사기·강박에 의한 의사표시
254,CASE_1999_00254,99도3170,사기·횡령,대법원,1999-10-12,형사,판결,상고심,상고기각,"부동산실권리자명의등기에관한법률 시행 이후에 명의신탁 받은 부동산에 관하여 수탁자가 임의로 근저당권을 설정한 경우, 횡령죄의 성립 여부 (적극)","신탁자가 그 소유 명의로 되어 있던 부동산을 수탁자에게 명의신탁하였는데 수탁자가 임의로 그 부동산에 관하여 근저당권을 설정하였다면 신탁자에 대한 횡령죄가 성립하고, 그 명의신탁이 부동산실권리자명의등기에관한법률 시행 이후에 이루어진 것이라고 하여 달리 볼 것은 아니다.",형법 제355조 제1항,없음,"부동산, 등기, 근저당, 저당권, 명의신탁, 부동산실권리자, 사기, 횡령, 기각",전문 원문: https://www.law.go.kr/LSW/precInfoP.do?precSeq=118160,embezzlement_breach_of_trust,형법 제355조·제356조 횡령·배임,criminal_fraud|형법 제347조 사기죄; embezzlement_breach_of_trust|형법 제355조·제356조 횡령·배임
255,CASE_1992_00255,92도1207,부정수표단속법위반,대법원,1992-09-22,형사,판결,상고심,파기환송,가. 부정수표단속법 제2조 제2항 위반죄의 성립요건 나. 수표를 견질용으로 발행하면서 다른 담보를 충분히 제공하고 원인채무를 변제하였는데 소지인이 반환의무에 위배하여 지급제시한 경우 발행인에게 위 법조항 위반의 책임을 물을 수 없다고 본 사례,"가. 부정수표단속법 제2조 제2항 위반의 죄는 예금부족 등으로 인하여 제시일에 지급되지 아니할 것이라는 결과발생을 예견하고 발행인이 수표를 발행할 때에 성립하고, 그 예견은 미필적이라 하더라도 영향이 없으며, 기타 지급제시를 하지 않는다는 특약이나 수표를 발행하게 된 경위 또는 지급하지 못하게 된 경위 등에 대내적 사유가 있다는 사정만으로 부정수표발행의 죄책을 면할 수 없으나, 발행인이 그와 같은 결과발생을 예견하지 아니하였거나 특별한 사정이 있어 수표가 지급제시되지 않으리라고 믿고 있었고 그와 같은 믿음이 정당한 것으로 수긍되는 것이라면, 부정수표발행의 죄책을 인정할 수 없다. 나. 피고인이 갑으로부터 돈을 빌리고 그 채무를 담보하기 위하여 소위 견질용으로 수표를 발행한...",부정수표단속법 제2조 제2항,"가.나. 대법원 1982. 4. 13. 선고 80도537 판결(공1982,539) / 나. 대법원 1981. 9. 22. 선고 81도1181 판결(공1981,14395)","부동산, 등기, 가등기, 근저당, 저당권, 담보, 사기, 파기, 반환",전문 원문: https://www.law.go.kr/LSW/precInfoP.do?precSeq=602449,criminal_fraud,형법 제347조 사기죄,criminal_fraud|형법 제347조 사기죄
256,CASE_1987_00256,86도2293,사문서위조·사문서위조행사·공정증서원본불실기재·공정증서원본불실기재행사·부동산등기법위반,대법원,1987-05-26,형사,판결,상고심,"원심판결중피고인 1, 피고인 2에 대한 부분을 파기하고, 사건을 서울형사지방법원 합의부에 환송한다. 피고인 3의 상고는 기각한...","가. 전문의의 감정의견을 증거로 채용하기 위한 요건 나. 부동산등기법 제49조 의 ""등기필증이 멸실된 때"" 의 의미 다. 부동산등기법 제49조 의 보증의 의미","가. 신경정신과 의료전문의의 감정의견은 특별한 사정이 없는 한 피감정인의 정신상태에 대한 법원의 판단능력의 보조자료로 삼지 않을 수 없지만 그것이 증거로 채용이 되기 위하여서는 당해 전문적 학식, 경험에 속하는 분야에 관한 의견이 법원의 합리적 의심을 제거할 수 있는 정도가 되어야 한다 나. 부동산등기법 제49조 소정의 등기필증이 멸실된 때라 함은 분실의 경우를 포함한다 하겠으나 등기필증이 다른 사람의 수중에 있기 때문에 사실상 그것을 돌려받기가 어려운 경우까지를 포함하는 것은 아니다 다. 부동산등기법 제49조 소정의 보증의 의미는 현재 등기를 신청하는 사람과 등기부상의 명의자(등기의무자)가 사실상 같은 사람이라는 것에 관하여 선량한 관리자의 주의를 다하여 확인하는 것을...",가. 민사소송법 제308조 나.다. 부동산등기법 제49조 다. 부동산등기법 제186조의2,없음,"부동산, 등기, 인감증명, 공정증서원본불실기재, 위조, 기각, 파기, 불실기재",전문 원문: https://www.law.go.kr/LSW/precInfoP.do?precSeq=103216,criminal_fraud,형법 제347조 사기죄,criminal_fraud|형법 제347조 사기죄
257,CASE_2005_00257,2005가합19052,정정보도등,서울중앙지법,2005-12-28,민사,판결,1심,일부인용,"[1] 텔레비전 방송보도가 특정인의 명예를 훼손하는 내용을 담고 있는지 여부의 판단 기준 [2] 의견의 표명이 타인에 대한 명예훼손으로 되는 경우 [3] 텔레비전 방송국이 ‘펜션분양 사기’에 관한 뉴스보도를 하면서 이미 이사를 간 사기업체와 같은 건물을 사용할 뿐 그 업체와는 아무런 관련이 없는 다른 펜션분양 회사의 사무실 모습을 찍은 화면과 ""1억 원을 투자하면 월수입 200만 원 정도가 가능하다.""는 내용의 그 회사 대표이사와의 인터뷰를 방영하는 등 그 보도 내용을 종합적으로 고려할 때, 이 보도를 접한 일반 시청자로서는 위 회사가 펜션분양 사기업체라는 취지로 인...","[1] 텔레비전 방송보도의 내용이 특정인의 명예를 훼손하는 내용을 담고 있는지의 여부는 당해 방송보도의 객관적인 내용과 아울러 일반의 시청자가 보통의 주의로 방송보도를 접하는 방법을 전제로, 보도 내용의 전체적인 흐름, 화면의 구성방식, 사용된 어휘의 통상적인 의미와 문구의 연결 방법 등을 종합적으로 고려하여 그 보도 내용이 시청자에게 주는 전체적인 인상도 그 판단 기준으로 삼아야 한다. [2] 타인에 대한 명예훼손은 사실을 적시하는 방법은 물론 의견을 표명하는 방법으로 행해질 수도 있는바, 어떤 의견의 표현이 그 전제로서 사실을 직접적으로 표현한 경우는 물론 간접적이고 우회적인 방법에 의하더라도 그 표현의 전취지에 비추어 어떤 사실의 존재를 암시하고 또 이로써 특정인의...","[1] 민법 제750조 , 제751조 [2] 민법 제750조 , 제751조 [3] 민법 제750조 , 제751조 [4] 민법 제750조 , 제751조 [5] 민법 제750조 , 제751조 [6] 민법 제750조 , 제751조 , 형법 제307조 , 제310조 [7] 민법 제750조 , 제751조 , 헌법 제10조","[1][2] 대법원 2004. 2. 27. 선고 2001다53387 판결 (공2004상, 594) / [1] 대법원 1999. 10. 8. 선고 98다40077 판결 (공1999하, 2292) / [4] 대법원 1982. 11. 9. 선고 82도1256 판결 (공1983, 129), 대법원 1994. 5. 10. 선고 93다36622 판결 (공1994상, 1643), 대법원 2002. 5. 10. 선고 2000다50213 판결 (공2002하, 1336), 대법원 2002. 5. 10. 선고 200...","부동산, 상가, 건물, 분양, 등기, 경매, 배당, 사기, 불법행위, 기각",전문 원문: https://www.law.go.kr/LSW/precInfoP.do?precSeq=70253,civil_fraud_duress,민법 제110조 사기·강박에 의한 의사표시,civil_fraud_duress|민법 제110조 사기·강박에 의한 의사표시; civil_nonperformance_damages|민법 제390조 채무불이행 손해배상; civil_sale_effect|민법 제568조 매매의 효력
258,CASE_1985_00258,84도2461,"업무상횡령,사문서위조,사문서위조행사,공정증서원본불실기재,공정증서원본불실기재행사",대법원,1985-10-08,형사,판결,상고심,상고기각,"근저당권자와 근저당권설정자간의 합의에 의하여 진정한 채무자 아닌 제3자를 채무자로 등기부상 등재한 경우, 공정증서원본불실기재죄의 성부",근저당설정등기는 등기권리자인 채권자와 등기의무자인 근저당권설정자와의 합의를 기초로 이루어지는 것이므로 설사 등기의 편의상 진정한 채무자가 아닌 제3자를 채무자로 등기부상 등재케 하였다 하더라도 그것이 계약당사자간의 합의에 의하여 이루어진 것이라면 당사자 사이에 이와 같은 등기를 경료하게 할 의사가 있었던 것이므로 이 경우 공정증서원본불실기재죄는 성립되지 않는다.,형법 제228조,대법원 1969.11.11. 선고 69도1804 판결,"부동산, 등기, 근저당, 저당권, 담보, 공정증서원본불실기재, 위조, 횡령, 무죄, 기각, 불실기재",전문 원문: https://www.law.go.kr/LSW/precInfoP.do?precSeq=100983,embezzlement_breach_of_trust,형법 제355조·제356조 횡령·배임,embezzlement_breach_of_trust|형법 제355조·제356조 횡령·배임
259,CASE_1990_00259,90도414,"횡령,배임,사기,무고",대법원,1990-08-10,형사,판결,상고심,상고기각,[가] 명의수탁부동산인 점을 알고 수탁자와 공모하여 처분한 경우 횡령죄의 공동정범 성립 여부 (적극) [나] 담보목적의 가등기권자가 소유자측으로부터 채무변제공탁 사실을 통고받고서도 본등기 경료와 동시에 제3자 명의로 가등기한 경우 배임죄의 성립 여부 (적극),[가] 명의수탁부동산인 점을 알고 있으면서 수탁자와 공모하여 이를 타에 처분하였을 경우에는 횡령죄의 공동정범이 된다. [나] 담보목적으로 피고인 명의로 가등기가 경료된 피해자 소유의 부동산에 대하여 피해자의 아들로부터 채무가 변제 공탁된 사실을 통고받고서도 피고인 앞으로 본등기를 경료함과 동시에 제3자 앞으로 가등기를 경료하여 준 경우에는 배임죄가 성립된다.,"형법 제30조 , 형법 제355조 제1항 , 형법 제355조 제2항",없음,"부동산, 등기, 가등기, 담보, 명의수탁, 고소, 사기, 기망, 허위, 횡령, 배임, 무죄",전문 원문: https://www.law.go.kr/LSW/precInfoP.do?precSeq=192932,embezzlement_breach_of_trust,형법 제355조·제356조 횡령·배임,criminal_fraud|형법 제347조 사기죄; embezzlement_breach_of_trust|형법 제355조·제356조 횡령·배임; civil_fraud_duress|민법 제110조 사기·강박에 의한 의사표시
260,CASE_2002_00260,2001도1610,사기,대법원,2002-06-28,형사,판결,상고심,상고기각,[1] 소송사기죄 적용의 엄격성 [2] 당사자주의 소송구조하에서 상대방에게 유리한 증거를 제출하지 않거나 상대방에게 유리한 사실을 진술하지 않는 행위만으로 소송사기에 있어 기망이 된다고 할 수 있는지 여부 (소극) [3] 채권자가 채권배당절차에서 실제 배당받아야 할 금액을 초과한 금액을 수령하였음에도 사기의 고의를 인정할 수 없는 경우,"[1] 소송사기는 법원을 기망하여 자기에게 유리한 판결을 얻음으로써 상대방의 재물 또는 재산상 이익을 취득하는 것을 내용으로 하는 범죄로서, 이를 처벌하는 것은 필연적으로 누구든지 자기에게 유리한 주장을 하고 소송을 통하여 권리구제를 받을 수 있다는 민사재판제도의 위축을 가져올 수밖에 없으므로, 피고인이 그 범행을 인정한 경우 외에는 그 소송상의 주장이 사실과 다름이 객관적으로 명백하거나 피고인이 그 소송상의 주장이 명백히 허위인 것을 인식하였거나 증거를 조작하려고 한 흔적이 있는 등의 경우 외에는 이를 쉽사리 유죄로 인정하여서는 안된다. [2] 당사자주의 소송구조하에서는 자기에게 유리한 주장이나 증거는 각자가 자신의 책임하에 변론에 현출하여야 하는 것이고, 비록 자기가...",[1] 형법 제347조 제1항 [2] 형법 제347조 제1항 [3] 형법 제347조 제1항,"[1] 대법원 1992. 2. 25. 선고 91도2666 판결 (공1992, 1208), 대법원 1997. 7. 22. 선고 96도2422 판결 (공1997하, 2592), 대법원 1998. 2. 27. 선고 97도2786 판결 (공1998상, 963), 대법원 1998. 9. 8. 선고 98도1949 판결 (공1998하, 2476)","부동산, 근저당, 저당권, 담보, 경매, 배당, 사기, 기망, 편취, 허위, 기각, 파기",전문 원문: https://www.law.go.kr/LSW/precInfoP.do?precSeq=81692,criminal_fraud,형법 제347조 사기죄,criminal_fraud|형법 제347조 사기죄; civil_fraud_duress|민법 제110조 사기·강박에 의한 의사표시
261,CASE_2009_00261,2009가합3183,분양대금반환,수원지법,2009-10-29,민사,판결,1심,1. 원고들의 피고들에 대한 청구를 모두 기각한다. 2. 소송비용은 원고들이 부담한다.,"지역주택조합의 조합장이 중개업자를 통하여 허위의 분양계약서를 교부하여 분양대금을 편취한 사안에서, 조합의 대표자의 이중분양행위에 대하여 수분양자들의 중과실이 인정되므로 조합의 손해배상책임을 부정한 사례","지역주택조합의 조합장이 중개업자를 통하여 허위의 분양계약서를 교부하여 분양대금을 편취한 사안에서, 조합의 대표자의 이중분양행위가 외관상, 객관적으로 조합의 직무에 관한 행위에 해당하지만, 정상적인 조합원 가입절차나 일반 분양절차를 거치지 않은 비정상적인 계약 체결 경위 등에 비추어 볼 때 수분양자들에게 요구되는 주의의무를 현저히 위반한 중과실이 인정되므로 위 조합의 손해배상책임을 부정한 사례.",민법 제35조 제1항,없음,"부동산, 주택, 아파트, 토지, 건물, 매수, 소유권이전, 대금반환, 분양, 분양대금, 분양계약, 지역주택조합",전문 원문: https://www.law.go.kr/LSW/precInfoP.do?precSeq=141538,realtor_prohibited_acts,공인중개사법 제33조 금지행위,civil_nonperformance_damages|민법 제390조 채무불이행 손해배상; civil_sale_effect|민법 제568조 매매의 효력; realtor_prohibited_acts|공인중개사법 제33조 금지행위
262,CASE_2009_00262,2008도9985,사기,대법원,2009-01-30,형사,판결,상고심,무죄,"[1] 기망행위를 통해 스스로 재물을 취득하지 않고 제3자에게 재물을 교부받게 한 경우 사기죄가 성립하기 위한 요건 [2] 甲이 乙에게 이중매도한 택지분양권을 순차 매수한 丙·丁에게 이중매도 사실을 숨긴 채 자신의 명의로 형식적인 매매계약서를 작성해 준 사안에서, 甲이 직접 매매대금을 수령하지 않았더라도 丙·丁에 대한 사기죄가 성립한다고 판단한 사례","[1] 범인이 기망행위에 의해 스스로 재물을 취득하지 않고 제3자로 하여금 재물의 교부를 받게 한 경우에 사기죄가 성립하려면, 그 제3자가 범인과 사이에 정을 모르는 도구 또는 범인의 이익을 위해 행동하는 대리인의 관계에 있거나, 그렇지 않다면 적어도 불법영득의사와의 관련상 범인에게 그 제3자로 하여금 재물을 취득하게 할 의사가 있어야 한다. 위와 같은 의사는 반드시 적극적 의욕이나 확정적 인식이어야 하는 것은 아니고 미필적 인식이 있으면 충분하며, 그 의사가 있는지 여부는 범인과 그 제3자 및 피해자 사이의 관계, 기망행위 혹은 편취행위의 동기, 경위와 수단·방법, 그 행위의 내용과 태양 및 당시의 거래관행 등 여러 사정을 종합하여 사회통념에 비추어 합리적으로 판단하여야...",[1] 형법 제347조 제1항 [2] 형법 제347조 제1항,없음,"부동산, 주택, 건물, 매매, 매수, 매도, 매매계약, 매매대금, 분양, 분양권, 중개업자, 인감증명",전문 원문: https://www.law.go.kr/LSW/precInfoP.do?precSeq=125329,criminal_fraud,형법 제347조 사기죄,criminal_fraud|형법 제347조 사기죄; civil_fraud_duress|민법 제110조 사기·강박에 의한 의사표시; civil_sale_effect|민법 제568조 매매의 효력; realtor_prohibited_acts|공인중개사법 제33조 금지행위
263,CASE_1982_00263,82도39,인장부정사용·공정증서원본불실기재·공정증서원본불실기재행사,대법원,1982-07-13,형사,판결,상고심,상고기각,부동산소유자로 하여금 근저당권자를 자금주라고 믿도록 속여서 근저당권설정등기를 경료케 한 경우 공정증서원본불실기재죄의 성부,부동산의 소유자로 하여금 근저당권자를 자금주라고 믿도록 속여서 근저당권설정등기를 경료케 한 경우라도 정당한 권한있는 자에 의하여 작성된 문서를 제출하여 그 등기가 이루어진 것이라면 당사자의 의사에 합치되는 등기라 할 것이므로 공정증서원본 불실기재죄가 성립하지 않는다.,형법 제228조,없음,"부동산, 토지, 등기, 근저당, 저당권, 담보, 인감증명, 공정증서원본불실기재, 기망, 허위, 무죄, 기각",전문 원문: https://www.law.go.kr/LSW/precInfoP.do?precSeq=211929,criminal_fraud,형법 제347조 사기죄,criminal_fraud|형법 제347조 사기죄; civil_fraud_duress|민법 제110조 사기·강박에 의한 의사표시
264,CASE_2020_00264,2019가합13298,배당이의,제주지방법원,2020-10-15,민사,판결,1심,"1. 피고 메이슨에프앤아이대부 주식회사의 승계참가인의 승계참가신청을 각하한다. 2. 제주지방법원 2018타경3658, 2018...","문】 1. 피고 메이슨에프앤아이대부 주식회사의 승계참가인의 승계참가신청을 각하한다. 2. 제주지방법원 2018타경3658, 2018타경4460(중복) 부동산강제경매 사건에 관하여 위 법원이 2019. 8. 30. 작성한 배당표 중 피고 ○○○에 대한 배당액 800,000,000원을 234,453,874원으로, 피고 메이슨에프앤아이대부 주식회사에 대한 배당액 1,187,020,255원을 621,474,129원으로 각 경정하고, 그 차액인 각 565,546,126원에 관하여 배당표의 재조제와 새로운 배당절차의 실시를 명한다. 3. 원","양도받았음을 이유로 승계참가신청을 하였다. 설령 승계참가인이 피고 회사로부터 소외 1에 대한 채권을 양수하였다고 하더라도 이 사건 소송의 소송물은 청구취지 기재 배당표에 따른 배당금출급청구권의 존부인데, 을나 제3호증의 1, 2, 3의 각 기재에 의하면 승계참가인이 2019. 8. 8. 피고 회사로부터 피고 회사의 소외 1에 대한 채권에 관하여 채권자로서의 모든 권리(법원 및 기타 기관의 배당금·법적조치 권리행사)를 양수한 사실은 인정할 수 있으나, 피고 회사가 그 배당금출급청구권의 채무자인 대한민국에게 위 채권양도통지를 하였다거나 승계참가인이 그 승계집행문을 부여받고 이를 경매법원에 제출하였다는 점을 인정할 증거가 없는 이상, 배당금출",원문 참조,없음,"부동산, 등기, 근저당, 저당권, 담보, 경매, 배당, 배당요구, 배당이의, 허위, 기각, 무효",전문 원문: https://www.law.go.kr/LSW/precInfoP.do?precSeq=233397,civil_lease_definition,민법 제618조 임대차의 의의,civil_lease_definition|민법 제618조 임대차의 의의
265,CASE_2009_00265,2009다41151,배당이의,대법원,2009-12-10,민사,판결,상고심,파기환송,"선순위 공동저당권자가 피담보채권을 변제받기 전에 공동저당 목적 부동산 중 일부에 관한 저당권을 포기한 경우, 후순위저당권자가 있는 부동산에 관한 경매절차에서 ‘저당권을 포기하지 아니하였더라면 후순위저당권자가 대위할 수 있었던 한도’에서도 후순위저당권자에 우선하여 배당받을 수 있는지 여부 (소극)","상고이유를 판단한다. 1. 기금대출 관련 주장에 대하여 가. 기금대출채권 소멸 주장, 분양대금 전용합의 무효 주장 등에 대하여 원심판결 이유에 의하면, 원심은 채택 증거를 종합하여, 소외 주식회사가 이 사건 아파트 496세대를 신축함에 있어, 피고로부터 국민주택기금 203억 3,600만 원을 대출받고(세대당 4,100만 원, 이하 ‘기금대출’이라고 한다), 그에 대한 담보로 피고에게, 2005. 3. 29. 이 사건 아파트 부지에 관하여 채권최고액 264억 3,680만 원의 근저당권을 설정해주고, 이 사건 아파트 완공 후인 2005. 7. 21. 이 사건 아파트","민법 제368조 제1항 , 제2항",없음,"부동산, 주택, 아파트, 분양, 분양대금, 근저당, 저당권, 담보, 경매, 배당, 배당이의, 배임",전문 원문: https://www.law.go.kr/LSW/precInfoP.do?precSeq=143693,civil_sale_effect,민법 제568조 매매의 효력,civil_sale_effect|민법 제568조 매매의 효력; civil_lease_definition|민법 제618조 임대차의 의의
266,CASE_1996_00266,95다45767,손해배상(기),대법원,1996-05-14,민사,판결,상고심,상고기각,"[1] 위촉인이 본인 또는 그 대리인인지 여부의 확인에 관한 법무사의 주의의무의 내용 및 정도 [2] 사채이용자와 담보로 제공된 부동산의 소유자가 동일인인지에 관한 사채알선업자의 조사확인 의무 [3] 위조한 등기관계 서류를 제공받은 사채업자가 사채알선을 한 후 법무사에게 위임하여 그 부동산에 근저당권을 설정한 경우, 사채업자와 법무사 및 그 사무원 사이에 공동불법행위가 성립되었다고 본 사례","[1] 법무사법 제23조 에 의하면 법무사가 사건의 위촉을 받은 경우에는 위촉인에게 법령에 의하여 작성된 인감증명서나 주민등록증 등을 제출 또는 제시하게 하거나 기타 이에 준하는 확실한 방법으로 위촉인이 본인 또는 그 대리인임이 상위 없음을 확인하여야 하고 그 확인 방법 및 내용 등을 사건부에 기재하여야 한다고 규정하고 있는바, 그 취지는 법무사가 위촉인이 본인 또는 대리인임을 확인하기 위하여 주민등록증이나 인감증명서를 제출 또는 제시받도록 하여 특별히 의심할 만한 사정이 발견되지 아니하는 경우에는 그 증명서만으로 본인임을 확인할 수 있을 것이나, 그와 같은 확인 과정에서 달리 의심할 만한 정황이 있는 경우에는 가능한 여러 방법을 통하여 본인 여부를 한층 자세히 확인할 의...","[1] 법무사법 제23조 , 민법 제750조 [2] 민법 제681조 [3] 민법 제750조 , 제760조 제1항","[1] 대법원 1989. 1. 31. 선고 87다카2549 판결(공1989, 342) , 대법원 1991. 11. 22. 선고 91다27198 판결(공1992, 267) , 대법원 1995. 7. 14. 선고 94다26387 판결(공1995하, 2780) /[2] 대법원 1992. 2. 11. 선고 91다36239 판결(공1992, 1000) , 대법원 1993. 5. 11. 선고 92다55350 판결(공1993하, 1684) /[3] 대법원 1993. 1. 26. 선고 92다4871 판결(공19...","부동산, 건물, 등기, 근저당, 저당권, 담보, 인감증명, 사기, 편취, 위조, 손해배상, 불법행위",전문 원문: https://www.law.go.kr/LSW/precInfoP.do?precSeq=113638,civil_fraud_duress,민법 제110조 사기·강박에 의한 의사표시,civil_fraud_duress|민법 제110조 사기·강박에 의한 의사표시; civil_nonperformance_damages|민법 제390조 채무불이행 손해배상
267,CASE_1982_00267,81나2898,부동산가압류이의청구사건,서울고법,1982-11-05,민사,판결,2심,항소기각,조합원의 1인이 자기 이름으로 조합의 채권에 기해 부동산가압류 신청을 할 수 있는가의 여부,조합원의 재정보증인에 대한 부동산가압류신청은 조합재산의 보존행위에 해당하므로 조합원 중의 1인이 자기 이름으로 적법히 이를 할 수 있는 것이다.,민법 제272조,"1960. 5. 5. 선고, 4292민상191 판결 (요 민법 제272조(1)347면, 카 8227, 집 8민53)","부동산, 토지, 조합원, 등기, 근저당, 저당권, 담보, 사기, 기망, 배임, 불법행위, 기각",전문 원문: https://www.law.go.kr/LSW/precInfoP.do?precSeq=75435,civil_fraud_duress,민법 제110조 사기·강박에 의한 의사표시,civil_fraud_duress|민법 제110조 사기·강박에 의한 의사표시; civil_nonperformance_damages|민법 제390조 채무불이행 손해배상
268,CASE_1982_00268,81도944,사기ㆍ공정증서원본불실기재ㆍ공정증서원본불실기재행사,대법원,1982-02-09,형사,판결,상고심,파기환송,타인 소유 부동산에 대하여 피고인 명의로 보존등기를 한 경우에 사기죄의 성부 (소극),피고인 소유가 아닌 부동산에 대하여 피고인 소유인 것처럼 보존등기신청을 하여 그 정을 모르는 등기공무원으로 하여금 그 등기를 하게 한 경우에 등기공무원의 위 행위는 재산상 처분권한 있는 자의 처분행위라고 볼 수 없으므로 피고인의 위 소위는 사기죄를 구성하지 아니한다.,형법 제347조,대법원 1981.7.28. 선고 81도529 판결,"부동산, 토지, 등기, 공정증서원본불실기재, 사기, 기망, 편취, 파기, 불실기재, 처분권한",전문 원문: https://www.law.go.kr/LSW/precInfoP.do?precSeq=96349,criminal_fraud,형법 제347조 사기죄,criminal_fraud|형법 제347조 사기죄; civil_fraud_duress|민법 제110조 사기·강박에 의한 의사표시
269,CASE_1984_00269,81도3202,변호사법위반ㆍ공갈ㆍ특정범죄가중처벌등에관한법률위반,대법원,1984-02-14,형사,판결,상고심,상고기각,가. 변호사의 자격이 있는 자가 구 변호사법 제54조 위반죄의 주체가 될 수 있는지 여부 나. 처와 처남 등 간의 상속재산분배 과정에서 처남을 고발 고소하고 위협적인 언사를 사용한 사실과 공갈죄의 성부,"가. 구 변호사법(1973.1.25. 법률 제2452호) 제54조 위반죄는 그 주체에 제한을 두고 있지 아니하여 변호사의 자격이 있는 자도 그 주체가 될 수 있으므로 변호사인 피고인이 공무원이 취급하는 사건 또는 사무에 관하여 청탁 또는 알선한다는 명목으로 금품을 받은 이상 범죄는 성립하고 피고인에게 변호사의 자격이 있다 하여도 그 범죄성립에는 아무런 소장이 없다. 나. 피고인이 그 처와 처남등 간의 상속재산분배과정에 끼어들어 불화끝에 처남을 고발, 고소하고 다소 위협적인 언사를 사용하였다 하더라도 4,5개월간에 걸친 협의과정에서 처남이 변호사의 도움을 받아 상속재산의 일부인 이 사건 부동산의 소유권을 넘겨주게 된 점과 처남의 사회적 지위 등 모든 사정을 참작하면 처남이...","가. 구 변호사법(1973.1.25 법률 제2452호) 제54조 , 변호사법 제78조 나. 형법 제350조 제1항",없음,"부동산, 협박, 공갈, 고소, 고발, 무죄, 기각",전문 원문: https://www.law.go.kr/LSW/precInfoP.do?precSeq=98761,criminal_fraud,형법 제347조 사기죄,criminal_fraud|형법 제347조 사기죄
270,CASE_1976_00270,74도568,"사문서위조,사문서위조행사,자격모용사문서작성,자격모용사문서작성행사,공정증서원본불실기재,공정증서원본불실기재행사,사기미수",대법원,1976-05-25,형사,판결,상고심,상고기각,법원의 직권촉탁에 의하여 경매신청등기가 이루어진 경우에 강제경매신청에 허위적 요소가 있다 하여 공정증서원본불실기재죄를 구성하는지 여부,형법 228조 1항 소정의 공정증서원본불실기재죄에 있어서 불실의 사실기재는 당사자의 허위신고에 의하여 이루워져야 할 것이니 불실의 등기가 법원의 촉탁에 의한 경우에는 그 전제절차에 허위적 요소가 있다고 하더라도 이는 법원의 촉탁에 의하여 이루워진 것이지 당사자의 허위신고에 의하여 이루어진 것이 아니므로 위 공증서원본불실기재죄를 구성하지 아니한다.,원문 참조,없음,"부동산, 자격모용, 등기, 공정증서원본불실기재, 경매, 사기, 허위, 위조, 기각, 불실기재",전문 원문: https://www.law.go.kr/LSW/precInfoP.do?precSeq=92998,criminal_fraud,형법 제347조 사기죄,criminal_fraud|형법 제347조 사기죄
271,CASE_1984_00271,84노2284,업무상횡령등피고사건,서울형사지법,1984-08-18,형사,판결,2심,무죄,제3자의 채무없음을 알면서도 채무자를 제3자로 하여 한 근저당권설정등기와 공정증서원본부실기재죄의 성부,근저당권자가 근저당권설정자와 통모하여 제3자가 근저당권자에 대하여 아무런 채무를 부담하고 있지 아니하고 그와 같은 채무를 부담할 법률관계도 존재하지 아니함에도 불구하고 위 제3자를 채무자로 하는 근저당권설정등기가 경료되게 한 경우에도 근저당권설정계약의 당사자 사이에는 위와 같은 등기가 경료되게 할 의사는 있었으므로 공정증서원본부실기재죄는 성립하지 아니하며 근저당권자가 근저당권설정자의 승락이 있는 것으로 믿은 때에도 공정증서원본부실기재의 범의는 인정되지 않는다.,형법 제228조,없음,"부동산, 주택, 토지, 건물, 등기, 근저당, 저당권, 담보, 공정증서원본불실기재, 위조, 횡령, 무죄",전문 원문: https://www.law.go.kr/LSW/precInfoP.do?precSeq=75883,embezzlement_breach_of_trust,형법 제355조·제356조 횡령·배임,embezzlement_breach_of_trust|형법 제355조·제356조 횡령·배임
272,CASE_1993_00272,92다8514,손해배상(기),대법원,1993-01-15,민사,판결,상고심,상고기각,가. 공무원의 행위가 본래의 직무와 관련이 없고 외형상으로도 직무범위 내에 속하는 행위라고 볼 수 없는 경우 국가배상법에 의한 국가 또는 지방자치단체의 책임을 인정할 수 있는지 여부 (소극) 나. 구청 세무과 소속 공무원 갑이 을에게 무허가건물 세입자들에 대한 시영아파트 입주권 매매행위를 한 경우 외형상 직무범위 내의 행위라고 볼 수 있는지 여부 (소극) 및 갑이 그 후 주택정비계장으로 부임하여 비치된 허위의 접수대장을 이용하여 을에 대하여 입주권 부여 대상자 확인 등을 하여 준 경우 갑의 행위와 을의 손해 사이의 상당인과관계 유무 (소극),"가. 국가 또는 지방자치단체가 소속 공무원의 고의 과실에 의한 불법행위에 기하여 손해배상책임을 부담하기 위하여는 공무원의 불법행위가 직무를 집행함에 당하여 행하여진 것이어야 하고, 공무원의 행위가 본래의 직무와는 관련이 없는 행위로서 외형상으로도 직무범위 내에 속하는 행위라고 볼 수 없을때에는 공무원의 행위에 의한 손해에 대하여 국가배상법에 의한 국가 또는 지방자치단체의 책임을 인정할 수 없다. 나. 구청 공무원 갑이 주택정비계장으로 부임하기 이전에 그의 처 등과 공모하여 을에게 무허가건물철거 세입자들에 대한 시영아파트 입주권 매매행위를 한 경우 이는 갑이 개인적으로 저지른 행위에 불과하고 당시 근무하던 세무과에서 수행하던 지방세 부과, 징수 등 본래의 직무와는 관련이 없...",가.나. 국가배상법 제2조 다. 민법 제750조,"가.나. 대법원 1993. 1. 15. 선고 92다6952 판결(동지), 1993. 1. 15. 선고 92다11732 판결(동지) / 가. 대법원 1988. 3. 22. 선고 87다카1163 판결(공1988,676) , 1990. 12. 11. 선고 90다카27648 판결(공1991,475)","부동산, 주택, 아파트, 건물, 매매, 매도, 매매계약, 매매대금, 분양, 중개업자, 인감증명, 배당",전문 원문: https://www.law.go.kr/LSW/precInfoP.do?precSeq=604293,realtor_prohibited_acts,공인중개사법 제33조 금지행위,civil_nonperformance_damages|민법 제390조 채무불이행 손해배상; civil_sale_effect|민법 제568조 매매의 효력; realtor_prohibited_acts|공인중개사법 제33조 금지행위
273,CASE_1991_00273,91도1524,"사기,위조사문서행사,공정증서원본불실기재,공정증서원본불실기재행사",대법원,1991-08-27,형사,판결,상고심,상고기각,"원고인 피고인과 피고 갑이 공모하여 민사소송에서 법원에 대하여 위조된 문서를 증거로 제출하면서 피고인이 동일한 전 소송에서 모두 패소확정된 사실을 감추고, 다른 피고들의 적극적인 방어행위를 방해하는 등 하여 법원을 기망하였다면 소송사기가 된다고 한 사례","원고인 피고인과 피고 갑이 공모하여 민사소송에서 법원에 대하여 위조된 문서를 증거로 제출하면서 피고인이 동일한 전 소송에서 모두 패소확정된 사실을 감춘 가운데, 피고인은 다른 피고들에게 피고인이 승소하더라도 피고 갑에 대하여서만 권리행사를 하고 다른 피고들에게는 집행을 하지 아니하겠다는 등으로 이들을 회유하여 이들의 적극적인 방어행위를 방해하고, 피고 갑은 원고인 피고인의 주장 사실을 단순히 부인하였을 뿐 동일한 전소에서의 피고인의 패소판결내용을 구체적으로 알고 있으면서도 이를 적극적으로 주장 입증하지 아니하는 등 불성실하게 소송을 진행하여 이러한 사정 등을 모르는 법원을 기망하였다면 소송사기가 된다.","형법 제30조 , 제347조","대법원 1987.9.22. 선고 87도1090 판결(공1987,1675)","부동산, 토지, 공정증서원본불실기재, 고소, 사기, 기망, 위조, 기각, 소송사기, 불실기재",전문 원문: https://www.law.go.kr/LSW/precInfoP.do?precSeq=109134,criminal_fraud,형법 제347조 사기죄,criminal_fraud|형법 제347조 사기죄; civil_fraud_duress|민법 제110조 사기·강박에 의한 의사표시
275,CASE_1987_00275,86가합1663,손해배상청구사건,대구지법,1987-10-30,민사,판결,1심,일부인용,"부동산중개업자가 중개물건이 확인, 설명의무를 게을리하여 매매계약이 해제된 경우의 책임","매매계약이 중개업자의 중개물건의 확인, 설명의무를 게을리한 과실로 인하여 성립되었다가 그후 해제된 경우, 중개업자는 매수인으로부터 매매중개행위에 대한 수수료를 받을 수 없으므로 매수인으로부터 이미 수령한 수수료를 반환하여야 하고, 또 매수인에게 재산상의 손해를 발생하게 한 때에는 그 손해를 배상할 책임이 있다.","부동산중개업법 제17조 , 제19조 , 제20조",없음,"부동산, 임야, 매매, 매수, 매도, 매매계약, 계약금, 소유권이전, 중개업자, 등기, 근저당, 저당권",전문 원문: https://www.law.go.kr/LSW/precInfoP.do?precSeq=77049,realtor_prohibited_acts,공인중개사법 제33조 금지행위,civil_nonperformance_damages|민법 제390조 채무불이행 손해배상; civil_sale_effect|민법 제568조 매매의 효력; realtor_prohibited_acts|공인중개사법 제33조 금지행위
276,CASE_2009_00276,2009다41250,배당이의,대법원,2009-12-10,민사,판결,상고심,파기환송,"선순위 공동저당권자가 피담보채권을 변제받기 전에 공동저당 목적 부동산 중 일부에 관한 저당권을 포기한 경우, 후순위저당권자가 있는 부동산에 관한 경매절차에서 ‘저당권을 포기하지 아니하였더라면 후순위저당권자가 대위할 수 있었던 한도’에서도 후순위저당권자에 우선하여 배당받을 수 있는지 여부 (소극)","채무자 소유의 수개 부동산에 관하여 공동저당권이 설정된 경우 민법 제368조 제2항 후문에 의한 후순위저당권자의 대위권은 선순위 공동저당권자가 공동저당의 목적물인 부동산 중 일부의 경매대가로부터 배당받은 금액이 그 부동산의 책임분담액을 초과하는 경우에 비로소 인정되는 것이지만, 후순위저당권자로서는 선순위 공동저당권자가 피담보채권을 변제받지 않은 상태에서도 추후 공동저당 목적 부동산 중 일부에 관한 경매절차에서 선순위 공동저당권자가 그 부동산의 책임분담액을 초과하는 경매대가를 배당받는 경우 다른 공동저당 목적 부동산에 관하여 선순위 공동저당권자를 대위하여 저당권을 행사할 수 있다는 대위의 기대를 가진다고 보아야 하고, 후순위저당권자의 이와 같은 대위에 관한 정당한 기대는 보...","민법 제368조 제1항 , 제2항",없음,"부동산, 주택, 아파트, 분양, 분양대금, 근저당, 저당권, 담보, 경매, 배당, 배당이의, 배임",전문 원문: https://www.law.go.kr/LSW/precInfoP.do?precSeq=215771,civil_sale_effect,민법 제568조 매매의 효력,civil_sale_effect|민법 제568조 매매의 효력; civil_lease_definition|민법 제618조 임대차의 의의
277,CASE_2013_00277,"2011다38875,38882",부당이득금 반환등·부당이득금,대법원,2013-07-25,민사,판결,상고심,상고기각,"[1] 사업주체가 구 주택법 제38조의2 에서 정하는 기준에 따라 산정되는 분양가 상한금액 이하로 실제 분양가격을 정하여 공동주택을 공급하였으나 실제 분양가격을 구성하는 택지비 또는 건축비의 항목별 금액이 위 분양가 상한금액을 구성하는 택지비 또는 건축비의 항목별 금액을 초과한 경우, 분양가상한제를 위반한 것인지 여부 (원칙적 소극) [2] 구 주택법 제38조의2 제1항 , 제3항 에 따라 국토해양부장관이 고시한 기본형건축비를 구성하는 여러 항목의 비용 중 개별 공동주택건설사업에서 실제로 소요되지 않는 비용이 있는 경우, 이를 분양가 상한금액을 산정할 때 기본형건축비...","[1] 구 주택법(2009. 2. 3. 법률 제9405호로 개정되기 전의 것, 이하 ‘구 주택법’이라 한다) 제38조의2 제1항 은 “사업주체가 제38조 의 규정에 따라 일반에게 공급하는 공동주택은 이 조에서 정하는 기준에 따라 산정되는 분양가격 이하로 공급하여야 한다. 이 경우 분양가격은 택지비 및 건축비로 구성되며, 구체적인 내역, 산정방식, 감정평가기관 선정방법 등은 국토해양부령으로 정한다.”고 규정하고 있고, 같은 조 제2항 , 제3항 에서 위 제1항 의 분양가격의 구성항목인 택지비 및 건축비의 산정방법에 관하여 규정하고 있을 뿐, 사업주체로 하여금 실제 분양가격을 정할 때 전체 분양가격뿐만 아니라 이를 구성하는 택지비 및 건축비의 개별항목도 같은 조에서 정하는 기...","[1] 구 주택법(2009. 2. 3. 법률 제9405호로 개정되기 전의 것) 제38조의2 [2] 구 주택법(2009. 2. 3. 법률 제9405호로 개정되기 전의 것) 제38조의2 제1항 , 제3항 [3] 구 주택법(2009. 2. 3. 법률 제9405호로 개정되기 전의 것) 제38조 제1항 , 제3항 , 주택법 제38조의4 제1항 , 주택법 시행령 제42조의5 제1호 , 구 공동주택 분양가격의 산정 등에 관한 규칙(2010. 3. 4. 국토해양부령 제226호로 개정되기 전의 것) 제14조 제2...",없음,"부동산, 주택, 아파트, 건물, 분양, 분양대금, 분양계약, 기망, 기각, 반환, 부당이득, 취소",전문 원문: https://www.law.go.kr/LSW/precInfoP.do?precSeq=170879,civil_fraud_duress,민법 제110조 사기·강박에 의한 의사표시,civil_fraud_duress|민법 제110조 사기·강박에 의한 의사표시; civil_sale_effect|민법 제568조 매매의 효력
278,CASE_2017_00278,2014다225809,대여금,대법원,2017-06-22,민사,판결,상고심,상고기각,"[1] 보조참가의 요건으로서 소송 결과에 대한 ‘이해관계’의 의미 [2] 계약문서에 나타난 당사자의 의사를 해석하는 방법 [3] 토지구획정리사업의 시행인가를 받은 甲 토지구획정리조합이 사업비를 조달하기 위하여 시행사인 乙 주식회사와 금전 차용계약 및 추가차용계약을 체결한 다음, 乙 회사 및 시공사인 丙 주식회사와 위 대여금채권과 관련하여 ‘甲 조합은 신탁회사인 丁 주식회사와 위 사업의 일부 체비지에 관하여 부동산담보신탁계약을 체결하여 우선수익자를 乙 회사로 하는 수익권증서를 발급하며, 乙 회사는 수익권증서상 우선수익권에 丙 회사를 1순위 질권자로 하는 질권을 설정하여...","[1] 특정 소송사건에서 한쪽 당사자를 보조하기 위하여 보조참가를 하려면 소송의 결과에 대하여 이해관계가 있어야 한다. 여기서 이해관계란 사실상·경제상 또는 감정상의 이해관계가 아니라 법률상의 이해관계를 말하는 것으로, 그 소송의 판결의 기판력이나 집행력을 당연히 받는 경우 또는 적어도 그 판결을 전제로 하여 보조참가를 하려는 자의 법률상 지위가 결정되는 관계에 있는 경우를 의미한다. [2] 법률행위의 해석은 당사자가 표시행위에 부여한 객관적인 의미를 명백하게 확정하는 것으로서, 계약문서에 나타난 당사자의 의사해석이 문제되는 경우에는 문언의 내용, 약정이 이루어진 동기와 경위, 약정으로 달성하려는 목적, 당사자의 진정한 의사 등을 종합적으로 고찰하여 논리와 경험칙에 따라...","[1] 민사소송법 제71조 [2] 민법 제105조 [3] 민법 제105조 , 제409조 [4] 민법 제105조 , 제345조 , 제361조 , 제369조 , 구 신탁법(2011. 7. 25. 법률 제10924호로 전부 개정되기 전의 것) 제1조 제2항 (현행 제2조 참조), 제51조 제1항 (현행 제56조 제1항 참조), 제55조 (현행 제98조 참조), 신탁법 제66조 제1항 , 제5항","[1] 대법원 1999. 7. 9. 선고 99다12796 판결 (공1999하, 1604), 대법원 2007. 4. 26. 선고 2005다19156 판결 / [2] 대법원 1997. 12. 12. 선고 97다5060 판결 (공1998상, 256), 대법원 2005. 5. 27. 선고 2004다60065 판결 (공2005하, 1031)","부동산, 아파트, 상가, 토지, 분양, 담보, 신탁부동산, 손해배상, 기각, 파기",전문 원문: https://www.law.go.kr/LSW/precInfoP.do?precSeq=185251,civil_sale_effect,민법 제568조 매매의 효력,civil_nonperformance_damages|민법 제390조 채무불이행 손해배상; civil_sale_effect|민법 제568조 매매의 효력
279,CASE_2018_00279,2017가합104228,분양계약자명의변경절차이행,대전지법,2018-05-09,민사,판결,1심,청구기각,"甲 주식회사가 구 주택법 제41조의2 제1항 제2호 , 구 주택법 시행령 제45조의2 제2항 에 따라 최초로 주택공급계약 체결이 가능한 날로부터 1년 동안 전매가 금지되는 아파트에 관하여 입주자모집을 하여 乙이 입주자로 선정되었는데, 乙이 甲 회사와 아파트 분양계약을 체결한 후 전매금지기간 중 丙과 수분양권양도계약을 체결한 사안에서, 위 수분양권양도계약은 강행규정인 구 주택법 제41조의2 제1항 제2호 에 반하여 전매금지기간 중에 체결된 것이므로 무효라고 한 사례","甲 주식회사가 구 주택법(2015. 7. 24. 법률 제13435호로 개정되기 전의 것, 이하 ‘구 주택법’이라 한다) 제41조의2 제1항 제2호 , 구 주택법 시행령(2015. 12. 22. 대통령령 제26750호로 개정되기 전의 것) 제45조의2 제2항 에 따라 최초로 주택공급계약 체결이 가능한 날로부터 1년 동안 전매가 금지되는 아파트에 관하여 입주자모집을 하여 乙이 입주자로 선정되었는데, 乙이 甲 회사와 아파트 분양계약을 체결한 후 전매금지기간 중 丙과 수분양권양도계약을 체결한 사안이다. 구 주택법 제41조의2 제1항 제2호 는 분양가상한제 적용주택 및 그 주택의 입주자로 선정된 지위를 10년 이내의 범위에서 대통령령으로 정하는 기간이 지나기 전에 전매하거나 전매를...","구 주택법(2015. 7. 24. 법률 제13435호로 개정되기 전의 것) 제38조 제1항 (현행 제54조 제1항 참조), 제38조의2 제1항 (현행 제57조 제1항 참조), 제39조 제1항 (현행 제65조 제2항 참조), 제41조의2 제1항 제2호 (현행 제64조 제1항 제3호 참조), 제3항 (현행 제64조 제3항 참조), 제96조 제2호 (현행 제101조 제2호 참조), 구 주택법 시행령(2015. 12. 22. 대통령령 제26750호로 개정되기 전의 것) 제45조의2 제2항 [별표 2의2]...",없음,"부동산, 주택, 아파트, 매매, 매수, 매도, 매매계약, 계약금, 중도금, 분양, 분양대금, 분양계약",전문 원문: https://www.law.go.kr/LSW/precInfoP.do?precSeq=205625,civil_sale_effect,민법 제568조 매매의 효력,civil_sale_effect|민법 제568조 매매의 효력
280,CASE_2005_00280,2005도6026,특정경제범죄가중처벌등에관한법률위반(사기)·업무상횡령,대법원,2005-11-10,형사,판결,상고심,상고기각,"[1] 실제 주택사업자로부터 주택을 분양받은 사실이 없으면서도 수분양자가 아니면서 주택을 분양받은 사실이 있는 것처럼 주택금융신용보증기금의 관리기관을 속여 신용보증서를 발급받은 경우, 사기죄의 성립 여부 (적극) [2] 양형부당을 상고이유로 할 수 없는 사건에서 정상에 관한 심리미진을 상고이유로 할 수 있는지 여부 (소극)","으로서( 법 제13조), 그 운용의 용도가 제한되어 있을 뿐 아니라( 법 제16조), 위 용도에 따른 기금 운용방법의 하나로서 근로자 등이 주택자금 융자를 위한 담보로서 기금 관리기관으로부터 신용보증을 받음에 있어서도 주택수요자가 주택을 취득·임차하기 위하여 주택금융기관으로부터 주택자금의 융자를 받을 경우 등 그 요건이 제한되어 있는 점( 법 제17조) 등에 비추어 보면, 위 신용보증기금에 따른 신용보증을 받고자 하는 자가 사실은 주택사업자로부터 주택을 분양받은 사실이 없으면서도 분양받은 사실이 있는 것처럼 위 기금의 관리기관을 속여 신용보증서를 발급받은 경우에는, 그 당시 신용보증서를 담보로 하여 대출받은 자금을 상환할 의사와 능력이","[1] 구 근로자의 주거안정과 목돈마련지원에 관한 법률(2002. 12. 5. 법률 제6736호로 개정되기 전의 것) 제13조 , 제16조 , 제17조 , 형법 제347조 [2] 형사소송법 제383조 제4호","[1] 대법원 2002. 7. 26. 선고 2002도2620 판결 (공2002하, 2163), 대법원 2003. 2. 28. 선고 2002도7067 판결 / [2] 대법원 2001. 12. 27. 선고 2001도5304 판결 (공2002상, 434), 대법원 2002. 10. 11. 선고 2002도4066 판결","주택, 아파트, 계약금, 중도금, 분양, 분양계약, 담보, 고발, 사기, 기망, 허위, 횡령",전문 원문: https://www.law.go.kr/LSW/precInfoP.do?precSeq=67787,aggravated_economic_crime,특정경제범죄 가중처벌 등에 관한 법률 제3조,aggravated_economic_crime|특정경제범죄 가중처벌 등에 관한 법률 제3조; criminal_fraud|형법 제347조 사기죄; embezzlement_breach_of_trust|형법 제355조·제356조 횡령·배임; civil_fraud_duress|민법 제110조 사기·강박에 의한 의사표시; civil_sale_effect|민법 제568조 매매의 효력
281,CASE_2019_00281,"2019가단208971(본소), 2019가단226689(반소)",배당이의·부당이득금,서울남부지방법원,2019-09-24,민사,판결,1심,1. 원고(반소피고)의 본소청구와 피고(반소원고)의 반소청구를 각 기각한다. 2. 소송비용 중 본소로 인하여 생긴 부분은 원고...,"(소송대리인 법무법인 명륜 담당변호사 임형욱) 【변론종결】 2019. 8. 20. 【주 문】 1. 원고(반소피고)의 본소청구와 피고(반소원고)의 반소청구를 각 기각한다. 2. 소송비용 중 본소로 인하여 생긴 부분은 원고(반소피고)가, 반소로 인하여 생긴 부분은 피고(반소원고)가 각 부담한다. 【청구취지】 본소: 서울남부지방법원 2017타경103419호 부동산 강제경매사건에 관하여 2019. 2. 14. 위 법원이 작성한 배당표 중 피고(반소원고, 이하 ‘피고’라고만 한다)에 대한 배당액 57,543,186원을 삭제하고, 원고(반소","략)(건물명 생략)(호수 1 생략), (호수 2 생략), (호수 3 생략), (호수 4 생략)(이하 ‘이 사건 건물’이라 한다)에 대하여 가압류결정을 받아 가압류등기를 마쳤다. 다. 피고는 2013. 4. 29. 서울남부지방법원 접수 제20116호로 이 사건 건물 중 (호수 2 생략), (호수 3 생략), (호수 4 생략)에 관하여 2013. 4. 26. 근저당설정계약을 원인으로 채권최고액 280,000,000원, 채무자 소외인으로 한 근저당권설정등기를 마쳤다(이하 ‘이 사건 근저당’이라 한다). 라. 원고는 수원지방법원 성남지원 2014가단13838호로 소외인 등을 상대로 보증채무금 지급을 구하는 소를 제기하여 2014. 8. 29.",원문 참조,없음,"부동산, 건물, 등기, 근저당, 저당권, 담보, 경매, 배당, 배당요구, 배당이의, 허위, 기각",전문 원문: https://www.law.go.kr/LSW/precInfoP.do?precSeq=601893,civil_sale_effect,민법 제568조 매매의 효력,civil_sale_effect|민법 제568조 매매의 효력; civil_lease_definition|민법 제618조 임대차의 의의
282,CASE_1988_00282,87재나28,소유권이전등기말소,서울고등법원,1988-10-18,민사,판결,2심,1. 재심의 소를 각하한다. 2. 재심소송비용은 원고(재심원고)의 부담으로 한다.,"원고(재심원고, 이하 원고라고만 한다)에게 경기도 고양군 벽제면 운문리 138의 1 답1262평과 같은리 233의 3 전 417평에 관하여 서울민사지방법원 서부등기소 1969. 5. 13 접수 제19999호로 마쳐진 각 근저당권설정등기 및 위 등기소 1969. 6. 13. 접수 제27143호로 마쳐진 각 소유권이전등기의 말소등기절차를 이행하라. 소송비용은 피고의 부담으로 한다.라는 판결. 【이 유】 먼저 이 사건 재심대상판결에 원고가 주장하는 재심사유가 있는지 여부에 관하여 본다. 이 사건의 기록에 의하면, 원고는 청구취지 기재의","재심사유가 있는지 여부에 관하여 본다. 이 사건의 기록에 의하면, 원고는 청구취지 기재의 각 부동산(이하 이 사건 부동산이라고 한다)이 원고의 소유인데 피고가 위조된 관계서류를 이용하여 청구취지 기재와 같은 근저당권설정등기 및 소유권이전등기를 마쳤으므로 위 각 등기는 원인무효라는 이유를 들어 피고를 상대로 하여 서울민사지방법원 76가합2581호로 위 각 등기의 말소를 구하는 소송을 제기하여 1977. 2. 4. 승소판결을 선고받았으나 이에 대하여 피고가 추완항소를 제기하여 위 재심대상판결인 서울고등법원 1987. 6. 30. 선고 86나3803 판결로 위 1심판결이 취소되고 원고의 청구가 기각되었으며 이에 대한 원고의 상고허가신청이 대",원문 참조,없음,"부동산, 농지, 매매, 매수, 매도, 매매계약, 소유권이전, 등기, 근저당, 저당권, 담보, 인감증명",전문 원문: https://www.law.go.kr/LSW/precInfoP.do?precSeq=152155,civil_sale_effect,민법 제568조 매매의 효력,civil_sale_effect|민법 제568조 매매의 효력
283,CASE_2004_00283,2003도6994,업무상배임,대법원,2004-04-27,형사,판결,상고심,상고기각,[1] 이른바 매도인 선의의 계약명의신탁에 있어서 수탁자가 타인의 사무를 처리하는 자에 해당하는지 여부 (소극) [2] 수탁자가 계약명의신탁의 약정에 따라 취득한 부동산에 대하여 신탁자의 반환요구를 거절하고 수탁자 명의로 그 소유권이전등기를 경료하였다 하여 업무상배임죄가 성립하지 아니한다고 한 사례,"[1] 이른바 매도인 선의의 계약명의신탁에 있어서 수탁자가 타인의 사무를 처리하는 자에 해당하는지 여부 (소극) [2] 수탁자가 계약명의신탁의 약정에 따라 취득한 부동산에 대하여 신탁자의 반환요구를 거절하고 수탁자 명의로 그 소유권이전등기를 경료하였다 하여 업무상배임죄가 성립하지 아니한다고 한 사례 【참조조문】 [1] 형법 제355조 제2항 , 제356조 , 부동산실권리자명의등기에관한법률 제4조 제1항 [2] 형법 제355조 제2항 , 제356조 , 부동산실권리자명의등기에관한법률 제4조 제1항","[1] 형법 제355조 제2항 , 제356조 , 부동산실권리자명의등기에관한법률 제4조 제1항 [2] 형법 제355조 제2항 , 제356조 , 부동산실권리자명의등기에관한법률 제4조 제1항","[1] 대법원 2001. 9. 25. 선고 2001도2722 판결, 대법원 2002. 4. 12. 선고 2001도2785 판결","부동산, 아파트, 매매, 매수, 매도, 매매계약, 매매대금, 소유권이전, 분양, 분양권, 등기, 명의신탁",전문 원문: https://www.law.go.kr/LSW/precInfoP.do?precSeq=67417,embezzlement_breach_of_trust,형법 제355조·제356조 횡령·배임,embezzlement_breach_of_trust|형법 제355조·제356조 횡령·배임; civil_sale_effect|민법 제568조 매매의 효력
284,CASE_1981_00284,81도529,사기,대법원,1981-07-28,형사,판결,상고심,상고기각,가. 타인 명의의 등기서류를 위조하여 소유권이전등기를 경료한 경우와 사기죄의 성부 (소극) 나. 위조사문서행사죄와 이로 인한 사기죄와는 상상적 경합관계인지의 여부 (소극),가. 타인 명의의 등기서류를 위조하여 등기공무원에게 제출함으로써 피고인 명의로 소유권이전등기를 마쳤다고 하여도 피해자의 처분행위가 없을 뿐 아니라 등기공무원에게는 위 부동산의 처분권한이 있다고 볼 수 없어 사기죄가 성립하지 않는다. 나. 위조사문서행사죄와 이로 인한 사기죄와는 상상적 경합관계에 있다고 볼 수 없다.,"가. 형법 제347조 나. 제40조 , 제37조",대법원 1970.9.29. 선고 70도1734 판결,"부동산, 소유권이전, 등기, 사기, 기망, 위조, 기각, 처분권한",전문 원문: https://www.law.go.kr/LSW/precInfoP.do?precSeq=95928,criminal_fraud,형법 제347조 사기죄,criminal_fraud|형법 제347조 사기죄; civil_fraud_duress|민법 제110조 사기·강박에 의한 의사표시
285,CASE_2007_00285,2006가합2978,배당이의,수원지방법원 안산지원,2007-06-14,민사,판결,1심,청구기각,"1. 원고의 청구를 기각한다. 2. 소송비용은 원고가 부담한다. 【청구취지】 수원지방법원 안산지원 2005타경9077 부동산임의경매 사건에 관하여 위 법원이 2006. 5. 27. 작성한 배당표 중 피고에 대한 배당액 974,469,089원을 834,469,089원으로 감액하고, 원고에게 140,000,000원을 배당하는 것으로 경정한다. 【이 유】 1. 기초사실 다음 각 사실은, 당사자 사이","략) 지상에는 지하 1층, 지상 5층의 ‘ (상가이름 생략)’ 상가건물이 건립되어 있는데, 위 상가건물에 대하여 2003. 8. 21. 소외 2 주식회사 명의의 소유권보존등기가 마쳐지면서, 위 상가건물 중 제3층은 301호 내지 310호로, 제4층은 401호 내지 410호, 제5층은 501호 내지 510호로 각 구분되어 등기가 이루어졌고, 그에 따른 집합건축물대장이 작성되었다. 나. 소외 1은 2003. 6. 10.경 위 상가건물 중 별지목록 기재 각 부동산(3층 304호 내지 310호, 4층 401호 내지 410호, 5층 501호 내지 510호, 이하 ‘이 사건 각 부동산’이라고 한다)에 해당하는 부분을 분양받아 그곳에 사우나시설을 갖",원문 참조,없음,"부동산, 상가, 건물, 임대차, 보증금, 임차권, 임차인, 상가건물임대차, 임대차계약, 임차보증금, 소유권이전, 소유권보존",전문 원문: https://www.law.go.kr/LSW/precInfoP.do?precSeq=64529,civil_lease_definition,민법 제618조 임대차의 의의,civil_lease_definition|민법 제618조 임대차의 의의
286,CASE_2019_00286,2019나20421,근저당권말소,서울동부지방법원,2019-09-18,민사,판결,2심,"1. 이 법원에서 교환적으로 변경한 청구에 따라, 피고는 원고에게 별지 목록 기재 공탁금출급청구권을 양도하고, 대한민국에게 위...","도하고, 대한민국에게 위 채권을 양도하였다는 취지의 통지를 하라. 2. 소송총비용은 피고가 부담한다. 【청구취지 및 항소취지】 1. 청구취지 주문과 같다(원고는 근저당권설정등기의 말소를 구하다가 이 법원에 이르러 공탁금출급청구권의 양도 및 통지로 소를 교환적으로 변경하였다). 2. 항소취지 제1심판결을 취소한다. 원고의 청구를 기각한다. 【이 유】 1. 제1심판결의 인용 이 법원이 이 사건에 관하여 기재할 이유는 아래와 같이 고쳐 쓰거나 추가하는 것 외에는 제1심판결의 이유와 같으므로 민사소송법 제420조 본문에 의하여 이를 그대로","쓰거나 추가하는 것 외에는 제1심판결의 이유와 같으므로 민사소송법 제420조 본문에 의하여 이를 그대로 인용한다. ▣ 제1심판결문 제2면 제14행 중 “서유권이전등기청구권 가등기” → “소유권이전등기청구권 가등기” ▣ 제1심판결문 제3면 제14행 아래 추가 “사. 한국도로공사는 2019. 5. 2. 이 사건 부동산에 관하여 서울동부지방법원 2019년 금 제1121호로 수용보상금 568,559,000원을 공탁한 후 2019. 5. 9. 이 사건 부동산을 수용하였고, 같은 날 피고 명의의 이 사건 근저당권 등기가 말소되었다. 한편 피고는 2019. 4. 16. 의정부지방법원 2019타채4424호로 별지 목록 기재와 같이 위 수용보상금 중 3",원문 참조,없음,"부동산, 매매, 소유권이전, 등기, 가등기, 근저당, 저당권, 담보, 허위, 기각, 취소, 무효",전문 원문: https://www.law.go.kr/LSW/precInfoP.do?precSeq=211041,civil_sale_effect,민법 제568조 매매의 효력,civil_sale_effect|민법 제568조 매매의 효력
287,CASE_1982_00287,82노2397,사기등피고사건,서울고법,1982-11-30,형사,판결,2심,유죄(징역형),편취방법으로 부동산을 담보로 제공한 경우 편취가액에서 부동산 가액을 공제하지 아니한 것이 위법인지 여부,사기죄에 있어서 편취한 재물이나 재산상의 이익은 피해실질금액과는 다른 것으로 편취된 재물이나 재산상의 이익 그 자체를 의미하며 편취의 수단으로 부동산을 담보로 제공하였다하여 그 가액을 편취금액에서 공제할 성질의 것은 아니다.,형법 제347조,"1978. 7. 25. 선고, 78도1370 판결 (요추 I 형법 제347조(2) 147면, 카 11902 집26②형37, 공 591호 10957)","부동산, 담보, 인감증명, 공정증서원본불실기재, 사기, 편취, 위조, 기각, 파기, 불실기재",전문 원문: https://www.law.go.kr/LSW/precInfoP.do?precSeq=75350,criminal_fraud,형법 제347조 사기죄,criminal_fraud|형법 제347조 사기죄
288,CASE_2008_00288,"2006다62492,62508",임대차보증금등·지료등,대법원,2008-09-25,민사,판결,상고심,상고기각,"[1] 계약의 법정 또는 약정 해지사유 발생시, 당사자가 경매신청 등 계약해지를 전제로 하는 행위 또는 기존 계약관계를 유지할 의사가 없음을 파악할 수 있는 행위를 하고 상대방도 그로 인하여 계약이 종료됨을 객관적으로 인식할 수 있었던 경우, 계약해지의 효과가 발생하는지 여부 (적극) [2] 건물의 소유를 목적으로 하는 토지임대차에서 차임을 담보할 목적으로 그 건물에 대한 근저당권을 설정받은 임대인이 차임 연체를 이유로 근저당권을 실행하여 임의경매를 신청하였다면 이는 묵시적 임대차계약 해지의 의사표시라 볼 수 있으므로, 법원의 경매개시결정이 임차인에게 송달된 때에 위...","각 상고이유를 판단한다. 1. 이 사건 본소 중 임차보증금반환청구에 관한 부분 및 반소 중 철거 및 원상복구비용 청구에 관한 부분에 대하여 가. 계약해지의 의사표시는 반드시 그 상대방에게 명시적으로 하여야 하는 것은 아니고 묵시적으로 할 수도 있는바, 법정 혹은 약정해지사유가 발생한 경우에 당사자가 경매신청 등 계약의 해지를 전제로 하는 행위 또는 기존 계약관계를 유지할 의사가 없음을 파악할 수 있는 어떤 외부적, 객관적 행위를 하고, 그에 따라 법원에 의하여 경매개시결정이 상대방에게 송달되는 등 상대방도 그와 같은 사정 때문","[1] 민법 제105조 , 제543조 [2] 민법 제105조 , 제543조 , 제640조 , 제641조",없음,"부동산, 토지, 건물, 임대차, 보증금, 임차권, 임대인, 임차인, 임대차계약, 임차보증금, 소유권이전, 소유권보존",전문 원문: https://www.law.go.kr/LSW/precInfoP.do?precSeq=64441,civil_lease_definition,민법 제618조 임대차의 의의,civil_lease_definition|민법 제618조 임대차의 의의
289,CASE_1988_00289,87도2709,"횡령,사문서위조,사문서위조행사",대법원,1988-04-12,형사,판결,상고심,상고기각,가. 증거취사와 사실인정이 사실심의 전권에 속하는지 여부 나. 위조된 부동산매매계약서를 소유권이전등기청구소송의 소장에 사본하여 첨부하도록 교부한 경우 위조사문서행사죄의 성립요부,"가. 증거의 취사와 이를 근거로 한 사실의 인정은 그것이 경험칙에 위배된다는 등의 특단의 사정이 없는 한 사실심법원의 전권에 속한다. 나. 형법에 규정된 공문서 또는 사문서의 위조죄나 그 행사죄에 있어서의 문서라 함은 작성명의인의 의사가 표시된 원본자체를 말하고, 사본은 그것이 기계적 방법에 의하여 복사된 것이라 하더라도 사본 또는 등본이라는 인증이 없는 한 위 각 죄의 행위객체인 문서에 해당되지 아니하나 위조된 부동산매매계약서 1통을 소유권이전등기청구소송의 소장에 사본하여 첨부하도록 교부하였다면 이는 곧 위조된 원본 자체를 교부한 것으로서 취조사문서행사죄가 된다.[ 89.09.12 87도506 전원합의체판결 로 본판결 폐기]",가. 형사소송법 제308조 나. 형법 제234조,"대법원 1954.5.8 선고, 4286형상112 판결","부동산, 매매, 매매계약, 소유권이전, 등기, 위조, 횡령, 기각",전문 원문: https://www.law.go.kr/LSW/precInfoP.do?precSeq=104237,embezzlement_breach_of_trust,형법 제355조·제356조 횡령·배임,embezzlement_breach_of_trust|형법 제355조·제356조 횡령·배임; civil_sale_effect|민법 제568조 매매의 효력
290,CASE_1988_00290,87도1217,"사문서위조,사문서위조행사",대법원,1988-01-19,형사,판결,상고심,파기환송,가.위조문서 자체만으로 명의인의 동의나 승낙없이 문서를 작성하였는지 여부에 대한 증거가 되는지 여부 나. 증거판단을 그르치고 심리를 다하지 아니한 위법이 있다하여 유죄를 인정한 원심판결을 파기한 사례 다. 위조문서를 교부받은 자가 복사. 인증하여 법원에 제출한 경우에 위조문서행사죄의 성립여부,가. 매매계약서 중 일부기재가 위조되었다는 공소사실에 대하여 위조된 매매계약서 자체만으로는 피고인이 문서명의인의 동의나 승낙없이 문서를 작성하였는지 여부에 대한 증거로 되지 아니한다. 나. 증거판단을 그르치고 심리를 다하지 아니한 위법이 있다하여 원심판결을 파기한 사례. 다. 위조문서행사죄에 있어서의 행사는 위조된 문서를 진정한 문서인 것처럼 타인에게 제시함으로써 성립하는 것이므로 위조된 매매계약서를 피고인으로부터 교부받은 변호사가 복사본을 작성하여 원본과 동일한 문서임을 인증한 다음 소장에 첨부하여 법원에 제출함으로써 위조문서행사죄는 성립된다.,", 형사소송법 제307조 , 제308조 , 형법 제229조",없음,"부동산, 토지, 매매, 매수, 매도, 매매계약, 매매대금, 소유권이전, 등기, 인감증명, 사기, 위조",전문 원문: https://www.law.go.kr/LSW/precInfoP.do?precSeq=165471,civil_sale_effect,민법 제568조 매매의 효력,civil_sale_effect|민법 제568조 매매의 효력
291,CASE_2019_00291,2019다206742,배당이의,대법원,2019-08-30,민사,판결,상고심,파기환송,근저당권설정등기가 위법하게 말소되어 그 부동산에 대한 경매절차에서 배당받지 못한 근저당권자의 구제방법,"을 알 수 있다. 가. 소외 1 소유의 이 사건 부동산에 관하여, ① 2010. 5. 11. 피고 1, 피고 2는 청구금액을 483,500,000원으로 한 가압류등기를, ② 2011. 11. 14. 원고가 2011. 11. 14.자 설정계약을 원인으로 하여 채무자를 소외 1, 채권최고액을 770,000,000원으로 한 근저당권설정등기(이하 ‘이 사건 근저당권’이라 한다)를, ③ 2012. 1. 12. 피고(선정당사자, 이하 ‘피고’라고 한다) 3 외 37인이 청구금액을 1,322,460,700원으로 한 가압류등기를 각 마쳤다. 한편 원고는 2012. 2. 15. 계약양도를 원인으로 이 사건 근저당권을 소외 2에게 이전하는 내용의 근저당권","민법 제186조 , 민사소송법 제288조 , 민사집행법 제148조 제4호 , 제154조 , 부동산등기법 제59조","대법원 1997. 9. 30. 선고 95다39526 판결 (공1997하, 3253), 대법원 2002. 10. 22. 선고 2000다59678 판결 (공2002하, 2787)","부동산, 등기, 근저당, 저당권, 담보, 경매, 배당, 배당이의, 허위, 파기, 무효",전문 원문: https://www.law.go.kr/LSW/precInfoP.do?precSeq=225501,civil_lease_definition,민법 제618조 임대차의 의의,civil_lease_definition|민법 제618조 임대차의 의의
292,CASE_2012_00292,2010도10515,횡령,대법원,2012-12-13,형사,판결,상고심,파기환송,"[1] 이른바 계약명의신탁 방식으로 명의수탁자가 당사자가 되어 명의신탁약정이 있다는 사실을 알고 있는 소유자로부터 부동산을 매수하는 계약을 체결한 후 명의수탁자 앞으로 소유권이전등기가 행하여진 경우, 명의수탁자가 명의신탁자에 대한 관계에서 횡령죄의 ‘타인의 재물을 보관하는 자’에 해당하는지 여부 (소극) [2] 피고인이 甲과 체결한 명의신탁약정에 따라 甲이 분양받은 아파트에 관하여 피고인 명의로 소유권보존등기를 마친 후 甲의 허락 없이 이를 乙에게 매도하여 횡령하였다는 내용으로 기소된 사안에서, 제반 사정에 비추어 피고인이 甲에 대한 관계에서 ‘아파트를 보관하는 자’...","[1] 명의신탁자와 명의수탁자가 이른바 계약명의신탁약정을 맺고 명의수탁자가 당사자가 되어 그러한 명의신탁약정이 있다는 사실을 알고 있는 소유자로부터 부동산을 매수하는 계약을 체결한 후 그 매매계약에 따라 명의수탁자 앞으로 당해 부동산의 소유권이전등기가 행하여졌다면 ‘부동산 실권리자명의 등기에 관한 법률’ 제4조 제2항 본문에 의하여 명의수탁자 명의의 소유권이전등기는 무효이고 당해 부동산의 소유권은 매도인이 그대로 보유하게 된다. 나아가 그 경우 명의신탁자는 부동산매매계약의 당사자가 되지 아니하고 또 명의신탁약정은 위 법률 제4조 제1항 에 의하여 무효이므로, 그는 다른 특별한 사정이 없는 한 부동산 자체를 매도인으로부터 이전받아 취득할 수 있는 권리 기타 법적 가능성을 가...","[1] 형법 제355조 제1항 , 부동산 실권리자명의 등기에 관한 법률 제4조 제1항 , 구 부동산 실권리자명의 등기에 관한 법률(2010. 3. 31. 법률 제10203호로 개정되기 전의 것) 제4조 제2항 [2] 형법 제355조 제1항","[1] 대법원 2009. 5. 14. 선고 2007도2168 판결 (공2009상, 905), 대법원 2011. 12. 8. 선고 2010도4129 판결(공2012상, 148), 대법원 2012. 11. 29. 선고 2011도7361 판결(공2013, 109)","부동산, 아파트, 매매, 매수, 매도, 매매계약, 소유권이전, 소유권보존, 분양, 분양대금, 분양계약, 등기",전문 원문: https://www.law.go.kr/LSW/precInfoP.do?precSeq=166712,embezzlement_breach_of_trust,형법 제355조·제356조 횡령·배임,embezzlement_breach_of_trust|형법 제355조·제356조 횡령·배임; civil_sale_effect|민법 제568조 매매의 효력
294,CASE_2007_00294,2006도8832,특정경제범죄가중처벌등에관한법률위반(횡령)·도시및주거환경정비법위반·업무상배임,대법원,2007-05-10,형사,판결,상고심,상고기각,도시 및 주거환경정비법상 조합 또는 조합장 개인이 조합원들과 사이에서 조합원들의 지분을 보존하는 임무를 대행하거나 조합원의 재산보전행위에 협력하는 자의 지위에 있는지 여부 (소극),"1. 검사의 상고에 대하여 가. 특정경제범죄 가중처벌 등에 관한 법률위반(횡령)의 점 (1) 이 부분 공소사실의 요지 피고인 1은 (이름 생략)재건축정비사업조합(이하 ‘조합’이라고만 한다)의 조합장이고, 피고인 2는 조합의 총무이사인바, 피고인들은 공모하여 2003. 11. 3. 서울 동대문구 장안동 (지번 생략) 소재 조합 사무실에서, 위 재건축 관련 시공사인 현대건설 주식회사(이하 ‘현대건설’이라 한다)로부터 10억 58,793,680원을 조합 명의로 차용한 다음, 2003. 11. 6. 위 돈을 조합 명의의 국민은행 예금통장으로 입금하여 피해자인","형법 제356조 , 도시 및 주거환경정비법 제46조",없음,"아파트, 건물, 매수, 매도, 잔금, 소유권이전, 분양, 조합원, 분담금, 분양권, 등기, 담보",전문 원문: https://www.law.go.kr/LSW/precInfoP.do?precSeq=68667,aggravated_economic_crime,특정경제범죄 가중처벌 등에 관한 법률 제3조,aggravated_economic_crime|특정경제범죄 가중처벌 등에 관한 법률 제3조; embezzlement_breach_of_trust|형법 제355조·제356조 횡령·배임; civil_sale_effect|민법 제568조 매매의 효력
295,CASE_1992_00295,"92다4130, 92다4147",임차보증금반환등,대법원,1992-06-23,민사,판결,상고심,원심판결중 피고(반소원고)의 패소부분을 파기한다. 이 부분에 관하여 사건을 수원지방법원 본원합의부에 환송한다.,가. 계약의 합의해제 또는 해제계약의 의의 및 요건 나. 임차보증금의 반환에 관한 아무런 약정도 없이 임대차계약을 합의해제함과 경험칙,"가. 계약의 합의해제 또는 해제계약이라 함은 해제권의 유무를 불문하고 계약당사자 쌍방이 합의에 의하여 기존의 계약의 효력을 소멸시켜 당초부터 계약이 체결되지 않았던 것과 같은 상태로 복귀시킬 것을 내용으로 하는 새로운 계약으로서, 계약이 합의해제되기 위하여는 일반적으로 계약이 성립하는 경우와 마찬가지로 계약의 청약과 승낙이라는 서로 대립하는 의사표시가 합치될 것(합의)을 그 요건으로 하는바, 이와 같은 합의가 성립하기 위하여는 쌍방당사자의 표시행위에 나타난 의사의 내용이 객관적으로 일치하여야 되는 것이다. 나. 계약을 합의해제할 때에 원상회복에 관하여 반드시 약정을 하여야 하는 것은 아니지만, 임대차계약을 합의해제하는 경우에 이미 지급된 임차보증금의 반환에 관하여는 아무런...","가.나. 민법 제543조 나. 민법 제548조 , 민사소송법 제187조","가. 대법원 1960.10.6. 선고 4293민상275 판결(집8민157) / 나. 대법원 1948.5.17. 선고 4280민상383 판결(집1①민5) , 1955.10.20. 선고 4288민상300 판결, 1956.4.26. 선고 4288민상542 판결","부동산, 건물, 임대차, 보증금, 임대차계약, 임차보증금, 계약금, 잔금, 근저당, 저당권, 담보, 경매",전문 원문: https://www.law.go.kr/LSW/precInfoP.do?precSeq=203156,civil_lease_definition,민법 제618조 임대차의 의의,civil_sale_effect|민법 제568조 매매의 효력; civil_lease_definition|민법 제618조 임대차의 의의
296,CASE_1985_00296,85다카333,소유권이전등기,대법원,1985-07-23,민사,판결,상고심,파기환송,관련 형사사건이나 신청사건의 판결에서 인정된 사실의 민사재판에 있어서의 증명력,민사재판에 있어서는 형사재판에서 인정된 사실에 구속을 받는 것은 아니라 할지라도 이미 확정된 관련 형사사건의 판결에서 인정된 사실은 특별한 사정이 없으면 유력한 증거가 되고 관련 신청사건 판결에서 인정된 사실 역시 같은 이유에서 유력한 증거가 된다 할 것이므로 별다른 합리적인 이유설시도 없이 막연히 이를 배척함은 심리미진 또는 경험법칙에 위배된다.,민사소송법 제187조,"대법원 1977.11.8. 선고 76누250 판결 , 1983.9.13. 선고 81다1166,81다카897 판결","부동산, 매매, 매수, 매도, 매매계약, 계약금, 중도금, 소유권이전, 등기, 담보, 고소, 사기",전문 원문: https://www.law.go.kr/LSW/precInfoP.do?precSeq=100700,civil_fraud_duress,민법 제110조 사기·강박에 의한 의사표시,civil_fraud_duress|민법 제110조 사기·강박에 의한 의사표시; civil_sale_effect|민법 제568조 매매의 효력
297,CASE_2018_00297,2016다223357,사해행위취소,대법원,2018-04-12,민사,판결,상고심,파기환송,"[1] 부동산담보신탁계약에서 우선수익권의 의미와 법적 성질(=신탁계약상 권리) [2] 甲 주식회사가 乙 주식회사에 대한 채무를 담보하기 위해 신탁회사인 丙 주식회사와 甲 회사 소유의 아파트에 관하여 우선수익자를 乙 회사로 하는 부동산담보신탁계약을 체결하였는데, 그 후 甲 회사가 乙 회사의 동의를 받아 신탁계약을 해지하고 甲 회사 명의로 아파트에 관한 소유권이전등기를 마친 다음, 같은 날 乙 회사와 대물변제계약을 체결하여 乙 회사에 아파트에 관한 소유권이전등기를 마쳐주자, 甲 회사의 채권자인 국가가 대물변제계약이 사해행위에 해당한다며 乙 회사를 상대로 사해행위취소를 구...","[1] 신탁행위로 정한 바에 따라 수익자로 지정된 사람은 당연히 수익권을 취득한다( 신탁법 제56조 제1항 ). 신탁재산에 속한 재산의 인도와 그 밖에 신탁재산에 기한 급부를 요구하는 청구권이 수익권의 주된 내용을 이루지만, 수익자는 그 외에도 신탁법상 수익자의 지위에서 여러 가지 권능을 가지며, 수익권의 구체적인 내용은 특별한 사정이 없는 한 계약자유의 원칙에 따라 신탁계약에서 다양한 내용으로 정할 수 있다. 우선수익권은 구 신탁법이나 신탁법에서 규정한 법률 용어는 아니나, 거래 관행상 통상 부동산담보신탁계약에서 우선수익자로 지정된 채권자가 채무자의 채무불이행 시에 신탁재산 처분을 요청하고 처분대금에서 자신의 채권을 위탁자인 채무자나 그 밖의 다른 채권자들에 우선하여 변...","[1] 신탁법 제56조 제1항 , 민법 제105조 [2] 신탁법 제56조 제1항 , 민법 제105조 , 제406조 [3] 민사소송법 제202조","[1] 대법원 2017. 6. 22. 선고 2014다225809 전원합의체 판결 (공2017하, 1534) / [3] 대법원 1982. 8. 24. 선고 82다카317 판결 (공1982, 877), 대법원 2006. 11. 24. 선고 2006다35766 판결","부동산, 아파트, 매수, 매도, 잔금, 소유권이전, 분양, 분양계약, 등기, 근저당, 저당권, 담보",전문 원문: https://www.law.go.kr/LSW/precInfoP.do?precSeq=194891,civil_sale_effect,민법 제568조 매매의 효력,civil_nonperformance_damages|민법 제390조 채무불이행 손해배상; civil_sale_effect|민법 제568조 매매의 효력
298,CASE_2019_00298,2019나2008809,지상권설정등기말소등기절차이행,서울고등법원,2019-09-25,민사,판결,2심,청구기각,"변호사 김종훈) 【제1심판결】 수원지방법원 2019. 1. 15. 선고 2018가합193 판결 【변론종결】 2019. 7. 24. 【주 문】 1. 제1심 판결을 취소한다. 2. 원고의 청구를 기각한다. 3. 소송 총비용은 원고가 부담한다. 【청구취지 및 항소취지】 1. 청구취지 피고는 원고에게 용인시 (주소 생략) 대 2,399㎡에 관하여 수원지방법원 용인등기소 1982. 1. 5. 접수 제40호로 마친 별지1 목록 기재와 같은 지상권설정등기의 말소등기절차를 이행하라. 2. 항소취지 주문과 같다. 【이 유】 1. 기초사실 가. 원고","고 있다. 나. 피고는 이 사건 토지 지상에 철근콘크리트 라멘조 슬래브지붕 4층 건물 등(이하 ‘이 사건 건물’이라 한다)을 신축한 후 1981. 10. 13. 소유권보존등기를 마쳤다. 다. 원고와 피고는 1981. 12. 9.경 이 사건 토지에 관하여 이 사건 건물의 소유를 목적으로 하는 존속기간 1981. 12. 9.부터 30년의 지상권설정계약(이하 ‘이 사건 지상권설정계약’이라 한다)을 체결하였다. 이에 따라 원고는 1982. 1. 5. 피고에게 이 사건 토지에 관하여 수원지방법원 용인등기소 1982. 1. 5. 접수 제40호로 그 등기원인을 ‘1981. 12. 9.자 계약’, 목적을 ‘이 사건 건물의 소유’, 범위를 ‘이 사건 토",원문 참조,없음,"토지, 건물, 임대차, 임차권, 매매, 매도, 소유권보존, 등기, 담보, 기각, 취소, 무효",전문 원문: https://www.law.go.kr/LSW/precInfoP.do?precSeq=220079,civil_lease_definition,민법 제618조 임대차의 의의,civil_sale_effect|민법 제568조 매매의 효력; civil_lease_definition|민법 제618조 임대차의 의의
299,CASE_2002_00299,2000나47738,소유권이전등기말소,서울고법,2002-05-30,민사,판결,2심,항소기각,[1] 신탁법상의 신탁계약의 해지와 신탁재산의 소유권 귀속관계 [2] 수탁자가 신탁재산을 신탁계약 과정에 참여한 시공사에게 양도하였다는 사정만으로 위 매도행위 자체가 신탁의 본지에 반하는 신탁재산의 처분이라거나 그 행위가 무효가 되는 반사회질서의 법률행위라고 볼 수는 없다고 한 사례,"[1] 신탁법상의 신탁은 위탁자가 수탁자에게 재산권을 이전하거나 기타의 처분을 하여 수탁자로 하여금 신탁의 목적을 위하여 재산의 관리 또는 처분을 하도록 하는 것이어서 부동산의 신탁에 있어서 위탁자의 신탁에 의하여 수탁자 앞으로 그 소유권이전등기를 마치게 되면 대,내외적으로 소유권이 수탁자에게 완전히 이전되고, 위탁자와의 내부관계에 있어서 소유권이 위탁자에게 유보되어 있는 것은 아니므로 신탁의 해지 등 신탁종료의 사유가 발생하더라도 수탁자가 신탁재산의 귀속권리자인 수익자나 위탁자 등에게 새로이 목적부동산의 소유권 등 신탁재산을 이전할 의무를 부담하게 될 뿐, 신탁재산이 수익자나 위탁자 등에게 당연히 복귀되거나 승계된다고 할 수는 없는 것이다. [2] 수탁자가 신탁업무처리로...","[1] 민법 제186조 , 신탁법 제60조 , 제61조 [2] 민법 제103조 , 신탁법 제52조","[1] 대법원 1991. 8. 13. 선고 91다12608 판결(공1991, 2343) , 대법원 1994. 10. 14. 선고 93다62119 판결(공1994하, 2967)","부동산, 주택, 아파트, 상가, 토지, 임야, 건물, 보증금, 매매, 매도, 소유권이전, 소유권보존",전문 원문: https://www.law.go.kr/LSW/precInfoP.do?precSeq=71520,civil_lease_definition,민법 제618조 임대차의 의의,civil_sale_effect|민법 제568조 매매의 효력; civil_lease_definition|민법 제618조 임대차의 의의
300,CASE_2008_00300,2007나20356,임대차보증금,대구지법,2008-05-20,민사,판결,2심,청구기각,"임차한 상가건물을 사업장으로 하여 사업자등록을 한 사람이 사업장을 다른 장소로 변경하는 사업자등록정정을 한 경우, 상가건물임대차보호법상 대항력을 상실하는지 여부 (적극)","상가건물 임차권의 대항력의 요건인 사업자등록은 거래의 안전을 위하여 사업자등록증에 기재된 사업장에 대하여 임차권이 존재함을 제3자가 명백히 인식할 수 있게 하는 공시방법으로서 마련한 것이고, 임대차를 공시하는 효력은 사업자등록증에 기재된 사업장에 한하여 미치므로, 임차한 상가건물을 사업장으로 하여 사업자등록을 한 사업자가 사업장을 다른 장소로 변경하는 사업자등록정정을 한 경우에는 정정된 사업자등록은 종전의 사업장에 대한 임대차를 공시하는 효력이 없고, 사업자는 종전의 사업장에 대하여 취득한 상가건물임대차보호법상 대항력을 상실한다.","상가건물임대차보호법 제3조 제1항 , 제2항 , 제4조 제1항 , 상가건물임대차보호법 시행령 제3조 제2항 , 부가가치세법 제4조 제1항 , 제5조 제1항 , 제4항 , 제5항 , 부가가치세법 시행령 제7조 제1항 , 제2항 , 제11조 제1항","대법원 2006. 1. 13. 선고 2005다64002 판결 (공2006상, 238)","상가, 건물, 임대차, 보증금, 임차권, 임대인, 임차인, 상가건물임대차, 임대차계약, 소유권이전, 등기, 근저당",전문 원문: https://www.law.go.kr/LSW/precInfoP.do?precSeq=71089,civil_lease_definition,민법 제618조 임대차의 의의,civil_lease_definition|민법 제618조 임대차의 의의
301,CASE_2004_00301,2003고합604,특정경제범죄가중처벌등에관한법률위반(사기·배임·횡령)·업무상횡령,서울중앙지법,2004-02-11,형사,판결,1심,유죄(징역형),"[1] 회사의 분식된 재무제표 제출행위와 이에 기한 금융기관의 대출행위 사이에 재물편취의 인과관계가 인정된다고 한 사례 [2] 모기업이 충분한 담보나 손해보전방법을 확보하지 않은 채 부실 계열사에 자금을 지원한 행위가 배임죄를 구성한다고 한 사례 [3] 회사의 대표이사 등의 부외자금 조성을 통하여 회사의 자금을 유용함에 있어 그 부외자금의 조성이 단일한 범의하에 계속적으로 이루어진 것으로서 그로 인한 피해법익이 동일한 경우, 이를 포괄하여 하나의 횡령죄로 의율하는 것이 타당하다고 한 사례","[1] 금융기관들이 그 대출금 등의 회수가능성 및 여신한도 등을 판단하기 위해서는 기업의 신용도 평가가 필수적이라 할 것인데 이를 위해서는 진정하게 작성된 재무제표를 통한 재무상황의 분석이 불가결한 요소이고, 따라서 금융기관들이 해당 기업이 손실이 난 회사라는 사정을 알았다면 대출 및 지급보증을 하지 않았거나 여신한도를 축소하여 대출하였을 것으로 보이는 점 등의 사정에 비추어 볼 때, 회계분식 및 그 분식된 재무제표의 제출행위와 금융기관의 대출 및 지급보증행위 사이에 사기죄에서 요구하는 상당인과관계가 인정된다고 한 사례. [2] 모기업의 계열사 자금지원이 대기업의 오랜 관행으로 이어져 온 것으로 볼 수 있고, 또한 계열사와의 사이에 상호보증 내지 그로부터 부동산을 제공받아...","[1] 형법 제17조 , 제347조 제1항 [2] 형법 제355조 제2항 , 제356조 , 특정경제범죄가중처벌등에관한법률 제3조 제1항 [3] 형법 제37조 , 제355조 제1항 , 제356조 , 특정경제범죄가중처벌등에관한법률 제3조 제1항",없음,"부동산, 주택, 아파트, 빌라, 분양, 담보, 상해, 사기, 편취, 허위, 횡령, 배임",전문 원문: https://www.law.go.kr/LSW/precInfoP.do?precSeq=191909,aggravated_economic_crime,특정경제범죄 가중처벌 등에 관한 법률 제3조,aggravated_economic_crime|특정경제범죄 가중처벌 등에 관한 법률 제3조; criminal_fraud|형법 제347조 사기죄; embezzlement_breach_of_trust|형법 제355조·제356조 횡령·배임; civil_sale_effect|민법 제568조 매매의 효력
302,CASE_2001_00302,2000다36484,토지소유권이전등기말소,대법원,2001-08-21,민사,판결,상고심,"원심판결 중 피고에 대한 예비적 청구 부분을 파기하고, 이 부분 사건을 광주고등법원에 환송한다.",[1] 진정명의 회복을 위한 소유권이전등기청구의 요건 [2] 명의신탁자가 제3자에 대하여 진정한 등기명의의 회복을 원인으로 한 소유권이전등기청구를 할 수 있는지 여부 (소극),"[1] 진정한 등기명의의 회복을 위한 소유권이전등기청구는 자기 명의로 소유권을 표상하는 등기가 되어 있었거나 법률에 의하여 소유권을 취득한 진정한 소유자가 그 등기명의를 회복하기 위한 방법으로 그 소유권에 기하여 현재의 등기명의인을 상대로 진정한 등기명의의 회복을 원인으로 한 소유권이전등기절차의 이행을 구하는 것이다. [2] 명의신탁에 있어서 대외적으로는 수탁자가 소유자라고 할 것이고, 명의신탁재산에 대한 침해배제를 구하는 것은 대외적 소유권자인 수탁자만이 가능한 것이며, 신탁자는 수탁자를 대위하여 그 침해에 대한 배제를 구할 수 있을 뿐이므로, 명의신탁사실이 인정된다고 할지라도 신탁자는 제3자에 대하여 진정한 등기명의의 회복을 원인으로 한 소유권이전등기청구를 할 수 있는...","[1] 민법 제186조 [2] 민법 제103조 [명의신탁], 제214조","[1][2] 대법원 1998. 10. 23. 선고 98다35266 판결 (공1998하, 2738) / [1] 대법원 1990. 12. 21. 선고 88다카20026 판결 (공1991, 578), 대법원 1997. 3. 11. 선고 96다47142 판결 (공1997상, 1060) / [2] 대법원 1979. 9. 25. 선고 77다1079 전원합의체 판결 (공1979, 12289), 대법원 1989. 7. 25. 선고 88다카7207 판결 (공1989, 1283)","부동산, 토지, 임야, 임대차, 임대차계약, 매매, 매수, 매도, 매매계약, 소유권이전, 등기, 근저당",전문 원문: https://www.law.go.kr/LSW/precInfoP.do?precSeq=80803,civil_lease_definition,민법 제618조 임대차의 의의,civil_sale_effect|민법 제568조 매매의 효력; civil_lease_definition|민법 제618조 임대차의 의의
303,CASE_2001_00303,2000다8861,토지소유권이전등기등,대법원,2001-10-26,민사,판결,상고심,상고기각,"[1] 명의신탁된 부동산에 대한 점유취득시효 완성 후 그 소유권이전등기가 경료되기 전에 명의신탁이 해지되어 등기명의가 명의신탁자에게 이전된 경우, 그에 대하여 시효취득을 주장할 수 있는지 여부 (소극) [2] 종중이 개인에게 명의신탁하여 그 명의로 사정받은 부동산에 관하여 제3자의 취득시효가 완성된 후 명의신탁자인 종중 명의로 소유권보존등기가 경료된 경우, 제3자가 종중에 대해 시효취득을 주장할 수 있는지 여부 (소극)","[1] 명의신탁된 부동산에 대하여 점유취득시효가 완성된 후 시효취득자가 그 소유권이전등기를 경료하기 전에 명의신탁이 해지되어 그 등기명의가 명의수탁자로부터 명의신탁자에게로 이전된 경우에는 명의신탁의 취지에 따라 대외적 관계에서는 등기명의자만이 소유권자로 취급되고 시효완성 당시 시효취득자에게 져야 할 등기의무도 명의수탁자에게만 있을 뿐이므로, 명의신탁자의 등기 취득이 등기의무자의 배임행위에 적극 가담한 반사회적 행위에 근거한 등기라든가 또는 기타 다른 이유로 원인무효의 등기인 경우는 별론으로 하고, 그 명의신탁자는 취득시효 완성 후에 소유권을 취득한 자에 해당하여 그에 대하여 취득시효를 주장할 수 없다. [2] 종중이 그 소유의 부동산에 관하여 개인에게 명의신탁하여 그 명의...","[1] 민법 제103조 [명의신탁], 제186조 , 제245조 제1항 [2] 민법 제103조 [명의신탁], 제186조 , 제245조 제1항","[1][2] 대법원 1995. 5. 9. 선고 94다22484 판결 (공1995상, 2078), 대법원 1995. 12. 8. 선고 95다38493 판결 (공1996상, 344), 대법원 2000. 8. 22. 선고 2000다21987 판결 (공2000하, 2009) / [2] 대법원 1992. 6. 23. 선고 92다3472 판결 (공1992, 2251), 대법원 1992. 10. 27. 선고 92다18764 판결 (공1992, 3270)","부동산, 토지, 임야, 매매, 매수, 매도, 매매계약, 소유권이전, 소유권보존, 등기, 명의신탁, 명의수탁",전문 원문: https://www.law.go.kr/LSW/precInfoP.do?precSeq=192656,civil_sale_effect,민법 제568조 매매의 효력,civil_sale_effect|민법 제568조 매매의 효력
304,CASE_2006_00304,2004도8106,특정경제범죄가중처벌등에관한법률위반(배임),대법원,2006-10-26,형사,판결,상고심,상고기각,"[1] 금융기관 직원이 대출을 하면서 여신규정에 따른 상당하고도 합리적인 채권회수조치를 취하지 아니한 경우, 배임죄의 성립 여부 (적극) [2] 허위의 분양계약자들을 내세운 주택건설업자나 하청업자에게 주택신용보증기금의 전자보증 아래 주택자금 융자를 해준 금융기관 직원에게 업무상배임죄가 성립한다고 한 사례 [3] 피고인의 검찰 진술의 임의성이 다투어지는 경우, 그 판단 방법","의하여 위 피고인에 대한 범죄사실을 유죄로 인정한 조치는 정당한 것으로 수긍할 수 있고, 거기에 상고이유로 주장하는 바와 같은 채증법칙 위배로 인한 사실오인이나 배임죄의 구성요건에 관한 법리오해 등의 위법이 없다. 2. 피고인 2, 3의 상고이유에 대한 판단 가. 상고이유 제1점에 대하여 금융기관의 직원들이 대출을 하면서 대출채권의 회수를 확실하게 하기 위하여 충분한 담보를 제공받는 등 여신규정에 따른 상당하고도 합리적인 조치를 강구함이 없이 만연히 대출을 해 주었다면, 그와 같은 자금대여는 타인에게 이익을 얻게 하고 금융기관에 손해를 가하는 행위로서 회사에 대하여 배임행위가 된다( 대법원 2006. 4. 27. 선고 2004도1130","[1] 형법 제355조 제2항 , 제356조 [2] 형법 제355조 제2항 , 제356조 , 구 근로자의 주거안정과 목돈마련지원에 관한 법률(2002. 12. 5. 법률 제6736호로 개정되기 전의 것) 제13조 , 제17조 제1호 [3] 형사소송법 제308조","[1] 대법원 2003. 2. 11. 선고 2002도5679 판결 (공2003상, 851), 대법원 2004. 3. 26. 선고 2003도7878 판결 (공2004상, 753), 대법원 2006. 4. 27. 선고 2004도1130 판결 / [3] 대법원 2001. 2. 9. 선고 2000도1216 판결 (공2001상, 678), 대법원 2004. 3. 26. 선고 2003도8077 판결 (공2004상, 767)","주택, 보증금, 중도금, 분양, 분양계약, 담보, 허위, 배임, 기각",전문 원문: https://www.law.go.kr/LSW/precInfoP.do?precSeq=68240,aggravated_economic_crime,특정경제범죄 가중처벌 등에 관한 법률 제3조,aggravated_economic_crime|특정경제범죄 가중처벌 등에 관한 법률 제3조; embezzlement_breach_of_trust|형법 제355조·제356조 횡령·배임; civil_sale_effect|민법 제568조 매매의 효력; civil_lease_definition|민법 제618조 임대차의 의의
305,CASE_2002_00305,2000다25989,소유권이전등기등,대법원,2002-03-26,민사,판결,상고심,상고기각,[1] 수탁자의 배임행위 등으로 신뢰관계가 무너진 경우 이행불능을 이유로 신탁계약을 해지할 수 있는지 여부 (소극) [2] 신탁법상 신탁계약을 해지할 수 있는 경우 [3] 신탁계약에서 신탁법 제56조 소정의 임의해지권을 제한하는 취지의 규정을 두고 있으나 그 규정은 수탁자의 귀책사유로 인하여 신뢰관계가 깨어졌기 때문에 위탁자가 신탁법 제56조 에 따라 신탁계약을 임의해지하고자 하는 경우에는 적용되지 않는다고 한 사례 [4] 원래의 신탁기간 중에 발생한 비용의 대출이자 등 금융비용이 신탁법 제61조에서 존속하는 것으로 간주되는 신탁의 목적 달성에 필요한 비용인지 여부...,"[1] 신탁법 제15조 , 제55조 의 규정을 종합하여 보면, 신탁의 목적을 달성할 수 없을 때에는 신탁이 절대적으로 종료하나, 그 목적의 달성이 가능하지만 단지 수탁자의 배임행위 등으로 인하여 신뢰관계가 무너진 경우에는, 위탁자 등의 청구에 따라 법원이 수탁자를 해임하거나 또는 위탁자가 수탁자에 대하여 손해배상 등을 청구할 수 있을 뿐, 이행불능을 원인으로 하여 신탁계약을 해지할 수는 없다. [2] 신탁법 제56조 에 의하면, 위탁자가 신탁 이익의 전부를 향수하는 신탁은 위탁자가 언제든지 해지할 수 있다. [3] 신탁계약에서 ""신탁수익에서 손실이 잔존하는 경우에는 신탁계약을 해지할 수 없고, 다만 부득이한 사유가 있는 경우 수익자는 수탁자와 협의하여 그 손실을 상환한 후...","[1] 신탁법 제15조 , 제55조 [2] 신탁법 제56조 [3] 신탁법 제56조 [4] 신탁법 제61조 [5] 신탁법 제56조",없음,"부동산, 주택, 아파트, 토지, 소유권이전, 분양, 등기, 근저당, 저당권, 배임, 손해배상, 기각",전문 원문: https://www.law.go.kr/LSW/precInfoP.do?precSeq=81366,civil_sale_effect,민법 제568조 매매의 효력,civil_nonperformance_damages|민법 제390조 채무불이행 손해배상; civil_sale_effect|민법 제568조 매매의 효력
306,CASE_2012_00306,2011도15857,특정경제범죄가중처벌등에관한법률위반(횡령)·특정경제범죄가중처벌등에관한법률위반(배임)(피고인1에대하여일부인정된죄명:업무상배임)·증거위조교사·특정경제범죄가중처벌등에관한법률위반(증재등)·특정경제범죄가중처벌등에관한법률위반(수재등),대법원,2012-02-23,형사,판결,상고심,상고기각,"[1] 배임죄의 성립요건인 ‘손해를 가한 때’의 의미 [2] 甲 주식회사의 실질적 경영자인 피고인이 자신의 개인사업체가 甲 회사에 수목을 매도하였다는 허위의 매매계약을 체결하고 그 매매대금 채권과 甲 회사의 피고인에 대한 채권을 상계처리한 사안에서, 상계가 법률상 무효라고 하더라도 甲 회사에 재산상 실해 발생의 위험이 초래되었다고 보아 업무상배임죄가 성립한다고 본 원심판단을 수긍한 사례 [3] 甲 주식회사의 실질적 경영자인 피고인이 자신의 개인채무를 담보하기 위하여 甲 회사 소유 부동산에 乙 앞으로 근저당권설정등기를 마침으로써 甲 회사에 재산상 손해를 가하였다는 내용...","[1] 배임죄에 있어 재산상의 손해를 가한 때라 함은 현실적인 손해를 가한 경우뿐만 아니라 재산상 실해 발생의 위험을 초래한 경우도 포함되고, 재산상 손해의 유무에 대한 판단은 본인의 전 재산 상태와의 관계에서 법률적 판단에 의하지 아니하고 경제적 관점에서 파악하여야 하며, 따라서 법률적 판단에 의하여 당해 배임행위가 무효라 하더라도 경제적 관점에서 파악하여 배임행위로 인하여 본인에게 현실적인 손해를 가하였거나 재산상 실해 발생의 위험을 초래한 경우에는 재산상의 손해를 가한 때에 해당되어 배임죄를 구성한다. [2] 甲 주식회사의 실질적 경영자인 피고인이 자신의 개인사업체가 甲 회사에 골프장 조경용 수목을 매도하였다는 허위의 매매계약을 체결하고 그 매매대금 채권과 甲 회사의...","[1] 형법 제355조 제2항 , 제356조 [2] 형법 제355조 제2항 , 제356조 , 특정경제범죄 가중처벌 등에 관한 법률 제3조 제1항 [3] 형법 제355조 제2항 , 제356조 , 특정경제범죄 가중처벌 등에 관한 법률 제3조 제1항","[1] 대법원 2005. 9. 29. 선고 2003도4890 판결 (공2005하, 1739)","부동산, 토지, 매매, 매도, 매매계약, 매매대금, 등기, 근저당, 저당권, 담보, 허위, 위조",전문 원문: https://www.law.go.kr/LSW/precInfoP.do?precSeq=161030,aggravated_economic_crime,특정경제범죄 가중처벌 등에 관한 법률 제3조,aggravated_economic_crime|특정경제범죄 가중처벌 등에 관한 법률 제3조; embezzlement_breach_of_trust|형법 제355조·제356조 횡령·배임; civil_sale_effect|민법 제568조 매매의 효력
307,CASE_2001_00307,2001다36962,채무부존재확인,대법원,2001-09-18,민사,판결,상고심,상고기각,"[1] 근저당권설정계약서가 부동문자로 인쇄된 일반거래약관의 형태를 취한 경우, 피담보채무의 범위에 관한 해석 방법 [2] 공동주택건설사업 시행자가 국민주택기금을 대출받으면서 체결한 근저당권설정계약서에 포괄근저당 조항이 있으나, 그 피담보채무의 범위에 사업시행자가 그 후 별도로 추가대출받은 건설업자 주택자금 채무는 포함되지 않는다고 한 사례","[1] 근저당설정계약서는 처분문서이므로 특별한 사정이 없는 한 그 계약 문언대로 해석하여야 함이 원칙이지만, 그 근저당권설정계약서가 금융기관 등에서 일률적으로 일반거래약관의 형태로 부동문자로 인쇄하여 두고 사용하는 계약서인 경우에 그 계약 조항에서 피담보채무의 범위를 그 근저당권 설정으로 대출받은 당해 대출금채무 외에 기존의 채무나 장래에 부담하게 될 다른 원인에 의한 모든 채무도 포괄적으로 포함하는 것으로 기재하였다고 하더라도, 당해 대출금채무와 장래 채무의 각 성립 경위 등 근저당설정계약 체결의 경위, 대출 관행, 각 채무액과 그 근저당권의 채권최고액과의 관계, 다른 채무액에 대한 별도의 담보확보 여부 등 여러 사정에 비추어 인쇄된 계약 문언대로 피담보채무의 범위를 해...","[1] 민법 제105조 , 제357조 제1항 , 제360조 , 약관의규제에관한법률 제5조 [2] 민법 제105조 , 제357조 제1항 , 제360조 , 약관의규제에관한법률 제5조","[1] 대법원 1997. 5. 28. 선고 96다9508 판결 (공1997하, 1973), 대법원 2000. 3. 28. 선고 99다32332 판결 (공2000상, 1051)","부동산, 주택, 아파트, 건물, 보증금, 분양, 등기, 근저당, 저당권, 담보, 사기, 기각",전문 원문: https://www.law.go.kr/LSW/precInfoP.do?precSeq=191633,civil_fraud_duress,민법 제110조 사기·강박에 의한 의사표시,civil_fraud_duress|민법 제110조 사기·강박에 의한 의사표시; civil_sale_effect|민법 제568조 매매의 효력; civil_lease_definition|민법 제618조 임대차의 의의
308,CASE_2012_00308,2012노244,특정경제범죄가중처벌등에관한법률위반(횡령)·부동산실권리자명의등기에관한법률위반·대부업등의등록및금융이용자보호에관한법률위반·농지법위반·국토의계획및이용에관한법률위반,서울고등법원,2012-04-13,형사,판결,2심,유죄(징역형),"법무법인 태평양 담당변호사 곽태철 외 2인 【원심판결】 서울중앙지방법원 2012. 1. 5. 선고 2011고합1123 판결 【주 문】 원심 판결을 파기한다. 피고인을 징역 2년에 처한다. 다만, 이 판결 확정일로부터 3년간 위 형의 집행을 유예한다. 【이 유】 1. 항소이유의 요지 가. 피고인의 항소이유 요지 (1) 업무상횡령의 점에 대한 법리오해 피고인에게는 불법영득의 의사가 없음에도 원심판결은 횡령죄의 불법영득의사에 대한 법리를 오해하여 이 부분 공소사실에 대하여 유죄를 인정하였다. (2) 양형부당 원심이 피고인에","1. 항소이유의 요지 가. 피고인의 항소이유 요지 (1) 업무상횡령의 점에 대한 법리오해 피고인에게는 불법영득의 의사가 없음에도 원심판결은 횡령죄의 불법영득의사에 대한 법리를 오해하여 이 부분 공소사실에 대하여 유죄를 인정하였다. (2) 양형부당 원심이 피고인에게 선고한 형(벌금 100,000,000원, 환형유치 1일 100,000원)은 무거워서 부당하다. 나. 검사의 항소이유 요지 (1) 업무상횡령의 점에 대한 법리오해 및 사실오인 피고인이 공소외 1 회사(이하 ‘공소외 1 회사’라 한다)의 경영권을 장악하고 있으면서 모친을 고문으로 임용",원문 참조,없음,"부동산, 농지, 등기, 부동산실권리자, 횡령, 무죄, 파기",전문 원문: https://www.law.go.kr/LSW/precInfoP.do?precSeq=171092,aggravated_economic_crime,특정경제범죄 가중처벌 등에 관한 법률 제3조,aggravated_economic_crime|특정경제범죄 가중처벌 등에 관한 법률 제3조; embezzlement_breach_of_trust|형법 제355조·제356조 횡령·배임
309,CASE_2003_00309,"2002노2526, 3106(병합)",변호사법위반등,대전지법,2003-05-30,형사,판결,2심,무죄,"피고인이 상대방과 사이에 상대방이 입찰보증금만을 부담하고, 피고인이 그 책임으로 경매부동산을 낙찰받은 다음 바로 이를 처분하여 이익금을 반분하기로 약정하고, 그 약정에 따라 입찰 업무를 처리한 경우, 피고인이 부동산의 경매사건에 관하여 상대방을 대리하여 경매절차를 수행하였다고 볼 수 없다고 한 사례","피고인이 상대방과 사이에 상대방이 입찰보증금만을 부담하고, 피고인이 그 책임으로 경매부동산을 낙찰받은 다음 바로 이를 처분하여 이익금을 반분하기로 약정하고, 그 약정에 따라 입찰 업무를 처리하였는바, 실제로 피고인이 부동산을 낙찰받음에 있어서 낙찰대금의 상당 부분을 자신이 동원하고, 그 처분으로 인한 이익을 반분하기로 한 피고인의 위 행위가 대리 행위라거나 실질적으로 대리가 행하여지는 것과 동일한 효과를 발생시키는 행위에 해당한다고 보기 어려워, 피고인이 부동산의 경매사건에 관하여 상대방을 대리하여 경매절차를 수행하였다고 볼 수 없다고 한 사례.",[1] 변호사법 제109조 제1호,없음,"부동산, 건물, 임대차, 보증금, 월세, 잔금, 소유권이전, 등기, 근저당, 저당권, 담보, 경매",전문 원문: https://www.law.go.kr/LSW/precInfoP.do?precSeq=190089,civil_lease_definition,민법 제618조 임대차의 의의,civil_sale_effect|민법 제568조 매매의 효력; civil_lease_definition|민법 제618조 임대차의 의의
310,CASE_1961_00310,4293형공592,사문서위조·동행사및사기피고사건,광주고법,1961-07-19,형사,판결,미상,무죄,부동산 매수인이 이전등기전에 전 소유자명의로 임대차계약을 체결한 경우 사기죄가 되는지 여부(구 민법관계),부동산에 대한 매매계약의 성립과 동시에 소유권유보를 특약하지 않는한 소유권이 매수인에게 귀속하므로 매수인은 그 소유권에 기하여 전 소유자명의로 임대차계약을 체결하였다고 하더라도 이는 자기의 권리행사의 형식에 불과한 것이므로 사기죄가 되지 아니한다.,"구 민법 제176조 , 제177조","1956.3.10. 선고 4288민상293 판결 (요민법(구) 177조(2) 633면, 카7385, 집4①민12)","부동산, 건물, 임대차, 임대차계약, 매매, 매수, 매매계약, 계약금, 소유권이전, 등기, 사기, 위조",전문 원문: https://www.law.go.kr/LSW/precInfoP.do?precSeq=232265,criminal_fraud,형법 제347조 사기죄,criminal_fraud|형법 제347조 사기죄; civil_sale_effect|민법 제568조 매매의 효력; civil_lease_definition|민법 제618조 임대차의 의의
311,CASE_2007_00311,2007나8266,사해행위취소·건물명도,부산고법,2007-12-21,민사,판결,2심,청구기각,"[1] 가등기담보 등에 관한 법률상의 사적실행 절차에서도 주택임차인의 소액보증금 최우선변제권이 인정되는지 여부 (적극) [2] 후순위 저당권의 실행으로 주택이 경락된 경우, 선순위 저당권과 후순위 저당권 사이에 대항력을 갖춘 임차인이 경락인에 대하여 그 임차권의 효력을 주장할 수 있는지 여부 (소극) [3] 선순위 저당권 성립 후에 주택임차인이 대항력을 취득한 경우 그 후 진행된 가등기담보 등에 관한 법률상의 사적실행 절차에서 위 주택임차권이 저당권의 소멸과 함께 대항력을 상실한다고 한 사례","[1] 주택임대차보호법상 주택임차인은 그 자신이 경매청구권을 가지지 못하므로 가등기담보권이 경매에 의하여 실행되는가 사적실행되는가는 자신의 의사와 관계없이 결정되는데 경매로 실행되면 우선변제받고, 사적실행이 되면 그렇지 않다고 볼 합리적인 이유가 없고, 가등기담보권자가 사적실행 절차를 거쳐 소유권을 취득하는 것은 경매절차에서 스스로 낙찰받는 것과 마찬가지라고 할 것이므로, 주택임대차보호법 제8조 의 요건을 갖춘 임차보증금반환채권의 경우에는 사적실행에 있어서도 최우선적으로 변제받을 수 있다. 이와 같이 주택임차인의 우선변제청구권은 후순위권리자의 채권에 우선할 뿐 아니라 모든 담보권자에 우선하므로 가등기담보권자에게도 우선하는 것이어서 이 범위 내에서는 주택임차인은 통지된 청산...","[1] 주택임대차보호법 제8조 , 주택임대차보호법 시행령 제3조 , 제4조 [2] 주택임대차보호법 제3조 , 구 민사소송법(2002. 1. 26. 법률 제6626호로 전문 개정되기 전의 것) 제608조 제2항 (현행 민사집행법 제91조 제2항 참조), 제728조 (현행 민사집행법 제268조 참조) [3] 주택임대차보호법 제3조 , 구 민사소송법(2002. 1. 26. 법률 제6626호로 전문 개정되기 전의 것) 제608조 제2항 (현행 민사집행법 제91조 제2항 참조), 제728조 (현행 민사집행...","[2] 대법원 1999. 4. 23. 선고 98다32939 판결 (공1999상, 993)","부동산, 주택, 아파트, 건물, 임차주택, 임대차, 보증금, 임차권, 임대인, 임차인, 주택임대차, 임차보증금",전문 원문: https://www.law.go.kr/LSW/precInfoP.do?precSeq=70967,civil_lease_definition,민법 제618조 임대차의 의의,civil_lease_definition|민법 제618조 임대차의 의의
312,CASE_2008_00312,2007가단22957,소유권이전등기,제주지법,2008-04-23,민사,판결,1심,청구기각,[1] 유언자가 유언장의 원본이 아닌 복사본에 날인한 경우에도 자필증서에 의한 유언으로서 효력이 있는지 여부 (소극) [2] 자필증서에 의한 유언이 요식성을 갖추지 못하여 유언으로서는 효력이 없지만 사인증여계약의 효력을 갖는 경우 [3] 유류분의 반환방법으로 가액반환이 인정되는 경우,"[1] 자필증서에 의한 유언은 유언자가 그 전문과 연월일, 주소, 성명을 자서하고 날인하여야 유효하므로( 민법 제1066조 제1항 ), 유언의 엄격한 요식성에 근거할 때 유언자가 날인하여야 할 문서는 문서의 원본이지 복사본에 날인하는 것은 자필증서에 의한 유언으로 유효하지 않다. [2] 유언자가 상속인들에게 작성·교부한 유언증서가 유언으로서의 법적 방식에 맞지 않아 무효라 할지라도, 그 증서에 자신이 사망하는 경우 특정한 재산을 위 상속인들에게 증여한다는 내용이 포함되어 있고 이에 위 상속인들이 동의한 경우에는 유언자와 위 상속인들 사이에 유효한 사인증여계약이 성립하므로, 위 유언증서는 사인증여계약으로서 효력이 있다. [3] 통상 유류분 반환청구는 현물반환이 불가능하다는...","[1] 민법 제1060조 , 제1066조 제1항 [2] 민법 제554조 , 제562조 [3] 민법 제1115조 제1항","[1] 대법원 1998. 6. 12. 선고 97다38510 판결 (공1998하, 1866)","부동산, 주택, 아파트, 토지, 건물, 임대차, 보증금, 임차권, 소유권이전, 등기, 기각, 반환",전문 원문: https://www.law.go.kr/LSW/precInfoP.do?precSeq=71080,civil_lease_definition,민법 제618조 임대차의 의의,civil_sale_effect|민법 제568조 매매의 효력; civil_lease_definition|민법 제618조 임대차의 의의
313,CASE_2007_00313,2006나4835,배당이의,서울남부지방법원,2007-02-01,민사,판결,2심,항소기각,"1인) 【제1심판결】 서울남부지방법원 2006. 5. 24. 선고 2006가단13050 판결 【변론종결】 2007. 1. 18. 【주 문】 1. 피고의 항소를 기각한다. 2. 항소비용은 피고가 부담한다. 【청구취지 및 항소취지】 1. 청구취지 서울남부지방법원 2004타경53750 부동산임의경매사건에 관하여 위 법원이 2006. 2. 9. 작성한 배당표 중 피고에 대한 배당액 131,916,764원을 115,916,764원으로, 원고에 대한 배당액 0원을 16,000,000원으로 각 경정한다. 2. 항소취지 제1심 판결을 취소한다.","취지를 종합하면 이를 인정할 수 있다. 가. 피고는 소외 2 소유이던 별지 목록 기재 부동산(이하 ‘이 사건 부동산’이라 한다)에 관하여 서울남부지방법원 영등포등기소 2002. 7. 25. 접수 제45629호로 채권최고액 111,600,000원, 채무자 소외 2로 된 제1순위 근저당권설정등기를 경료하였고, 위 부동산이 소외 3의 소유가 되자 이에 대하여 같은 등기소 2002. 9. 26. 접수 제58567호로 위 근저당권설정등기의 채무자를 정명호로 변경하는 근저당권변경의 부기등기를 경료하였으며, 같은 날 접수 제58568호로 채권최고액 20,400,000원, 채무자 소외 3으로 된 제2순위 근저당권설정등기를 경료하였다. 또한, 이 사건",원문 참조,없음,"부동산, 주택, 임대차, 보증금, 임차인, 주택임대차, 임대차계약, 등기, 근저당, 저당권, 경매, 배당",전문 원문: https://www.law.go.kr/LSW/precInfoP.do?precSeq=78297,civil_lease_definition,민법 제618조 임대차의 의의,civil_lease_definition|민법 제618조 임대차의 의의
314,CASE_2007_00314,"2006나100914(본소),2006나100921(참가)",배당이의,서울고등법원,2007-05-15,민사,판결,2심,항소기각,"6. 8. 31. 선고 2005가단403247, 2006가단68306(참가) 판결 【변론종결】 2007. 5. 1. 【주 문】 1. 제1심 판결 중 본소 부분을 취소한다. 2. 원고의 청구를 기각한다. 3. 독립당사자참가인의 항소를 기각한다. 4. 소송총비용 중 본소로 인한 부분은 원고가, 참가로 인한 부분은 독립당사자참가인이 부담한다. 【청구취지 및 항소취지】 1. 원고의 청구취지 서울중앙지방법원 2004타경35701호 부동산임의경매 사건에 관하여 위 법원이 2005. 12. 22. 작성한 배당표 중 피고에 대한 배당액 69,00","1. 이 법원의 심판범위 제1심에서 원고는 본소 청구취지 기재와 같은 판결을 구하였다. 참가인은 이 사건 배당 금 중 60,408,470 원의 수령권자는 자신임을 주장하면서, 원고에 대하여는 원고와 소외인 사이의 이 사건 부동산에 대한 임대차계약의 무효 확인을, 피고에 대하여는 위 공탁금 중 60,408,470 원의 출급청구권이 자신에게 있다는 확인을 각 구하였다. 제1심은 원고의 청구를 인용하고, 참가인의 참가신청을 각하하는 판결을 선고하여, 참가인만 항소하였다. 독립당사자참가소송은 동일한 권리관계에 관하여 원ㆍ피고 및 참가인이 서로의 다툼을 하나의 소송절차로 한번에 모순 없이 해",원문 참조,없음,"부동산, 주택, 상가, 토지, 건물, 임대차, 보증금, 임차권, 임차인, 주택임대차, 상가건물임대차, 임대차계약",전문 원문: https://www.law.go.kr/LSW/precInfoP.do?precSeq=143424,civil_lease_definition,민법 제618조 임대차의 의의,civil_lease_definition|민법 제618조 임대차의 의의
315,CASE_2003_00315,2002도7134,배임미수,대법원,2003-03-25,형사,판결,상고심,파기환송,[1] 부동산의 이중양도와 배임죄 실행의 착수 시기 [2] 배임죄의 실행의 착수가 있었다고 볼 수 없다고 한 사례,[1] 부동산의 이중양도에 있어서 매도인이 제2차 매수인으로부터 계약금만을 지급받고 중도금을 수령한 바 없다면 배임죄의 실행의 착수가 있었다고 볼 수 없다. [2] 피고인이 제1차 매수인으로부터 계약금 및 중도금 명목의 금원을 교부받은 후 제2차 매수인에게 부동산을 매도하기로 하고 계약금만을 지급받은 뒤 더 이상의 계약 이행에 나아가지 않았다면 배임죄의 실행의 착수가 있었다고 볼 수 없다고 한 사례.,[1][2] 형법 제355조 제2항,"[1] 대법원 1983. 10. 11. 선고 83도2057 판결 (공1983, 1683), 대법원 1984. 8. 21. 선고 84도691 판결 (공1984, 1584)","부동산, 매수, 매도, 계약금, 중도금, 잔금, 소유권이전, 등기, 담보, 배임, 파기, 해제",전문 원문: https://www.law.go.kr/LSW/precInfoP.do?precSeq=82485,embezzlement_breach_of_trust,형법 제355조·제356조 횡령·배임,embezzlement_breach_of_trust|형법 제355조·제356조 횡령·배임; civil_sale_effect|민법 제568조 매매의 효력
316,CASE_2018_00316,2018가단110036,근저당권말소,서울동부지방법원,2018-12-20,민사,판결,1심,"1. 피고는 원고에게 서울 강동구 (주소 생략) 잡종지 1,458㎡ 중 소외 2 명의의 1/3 지분에 관하여 서울동부지방법원...","고에게 서울 강동구 (주소 생략) 잡종지 1,458㎡ 중 소외 2 명의의 1/3 지분에 관하여 서울동부지방법원 1998. 7. 22. 접수 제30714호로 마친 근저당권설정등기의 말소등기절차를 이행하라. 2. 소송비용은 피고가 부담한다. 【청구취지】 주문과 같다. 【이 유】 1. 기초사실 가. 소외 2는 1986. 12. 24. 서울 강동구 (주소 생략) 잡종지 1,458㎡ 중 소외 5 명의의 1/3 지분(이하 ‘이 사건 부동산’이라 한다.)에 관하여 매매를 원인으로 한 소유권이전등기를 마친 후, 피고에게 1998. 7. 22. 채","소외 2는 1986. 12. 24. 서울 강동구 (주소 생략) 잡종지 1,458㎡ 중 소외 5 명의의 1/3 지분(이하 ‘이 사건 부동산’이라 한다.)에 관하여 매매를 원인으로 한 소유권이전등기를 마친 후, 피고에게 1998. 7. 22. 채무자 소외 6(소외 2의 남편), 채권최고액 3천만 원으로 된 근저당권설정등기(이하 ‘이 사건 근저당권 등기’라 한다.)를 마쳐주었다. 나. 소외 2 부부는 1998. 7.경 미국으로 이민가서 현재까지 미국에서 거주하고 있는데, 소외 2는 1999. 2. 23. 이 사건 부동산 등의 관리를 위하여 평소 친분이 있는 소외 1에게 서유권이전등기청구권 가등기를 마쳐주었다. 다. 그런데 소외 1은 소외 2가",원문 참조,없음,"부동산, 매매, 매도, 소유권이전, 등기, 가등기, 근저당, 저당권, 담보, 허위, 기각, 취소",전문 원문: https://www.law.go.kr/LSW/precInfoP.do?precSeq=211045,civil_sale_effect,민법 제568조 매매의 효력,civil_sale_effect|민법 제568조 매매의 효력
317,CASE_1969_00317,68나1760,소유권이전등기청구사건,서울고법,1969-03-07,민사,판결,2심,항소기각,특별대리인의 권한범위,재심의 소에서 선임한 특별대리인이라 할지라도 그 대리권의 범위에 관하여 특히 제한을 두지 아니한 이상 당연히 원소송에서의 소송행위를 추인할 권한이 있다고 볼 것이다.,"민사소송법 제56조 , 제58조",없음,"부동산, 매매, 매수, 매매계약, 계약금, 중도금, 소유권이전, 등기, 가등기, 고소, 허위, 위조",전문 원문: https://www.law.go.kr/LSW/precInfoP.do?precSeq=233115,civil_sale_effect,민법 제568조 매매의 효력,civil_sale_effect|민법 제568조 매매의 효력
318,CASE_1995_00318,95다38493,토지소유권이전등기,대법원,1995-12-08,민사,판결,상고심,상고기각,"명의신탁된 부동산에 대한 취득시효 완성 후 그로 인한 이전등기 경료 전에 명의신탁이 해지되어 등기명의가 신탁자에게 이전된 경우, 그에 대하여 취득시효를 주장할 수 없는지 여부","명의신탁된 부동산에 대하여 점유취득시효가 완성된 후 시효취득자가 그 소유권이전등기를 경료하기 전에 명의신탁이 해지되어 그 등기명의가 명의수탁자로부터 명의신탁자에게로 이전된 경우에는 그 부동산에 대한 내부적인 소유권의 변동은 없으나, 대외적으로는 그 소유권에 변동이 있을 뿐 아니라 그 등기명의에도 변동이 있고, 명의신탁 제도가 대외적 관계에서는 등기명의자만이 소유권자로 취급될 뿐이고 시효 완성 당시 시효취득자에게 져야 할 등기의무도 대외적으로는 명의신탁자에게 있지 아니하고 명의수탁자에게 있음에 불과하므로 대외적 등기명의자인 수탁자로부터 소유자로 취급되지 않던 명의신탁자에게 등기가 옮겨간 것도 점유시효취득자 등과의 관계와 같은 외부적 관계에서는 완전한 새로운 권리변동으로 보아...","민법 제103조 [명의신탁], 제245조 제1항","대법원 1995. 5. 9. 선고 94다22484 판결(공1995상, 2078) , 대법원 1995. 9. 5. 선고 95다24586 판결(공1995하, 3359)","부동산, 토지, 소유권이전, 등기, 명의신탁, 명의수탁, 배임, 기각, 무효",전문 원문: https://www.law.go.kr/LSW/precInfoP.do?precSeq=197988,civil_sale_effect,민법 제568조 매매의 효력,civil_sale_effect|민법 제568조 매매의 효력
320,CASE_2011_00320,2011다64669,소유권말소등기,대법원,2011-12-22,민사,판결,상고심,상고기각,"[1] 미성년자의 법정대리인인 친권자의 대리행위가 미성년자 본인의 이익에 반하여 친권자 또는 제3자의 이익을 위한 배임적인 것임을 행위상대방이 알았거나 알 수 있었을 경우, 민법 제107조 제1항 단서의 규정을 유추 적용하여 행위의 효과가 자(子)에게 미치지 않는지 여부 (적극) [2] 법정대리인 甲이 미성년자 乙, 丙을 대리하여 乙, 丙 소유의 토지를 丁에게 매각한 사안에서, 이는 대리권 남용 행위로서 계약상대방이 배임적인 사정을 알고 있었거나 알 수 있었다고 보아 본인인 乙, 丙에게 매매계약의 효력이 미치지 않는다고 본 원심판단을 수긍한 사례","[1] 진의 아닌 의사표시가 대리인에 의하여 이루어지고 대리인의 진의가 본인의 이익이나 의사에 반하여 자기 또는 제3자의 이익을 위한 배임적인 것임을 상대방이 알았거나 알 수 있었을 경우에는 민법 제107조 제1항 단서의 유추해석상 대리인의 행위에 대하여 본인은 아무런 책임을 지지 않는다고 보아야 하고, 상대방이 대리인의 표시의사가 진의 아님을 알았거나 알 수 있었는지는 표의자인 대리인과 상대방 사이에 있었던 의사표시 형성 과정과 내용 및 그로 인하여 나타나는 효과 등을 객관적인 사정에 따라 합리적으로 판단하여야 한다. 그리고 미성년자의 법정대리인인 친권자의 법률행위에서도 마찬가지라 할 것이므로, 법정대리인인 친권자의 대리행위가 객관적으로 볼 때 미성년자 본인에게는 경제적...",[1] 민법 제107조 제1항 [2] 민법 제107조 제1항,"[1] 대법원 2001. 1. 19. 선고 2000다20694 판결 (공2001상, 504)","부동산, 토지, 매매, 매수, 매도, 매매계약, 매매대금, 등기, 배임, 기각",전문 원문: https://www.law.go.kr/LSW/precInfoP.do?precSeq=159902,civil_sale_effect,민법 제568조 매매의 효력,civil_sale_effect|민법 제568조 매매의 효력
321,CASE_2006_00321,2005나10476,건물명도,광주지법,2006-03-15,민사,판결,2심,항소기각,"임대주택법의 적용을 받는 임대주택의 임대인이 임대조건을 변경하면서 임차인에게 임대차계약의 갱신을 요구하였으나 임차인이 계약갱신을 희망하면서도 변경된 임대조건에는 응하지 않은 경우, 임차인이 표준임대차계약상의 의무를 위반한 것으로 볼 수 없어 임대인은 임차인의 갱신요구를 거절할 수 없다고 한 사례","임대주택법의 적용을 받는 임대주택의 임대인이 임대조건을 변경하면서 임차인에게 임대차계약의 갱신을 요구하였으나 임차인이 계약갱신을 희망하면서도 변경된 임대조건에는 응하지 않은 경우, 임차인이 표준임대차계약상의 의무를 위반한 것으로 볼 수 없어 임대인은 임차인의 갱신요구를 거절할 수 없다고 한 사례.","임대주택법 제16조 , 제18조 제1항 , 제3항 , 임대주택법 시행령 제14조 제1항 , 제2항 , 임대주택법 시행규칙 제8조 ［별지 제10호 서식］, 주택임대차보호법 제6조",없음,"주택, 아파트, 건물, 임차주택, 임대차, 보증금, 임차권, 임대인, 임차인, 주택임대차, 임대차계약, 임차보증금",전문 원문: https://www.law.go.kr/LSW/precInfoP.do?precSeq=70347,civil_lease_definition,민법 제618조 임대차의 의의,civil_lease_definition|민법 제618조 임대차의 의의
322,CASE_2012_00322,"2012나4839(본소),2012나8824(반소)",청구이의·매매대금,대전지방법원,2012-07-26,민사,판결,2심,1. 당심에서 제기된 피고(반소원고)의 반소를 각하한다. 2. 제1심 판결을 취소한다. 3. 피고(반소원고)의 원고(반소피고)...,"2. 선고 2011가단39196 판결 【변론종결】 2012. 6. 21. 【주 문】 1. 당심에서 제기된 피고(반소원고)의 반소를 각하한다. 2. 제1심 판결을 취소한다. 3. 피고(반소원고)의 원고(반소피고)에 대한 공증인가 대전종합법무법인 2011. 3. 28. 작성 2011년 증서 제609호 금전소비대차계약 공정증서에 기초한 강제집행을 불허한다. 4. 이 판결이 확정될 때까지 제3항 기재 금전소비대차계약 공정증서에 기초한 강제집행을 정지한다. 5. 소송총비용은 본소, 반소를 통틀어 피고(반소원고)가 부담한다. 6. 제4항은 가","1. 기초사실 가. 매매계약의 체결 원고를 대리한 소외 2는 2011. 3. 18. 소외 1(대법원판결의 소외인)과 사이에, 소외 1로부터 그 소유의 대전 유성구 (주소 1 생략) 대 1,278㎡ 및 위 지상 2층 건물, 같은 동 (주소 2 생략) 도로 52㎡(이하 ‘이 사건 매매 부동산’이라 한다)를 대금 750,000,000원에 매수하는 내용의 매매계약(이하 ‘이 사건 매매계약’이라 한다)을 체결하였다. 위 매매계약 체결 당시에 계약금 10,000,000원은 계약 체결 당일에 지급하고, 이 사건",원문 참조,없음,"부동산, 상가, 토지, 건물, 임대차, 보증금, 매매, 매수, 매매계약, 매매대금, 계약금, 잔금",전문 원문: https://www.law.go.kr/LSW/precInfoP.do?precSeq=168455,civil_lease_definition,민법 제618조 임대차의 의의,civil_sale_effect|민법 제568조 매매의 효력; civil_lease_definition|민법 제618조 임대차의 의의
323,CASE_1997_00323,94다41249,소유권이전등기,대법원,1997-12-09,민사,판결,상고심,파기환송,"[1] 당사자능력 유무의 판단을 위해 법원이 취해야 할 조치 및 당사자의 주장과 전혀 다른 단체의 실체를 인정하여 당사자능력을 인정할 수 있는지 여부 (소극) [2] 신도와 승려가 독립된 사찰의 건립이라는 공동 목적하에 체계적인 조직을 만들고 그들의 출재로 불당을 완공하였으나 특정 종단에는 아직 소속되지 않은 경우, 그 단체의 실질은 권리능력 없는 사단인 사찰이라고 한 사례 [3] 사찰 또는 신도회의 분열이 인정되는지 여부 (소극) [4] 사찰의 대표자가 다른 구성원들의 의사에 반하여 일방적으로 당초 가입·등록하고자 했던 종단과의 단절을 선언하며 사찰을 다른 종단에...","[1] 당사자능력 유무에 관한 사항은 법원의 직권조사사항이므로, 그 당사자능력 판단의 전제가 되는 사실에 관하여는 법원이 당사자의 주장에 구속될 필요 없이 직권으로 조사하여야 할 것이나, 그 사실에 기하여 당사자의 능력 유무를 판단함에 있어서는 당사자가 내세우는 단체의 목적, 조직, 구성원 등 단체를 사회적 실체로서 규정짓는 요소를 갖춘 단체가 실재하는지의 여부만을 가려 그와 같은 의미의 단체가 실재한다면 그로써 소송상 당사자능력은 충족되는 것이고, 그렇지 아니하다면 소를 부적법한 것으로서 각하하면 족한 것이며, 당사자의 주장과는 전혀 다른 단체의 실체를 인정하여 당사자능력을 인정하는 것은 소송상 무의미할 뿐 아니라 당사자를 변경하는 결과로 되어 허용될 수 없다. [2]...","[1] 민사소송법 제48조 , 민법 제31조 [2] 민사소송법 제48조 , 민법 제31조 [3] 민사소송법 제48조 , 민법 제31조 [4] 민법 제31조 , 민사소송법 제48조","[1] 대법원 1992. 9. 22. 선고 92다15048 판결(공1992, 2964) , 대법원 1994. 5. 10. 선고 93다10866 판결(공1994상, 1629) , 대법원 1994. 5. 10. 선고 93다53955 판결(공1994상, 1656) /[2] 대법원 1982. 2. 23. 선고 81누42 판결(공1982, 388) /[3] 대법원 1995. 9. 26. 선고 93다33951 판결(공1995하, 3505) /[4] 대법원 1992. 7. 14. 선고 89다카15151 판결(...","부동산, 토지, 건물, 매수, 소유권이전, 소유권보존, 등기, 명의신탁, 배임, 파기, 무효",전문 원문: https://www.law.go.kr/LSW/precInfoP.do?precSeq=196640,civil_sale_effect,민법 제568조 매매의 효력,civil_sale_effect|민법 제568조 매매의 효력
324,CASE_2012_00324,2011도2989,특정경제범죄가중처벌등에관한법률위반(사기)·위증,대법원,2012-04-13,형사,판결,상고심,파기환송,"[1] 법률행위에 따른 상대방의 법률상 지위에 아무런 영향을 미칠 수 없는 사유에 대해서도 형법상 고지의무가 인정되는지 여부 (소극) [2] 피고인이 부동산에 대해 甲과 신탁금지약정을 체결한 사실을 乙 은행에 알리지 아니한 채 위 부동산을 담보신탁하고 乙 은행에서 대출을 받아 대출금을 편취하였다고 하여 구 특정경제범죄 가중처벌 등에 관한 법률 위반(사기)으로 기소된 사안에서, 신탁금지약정 사실을 고지하지 아니하였다고 하여 乙 은행을 기망하였다고 평가할 수 없는데도, 이와 달리 보아 유죄를 인정한 원심판결에 법리오해의 위법이 있다고 한 사례","상고이유(상고이유서 제출기한이 경과한 후에 제출된 상고이유보충서는 상고이유를 보충하는 범위 내에서)를 판단한다. 1. 특정경제범죄 가중처벌 등에 관한 법률 위반(사기)의 점에 대하여 가. 원심은 그 채택 증거를 종합하여, ① 피고인이 서울 은평구 응암동 소재 오피스텔 40세대(이하 ‘이 사건 오피스텔’이라고 한다) 낙찰대금을 마련하기 위해 우선수익자를 피해자 공소외 1 은행으로 하여 공소외 2 회사에 이 사건 오피스텔을 신탁함으로써 담보제공하기로 하고 2005. 11. 22.경 피해자로부터 20억 원을 대출받은 사실, ② 이어서 피고인은 2005. 11. 23.경 위 대출금을 출금하는 한편 공소외 2 회사와 이 사건 오피스텔에 관하여 신","[1] 형법 제347조 [2] 형법 제347조 제1항 , 구 특정경제범죄 가중처벌 등에 관한 법률(2012. 2. 10. 법률 제11304호로 개정되기 전의 것) 제3조 제1항 제2호","[1] 대법원 1991. 12. 24. 선고 91도2698 판결 (공1992, 727), 대법원 2011. 1. 27. 선고 2010도5124 판결","부동산, 오피스텔, 매매, 매수, 매매대금, 소유권이전, 등기, 담보, 사기, 기망, 편취, 허위",전문 원문: https://www.law.go.kr/LSW/precInfoP.do?precSeq=165602,aggravated_economic_crime,특정경제범죄 가중처벌 등에 관한 법률 제3조,aggravated_economic_crime|특정경제범죄 가중처벌 등에 관한 법률 제3조; criminal_fraud|형법 제347조 사기죄; civil_fraud_duress|민법 제110조 사기·강박에 의한 의사표시; civil_sale_effect|민법 제568조 매매의 효력
325,CASE_1995_00325,94다22484,토지인도등,대법원,1995-05-09,민사,판결,상고심,파기환송,"명의신탁 부동산에 대한 취득시효 완성 후 시효취득에 의한 소유권이전등기가 경료되기 전에 명의신탁 해지로 등기명의가 명의신탁자에게 이전된 경우, 그에 대하여 시효취득을 주장할 수 없는지 여부","명의신탁된 부동산에 대하여 점유취득시효가 완성된 후 시효취득자가 그 소유권이전등기를 경료하기 전에 명의신탁이 해지되어 그 등기명의가 명의수탁자로부터 명의신탁자에게로 이전된 경우에는 그 부동산에 대한 내부적인 소유권변동은 없으나, 대외적으로는 그 소유권에 변동이 있을 뿐만 아니라 그 등기명의에도 변동이 있고, 명의신탁제도가 대외적 관계에서는 등기명의자만이 소유권자로 취급될 뿐이고, 시효완성 당시 시효취득자에게 져야 할 등기의무도 대외적으로는 명의신탁자에 있지 아니하고 명의수탁자에 있음에 불과하므로, 대외적 등기명의자인 수탁자로부터 소유자로 취급되지 않던 명의신탁자에게 등기가 옮겨간 것도 점유시효취득자 등과의 관계와 같은 외부적 관계에서는 완전한 새로운 권리변동으로 보아야 하...",민법 제245조,없음,"부동산, 토지, 매수, 소유권이전, 소유권보존, 등기, 명의신탁, 명의수탁, 배임, 파기, 무효",전문 원문: https://www.law.go.kr/LSW/precInfoP.do?precSeq=199336,civil_sale_effect,민법 제568조 매매의 효력,civil_sale_effect|민법 제568조 매매의 효력
326,CASE_1997_00326,96도1218,사기·배임,대법원,1997-06-24,형사,판결,상고심,상고기각,양도담보설정자가 기존의 근저당권자인 제3자에게 지상권설정등기를 경료하여 준 경우의 배임죄 성부 (적극),"배임죄에 있어서 손해란 현실적인 손해가 발생한 경우뿐만 아니라 재산상의 위험이 발생된 경우도 포함되므로, 자신의 채권자와 부동산양도담보설정계약을 체결한 피고인이 그 소유권이전등기 경료 전에 임의로 기존의 근저당권자인 제3자에게 지상권설정등기를 경료하여 준 경우, 그 지상권 설정이 새로운 채무부담행위에 기한 것이 아니라 기존의 저당권자가 가지는 채권을 저당권과 함께 담보하는 의미밖에 없다고 하더라도 이로써 양도담보권자의 채권에 대한 담보능력 감소의 위험이 발생한 이상 배임죄를 구성한다.",형법 제355조 제2항,"대법원 1975. 12. 23. 선고 74도2215 판결(공1976, 8956) , 대법원 1993. 9. 28. 선고 93도2206 판결(공1993하, 3024)","부동산, 소유권이전, 등기, 근저당, 저당권, 담보, 사기, 배임, 기각",전문 원문: https://www.law.go.kr/LSW/precInfoP.do?precSeq=115356,embezzlement_breach_of_trust,형법 제355조·제356조 횡령·배임,criminal_fraud|형법 제347조 사기죄; embezzlement_breach_of_trust|형법 제355조·제356조 횡령·배임
327,CASE_2019_00327,2018가합5323,가등기말소,수원지방법원 여주지원,2019-01-16,민사,판결,1심,"1. 피고는 원고에게, 가. 별지 목록 순번 제1~7번 기재 각 부동산 중 소외 2의 4/10 지분, 소외 3의 1/10 지분...","주 문】 1. 피고는 원고에게, 가. 별지 목록 순번 제1~7번 기재 각 부동산 중 소외 2의 4/10 지분, 소외 3의 1/10 지분에 관하여 수원지방법원 양평등기소 2009. 4. 14. 접수 제13526호로 마친 지분이전청구권가등기의 말소등기절차를 이행하고, 나. 별지 목록 순번 제8번 기재 부동산에 관하여 수원지방법원 양평등기소 2009. 4. 14. 접수 제13527호로 마친 소유권이전청구권가등기의 말소등기절차를 이행하라. 2. 소송비용은 피고가 부담한다. 【청구취지】 주문과 같다. 【이 유】 1. 기초사실 가. 소외 2와","터 운영한 회사로서 소외 2가 2002. 9 30.부터 2009. 3. 23.까지, 소외 1이 2009. 3. 23.부터 2010. 12. 26.까지 대표이사로 등기되어 있었다. 나. 소외 1은 소외 2, 소외 3, 소외 4(이하 ‘소외 2’ 등이라고 한다)의 대리인으로서 2009. 1. 15. 피고와 사이에 소외 1 및 소외 2 등 공유의 별지 목록 순번 제1~7번 기재 각 부동산 중 소외 2의 4/10 지분, 소외 3, 소외 4의 각 1/10 지분에 관하여 예약자를 소외 2 등으로, 예약권리자를 피고로 하는 매매예약(이하 ‘이 사건 제1매매예약’이라고 한다), 소외 2 소유의 별지 목록 순번 제8번 기재 부동산(이하 위 각 부동산을",원문 참조,없음,"부동산, 매매, 소유권이전, 등기, 가등기, 근저당, 저당권, 담보, 인감증명, 경매, 배당, 허위",전문 원문: https://www.law.go.kr/LSW/precInfoP.do?precSeq=225005,civil_sale_effect,민법 제568조 매매의 효력,civil_sale_effect|민법 제568조 매매의 효력
328,CASE_1993_00328,93도743,"특정경제범죄가중처벌등에관한법률위반(업무상배임),공기호부정사용,부정수표단속법위반,특정경제범죄가중처벌등에관한법률위반(사기)",대법원,1993-06-22,형사,판결,상고심,상고기각,가. 수인의 피해자에 대하여 각 별도로 소유권이전등기절차를 이행하여 줄 업무상 임무가 있는 경우 단일한 범의하에 시간상 근접하여 범한 업무상 배임죄의 죄수관계(＝실체적 경합범) 나. 특정경제범죄가중처벌등에관한법률 제3조 제1항 소정의 “이득액”의 의미 다. 수인의 피해자에 대하여 단일한 범의하에 동일한 방법으로 각별로 기망행위를 하여 각각 재물을 편취한 사기죄의 죄수관계(＝실체적 경합범),"가. 피해자들에 대하여 각 별도로 아파트에 관하여 소유권이전등기절차를 이행하여 주어야 할 업무상 임무가 있었다면 각 피해자의 보호법익은 독립한 것이므로, 범의가 단일하고 제3자 앞으로 각 소유권이전등기 및 근저당권설정등기를 한 각 행위시기가 근접하여 있으며 피해자들이 소유권이전등기를 받을 동일한 권리를 가진 자라고 하여도 위 범행을 포괄 1죄라고 볼 수 없고 피해자별로 독립한 수개의 업무상 배임죄가 성립된다. 나. 특정경제범죄가중처벌등에관한법률 제3조 제1항 에서 말하는 이득액은 단순 1죄의 이득액이나 포괄 1죄가 성립되는 경우의 이득액의 합산액을 의미하는 것이고 경합범으로 처벌될 수죄에 있어서 이득액을 합한 금액을 의미하는 것이 아니다. 다. 수인의 피해자에 대하여 각별...",가.다. 형법 제37조 가. 형법 제356조 나. 특정경제범죄가중처벌등에관한법률 제3조 제1항 다. 형법 제347조,"나.다. 대법원 1989.6.13. 선고 89도582 판결(공1989,1103)","주택, 아파트, 매수, 매도, 계약금, 중도금, 소유권이전, 분양, 분양대금, 분양권, 등기, 근저당",전문 원문: https://www.law.go.kr/LSW/precInfoP.do?precSeq=123323,aggravated_economic_crime,특정경제범죄 가중처벌 등에 관한 법률 제3조,aggravated_economic_crime|특정경제범죄 가중처벌 등에 관한 법률 제3조; criminal_fraud|형법 제347조 사기죄; embezzlement_breach_of_trust|형법 제355조·제356조 횡령·배임; civil_fraud_duress|민법 제110조 사기·강박에 의한 의사표시; civil_sale_effect|민법 제568조 매매의 효력
329,CASE_2007_00329,"2005다34018, 34025",건물명도·소유권이전등기말소,대법원,2007-04-26,민사,판결,상고심,상고기각,"임대차계약에 기한 임차권을 목적물로 한 매매계약 내지 교환계약에 있어서 그 임대차 목적물에 이미 설정되어 있던 근저당권의 실행 등으로 인하여 임대인이 임대차계약상의 의무를 이행하지 못하는 경우, 임차권 매도인에게 민법 제576조 에 따른 담보책임이 있는지 여부 (원칙적 소극)","임대차계약에 기한 임차권(임대차보증금반환청구권을 포함한다)을 그 목적물로 한 매매계약이 성립한 경우, 매도인이 임대인의 임대차계약상의 의무이행을 담보한다는 특별한 약정을 하지 아니한 이상, 임차권 매매계약 당시 임대차 목적물에 이미 설정되어 있던 근저당권이 임차권 매매계약 이후에 실행되어 낙찰인이 임대차 목적물의 소유권을 취득함으로써 임대인의 목적물을 사용·수익하게 할 의무가 이행불능으로 되었다거나, 임대인의 무자력으로 인하여 임대차보증금반환의무가 사실상 이행되지 않고 있다고 하더라도, 임차권 매도인에게 민법 제576조 에 따른 담보책임이 있다고 할 수 없고, 이러한 법리는 임차권을 교환계약의 목적물로 한 경우에도 마찬가지이다.","민법 제576조 , 제579조 , 제596조",없음,"건물, 임대차, 보증금, 임차권, 임대인, 임대차계약, 매매, 매도, 매매계약, 소유권이전, 공유지분, 등기",전문 원문: https://www.law.go.kr/LSW/precInfoP.do?precSeq=85047,civil_lease_definition,민법 제618조 임대차의 의의,civil_nonperformance_damages|민법 제390조 채무불이행 손해배상; civil_sale_effect|민법 제568조 매매의 효력; civil_lease_definition|민법 제618조 임대차의 의의
330,CASE_1995_00330,94다2534,소유권이전등기말소등,대법원,1995-02-10,민사,판결,상고심,상고기각,가.특정물 채권을 보전하기 위하여 채권자취소권을 행사할 수 있는지 여부 나. 취소채권자의 채권은 사해행위 이전에 발생하고 있어야 하는지 여부 다. 2중 매매가 사회질서에 반하는 법률행위로서 무효가 되기 위한 요건,"가. 채권자취소권은 채무자가 채권자를 해함을 알면서 자기의 일반재산을 감소시키는 행위를 한 경우에 그 행위를 취소하여 채무자의 재산을 원상회복시킴으로써 모든 채권자를 위하여 채무자의 책임재산을 보전하는 권리로서, 특정물 채권을 보전하기 위하여 행사하는 것은 허용되지 않는다. 나. 사해행위로 인하여 사해행위 이후에 권리를 취득한 채권자를 해친다고 할 수 없으므로 취소채권자의 채권은 사해행위가 있기 이전에 발생하고 있어야 함은 채권자취소권의 성질상 당연한 요건이다. 다. 2중 매매를 사회질서에 반하는 법률행위로서 무효라고 하기 위하여서는 양수인이 2중 양도 사실을 알았다는 사실만으로서는 부족하고 양도인의 배임행위에 적극 가담하여 그 양도가 이루어져야 한다.",가.나. 민법 제406조 다. 제103조,"가. 대법원 1974.7.26. 선고 73다1954 판결, 1988.2.23. 선고 87다카1586 판결(공1988,584) , 1991.7.23. 선고 91다6757 판결(공1991,2224) / 나. 대법원 1978.11.28. 선고 77다2467 판결 / 다. 대법원 1983.12.13. 선고 83다카1347 판결(공1984,166) , 1989.11.28. 선고 89다카14295,14301 판결(공1990,144) , 1994.3.11. 선고 93다555289 판결(공1994상,1181)","부동산, 매매, 매매계약, 소유권이전, 등기, 담보, 허위, 배임, 기각, 취소, 무효",전문 원문: https://www.law.go.kr/LSW/precInfoP.do?precSeq=199535,civil_sale_effect,민법 제568조 매매의 효력,civil_sale_effect|민법 제568조 매매의 효력
331,CASE_1993_00331,92나36689,손해배상(기),서울고법,1993-01-15,민사,판결,2심,일부인용,"시가 명의수탁자의 배임행위에 적극 가담하여 토지를 매수하였다면 그 매매계약은 반사회적 법률행위로서 무효이므로 명의수탁자가 수령한 매매대금은 부당이득이 되고, 명의수탁자의 불법성이 시의 불법성보다 그 정도가 훨씬 크므로 명의수탁자가 불법원인급여임을 이유로 매매대금의 반환을 거절하는 것은 신의칙에 위반된다고 한 사례","1. 사실관계 갑 제1호증(등기부등본), 갑 제2호증(판결), 갑 제3호증(결정),갑 제4,5,6호증의 각 1, 을 제1호증(각 영수증), 갑 제4,5호증의 각 2, 갑 제6호증의 3(각 확인서), 갑 제4,5호증의 각 3, 갑 제6호증외 4(각 계약체결), 갑 제4,5호증의 각 4, 갑 제6호증의 5(각 계약서) 갑 제6호증의 2(위임장), 갑 제7호증(매매계약서), 갑 제8호증(지출결의서), 갑 제9호증의 1 내지 8(각 토지대장), 을 제2호증의 1(협조의뢰서),2,5(각 회신),3(안내통보),4(보","민법 제103조 , 제186조 , 제746조","대법원 1992.3.31. 선고 92다1148 판결(공1992, 1422) , 1992. 6.9. 선고 91다29842 판결(공1992, 2114)","부동산, 토지, 매매, 매수, 매도, 매매계약, 매매대금, 소유권이전, 등기, 명의신탁, 명의수탁, 기망",전문 원문: https://www.law.go.kr/LSW/precInfoP.do?precSeq=227403,civil_fraud_duress,민법 제110조 사기·강박에 의한 의사표시,civil_fraud_duress|민법 제110조 사기·강박에 의한 의사표시; civil_nonperformance_damages|민법 제390조 채무불이행 손해배상; civil_sale_effect|민법 제568조 매매의 효력
332,CASE_1995_00332,"95다19515, 95다19522(반소)",매매대금·부당이득금,대법원,1995-07-28,민사,판결,상고심,파기환송,가. 상품의 허위·과장 광고가 기망행위가 되지 않는 경우 나. 연립주택 분양에 있어 평수를 과장 광고한 것이 기망행위에 해당하지않는다고 한 사례,"가. 일반적으로 상품의 선전·광고에 있어 다소의 과장·허위가 수반되는 것은 그것이 일반 상거래의 관행과 신의칙에 비추어 시인될 수 있는 한 기망성이 결여된다. 나. 연립주택을 분양함에 있어 평형의 수치를 다소 과장하여 광고를 하였으나, 그 분양가의 결정방법, 분양계약 체결의 경위, 피분양자가 그 분양계약서나 건축물관리대장 등에 의하여 그 공급면적을 평(坪)으로 환산하여 쉽게 확인할 수 있었던 점 등 제반 사정에 비추어 볼 때, 그 광고는 그 거래당사자 사이에서 매매대금을 산정하기 위한 기준이 되었다고 할 수 없고, 단지 분양 대상 주택의 규모를 표시하여 분양이 쉽게 이루어지도록 하려는 의도에서 한 것에 지나지 아니한다는 이유로, 연립주택의 서비스면적을 포함하여 평형을 과장...","민법 제110조 , 형법 제347조","가. 대법원 1992.9.14. 선고 91도2994 판결(공1992,2929) , 1993.8.13. 선고 92다52665 판결(공1993하,2417) / 나. 대법원 1991.6.11. 선고 91도788 판결(공1991,1965)","주택, 아파트, 건물, 빌라, 매매, 매수, 매매계약, 매매대금, 공유지분, 분양, 분양계약, 등기",전문 원문: https://www.law.go.kr/LSW/precInfoP.do?precSeq=199107,civil_fraud_duress,민법 제110조 사기·강박에 의한 의사표시,criminal_fraud|형법 제347조 사기죄; civil_fraud_duress|민법 제110조 사기·강박에 의한 의사표시; civil_sale_effect|민법 제568조 매매의 효력
333,CASE_2019_00333,2018나303729,근저당권말소,대구지방법원,2019-01-23,민사,판결,2심,항소기각,"판결】 대구지방법원 2018. 2. 27. 선고 2015가단115937 판결 【변론종결】 2018. 9. 5. 【주 문】 1. 제1심 판결 중 피고 패소 부분을 취소한다. 2. 위 취소 부분에 해당하는 원고들의 청구를 모두 기각한다. 3. 원고 2의 항소를 기각한다. 4. 소송총비용은 원고들이 부담한다. 【청구취지 및 항소취지】 1. 청구취지 피고는 ① 원고 1에게 경산시 (주소 1 생략) 전 982㎡에 관하여 2012. 6. 28. 대구지방법원 경산등기소 접수 제28123호로 마친 근저당권설정등기의 말소등기절차를 이행하고, ② 원","(주소 2 생략)○○○산업단지(이하 ‘이 사건 산업단지’라 한다) 내 2번지 C동 지하(식당, 구내매점) 301.19㎡(이하 ‘이 사건 점포’라 한다)에 관하여 임대차기간을 2012. 6. 1.부터 2017. 5. 31.까지로 하고, 원고 2가 건설비 일체를 부담하여 5년간 무상으로 사용하는 내용의 임대차계약을 체결하였다. 나. 원고 2는 이 사건 점포에서 ‘CU△△△△△△△점‘을 운영하기로 하고 2012. 6. 5. 피고와 사이에 훼미리마트 프랜차이즈 계약(이하 ’이 사건 계약‘이라 한다)을 체결한 후 2012. 7. 1.부터 점포를 개설, 운영하였고, 2012. 8.경 피고가 영업표지를 ’CU(씨유)‘로 변경하면서 종전과 같은 내용으",원문 참조,없음,"건물, 임대차, 임대인, 임대차계약, 소유권이전, 분양, 등기, 근저당, 저당권, 담보, 손해배상, 기각",전문 원문: https://www.law.go.kr/LSW/precInfoP.do?precSeq=214781,civil_lease_definition,민법 제618조 임대차의 의의,civil_nonperformance_damages|민법 제390조 채무불이행 손해배상; civil_sale_effect|민법 제568조 매매의 효력; civil_lease_definition|민법 제618조 임대차의 의의
334,CASE_2012_00334,2012도2937,특정경제범죄가중처벌등에관한법률위반(사기)(피고인2에대하여일부인정된죄명:사기)·사기·변호사법위반·횡령·업무상횡령,대법원,2012-07-26,형사,판결,상고심,상고기각,"[1] 형사소송법 제312조 제4항 에서 정한 ‘특히 신빙할 수 있는 상태’의 의미 및 그 증명책임 소재(=검사)와 증명의 정도(=자유로운 증명) [2] 검사가 제1심 증인신문 과정에서 증인 甲 등에게 주신문을 하면서 형사소송규칙상 허용되지 않는 유도신문을 하였다고 볼 여지가 있었는데, 그 다음 공판기일에 재판장이 증인신문 결과 등을 각 공판조서(증인신문조서)에 의하여 고지하였음에도 피고인과 변호인이 ‘변경할 점과 이의할 점이 없다’고 진술한 사안에서, 주신문의 하자가 치유되었다고 한 사례 [3] 타인의 진술을 내용으로 하는 진술이 본래증거 또는 전문증거인지 판단하는...","[1] 형사소송법 제312조 제4항 에서 ‘특히 신빙할 수 있는 상태’란 진술 내용이나 조서 작성에 허위개입의 여지가 거의 없고, 진술 내용의 신빙성이나 임의성을 담보할 구체적이고 외부적인 정황이 있는 것을 말한다. 그리고 이러한 ‘특히 신빙할 수 있는 상태’는 증거능력의 요건에 해당하므로 검사가 그 존재에 대하여 구체적으로 주장·증명하여야 하지만, 이는 소송상의 사실에 관한 것이므로 엄격한 증명을 요하지 아니하고 자유로운 증명으로 족하다. [2] 검사가 제1심 증인신문 과정에서 증인 甲 등에게 주신문을 하면서 형사소송규칙상 허용되지 않는 유도신문을 하였다고 볼 여지가 있었는데, 그 다음 공판기일에 재판장이 증인신문 결과 등을 각 공판조서(증인신문조서)에 의하여 고지하였음...","[1] 형사소송법 제308조 , 제312조 제4항 [2] 형사소송법 제307조 , 형사소송규칙 제75조 제2항 [3] 형사소송법 제311조 , 제312조 , 제313조 제1항","[1] 대법원 2001. 9. 4. 선고 2000도1743 판결 (공2001하, 2203), 대법원 2006. 5. 25. 선고 2004도3619 판결 (공2006하, 1202), 대법원 2006. 9. 28. 선고 2006도3922 판결 / [3] 대법원 2008. 9. 25. 선고 2008도5347 판결, 대법원 2008. 11. 13. 선고 2008도8007 판결","담보, 고소, 사기, 허위, 횡령, 기각",전문 원문: https://www.law.go.kr/LSW/precInfoP.do?precSeq=165293,aggravated_economic_crime,특정경제범죄 가중처벌 등에 관한 법률 제3조,aggravated_economic_crime|특정경제범죄 가중처벌 등에 관한 법률 제3조; criminal_fraud|형법 제347조 사기죄; embezzlement_breach_of_trust|형법 제355조·제356조 횡령·배임
335,CASE_2017_00335,2016나53378,소유권말소등기,춘천지방법원,2017-06-28,민사,판결,2심,일부인용,"1.부터 2017. 6. 28.까지는 연 5%의, 그 다음날부터 다 갚는 날까지는 연 15%의 각 비율로 계산한 돈을 지급하라. 다. 원고들의 나머지 청구를 각 기각한다. 2. 소송 총비용은 원고들이 부담한다. 3. 제1의 나.항은 가집행할 수 있다. 【청구취지 및 항소취지】 1. 청구취지 가. 피고는 원고 1에게 강원 횡성군 (주소 5 생략) 대 456㎡(이하 ‘이 사건 토지’라고 한다)에 관하여 춘천지방법원 횡성등기소 1996. 5. 30. 접수 제6185호로 마친 소유권보존등기의 말소등기절차를 이행하라. 원고 1과 피고 사이에","1. 기초 사실 가. 피고는 이 사건 토지에 관하여 1996. 5. 30. 춘천지방법원 횡성등기소 접수 제6185호로 소유권보존등기를 마쳤다. 나. 이 사건 토지에 관하여 1963. 9. 24. 지적복구된 구 토지대장의 소유자란에는 ‘○○○△△△’이 소유자로 기재되어 있고, 전산화된 현재의 토지대장에는 1996. 1. 15. 피고가 소유자로 등록된 사실과 1996. 5. 30. 피고 명의로 소유권보존이 된 사실이 기재되어 있다. 다. 원고 2는 피고에게 2013. 3. 18. 845,520원, 2013. 4. 1. 264,480원의 변상금 및 연체이자를 납부하였고, 2",원문 참조,없음,"부동산, 토지, 보증금, 매수, 계약금, 소유권이전, 소유권보존, 등기, 기각, 반환, 부당이득, 취소",전문 원문: https://www.law.go.kr/LSW/precInfoP.do?precSeq=205538,civil_lease_definition,민법 제618조 임대차의 의의,civil_sale_effect|민법 제568조 매매의 효력; civil_lease_definition|민법 제618조 임대차의 의의
336,CASE_1998_00336,96다10522,소유권이전등기말소등,대법원,1998-03-27,민사,판결,상고심,파기환송,"갑이 을에 대해서는 소유권이전등기절차이행을, 병에 대해서는 을을 대위하여 말소등기절차이행을 청구하는 소송에서 을에 대한 청구가 승소 확정된 경우, 병이 갑의 을에 대한 등기청구권을 다툴 수 있는지 여부 (소극)","갑이 을에 대해서는 소유권이전등기절차이행을, 병에 대해서는 을을 대위하여 말소등기절차이행을 청구하는 소송에서 을에 대한 청구가 승소 확정된 경우, 갑의 을에 대한 승소 확정판결에 의하여 갑이 을에 대하여 소유권이전등기청구권을 가진다는 점은 입증되었다고 할 것이고 병으로서는 그 등기청구권의 존재를 다툴 수 없다.","민사소송법 제48조 , 제404조 제1항","대법원 1988. 2. 23. 선고 87다카961 판결 (공1988, 580), 대법원 1989. 6. 27. 선고 88다카9111 판결 (공1989, 1144), 대법원 1995. 2. 10. 선고 94다39369 판결 (공1995상, 1310), 대법원 1995. 12. 26. 선고 95다18741 판결 (공1996상, 525)","부동산, 주택, 토지, 매매, 매수, 매도, 매매계약, 소유권이전, 등기, 명의신탁, 배임, 불법행위",전문 원문: https://www.law.go.kr/LSW/precInfoP.do?precSeq=196388,civil_sale_effect,민법 제568조 매매의 효력,civil_nonperformance_damages|민법 제390조 채무불이행 손해배상; civil_sale_effect|민법 제568조 매매의 효력
337,CASE_1990_00337,90도1858,업무상배임(인정된죄명:배임),대법원,1990-10-30,형사,판결,상고심,상고기각,신탁자와의 사이에 금전적 계산관계를 가지는 명의수탁자가 신탁자의 승낙이나 권한 없이 수탁부동산에 관하여 근저당권설정등기를 한 경우 배임죄의 성부 (적극),신탁자와의 사이에 금전적인 계산을 할 것이 있다고 하여도 부동산에 관한 명의신탁관계가 유지되고 있는 법률관계하에서 수탁자가 신탁자의 승낙이나 처분권한 없이 근저당권설정등기를 하게 하면 배임행위에 해당한다.,형법 제355조 제2항,없음,"부동산, 등기, 근저당, 저당권, 명의신탁, 명의수탁, 배임, 기각, 처분권한",전문 원문: https://www.law.go.kr/LSW/precInfoP.do?precSeq=601797,embezzlement_breach_of_trust,형법 제355조·제356조 횡령·배임,embezzlement_breach_of_trust|형법 제355조·제356조 횡령·배임
338,CASE_1986_00338,84고단3561,배임피고사건,수원지법,1986-06-26,형사,판결,1심,무죄,차용금 채무의 담보로 채권자와 사이에 신축중인 건물에 관하여 분양계약을 체결한 건축주가 파산상태에 이르자 다른 채권자들로 구성된 채권자단 대표에게 위 분양계약사실을 고지하고 신축건물에 관한 일체의 권리를 양도한 경우 배임죄의 성부,차용금 채무의 담보로 채권자와 사이에 신축중인 건물에 관하여 분양계약을 체결한 건축주가 대금사정의 악화로 어음등이 부도되기에 이르자 다른 채권자들로 구성된 채권자단 대표에게 신축건물에 관한 일체의 권리를 양도하면서 위 분양사실을 고지하였다면 결과적으로 위 건물을 분양받은 채권자가 손해를 입었다 하더라도 피고인의 행위가 분양 채권자에 대한 임무에 위배되는 행위라거나 그로 인하여 위 채권자에게 손해를 가한다는 범의가 있었다고 할 수 없다.,형법 제355조 제2항,없음,"부동산, 아파트, 상가, 건물, 매도, 소유권이전, 소유권보존, 분양, 분양대금, 분양계약, 등기, 담보",전문 원문: https://www.law.go.kr/LSW/precInfoP.do?precSeq=76552,embezzlement_breach_of_trust,형법 제355조·제356조 횡령·배임,embezzlement_breach_of_trust|형법 제355조·제356조 횡령·배임; civil_sale_effect|민법 제568조 매매의 효력
339,CASE_2006_00339,2005나1248,배당이의,의정부지방법원,2006-04-20,민사,판결,2심,항소기각,"아) 【제1심판결】 의정부지방법원 2005. 1. 14. 선고 2003가단50153 판결 【변론종결】 2006. 3. 30. 【주 문】 1. 원고의 항소를 모두 기각한다. 2. 항소비용은 원고가 부담한다. 【청구취지 및 항소취지】 제1심판결을 취소한다. 서울지방법원 의정부지원 2000타경76355호 부동산강제경매사건에 관하여 같은 법원이 2003. 11. 28. 작성한 배당표 중 피고 송춘순에 대한 배당액 30,000,000원 및 피고 한아름제이차유동화전문 유한회사(이하 '피고 회사'라 한다)에 대한 배당액 3,954,612원을 각","당원이 설시할 판결이유는, 제1심 판결의 이유란 중 3쪽 6행 다음에 ""그 후 피고 회사는 2003. 10. 31. 승계참가인과 자산양도양수계약을 체결하면서 위 근저당권의 피담보채권을 승계참가인에게 다시 양도하고, 같은 해 12. 3.경 위 유성환에게 채권양도사실을 통지하였다.""를 추가하고, 4쪽 증거부분의 ""을 제""를 ""을가 제""로 고치고, 제4호증 다음에 ""을나 제4호증의 1, 2""를 추가하는 외에는 제1심 판결 이유와 같으므로, 민사소송법 제420조 에 의하여 이를 그대로 인용한다. 2. 피고 송춘순에 대한 청구에 관한 판단 가. 원고의 주장 (1) 위 피고가 은서양행과 사이에 이 사건 아파트에 관하여 실제 임대차계약을 체결하지 아",원문 참조,없음,"부동산, 아파트, 건물, 임대차, 보증금, 임차인, 임대차계약, 임차보증금, 분양, 근저당, 저당권, 담보",전문 원문: https://www.law.go.kr/LSW/precInfoP.do?precSeq=77904,civil_lease_definition,민법 제618조 임대차의 의의,civil_sale_effect|민법 제568조 매매의 효력; civil_lease_definition|민법 제618조 임대차의 의의
340,CASE_2012_00340,2010다57466,소유권이전등기말소,대법원,2012-06-28,민사,판결,상고심,상고기각,"[1] 사업자와 고객 사이에 교섭이 이루어진 약관 조항에 대해서도 ‘약관의 규제에 관한 법률’이 적용되는지 여부 (소극) 및 교섭되지 않은 나머지 조항에 대해서는 여전히 약관의 규제에 관한 법률이 적용되는지 여부 (적극) [2] 약관에 정하여진 사항이 별도의 설명 없이도 고객이 충분히 예상할 수 있었던 것이거나 법령에 의하여 정해진 것을 되풀이하거나 부연하는 정도에 불과한 경우, 사업자에게 명시·설명의무가 있는지 여부 (소극)","위하여 일정한 형식으로 미리 마련한 것이라고 할 수 없으므로 약관규제법상 ‘약관’에 해당되는 것으로 보기 어렵고, 이 사건 신탁계약서 제1조(신탁목적)에서 정한 담보신탁계약의 개념과 같은 기본적인 사항은 담보신탁거래상 일반적이고 공통된 것이어서 별도의 설명 없이도 원고가 충분히 예상할 수 있었던 것이므로 약관규제법에 따른 설명의무의 대상이 된다고 보기는 곤란하며, 따라서 이 사건 신탁계약서 중 위와 같이 ‘약관’ 또는 ‘설명의무의 대상’에 해당되지 않는 부분을 제외한 나머지 조항들만이 약관규제법상 설명의무의 대상이 되는 약관에 해당한다고 본 다음, 구체적으로 어떠한 조항에 관하여 피고의 설명의무 위반이 있고 그로 인하여 나머지 부분만으로","[1] 약관의 규제에 관한 법률 제2조 제1호 , 제4조 [2] 약관의 규제에 관한 법률 제3조","[1] 대법원 2000. 12. 22. 선고 99다4634 판결 (공2001상, 333) / [2] 대법원 2007. 4. 27. 선고 2006다87453 판결 (공2007상, 780)","부동산, 토지, 소유권이전, 토지거래허가, 등기, 담보, 사기, 기망, 기각, 취소, 무효",전문 원문: https://www.law.go.kr/LSW/precInfoP.do?precSeq=167300,civil_fraud_duress,민법 제110조 사기·강박에 의한 의사표시,civil_fraud_duress|민법 제110조 사기·강박에 의한 의사표시; civil_sale_effect|민법 제568조 매매의 효력
341,CASE_2006_00341,2005나4933,사해행위취소,대구고법,2006-05-19,민사,판결,2심,일부인용,"［1］ 사해행위 당시 아직 성립되지 않은 채권이 예외적으로 채권자취소권의 피보전채권이 되기 위한 요건 ［2］ 채무초과 상태의 채무자가 유일한 재산을 제3자에게 매도하는 것이 사해행위에 해당하는지 여부 ［3］ 채권자취소권의 주관적 요건인 사해의사의 의미 및 채무자의 사해의사가 인정되는 경우, 수익자의 악의가 추정되는지 여부 (적극) ［4］ 근저당권이 설정된 부동산에 관하여 사해행위가 이루어진 후 근저당권설정등기가 말소된 경우, 사해행위 취소의 범위(=근저당권의 피담보채무액을 공제한 잔액)와 원상회복의 방법(=가액배상) 및 그 가액의 산정 시기(=사실심 변론 종결시) ［...","［1］ 채권자취소권에 의하여 보호될 수 있는 채권은 원칙적으로 사해행위라고 볼 수 있는 행위가 행하여지기 전에 발생된 것임을 요하지만 그 사해행위 당시에 이미 채권 성립의 기초가 되는 법률관계가 발생되어 있고, 가까운 장래에 그 법률관계에 터 잡아 채권이 성립되리라는 점에 대한 고도의 개연성이 있으며, 실제로 가까운 장래에 그 개연성이 현실화되어 채권이 성립된 경우에는 그 채권도 채권자취소권의 피보전채권이 될 수 있다. ［2］ 채무초과 상태의 채무자가 유일한 재산인 토지를 제3자에게 매도하고 소유권이전등기를 경료해 준 것은 특별한 사정이 없는 한 채권자를 해한다는 사정을 알고서 한 사해행위에 해당한다. ［3］ 채무자의 악의, 즉 사해의사는 채권자를 해하려고 적극적으로 의욕...","［1］ 민법 제406조 제1항 ［2］ 민법 제406조 제1항 ［3］ 민법 제406조 제1항 ［4］ 민법 제406조 제1항 ［5］ 민법 제406조 제1항 , 주택임대차보호법 제3조 제1항 , 제3조의2 제2항 , 제8조 , 상가건물임대차보호법 제3조 제1항 , 제5조 제2항 , 제14조","［1］ 대법원 2001. 3. 23. 선고 2000다37821 판결 (공2001상, 953), 대법원 2002. 11. 26. 선고 2000다64038 판결 (공2003상, 173), 대법원 2004. 11. 12. 선고 2004다40955 판결 (공2004하, 2033), 대법원 2005. 8. 19. 선고 2004다53173 판결 (공2005하, 1498) / ［2］［3］ 대법원 1998. 5. 12. 선고 97다57320 판결 (공1998상, 1615) / ［2］ 대법원 2003. 3. 25...","부동산, 주택, 상가, 토지, 건물, 임대차, 보증금, 임차권, 임차인, 주택임대차, 상가건물임대차, 임대차계약",전문 원문: https://www.law.go.kr/LSW/precInfoP.do?precSeq=70426,civil_lease_definition,민법 제618조 임대차의 의의,civil_lease_definition|민법 제618조 임대차의 의의
342,CASE_1991_00342,91다6221,토지소유권이전등기말소,대법원,1991-04-23,민사,판결,상고심,상고기각,명의신탁부동산의 취득자가 악의인 경우 소유권취득의 효력,"부동산의 소유자 명의가 신탁된 경우, 외부적으로는 수탁자만이 소유자로서 유효하게 권리를 행사할 수 있으므로 수탁자로부터 그 부동산을 취득한 자는 수탁자에게 매도나 담보의 제공 등을 적극적으로 권유함으로써 수탁자의 배임행위에 적극 가담한 것이 아닌 한 명의신탁 사실을 알았는지의 여부를 불문하고 부동산의 소유권을 유효하게 취득한다.",민법 제186조[명의신탁],"대법원 1962.1.25. 선고 4294민상165 판결, 1965.7.6. 선고 65다935 판결, 1987.3.10. 선고 85다카2508 판결(공1987,623)","부동산, 토지, 매도, 소유권이전, 등기, 담보, 명의신탁, 신탁부동산, 고소, 배임, 기각",전문 원문: https://www.law.go.kr/LSW/precInfoP.do?precSeq=108490,civil_sale_effect,민법 제568조 매매의 효력,civil_sale_effect|민법 제568조 매매의 효력
343,CASE_1990_00343,88도1153,배임,대법원,1990-01-12,형사,판결,상고심,상고기각,채권자가 채무자로부터 양도 담보 받은 부동산을 채무자의 승낙 하에 자신의 채무에 대한 담보로 제공한 경우로서 배임죄가 성립되지 않는다고 본 사례,"피고인이 피해자로부터 대여금채무의 담보로 소유권이전등기를 넘겨 받은 부동산에 관하여 이를 피고인이 거래하던 갑회사에 대한 물품대금 채무의 담보로 제공할 것을 승낙받으면서 과거의 채무까지 담보하거나 과거의 채무로 상계되는 일이 없도록 하기로 약정하였더라도, 그와 같은 약정의 의미가 과거의 채무까지 담보함으로 인하여 피해자가 피고인에 대한 차용 원리금을 변제할 경우 위 부동산의 소유권을 회복하는데 장애를 발생시키게 하면 안 된다는 것을 뜻하는 것이라고 해석된다면, 위와 같은 약정 때문에 피고인이 위 부동산을 갑 회사에 대한 과거의 채무에 대한 담보로까지 제공하여서는 안되는 의무를 부담하게 된 것은 아니라고 보아야 할 것이고, 따라서 피고인이 자신의 갑회사에 대한 물품대금 의무...",형법 제355조 제2항,없음,"부동산, 소유권이전, 등기, 근저당, 저당권, 담보, 배임, 무죄, 기각",전문 원문: https://www.law.go.kr/LSW/precInfoP.do?precSeq=106151,embezzlement_breach_of_trust,형법 제355조·제356조 횡령·배임,embezzlement_breach_of_trust|형법 제355조·제356조 횡령·배임
344,CASE_2004_00344,2001도4857,특정경제범죄가중처벌등에관한법률위반(배임)·사문서위조·위조사문서행사·공정증서원본불실기재·불실기재공정증서원본행사·특정경제범죄가중처벌등에관한법률위반(사기),대법원,2004-05-14,형사,판결,상고심,상고기각,"[1] 배임죄에서 '재산상의 손해를 가한 때'의 의미와 재산상 손해 유무에 대한 판단 기준 및 회사의 임원이 그 임무위배 행위에 대하여 사실상 대주주의 양해를 얻었다거나 이사회의 결의가 있었다는 사유만으로 배임죄의 죄책을 면할 수 있는지 여부 (소극) [2] 주식회사 대표이사의 업무집행은 이사회의 결의로 할 것이므로, 위 회사의 정관에 수분양자의 지위양도계약에 이사회의 승인을 필요로 하는 명문 규정이 없다 하여 대표이사가 이사회 결의 없이 업무집행 행위를 한 경우 배임 행위에 해당되지 않는다고 할 수 없다고 한 사례","1. 피고인의 상고이유에 대한 판단 가. 배임죄에 있어서 '재산상의 손해를 가한 때'라 함은 현실적인 손해를 가한 경우 뿐만 아니라 재산상 실해 발생의 위험을 초래한 경우도 포함되고, 일단 손해의 위험성을 발생시킨 이상 사후에 피해가 회복되었다 하여도 배임죄의 성립에 영향을 주는 것은 아니며, 재산상 손해의 유무에 대한 판단은 본인의 전재산 상태와의 관계에서 경제적 관점에 따라 판단되어야 하므로 법률적 판단에 의하여 당해 배임 행위가 무효라 하더라도 경제적 관점에서 파악하여 본인에게 현실적인 손해를 가하였거나 재산상 실","[1] 형법 제355조 제2항 , 제356조 [2] 형법 제355조 제2항 , 제356조 , 상법 제393조","[1] 대법원 2000. 11. 24. 선고 99도822 판결(공2001상, 202) , 대법원 2000. 12. 8. 선고 99도3338 판결(공2001상, 320)","토지, 잔금, 소유권이전, 분양, 등기, 공정증서원본불실기재, 사기, 기망, 위조, 배임, 무죄, 기각",전문 원문: https://www.law.go.kr/LSW/precInfoP.do?precSeq=67248,aggravated_economic_crime,특정경제범죄 가중처벌 등에 관한 법률 제3조,aggravated_economic_crime|특정경제범죄 가중처벌 등에 관한 법률 제3조; criminal_fraud|형법 제347조 사기죄; embezzlement_breach_of_trust|형법 제355조·제356조 횡령·배임; civil_fraud_duress|민법 제110조 사기·강박에 의한 의사표시; civil_sale_effect|민법 제568조 매매의 효력
345,CASE_2006_00345,2005나17600,손해배상(기),부산고법,2006-05-03,민사,판결,2심,청구기각,"［1］ 임차권등기명령에 의한 임차권등기가 마쳐지기 이전에 이미 대항력을 갖춘 임차인의 경우, 매수인에 대항할 수 있는지를 판단하는 기준시점(=본래의 대항력을 취득한 때) ［2］ 임차인이 경매절차에서 임차보증금 전액을 배당받지 못하였음에도 경매법원의 잘못된 촉탁에 의하여 임차권등기가 원인 없이 말소된 경우, 임차인이 이미 취득한 대항력이 그대로 유지되는지 여부","［1］ 대항력을 취득하지 못한 임차인의 경우에는 임차권등기명령에 의한 등기가 된 때에 비로소 대항력이 생기므로 등기된 때를 기준으로 매수인에 대항할 수 있는지를 판단하지만, 임차권등기 이전에 대항력을 갖춘 임차인의 경우에는 임차권등기명령에 의한 등기가 됨으로써 그 후 대항요건을 갖추지 아니하여도 이미 취득한 대항력 취득의 효력이 계속 유지되므로, 이 경우에는 임차권등기가 된 때가 아닌 본래의 대항력을 취득한 때를 기준으로 매수인에 대항할 수 있는지를 판단하여야 한다. ［2］ 주택임차권등기는 임차인으로 하여금 기왕의 대항력을 유지하도록 해 주는 담보적 기능을 주목적으로 하고 있으므로, 임차인이 경매절차에서 임차보증금 전액을 배당받지 못하였음에도 경매법원의 잘못된 촉탁에 의하...","［1］ 주택임대차보호법 제3조 제1항 , 제3조의3 제1항 ［2］ 주택임대차보호법 제3조 제1항 , 제3조의3 제1항",없음,"부동산, 주택, 임대차, 보증금, 임차권, 임차인, 주택임대차, 임대차계약, 임차보증금, 매수, 소유권이전, 등기",전문 원문: https://www.law.go.kr/LSW/precInfoP.do?precSeq=70418,civil_lease_definition,민법 제618조 임대차의 의의,civil_nonperformance_damages|민법 제390조 채무불이행 손해배상; civil_sale_effect|민법 제568조 매매의 효력; civil_lease_definition|민법 제618조 임대차의 의의
346,CASE_2006_00346,2005나10249,부당이득금,대구지법,2006-03-15,민사,판결,2심,항소기각,"임차인이 임차주택의 경락기일 전에 주민등록만 그대로 둔 채 시설이나 집기를 남겨두지 않고 이사하였고, 집을 구하는 사람에게 보여 주기 위하여 출입문의 열쇠를 소지한 채 임차주택의 출입문을 잠그지 않고 둔 경우, 주택임대차보호법상 우선변제권의 요건인 ‘주택의 점유’를 상실하였다고 보아야 하는지 여부 (적극)","임차인이 임차주택의 경락기일 전에 주민등록만 그대로 둔 채 시설이나 집기를 남겨두지 않고 이사하였고, 집을 구하는 사람에게 보여 주기 위하여 출입문의 열쇠를 소지한 채 임차주택의 출입문을 잠그지 않고 둔 경우, 주택임대차보호법이 임차인의 대항력과 우선변제권의 요건으로 주민등록과 함께 주택에 대한 점유를 요구하고 있는 점, 주민등록제도는 행정사무의 적정한 처리를 도모하는 것을 목적으로 하고 있을 뿐 사인 간의 권리관계, 특히 주민등록 소재지의 거주관계나 그 지상주택의 점유관계를 증명하기 위한 제도가 아닌 점, 주민등록 사실 자체만으로는 무단전출이나 위장전입을 구별하기가 어려운 점 등에 비추어 볼 때, 임차주택의 주민등록 유지 사실로부터 곧바로 그 점유 사실이 추단된다거나 타...","주택임대차보호법 제3조 , 제3조의2 , 주민등록법 제1조",없음,"주택, 건물, 빌라, 임차주택, 임대차, 보증금, 임차권, 임차인, 주택임대차, 임대차계약, 임차보증금, 등기",전문 원문: https://www.law.go.kr/LSW/precInfoP.do?precSeq=70477,civil_lease_definition,민법 제618조 임대차의 의의,civil_sale_effect|민법 제568조 매매의 효력; civil_lease_definition|민법 제618조 임대차의 의의
347,CASE_2004_00347,2003고합380,배임수재·강요,광주지법,2004-03-25,형사,판결,1심,무죄,"[1] 재건축조합의 조합장이 조합의 임시총회에서 회의 시작 초기에 발언권을 요청한 조합원을 강제로 총회장 밖으로 끌어내고, 나아가 총회장으로 다시 들어오려는 조합원을 막게 한 행위가 강요죄에 해당한다고 한 사례 [2] 재건축사업 시행대행회사의 대표이사가 재건축조합의 조합장에게 송금한 금원이 사업시행대행자로 선정될 수 있는 유리한 환경을 조성하기 위하여 송금한 것으로 보일 뿐 부정한 청탁이 있었다고 평가하기 어렵다는 이유로 무죄를 선고한 사례","[1] 재건축조합의 조합장이 조합의 임시총회에서 회의 시작 초기에 발언권을 요청한 조합원에 대하여 그가 이전 임시총회에서도 회의를 방해한 사실이 있고 위 임시총회에서 필히 시공사를 선정할 필요가 있다고 하더라도, 발언권을 달라고 하였을 뿐 위 임시총회를 방해하는 행위를 하지 아니한 조합원을 물리적 힘을 동원하여 강제로 총회장 밖으로 끌어내고, 나아가 총회장으로 다시 들어오려는 조합원을 막게 한 행위가 강요죄에 해당한다고 한 사례. [2] 재건축사업 시행대행회사의 대표이사가 재건축조합의 조합장에게 송금한 금원이 사업시행대행자로 선정될 수 있는 유리한 환경을 조성하기 위하여 송금한 것으로 보일 뿐 부정한 청탁이 있었다고 평가하기 어렵다는 이유로 무죄를 선고한 사례.",[1] 형법 제324조 [2] 형법 제357조 제1항,없음,"아파트, 토지, 분양, 조합원, 배임, 무죄, 해제",전문 원문: https://www.law.go.kr/LSW/precInfoP.do?precSeq=69730,embezzlement_breach_of_trust,형법 제355조·제356조 횡령·배임,embezzlement_breach_of_trust|형법 제355조·제356조 횡령·배임; civil_sale_effect|민법 제568조 매매의 효력
348,CASE_2004_00348,2003나77389,소유권보존등기말소,서울고등법원,2004-11-05,민사,판결,2심,"1. 제1심 판결 중 아래 2.항에서 인용하는 부분에 해당하는 원고 패소부분을 취소한다. 2. 원고에게, 가. [별지7] 목록...","5. 선고 2001가합1075 판결 【변론종결】 2004. 10. 8. 【주 문】 1. 제1심 판결 중 아래 2.항에서 인용하는 부분에 해당하는 원고 패소부분을 취소한다. 2. 원고에게, 가. [별지7] 목록 기재 각 부동산에 관하여, ⑴ 피고 주식회사 동산주택은 수원지방법원 용인등기소 1997. 2. 24. 접수 제11092호 가압류등기의 촉탁으로 마친 각 소유권보존등기의 말소등기절차를 이행하고, ⑵ 피고 주식회사 한국주택은행의 소송수계인 주식회사 국민은행, 정명준, 안현호, 김영준, 권영환, 임만수, 문윤호, 김일남, 유광상,","다)은 용인시 백암면 근창리 101-9 답 1,699㎡ 및 근창리 102-15 답 1,838㎡(이하 ‘이 사건 토지’라 한다) 지상에, 지하 1층 지상 18층의 아파트 1동(이하 ‘이 사건 건물’이라 한다)을 건축하기 위하여 1991. 6. 26.경 용인시장으로부터 건축허가 및 주택건설사업계획승인을 받아 공사를 하다가 6층 골조공사까지 마친 상태에서, 1992. 2. 18.경 부도가 났다. (2) 이에 주식회사 백상주택건설(이하 ‘백상주택건설’이라 한다)은 1992. 9. 15. 피고 동산주택 및 피고 동산주택의 채권단으로부터, 이 사건 토지와 건축중이던 이 사건 건물 일체를 15억 5,000만 원에 매수하면서, 위 매매대금의 변제에 갈",원문 참조,없음,"부동산, 주택, 아파트, 토지, 건물, 매매, 매수, 매매계약, 매매대금, 소유권이전, 소유권보존, 등기",전문 원문: https://www.law.go.kr/LSW/precInfoP.do?precSeq=77932,civil_sale_effect,민법 제568조 매매의 효력,civil_sale_effect|민법 제568조 매매의 효력
349,CASE_2006_00349,2005나12085,배당이의,대구지방법원,2006-02-15,민사,판결,2심,항소기각,"대구지방법원 상주지원 2005. 7. 27. 선고 2004가단2938 판결 【변론종결】 2006. 1. 25. 【주 문】 1. 원고의 피고들에 대한 항소를 모두 기각한다. 2. 항소비용은 원고가 부담한다. 【청구취지 및 항소취지】 제1심 판결을 취소한다. 대구지방법원 상주지원 2003타경5834 부동산임의경매 사건에 관하여 위 법원이 2004. 7. 8. 작성한 배당표 중 피고 1에 대한 배당액 7,491,423원, 피고 2에 대한 배당액 8,486,243원, 피고 3에 대한 배당액 6,386,649원을 각 삭제하고, 원고에 대한","2호증, 제3호증의 1, 2, 제4 내지 12호증, 제13호증의 1, 2, 제1심증인 소외 3의 증언 및 변론 전체의 취지에 의하여 인정된다. 가. 별지기재 각 아파트(이하 통틀어 이 사건 각 아파트라고 하고, 따로 지칭할 때에는 이 사건 제403호, 제404호, 제501호라고 한다)는 1994. 6. 10.자 건축허가에 따라 같은 달 24. 착공되어 1997. 4. 10. 사용승인을 받았고, 1997. 4. 17. 건축주인 소외 1, 2 명의로 소유권보존등기가 마쳐졌는데, 집합건물인 이 사건 각 아파트의 부동산등기부의 표제부(1동의 건물의 표시)에는 ‘경상북도 문경시 흥덕동 (지번 1, 2 생략)○○아파트 철근콘크리트조 슁글지붕5층아파",원문 참조,없음,"부동산, 주택, 아파트, 토지, 건물, 임차주택, 임대차, 보증금, 임차권, 임차인, 주택임대차, 임대차계약",전문 원문: https://www.law.go.kr/LSW/precInfoP.do?precSeq=128306,civil_lease_definition,민법 제618조 임대차의 의의,civil_lease_definition|민법 제618조 임대차의 의의
350,CASE_2017_00350,2016나2077798,소유권말소등기,서울고등법원,2017-04-19,민사,판결,2심,항소기각,"수원지방법원 성남지원 2016. 11. 2. 선고 2016가합200176 판결 【변론종결】 2017. 3. 8. 【주 문】 1. 제1심판결 중 원고 패소부분을 취소한다. 2. 별지 피대위자 및 지분내역표 기재 소외 1 외 5명에게, 별지 목록 제1, 4, 6, 7항 기재 각 부동산에 대한 별지 피대위자 및 지분내역표 기재 피대위자별 각 해당 지분에 관하여, 가. 피고 1은 수원지방법원 성남지원 광주등기소 2014. 11. 10. 접수 제79173호로 마친 각 소유권이전등기의 말소등기절차를 이행하고, 나. 피고 2 조합은 수원지방법","이를 그대로 인용한다. 2. 본안전 항변에 대한 판단 가. 피고들의 주장 ⑴ 소의 이익 부존재 주장 원고는 소외 1 외 3명으로부터 산1 임야와 산1-2 임야를 매수하고서 소외 8에게 소유권이전등기를 경료시킨 후부터 현재까지 실질적인 소유권자로서 토지손실보상금, 토지사용료, 산1-2 토지에 대한 매매대금, 이 사건 각 부동산에 대한 매매대금 중 4억 원을 수령하는 등 소유권을 행사하여 왔음에도 불구하고, 피고 1의 개발행위로 인하여 지가가 상승한 이 사건 각 부동산을 되찾으려고 이 사건 소송을 제기하였는바, 이 사건 소는 신의칙에 반하는 것으로서 소의 이익이 없으므로 각하되어야 한다. ⑵ 피보전권리의 부존재 주장 원고가 소외 1외 5명과",원문 참조,없음,"부동산, 토지, 임야, 매매, 매수, 매도, 매매계약, 매매대금, 계약금, 소유권이전, 토지거래허가, 대금반환",전문 원문: https://www.law.go.kr/LSW/precInfoP.do?precSeq=224531,civil_sale_effect,민법 제568조 매매의 효력,civil_sale_effect|민법 제568조 매매의 효력
351,CASE_1990_00351,89도1083,배임,대법원,1990-03-27,형사,판결,상고심,파기환송,가. 횡령사실에 대하여 배임죄로 의율한 경우와 상고이유 나. 피고인이 피해자에게 부동산의 1/2 지분에 대하여 소유권이전등기를 이행할 의무에 위배하여 제3자에게 그 부동산 전부에 대하여 근저당권을 설정해 준 경우 피해자의 손해액,"가. 배임죄와 횡령죄는 동일법조에 규정된 죄로서 그 죄질과 처벌이 동일하므로 횡령죄에 해당하는 사실에 대하여 원심이 배임죄로 의율한 잘못이 있다고 하여도 판결에 영향이 없어 상고이유가 될 수 없다. 나. 피고인이 피해자에게 이 사건 부동산의 1/2지분에 대하여 소유권이전등기절차를 이행할 임무가 있음에도 불구하고 이에 위배하여 위 부동산 전체에 대하여 제3자에게 채권최고액 6,000만원의 근저당권설정등기를 경료하였다면, 피해자가 위 부동산에 대하여 갖는 권리는 1/2의 지분에 국한되므로 위 부동산가액이 위 채권최고액보다 저렴하다는 등 특단의 사정이 없는 한 피해자가 위와 같은 물상보증채무부담으로 입게 될 손해는 채권최고액 전액이 아니라 위 채권최고액 중 그 지분에 상응하는...",가.나. 형법 제355조 가. 형사소송법 제383조,"가. 대법원 1957.6.7. 선고 4290형상102 판결 , 1975.4.22. 선고 75도123 판결(공1975,8442)","부동산, 매수, 소유권이전, 등기, 근저당, 저당권, 담보, 명의신탁, 횡령, 배임, 파기환송, 파기",전문 원문: https://www.law.go.kr/LSW/precInfoP.do?precSeq=106560,embezzlement_breach_of_trust,형법 제355조·제356조 횡령·배임,embezzlement_breach_of_trust|형법 제355조·제356조 횡령·배임; civil_sale_effect|민법 제568조 매매의 효력
352,CASE_2006_00352,2005다21166,배당이의,대법원,2006-02-10,민사,판결,상고심,상고기각,"[1] 대항력과 우선변제권을 겸유하고 있는 임차인이 임대인을 상대로 보증금반환청구소송을 제기하여 승소판결을 받고 그 확정판결에 기하여 강제경매를 신청하였으나 그 경매절차에서 보증금 전액을 배당받지 못한 경우, 후행 경매절차에서 우선변제권에 의한 배당을 받을 수 있는지 여부 (소극) [2] 주택임대차보호법 제3조의5 단서에서 말하는 경락에 의하여 소멸하지 아니하는 임차권의 내용에 대항력뿐만 아니라, 우선변제권도 포함되는지 여부 (소극)","[1] 주택임대차보호법상의 대항력과 우선변제권의 두 가지 권리를 함께 가지고 있는 임차인이 우선변제권을 선택하여 제1경매절차에서 보증금 전액에 대하여 배당요구를 하였으나 보증금 전액을 배당받을 수 없었던 때에는 경락인에게 대항하여 이를 반환받을 때까지 임대차관계의 존속을 주장할 수 있을 뿐이고, 임차인의 우선변제권은 경락으로 인하여 소멸하는 것이므로 제2경매절차에서 우선변제권에 의한 배당을 받을 수 없는바, 이는 근저당권자가 신청한 1차 임의경매절차에서 확정일자 있는 임대차계약서를 첨부하거나 임차권등기명령을 받아 임차권등기를 하였음을 근거로 하여 배당요구를 하는 방법으로 우선변제권을 행사한 것이 아니라, 임대인을 상대로 보증금반환청구 소송을 제기하여 승소판결을 받은 뒤 그...","[1] 주택임대차보호법 제3조 제2항 , 제3조의2 제2항 , 제4조 제2항 [2] 주택임대차보호법 제3조의5 , 제4조 제2항","[1] 대법원 1997. 8. 22. 선고 96다53628 판결 (공1997하, 2793), 대법원 1998. 6. 26. 선고 98다2754 판결 (공1998하, 1984), 대법원 1998. 7. 10. 선고 98다15545 판결 (공1998하, 2093), 대법원 2001. 3. 27. 선고 98다4552 판결 (공2001상, 988) / [2] 대법원 1997. 8. 22. 선고 96다53628 판결 (공1997하, 2793)","주택, 임차주택, 임대차, 보증금, 임차권, 임대인, 임차인, 주택임대차, 임대차계약, 등기, 근저당, 저당권",전문 원문: https://www.law.go.kr/LSW/precInfoP.do?precSeq=193958,civil_lease_definition,민법 제618조 임대차의 의의,civil_lease_definition|민법 제618조 임대차의 의의
353,CASE_1986_00353,84도2015,"업무상배임,업무상횡령",대법원,1986-06-10,형사,판결,상고심,상고기각,"타인재산의 관리자가 타인소유 부동산을 그 가치이하의 채무변제 대가로 양도하는 경우, 배임죄의 성부","교회재산의 관리업무에 종사하고 있던 자가 공소외인과 간에 동인이 위 부동산을 담보로 금융기관으로부터 8,000만원의 대출을 받아 교회채무를 변제키로 하는 약정하에 2억원 상당의 교회부동산을 동인 앞으로 무조건 소유권이전등기하여 주는 것은 동인에게 차액상당의 재산상 이익을 취득케하고 소유자인 교회에게 손해를 입히는 것이 되어 배임죄에 해당한다.",형법 제355조 제2항,없음,"부동산, 토지, 건물, 매매, 소유권이전, 등기, 담보, 횡령, 배임, 기각",전문 원문: https://www.law.go.kr/LSW/precInfoP.do?precSeq=101750,embezzlement_breach_of_trust,형법 제355조·제356조 횡령·배임,embezzlement_breach_of_trust|형법 제355조·제356조 횡령·배임; civil_sale_effect|민법 제568조 매매의 효력
354,CASE_2011_00354,2010나26919,소유권 말소 등기,수원지방법원,2011-06-29,민사,판결,2심,항소기각,1심판결】 수원지방법원 2010. 9. 3. 선고 2009가단79329 판결 【변론종결】 2011. 6. 8. 【주 문】 1. 피고의 원고들에 대한 항소를 모두 기각한다. 2. 항소비용은 피고가 부담한다. 【청구취지 및 항소취지】 [청구취지] 피고는 원고들에게 안성시 원곡면 성주리 (지번 생략) 답 1950㎡ 중 각 2분의 1 지분에 관하여 수원지방법원 안성등기소 2009. 8. 20. 접수 제32843호로 마친 소유권이전등기의 말소등기절차를 이행하라. [항소취지] 제1심 판결을 취소한다. 원고들의 청구를 모두 기각한다. 【이 유】,"치는 이외에는, 제1심 판결의 이유와 같으므로, 민사소송법 제420조 본문에 의하여 이를 그대로 인용한다. 2. 제2의 마. 및 바.항 나아가 피고가 위와 같은 배임적인 사정을 알았거나 알 수 있었는지에 관하여 보건대, 앞서 든 증거들 및 갑 제7호증의 기재, 당심 증인 소외 5의 증언에 변론 전체의 취지를 종합하여 인정되는 다음과 같은 사정, 즉, ① 피고 스스로의 진술에 의하더라도, 2009. 8. 14. 부동산중개사무실 사무원 소외 3으로부터 이 사건 토지가 매물로 나왔다는 연락을 받고 토지등기부등본이나 계약서를 전혀 확인하지 아니한 채 당일 매매계약을 체결하고 바로 1억여 원에 이르는 거액의 매매대금까지 모두 지급하였다는 것인 점",원문 참조,없음,"부동산, 토지, 매매, 매수, 매도, 매매계약, 매매대금, 소유권이전, 등기, 배임, 기각, 취소",전문 원문: https://www.law.go.kr/LSW/precInfoP.do?precSeq=160563,civil_sale_effect,민법 제568조 매매의 효력,civil_sale_effect|민법 제568조 매매의 효력
355,CASE_1986_00355,85도2815,사기,대법원,1986-03-11,형사,판결,상고심,파기환송,계약금만 지급한 상태에서 토지소유권이전등기를 마친 소위가 편취행위에 해당하는지 여부의 판단기준,매수인이 계약금만 지급한 상태에서 매도인으로부터 토지에 관한 소유권 이전등기 서류를 교부받아 소유권이전등기를 마친 소위가 편취행위가 되느냐의 여부는 그 후 매수인이 중도금과 잔대금을 지급할 의사와 능력이 없었느냐의 여부에 따라 판단하여야 한다.,형법 제347조,없음,"주택, 아파트, 토지, 매매, 매수, 매도, 매매계약, 매매대금, 계약금, 중도금, 잔금, 소유권이전",전문 원문: https://www.law.go.kr/LSW/precInfoP.do?precSeq=101570,criminal_fraud,형법 제347조 사기죄,criminal_fraud|형법 제347조 사기죄; civil_sale_effect|민법 제568조 매매의 효력
356,CASE_2019_00356,2016다264556,시설물철거및토지인도청구의소,대법원,2019-01-24,민사,판결,상고심,상고기각,"토지 소유자가 그 소유의 토지를 일반 공중을 위한 용도로 제공한 경우, 그 토지에 대한 소유자의 독점적이고 배타적인 사용·수익권의 행사가 제한되는지 판단하는 기준 및 효과 / 토지 소유자의 독점적·배타적인 사용·수익권의 행사가 제한되는 경우, 위 토지를 상속받은 상속인의 독점적·배타적인 사용·수익권의 행사 역시 제한되는지 여부 (적극) / 독점적·배타적인 사용·수익권의 행사가 제한되는 토지의 소유권을 특정승계한 자가 그 토지 부분에 대하여 독점적이고 배타적인 사용·수익권을 행사할 수 있는지 여부 (원칙적 소극) 및 특정승계인의 독점적·배타적인 사용·수익권의 행사를 허...","[다수의견] (가) 대법원 판례를 통하여 토지 소유자 스스로 그 소유의 토지를 일반 공중을 위한 용도로 제공한 경우에 그 토지에 대한 소유자의 독점적이고 배타적인 사용·수익권의 행사가 제한되는 법리가 확립되었고, 대법원은 그러한 법률관계에 관하여 판시하기 위하여 ‘사용·수익권의 포기’, ‘배타적 사용·수익권의 포기’, ‘독점적·배타적인 사용·수익권의 포기’, ‘무상으로 통행할 권한의 부여’ 등의 표현을 사용하여 왔다. 이러한 법리는 대법원이 오랜 시간에 걸쳐 발전시켜 온 것으로서, 현재에도 여전히 그 타당성을 인정할 수 있다. 다만 토지 소유자의 독점적이고 배타적인 사용·수익권 행사의 제한 여부를 판단하기 위해서는 토지 소유자의 소유권 보장과 공공의 이익 사이의 비교형량을...","헌법 제23조 제1항 , 제3항 , 제37조 제2항 , 제119조 제1항 , 민법 제1조 , 제2조 , 제185조 , 제186조 , 제211조 , 제212조 , 제213조 , 제214조 , 제219조 , 제279조 , 제609조 , 제613조 , 제618조 , 제741조 , 제750조 , 제1005조 , 공익사업을 위한 토지 등의 취득 및 보상에 관한 법률 제61조 , 공익사업을 위한 토지 등의 취득 및 보상에 관한 법률 시행규칙 제26조 제1항 제2호 , 제2항 , 도로법 제99조 , 국토의 계...","대법원 1973. 8. 21. 선고 73다401 판결, 대법원 1974. 5. 28. 선고 74다399 판결 (공1974, 7890), 대법원 1985. 8. 13. 선고 85다카421 판결 (공1985, 1240), 대법원 1989. 7. 11. 선고 88다카16997 판결 (공1989, 1218), 대법원 1991. 2. 8. 선고 90다7166 판결 (공1991, 954), 대법원 1991. 7. 9. 선고 91다11889 판결 (공1991, 2126), 대법원 1993. 5. 14. 선고...","토지, 임대차, 매매, 경매, 손해배상, 반환, 부당이득",전문 원문: https://www.law.go.kr/LSW/precInfoP.do?precSeq=204666,civil_lease_definition,민법 제618조 임대차의 의의,civil_nonperformance_damages|민법 제390조 채무불이행 손해배상; civil_sale_effect|민법 제568조 매매의 효력; civil_lease_definition|민법 제618조 임대차의 의의
357,CASE_2025_00357,2024다297278,소유권이전등기,대법원,2025-09-11,민사,판결,상고심,상고기각,[1] 취득시효에서 ‘소유의 의사’에 관한 증명책임의 소재(=취득시효의 성립을 부정하는 사람) 및 자주점유인지 타주점유인지 결정하는 방법 [2] 국가나 지방자치단체가 취득시효의 완성을 주장하는 토지의 취득절차에 관한 서류를 제출하지 못하고 있다는 사정만으로 자주점유의 추정이 번복되는지 여부 (소극) [3] 민법 제197조 제1항 에서 정한 점유자에게 추정되는 소유의 의사의 의미 및 등기를 수반하지 아니한 점유라는 사정만으로 점유권원의 성질상 소유의 의사가 결여된 타주점유라고 볼 수 있는지 여부 (소극),"토지의 소유권을 취득한 것으로 기재되어 있다. 나. 대한민국은 1994. 9. 8. 이 사건 분할 전 토지에 관하여 무주부동산 공고절차를 거쳐 대한민국 앞으로 소유권보존등기를 마쳤다. 다. 이 사건 분할 전 토지는 2002. 8. 3. △△동 63-2 구거 441㎡와 △△동 63-4 구거 230㎡로 분할되었고, 위 △△동 63-2 구거 441㎡는 2004. 3. 12. △△동 63-2 구거 270㎡(이하 ‘이 사건 토지’라 한다)와 △△동 63-5 구거 171㎡로 분할되었다. 라. 망 소외 1의 상속인인 피고들은 2019. 9. 9. 이 사건 토지 및 △△동 63-5 구거 171㎡에 관하여 대한민국 앞으로 마쳐진 소유권보존등기가 원인무","[1] 민법 제197조 제1항 , 제245조 제1항 , 민사소송법 제288조 [증명책임] [2] 민법 제197조 제1항 , 제245조 제1항 [3] 민법 제197조 제1항","[1] 대법원 1997. 8. 21. 선고 95다28625 전원합의체 판결 (공1997하, 2501) / [2] 대법원 2010. 8. 19. 선고 2010다33866 판결 (공2010하, 1790), 대법원 2014. 3. 27. 선고 2010다94731, 94748 판결(공2014상, 915), 대법원 2021. 8. 12. 선고 2021다230991 판결 (공2021하, 1674) / [3] 대법원 2000. 3. 16. 선고 97다37661 전원합의체 판결 (공2000상, 962)","부동산, 토지, 매매, 매수, 매매계약, 소유권이전, 소유권보존, 등기, 기각, 파기, 무효",전문 원문: https://www.law.go.kr/LSW/precInfoP.do?precSeq=618151,civil_sale_effect,민법 제568조 매매의 효력,civil_sale_effect|민법 제568조 매매의 효력
358,CASE_2025_00358,"2025다209893, 209894",분양대금반환청구의소·매매대금[상가의 수분양자인 원고들이 동시이행항변권을 포기한 것인지 문제된 사건],대법원,2025-06-26,민사,판결,상고심,상고기각,[1] 부동산 매매계약에서 매수인의 잔대금 지급의무와 매도인의 소유권이전등기서류 교부의무가 동시이행관계에 있는지 여부 (원칙적 적극) / 동시이행항변권의 포기는 묵시적 의사표시로도 가능한지 여부 (적극) 및 그 인정은 엄격하고 신중하게 이루어져야 하는지 여부 (적극) / 매수인이 대금을 약정기일까지 납부하지 아니할 경우 그 체납액에 대하여 연체료를 가산하여 지급하기로 하는 연체료 약정의 법적 성격(=이행지체에 대한 손해배상의 예정) 및 연체료 지급의무의 발생 시점(=이행지체책임이 발생할 때) [2] 쌍무계약에서 일방 당사자가 하여야 할 자기 채무에 관한 이행제공의 정...,"[1] 부동산 매매계약에서 특별한 사정이 없는 한 매수인의 잔대금 지급의무와 매도인의 소유권이전등기서류 교부의무는 동시이행관계에 있다. 동시이행항변권의 포기는 명시적 의사표시뿐만 아니라 묵시적 의사표시로 이루어지는 것도 가능하지만, 묵시적 의사표시의 해석을 통한 동시이행항변권 포기의 인정은 엄격하고 신중하게 이루어져야 한다. 한편 매수인이 대금을 약정기일까지 납부하지 아니할 경우 그 체납액에 대하여 연체료를 가산하여 지급하기로 하는 연체료 약정은 이행지체에 대한 손해배상의 예정으로서 지체책임이 발생할 때 비로소 그 지급의무가 발생한다. [2] 쌍무계약에서 일방 당사자의 자기 채무에 관한 이행의 제공을 엄격하게 요구하면 오히려 불성실한 상대 당사자에게 구실을 주는 것이 될...","[1] 민법 제398조 , 제536조 [2] 민법 제460조 , 제536조 , 제544조","[1] 대법원 1997. 7. 25. 선고 97다5541 판결 (공1997하, 2687), 대법원 1998. 2. 10. 선고 96다7793, 7809, 7816 판결(공1998상, 663), 대법원 2005. 4. 15. 선고 2004다27150 판결 , 대법원 2013. 6. 13. 선고 2011다94509 판결 / [2] 대법원 2012. 11. 29. 선고 2012다65867 판결 (공2013상, 43), 대법원 2024. 9. 13. 선고 2024다237757 판결","부동산, 상가, 건물, 임대차, 보증금, 임대차계약, 매매, 매수, 매도, 매매계약, 매매대금, 계약금",전문 원문: https://www.law.go.kr/LSW/precInfoP.do?precSeq=607231,civil_lease_definition,민법 제618조 임대차의 의의,civil_nonperformance_damages|민법 제390조 채무불이행 손해배상; civil_sale_effect|민법 제568조 매매의 효력; civil_lease_definition|민법 제618조 임대차의 의의
359,CASE_2025_00359,2024다272835,부당이득금반환등[지역주택조합의 총회 결의 흠결로 인하여 무효가 된 총유물 처분행위를 적법하게 추인할 수 있는 당사자가 누구인지 문제된 사건],대법원,2025-11-06,민사,판결,상고심,파기환송,"[1] 소액사건에 관하여 상고이유로 할 수 있는 ‘대법원의 판례에 상반되는 판단을 한 때’의 요건을 갖추지 아니하였더라도 대법원이 실체법 해석·적용의 잘못에 관하여 판단할 수 있는 경우 [2] 비법인사단인 지역주택조합이나 추진위원회가 조합가입계약과 함께 ‘사업을 중단하거나 사업에 실패할 경우에는 조합원이 납입한 분담금을 반환하겠다.’는 취지의 환불보장약정을 체결하면서 총회의 결의를 거치지 않은 경우, 그 약정의 효력 (무효) 및 이러한 사정이 함께 체결한 조합가입계약의 무효 원인이 되는지 여부 (적극) / 총유물 처분행위로서의 환불보장약정이 총회 결의 흠결로 무효인...","[1] 소액사건에서 구체적 사건에 적용할 법령의 해석에 관한 대법원 판례가 아직 없는 상황에서 같은 법령의 해석이 쟁점으로 되어 있는 다수의 소액사건들이 하급심에 계속되어 있을 뿐 아니라 재판부에 따라 엇갈리는 판단을 하는 사례가 나타나고 있는 경우, 소액사건이라는 이유로 대법원이 그 법령의 해석에 관하여 판단을 하지 아니한 채 사건을 종결한다면 국민생활의 법적 안정성을 해칠 것이 우려된다. 이와 같은 특별한 사정이 있는 경우에는 소액사건에 관하여 상고이유로 할 수 있는 ‘대법원의 판례에 상반되는 판단을 한 때’의 요건을 갖추지 아니하였다고 하더라도 법령해석의 통일이라는 대법원의 본질적 기능을 수행하는 차원에서 실체법 해석·적용의 잘못에 관하여 판단할 수 있다. [2] 비...","[1] 소액사건심판법 제3조 제2호 [2] 민법 제105조 , 제137조 , 제139조 , 제275조 , 제276조 제1항","[1] 대법원 2004. 8. 20. 선고 2003다1878 판결 (공2004하, 1571), 대법원 2025. 7. 18. 선고 2022다257238 판결 (공2025하, 1482) / [2] 대법원 2009. 9. 24. 선고 2009다37831 판결 (공2009하, 1747), 대법원 2025. 5. 15. 선고 2024다239692 판결","주택, 아파트, 토지, 분양, 지역주택조합, 조합가입, 조합원, 납입금, 분담금, 파기, 반환, 부당이득",전문 원문: https://www.law.go.kr/LSW/precInfoP.do?precSeq=613057,civil_sale_effect,민법 제568조 매매의 효력,civil_sale_effect|민법 제568조 매매의 효력
360,CASE_2010_00360,2010고합281,배임수재·배임증재·공인중개사의업무및부동산거래신고에관한법률위반,수원지방법원,2010-11-12,형사,판결,1심,무죄,"피고인들은 모두 무죄. 【이 유】 Ⅰ. 이 사건 공소사실 피고인 1은 2000. 7. 1. 공소외 1 주식회사(이하 ‘공소외 1 회사’라고 한다)에 입사하여 2006. 6.경부터 기획영업부 부장으로 근무하면서 ○○○○○임대아파트의 분양업무를 담당하던 자, 피고인 2는 2001. 4. 1. 공소외 1 회사에 입사하여 2008. 6. 1.부터 현재까지 기획영업부 과장으로 위 회사 주택사업부 업무를 총괄하여 동탄 및 판교지역 민간","인 1은 2000. 7. 1. 공소외 1 주식회사(이하 ‘공소외 1 회사’라고 한다)에 입사하여 2006. 6.경부터 기획영업부 부장으로 근무하면서 ○○○○○임대아파트의 분양업무를 담당하던 자, 피고인 2는 2001. 4. 1. 공소외 1 회사에 입사하여 2008. 6. 1.부터 현재까지 기획영업부 과장으로 위 회사 주택사업부 업무를 총괄하여 동탄 및 판교지역 민간임대아파트 분양팀장으로 근무하면서 같은 업무를 담당하던 자, 피고인 3은 1997. 7.경 입사하여 2006. 5.경까지 공소외 1 회사 상무이사로 근무하면서 같은 업무를 담당하다가 퇴직한 후 현재 공소외 6 주식회사 대표이사로 근무하는 자, 피고인 4, 피고인 5는 화성시 (",원문 참조,없음,"부동산, 주택, 아파트, 상가, 토지, 임대차, 보증금, 임대차계약, 계약금, 분양, 분양계약, 분양권",전문 원문: https://www.law.go.kr/LSW/precInfoP.do?precSeq=221241,embezzlement_breach_of_trust,형법 제355조·제356조 횡령·배임,embezzlement_breach_of_trust|형법 제355조·제356조 횡령·배임; civil_sale_effect|민법 제568조 매매의 효력; civil_lease_definition|민법 제618조 임대차의 의의; real_estate_transaction_reporting_prohibition|부동산 거래신고 등에 관한 법률 제4조 금지행위; realtor_prohibited_acts|공인중개사법 제33조 금지행위
361,CASE_2025_00361,2022두50410,"수분양권존재확인등청구의소[재개발사업의 조합원 분양 과정에서 ‘1세대’, ‘하나의 세대’, ‘동일한 세대’에 해당하는지 여부가 문제된 사건]",대법원,2025-03-27,행정,판결,상고심,파기환송,"구 도시 및 주거환경정비법 제39조 제1항 제2호 전문, 제76조 제1항 제6호 등에서 말하는 ‘1세대’, ‘하나의 세대’ 내지 ‘동일한 세대’가 실질적으로 주거와 생계를 같이하고 있는 가구를 의미하는지 여부 (적극)","구 도시 및 주거환경정비법(2021. 3. 16. 법률 제17943호로 개정되기 전의 것, 이하 ‘구 도시정비법’이라고 한다) 제39조 제1항 제2호 전문, 제76조 제1항 제6호 나 구 경기도 도시 및 주거환경정비 조례(2021. 11. 2. 경기도 조례 제7249호로 개정되기 전의 것, 이하 ‘구 경기도 조례’라고 한다) 제26조 제1항 제1호에서 말하는 ‘1세대’, ‘하나의 세대’ 내지 ‘동일한 세대’는 실질적으로 주거와 생계를 같이하고 있는 가구를 의미한다고 보아야 한다. 이유는 다음과 같다. ① ‘세대’는 사전적으로 ‘현실적으로 주거 및 생계를 같이하는 사람의 집단’ 또는 ‘현실적으로 주거 및 생계를 같이하는 사람의 집단을 세는 단위’를 의미하고, ‘가구’와 동의...","구 도시 및 주거환경정비법(2021. 3. 16. 법률 제17943호로 개정되기 전의 것) 제39조 제1항 제2호 , 제74조 제1항 , 제4항 (현행 제74조 제6항 참조), 제76조 제1항 제6호 , 구 도시 및 주거환경정비법 시행령(2022. 12. 9. 대통령령 제33046호로 개정되기 전의 것) 제63조 제1항 제3호",없음,"주택, 토지, 소유권이전, 분양, 조합원, 분양권, 등기, 기각, 파기",전문 원문: https://www.law.go.kr/LSW/precInfoP.do?precSeq=605371,civil_sale_effect,민법 제568조 매매의 효력,civil_sale_effect|민법 제568조 매매의 효력
362,CASE_2025_00362,2024다326749,소유권이전등기말소등기청구의소,대법원,2025-08-14,민사,판결,상고심,상고기각,"구 임대주택법상 임대주택의 임대의무기간 중 매도인의 임대사업자 지위를 승계하여 임대사업을 하기 위하여 임대주택을 매수한 경우, 매수인이 임대주택의 소유권을 적법하게 취득하기 위해서는 그 임대주택에 관하여 같은 법 제6조 에 따른 임대사업자 등록을 마친 ‘임대사업자’이어야 하는지 여부 (적극) 및 여기서 등록된 임대사업자인지는 해당 임대주택별로 각각 판단하여야 하는지 여부 (적극) / 매수인이 임대주택에 관하여 임대사업자 등록을 할 의사를 가지지 아니하였거나 임대사업자 등록이 확정적으로 불가능하게 된 경우, 매매계약을 무효로 볼 수 있는지 여부 (적극)","고 1 회사는 이 사건 임대주택의 임대의무기간 중인 2017. 6. 30. 원고의 임대사업자 지위를 승계하여 임대사업을 하기 위해 원고로부터 이 사건 임대주택을 매수하였다(이하 ‘이 사건 매매계약’이라 한다). 이 사건 매매계약에는 이 사건 임대주택의 임대의무기간이 10년(2010. 5.부터 2020. 6.까지)이고, 매도인인 원고의 이 사건 임대주택에 관한 임대인의 권리·의무를 매수인인 피고 1 회사가 포괄하여 승계함을 조건으로 하는 내용이 담겨 있다. 한편 피고 1 회사는 이 사건 매매계약에서 정한 잔금 지급기일인 2017. 11. 30. 피고 △△△신탁 주식회사(이하 ‘피고 2 회사’라 한다)와 이 사건 임대주택에 관한 신탁계약을","구 임대주택법(2015. 8. 28. 법률 제13499호 민간임대주택에 관한 특별법으로 전부 개정되기 전의 것) 제2조 제4호 (현행 민간임대주택에 관한 특별법 제2조 제7호 및 현행 공공주택 특별법 제4조 제1항 참조), 제6조 (현행 민간임대주택에 관한 특별법 제5조 및 현행 공공주택 특별법 제4조 참조), 제16조 제1항 (현행 민간임대주택에 관한 특별법 제43조 제1항 및 현행 공공주택 특별법 제50조의2 제1항 참조), 제3항 (현행 민간임대주택에 관한 특별법 제43조 제2항 및 현행 공...","대법원 2024. 7. 11. 선고 2024다214396 판결 (공2024하, 1279)","부동산, 주택, 임대인, 매매, 매수, 매도, 매매계약, 잔금, 소유권이전, 분양, 분양계약, 등기",전문 원문: https://www.law.go.kr/LSW/precInfoP.do?precSeq=615673,civil_sale_effect,민법 제568조 매매의 효력,civil_sale_effect|민법 제568조 매매의 효력; civil_lease_definition|민법 제618조 임대차의 의의
363,CASE_2025_00363,2024다321973,보증금반환,대법원,2025-05-15,민사,판결,상고심,"원심판결 중 손해배상청구 부분을 파기하고, 이 부분 사건을 서울고등법원에 환송한다.","[1] 쌍무계약에서 당사자 일방이 이행을 제공하더라도 상대방이 상당한 기간 내에 채무를 이행할 수 없음이 객관적으로 명백한 경우, 그 일방이 자신의 채무 이행을 제공하지 않더라도 상대방의 이행지체를 이유로 계약을 해제하거나 손해배상을 청구할 수 있는지 여부 (적극) [2] 甲으로부터 아파트를 임차한 乙이 계약기간 만료를 앞두고 丙과 새로 이사 갈 아파트에 관하여 임대차계약을 체결하였는데, 甲이 乙에게 새로운 임차인이 들어오지 않으면 임대차보증금을 반환할 수 없다는 취지로 말하였고, 결국 乙이 甲으로부터 임대차보증금을 돌려받지 못해 잔금을 지급하지 못하자 丙이 乙로부터...",도 상대방이 그 채무를 이행하지 아니할 것이 객관적으로 명백한 경우에는 그 일방이 이행을 제공하지 아니하여도 상대방은 이행지체의 책임을 지고 이를 이유로 계약을 해제하거나 손해배상을 청구할 수 있다. 당사자 일방이 이행을 제공하더라도 상대방이 상당한 기간 내에 그 채무를 이행할 수 없음이 객관적으로 명백한 경우에도 그 일방은 자신의 채무 이행을 제공하지 않더라도 상대방의 이행지체를 이유로 계약을 해제하거나 손해배상을 청구할 수 있다고 보아야 한다. 그렇지 아니하고 이와 같은 경우에도 자기채무의 이행을 제공하지 아니하고서는 상대방을 지체에 빠뜨릴 수 없다면 무용한 이행의 제공을 강요하는 결과가 되어 부당하다 ( 대법원 1993. 8. 24,"[1] 민법 제390조 , 제536조 , 제544조 [2] 민법 제390조 , 제536조","[1] 대법원 1993. 8. 24. 선고 93다7204 판결 (공1993하, 2599)","아파트, 임대차, 보증금, 임차인, 임대차계약, 임차보증금, 계약금, 잔금, 손해배상, 파기, 반환, 해제",전문 원문: https://www.law.go.kr/LSW/precInfoP.do?precSeq=615961,civil_lease_definition,민법 제618조 임대차의 의의,civil_nonperformance_damages|민법 제390조 채무불이행 손해배상; civil_sale_effect|민법 제568조 매매의 효력; civil_lease_definition|민법 제618조 임대차의 의의
364,CASE_2018_00364,2017도17494,사기방조·횡령,대법원,2018-07-19,형사,판결,상고심,상고기각,"[1] 횡령죄의 주체인 ‘타인의 재물을 보관하는 자’의 의미 및 이에 해당하는지 판단하는 기준 [2] 송금의뢰인이 다른 사람의 예금계좌에 자금을 송금·이체하여 송금의뢰인과 계좌명의인 사이에 송금·이체의 원인이 된 법률관계가 존재하지 않음에도 송금·이체에 의하여 계좌명의인이 그 금액 상당의 예금채권을 취득한 경우, 계좌명의인이 그와 같이 송금·이체된 돈을 그대로 보관하지 않고 영득할 의사로 인출하면 횡령죄가 성립하는지 여부 (적극) / 계좌명의인이 개설한 예금계좌가 전기통신금융사기 범행에 이용되어 그 계좌에 피해자가 사기피해금을 송금·이체한 경우, 계좌명의인이 그 돈을...","[1] 형법 제355조 제1항 이 정한 횡령죄의 주체는 타인의 재물을 보관하는 자라야 하고, 여기에서 보관이란 위탁관계에 의하여 재물을 점유하는 것을 뜻하므로 횡령죄가 성립하기 위하여는 재물의 보관자와 재물의 소유자(또는 기타의 본권자) 사이에 위탁관계가 있어야 한다. 이러한 위탁관계는 사실상의 관계에 있으면 충분하고 피고인이 반드시 민사상 계약의 당사자일 필요는 없다. 위탁관계는 사용대차·임대차·위임·임치 등의 계약에 의하여 발생하는 것이 보통이지만 이에 한하지 않고 사무관리와 같은 법률의 규정, 관습이나 조리 또는 신의성실의 원칙에 의해서도 발생할 수 있다. 그러나 횡령죄의 본질이 위탁받은 타인의 재물을 불법으로 영득하는 데 있음에 비추어 볼 때 그 위탁관계는 횡령죄로...","[1] 형법 제355조 제1항 [2] 형법 제32조 , 제347조 , 제355조 제1항 [3] 형법 제30조 , 제32조 , 제347조 제1항 , 제355조 제1항","[1][2] 대법원 2016. 5. 19. 선고 2014도6992 전원합의체 판결 (공2016상, 817) / [1] 대법원 1985. 9. 10. 선고 84도2644 판결 (공1985, 1363), 대법원 2003. 7. 11. 선고 2003도2077 판결 / [2] 대법원 1992. 2. 25. 선고 91다9312 판결 (공1992, 1114), 대법원 2005. 10. 28. 선고 2005도5975 판결 (공2005하, 1920), 대법원 2007. 11. 29. 선고 2007다51239 판...","부동산, 임대차, 등기, 명의신탁, 부동산실명법, 사기, 기망, 편취, 횡령, 손해배상, 불법행위, 무죄",전문 원문: https://www.law.go.kr/LSW/precInfoP.do?precSeq=199840,embezzlement_breach_of_trust,형법 제355조·제356조 횡령·배임,criminal_fraud|형법 제347조 사기죄; embezzlement_breach_of_trust|형법 제355조·제356조 횡령·배임; civil_fraud_duress|민법 제110조 사기·강박에 의한 의사표시; civil_nonperformance_damages|민법 제390조 채무불이행 손해배상; civil_lease_definition|민법 제618조 임대차의 의의
365,CASE_2023_00365,2023다254816,건물철거등청구의소,대법원,2023-11-09,민사,판결,상고심,파기환송,[1] 집합건물의 소유 및 관리에 관한 법률이 같은 법 시행 전 건축되거나 구분된 건물에 관하여도 적용되는지 여부 (적극) [2] 등기가 되지 않는 채권적 토지사용권이 집합건물의 소유 및 관리에 관한 법률 제2조 제6호 에서 정한 대지사용권이 될 수 있는지 여부 (적극) 및 이러한 대지사용권이 성립하기 위한 요건 [3] 집합건물의 전유부분과 대지사용권의 일체성에 반하는 대지 처분행위의 효력 (무효) [4] 집합건물의 소유 및 관리에 관한 법률이 시행되기 전에 甲 공사가 영세민 아파트 건설조합의 대표인 乙과 체결한 협정에 따라 乙 소유의 토지 위에 공동주택을 건설하여...,"서 정한 대지사용권은 구분소유자가 전유부분을 소유하기 위하여 건물의 대지에 대하여 가지는 권리로서 반드시 대지에 대한 소유권과 같은 물권에 한정되는 것은 아니고 등기가 되지 않는 채권적 토지사용권도 대지사용권이 될 수 있다 ( 대법원 2017. 12. 5. 선고 2014다227492 판결 참조). 이러한 대지사용권은 집합건물의 존재와 구분소유자가 전유부분 소유를 위하여 당해 대지를 사용할 수 있는 권리를 보유함으로써 성립하고, 그 외에 다른 특별한 요건이 필요하지 않다. 집합건물법은 제20조에서 구분소유자의 대지사용권은 그가 가지는 전유부분의 처분에 따르고, 구분소유자는 규약으로써 달리 정하지 않는 한 그가 가지는 전유부분과 분리하여 대","[1] 집합건물의 소유 및 관리에 관한 법률 부칙(1984. 4. 10.) 제1조 , 제4조 [2] 집합건물의 소유 및 관리에 관한 법률 제2조 제6호 [3] 집합건물의 소유 및 관리에 관한 법률 제20조 [4] 집합건물의 소유 및 관리에 관한 법률 제2조 제6호 , 제20조 , 부칙(1984. 4. 10.) 제4조 , 민법 제214조 , 제741조","[1] 대법원 1989. 4. 11. 선고 88다카2981, 2998 판결 (공1989, 739) / [2] 대법원 2017. 12. 5. 선고 2014다227492 판결 (공2018상, 32) / [3] 대법원 2013. 1. 17. 선고 2010다71578 전원합의체 판결 (공2013상, 298)","주택, 아파트, 토지, 건물, 매매, 매수, 소유권이전, 소유권보존, 공유지분, 분양, 분양계약, 조합원",전문 원문: https://www.law.go.kr/LSW/precInfoP.do?precSeq=601361,civil_sale_effect,민법 제568조 매매의 효력,civil_sale_effect|민법 제568조 매매의 효력
366,CASE_2016_00366,2015나104495,계약금반환,대전지방법원,2016-10-07,민사,판결,2심,일부인용,"4. 2.부터 2016. 10. 7.까지는 연 5%의, 그 다음날부터 다 갚는 날까지는 연 20%의 각 비율에 의한 돈을 지급하라. 나. 원고의 나머지 청구를 기각한다. 2. 소송총비용은 피고가 부담한다. 3. 제1의 가.항은 가집행할 수 있다. 【청구취지 및 항소취지】 제1심 판결을 취소한다. 피고는 원고에게 51,470,000원 및 그 중 50,000,000원에 대하여 2013. 4. 2.부터 이 사건 소장 부본 송달일까지는 연 5%의, 그 다음날부터 다 갚는 날까지는 연 20%의 각 비율에 의한 돈을 지급하라(당심에 이르러 피고가 반소를 취하하였으므로, 이 법","1. 기초사실 가. 피고는 공인중개사로서, 2012. 5. 15. 별지 목록 기재 각 부동산(이하 ‘이 사건 각 부동산’이라 하고, 그 중 제2항 기재 건물을 ‘이 사건 건물’이라 한다) 중 제1항 기재 토지에 관하여 2012. 5. 1. 매매를 원인으로 하여 피고 명의로 소유권이전등기를 마치고, 2012. 8. 6. 이 사건 건물에 관하여 피고 명의로 소유권보존등기를 마쳤다. 나. 원고는 2013. 4. 2. 피고와 사이에, 원고가 피고로부터 이 사건 각 부동산을 매수하기로 하는 아래와 같은 내용의 매매",원문 참조,없음,"부동산, 토지, 건물, 중개대상물, 임대차, 보증금, 월세, 임대차계약, 매매, 매수, 매도, 매매계약",전문 원문: https://www.law.go.kr/LSW/precInfoP.do?precSeq=188357,realtor_prohibited_acts,공인중개사법 제33조 금지행위,civil_sale_effect|민법 제568조 매매의 효력; civil_lease_definition|민법 제618조 임대차의 의의; realtor_prohibited_acts|공인중개사법 제33조 금지행위
367,CASE_2009_00367,2009도128,사기·사기미수·경매방해,대법원,2009-04-09,형사,판결,상고심,파기환송,"예고등기로 인한 경매대상 부동산의 경매가격 하락 등을 목적으로 허위의 채권을 주장하며 채권자대위의 방식에 의한 원인무효로 인한 소유권보존등기 말소청구소송을 제기한 경우, 소송사기의 불법영득의사 및 실행의 착수가 인정되는지 여부 (소극)","상고이유를 본다. 1. 전세금 사기 부분( 서울남부지방법원 2007고단481, 1804, 2242호 사건 관련)에 관하여 원심은 그 채택 증거를 종합하여 판시와 같은 사실을 인정하고, 피고인에 대한 이 사건 각 사기의 공소사실을 유죄로 판단한 제1심판결을 유지하였다. 원심의 위와 같은 판단은 사실심 법관의 합리적인 자유심증에 따른 것으로서 기록에 비추어 정당하다. 거기에 상고이유의 주장과 같은 채증법칙 위반 등의 위법이 없다. 2. 사기미수 및 경매방해 부분( 서울남부지방법원 2008고단2656, 26",형법 제347조,"대법원 1981. 12. 8. 선고 81도1451 판결 (공1982, 186), 대법원 1983. 10. 25. 선고 83도1566 판결 (공1983, 1784), 대법원 2006. 4. 7. 선고 2005도9858 전원합의체 판결 (공2006하, 2106)","부동산, 토지, 건물, 전세, 전세금, 매수, 소유권이전, 소유권보존, 등기, 담보, 경매, 경매방해",전문 원문: https://www.law.go.kr/LSW/precInfoP.do?precSeq=138515,criminal_fraud,형법 제347조 사기죄,criminal_fraud|형법 제347조 사기죄; civil_sale_effect|민법 제568조 매매의 효력; civil_lease_definition|민법 제618조 임대차의 의의
368,CASE_2023_00368,2021가합108634,소유권이전청구권가등기말소절차이행등,서울동부지방법원,2023-06-09,민사,판결,1심,청구기각,"피고보조참가인】 재단법인 □□□ (소송대리인 법무법인(유한) 바른 담당변호사 안주현 외 1인) 【변론종결】 2023. 4. 21. 【주 문】 1. 원고의 청구를 기각한다. 2. 소송비용 중 원고보조참가로 인한 부분은 원고보조참가인이 부담하고, 피고보조참가로 인한 비용을 포함하여 나머지 부분은 모두 원고가 부담한다. 【청구취지】 피고는 원고에게 별지 목록 기재 각 부동산에 관하여 서울동부지방법원 2004. 4. 13. 접수 제24929호로 마친 소유권이전청구권가등기의 말소등기절차를 이행하라. 【이 유】 1. 인정 사실 가. 원고의 별지 목록 기재 각 부동산에 관한 소유","1998. 1. 24. 서울 강동구 (이하 생략)(이하 ‘이 사건 토지’라고 한다) 중 1,884.45/3,377.6 지분에 관하여, 1998. 1. 23.자 매매예약을 원인으로 한 소유권이전청구권가등기를 마쳤고, 2003. 1. 2. 위 가등기에 기한 지분이전의 본등기를 마쳤다. 2) 원고는 1999. 4. 14. 이 사건 토지 중 297.55/3,377.6 지분에 관하여 1998. 2. 25.자 매매를 원인으로 한 지분일부이전등기를 마쳤다. 3) 원고는 2003. 1. 2. 이 사건 토지 중 85/3,377.6 지분에 관하여 2002. 11. 29.자 매매를 원인으로 한 지분전부이전등기를 마쳤고, 이로써 이 사건 토지 중 2,267",원문 참조,없음,"부동산, 토지, 건물, 임대차, 보증금, 매매, 매수, 매도, 매매계약, 매매대금, 계약금, 잔금",전문 원문: https://www.law.go.kr/LSW/precInfoP.do?precSeq=606345,civil_lease_definition,민법 제618조 임대차의 의의,civil_sale_effect|민법 제568조 매매의 효력; civil_lease_definition|민법 제618조 임대차의 의의
369,CASE_2025_00369,2023가합20283,증여계약에따른금원지급,수원지법,2025-07-09,민사,판결,1심,1. 원고들의 청구를 모두 기각한다. 2. 소송비용은 원고들이 부담한다.,"甲의 자녀 乙 등이 甲이 심장 수술 후 퇴원한 당일 찾아와 12시간 이상 휴식을 취하지 못하게 한 상태에서 다음 날 새벽 01:00경 ‘甲 소유 아파트 매도대금 전액과 차명재산, 해외계좌 등 추가 재산 발견 시 전 재산을 증여한다.’는 내용의 증여계약서를 작성하게 하였고, 이후 甲이 위 아파트를 매도하여 그 대금 일부로 오피스텔을 매수한 후, 乙 등을 유언대용신탁 수익자로 지정하자, 乙 등이 甲을 상대로 위 증여계약에 따라 위 아파트 매매대금 전액의 지급을 구한 사안에서, 위 증여계약은 선량한 풍속 기타 사회질서에 반하여 민법 제103조 에 따라 무효라고 보아 乙 등...","甲의 자녀 乙 등이 甲이 심장 수술 후 퇴원한 당일 찾아와 12시간 이상 휴식을 취하지 못하게 한 상태에서 다음 날 새벽 01:00경 ‘甲 소유 아파트 매도대금 전액과 차명재산, 해외계좌 등 추가 재산 발견 시 전 재산을 증여한다.’는 내용의 증여계약서를 작성하게 하였고, 이후 甲이 위 아파트를 매도하여 그 대금 일부로 오피스텔을 매수한 후, 乙 내지 乙 등의 자녀들을 유언대용신탁 수익자로 지정하자, 乙 등이 甲을 상대로 위 증여계약에 따라 위 아파트 매매대금 전액의 지급을 구한 사안이다. 甲은 수술 후 상당한 신체적 부담이 있었고, 진통제 등 복용하는 약물 등으로 인해 의식도 명료하지 않았는데, 이러한 상태의 甲이 퇴원 후 약 12시간 동안 어떠한 안정과 휴식도 취하지...","민법 제103조 , 제554조",없음,"부동산, 주택, 아파트, 오피스텔, 매매, 매수, 매도, 매매대금, 소유권이전, 등기, 가등기, 근저당",전문 원문: https://www.law.go.kr/LSW/precInfoP.do?precSeq=607819,civil_sale_effect,민법 제568조 매매의 효력,civil_sale_effect|민법 제568조 매매의 효력
370,CASE_2022_00370,2021나2038063,손해배상(기),서울고법,2022-05-20,민사,판결,2심,일부인용,"甲에게 부동산을 매도한 乙이 甲과의 사이에 진행된 소송에서 매매계약 계약해제 여부가 다투어지던 중 丙 등에게 위 부동산을 매도하고 소유권이전등기를 경료하자, 甲이 배임죄에 해당하는 위법한 부동산 이중매매라고 주장하며 乙에 대하여 불법행위 또는 소유권이전등기의무의 이행불능으로 인한 해제에 따른 손해배상 등을 구한 사안에서, 제반 사정을 종합하면 甲이 제출한 증거들만으로는 乙에게 배임의 불법행위책임이 인정된다고 보기는 어려우나, 乙의 甲에 대한 위 소유권이전등기의무는 이행불능에 빠졌다고 할 것이므로, 乙은 甲의 계약해제에 따른 원상회복 및 손해배상책임이 있다고 한 사례","甲에게 부동산을 매도한 乙이 甲과의 사이에 진행된 소송에서 매매계약 계약해제 여부가 다투어지던 중 丙 등에게 위 부동산을 매도하고 소유권이전등기를 경료하자, 甲이 배임죄에 해당하는 위법한 부동산 이중매매라고 주장하며 乙에 대하여 불법행위 또는 소유권이전등기의무의 이행불능으로 인한 해제에 따른 손해배상 등을 구한 사안이다. 소송 절차에서 甲과 乙 모두 계약해제를 주장한 경위에 비추어 乙로서는 丙 등과의 매매계약 당시 이미 甲과 乙 모두에게 매매계약의 구속력에서 벗어나려는 의사가 있었다고 생각할 수 있는 점, 제1심법원은 甲과 乙 사이에 체결한 부동산 매매계약이 합의해제되었음을 확인하는 화해권고결정을 하였는데, 위 화해권고결정의 내용 및 송달 경위 등에 비추어 乙로서는 丙 등...","민법 제103조 , 제186조 , 제398조 제1항 , 제3항 , 제543조 , 제546조 , 제551조 , 제568조 , 제750조",없음,"부동산, 토지, 임차권, 매매, 매수, 매도, 매매계약, 매매대금, 계약금, 중도금, 잔금, 소유권이전",전문 원문: https://www.law.go.kr/LSW/precInfoP.do?precSeq=231029,civil_sale_effect,민법 제568조 매매의 효력,civil_nonperformance_damages|민법 제390조 채무불이행 손해배상; civil_sale_effect|민법 제568조 매매의 효력
371,CASE_2025_00371,2024나2017784,납입금반환청구의소,서울고등법원,2025-05-16,민사,판결,2심,항소기각,"1. 피고의 항소를 기각한다. 2. 항소비용은 피고가 부담한다. 【청구취지 및 항소취지】 1. 청구취지 피고는 원고에게 350,082,900원 및 그 중 별지 표의 ‘납입금액’란 기재 각 돈에 대하여 별지 표의","』 ○ 제1심판결 제15쪽 제1행부터 제8행까지를 다음과 같이 고쳐 쓴다. 『 (1) 피고의 주장 이 사건 계약 제3조 제1항은 원고가 입주 시까지 주택법령상 지역주택조합원 자격을 유지하여야 하는 것으로 정하고 있음에도 원고가 그 이전에 지역주택조합원 자격요건인 세대주 자격을 상실하였으므로, 이 사건 계약 제8조 제2항 제1호에서 정한 해지사유가 발생하였고, 피고가 이 사건 항소이유서 부본 송달 또는 이 사건 계약 해지통보(내용증명) 배달 로 이 사건 계약을 해지하였다. 따라서 피고는 원고에게 위 업무대행비 20,000,000원 외에도 제8조 제3항 제1호에 따라 조합원분담금 총 금액 중 10%인 105,130,000원을 공제한 금액을",원문 참조,없음,"주택, 분양, 지역주택조합, 조합가입, 조합원, 납입금, 분담금, 업무대행비, 기각, 반환, 취소",전문 원문: https://www.law.go.kr/LSW/precInfoP.do?precSeq=616595,civil_sale_effect,민법 제568조 매매의 효력,civil_sale_effect|민법 제568조 매매의 효력
374,CASE_2025_00374,2024다242223,사해행위취소[배당요구 종기 이후 이루어진 경매 목적물 양도행위에 대하여 사해행위 취소 및 원상회복을 청구하는 사건],대법원,2025-08-14,민사,판결,상고심,파기환송,"부동산에 관한 법률행위가 사해행위로 인정되어 취소되고, 원물반환이 불가능하여 사해행위 목적물 가액 상당의 배상을 명하는 경우, 그 가액배상의 범위 / 경매개시결정에 따른 압류 등기가 마쳐진 부동산에 관한 매매 등 양도행위가 배당요구의 종기가 지난 후 이루어진 경우, 확정된 배당표에 의하여 채권자에게 지급하는 배당금 상당 부분은 집행비용과 함께 일반채권자의 공동담보로 되어 있지 않은 것이어서 가액배상의 범위를 정할 때 제외되어야 하는지 여부 (원칙적 적극)","어느 부동산에 관한 법률행위가 사해행위로 인정되어 취소되고, 원물반환의 불가능 등의 사정으로 원상회복의무의 이행으로서 사해행위 목적물 가액 상당의 배상을 명하는 경우, 일반채권자의 공동담보로 되어 있어 사해행위가 성립하는 범위 내에서 가액배상을 명하여야 한다. 따라서 가액배상의 범위를 정할 때 일반채권자의 공동담보로 되어 있지 않은 부분은 배상의 범위에서 제외되어야 한다. 이는 경매개시결정에 따른 압류 등기가 마쳐진 부동산에 관한 매매 등 양도행위가 사해행위로서 취소될 때에도 마찬가지이므로, 그 양도행위가 배당요구의 종기가 지난 후 이루어진 것이라면 확정된 배당표에 의하여 채권자에게 지급하는 배당금에 상당하는 부분은 집행비용과 함께 특별한 사정이 없는 한 일반채권자의 공동...","민법 제406조 제1항 , 제407조 , 민사집행법 제53조 제1항 , 제84조 , 제88조 제1항 , 제148조 제2호","대법원 2003. 12. 12. 선고 2003다40286 판결 (공2004상, 123)","부동산, 주택, 건물, 임차인, 매매, 매도, 매매계약, 소유권이전, 지역주택조합, 등기, 담보, 경매",전문 원문: https://www.law.go.kr/LSW/precInfoP.do?precSeq=608467,civil_lease_definition,민법 제618조 임대차의 의의,civil_sale_effect|민법 제568조 매매의 효력; civil_lease_definition|민법 제618조 임대차의 의의
375,CASE_2025_00375,2024다305384,사해행위취소[채권자취소권에 기하여 근저당권설정계약의 취소 및 원상회복을 청구하는 사건],대법원,2025-08-14,민사,판결,상고심,파기환송,"사해행위취소소송에서 수익자의 선의 여부를 판단하는 방법 / 수익자의 선의를 인정할 수 있는 경우 / 거래관계에 이르게 된 구체적인 경위나 거래관계의 특성 등을 고려하지 않은 채 거래조건 등이 일반적인 거래관행과 다르다는 사정만으로 해당 거래관계가 비합리적이거나 이례적이라고 단정할 수 있는지 여부 (소극) / 수익자가 사해행위 당시 채무자의 재산 상황을 적극적으로 조사하지 않았음을 이유로 수익자의 선의 주장을 쉽게 배척할 수 있는지 여부 (소극) 및 사해행위가 물적 담보 제공을 내용으로 하는 경우, 수익자가 담보물의 객관적인 담보가치를 신뢰하여 그 담보가액 범위 내의...","사해행위취소소송에서 수익자가 사해행위임을 몰랐다는 사실은 수익자 자신이 증명하여야 한다. 수익자의 선의 여부는 채무자와 수익자의 관계, 사해행위를 구성하는 법률행위의 내용과 그에 이르게 된 경위 또는 동기, 그 행위의 거래조건이 정상적이고 이를 의심할 만한 특별한 사정이 없으며 정상적인 거래관계임을 뒷받침할 만한 객관적인 자료가 있는지, 그 행위 이후의 정황 등 여러 사정을 종합적으로 고려하여 논리칙·경험칙에 비추어 합리적으로 판단하여야 한다. 예컨대, 수익자가 채무자와 친인척 관계 등 채무자의 재산 상황을 구체적으로 알 수 있는 특수한 관계에 있지 않다는 점, 수익자와 채무자의 거래관계가 그 내용과 경위 등에 비추어 정상적인 범위 내에 있고 수익자가 그 거래관계에 따른...",민법 제406조 제1항,"대법원 2007. 11. 29. 선고 2007다52430 판결 , 대법원 2008. 7. 10. 선고 2007다74621 판결 , 대법원 2023. 9. 21. 선고 2023다234553 판결 (공2023하, 1902)","부동산, 주택, 토지, 건물, 전세, 전세금, 전세권, 매매, 소유권이전, 소유권보존, 등기, 근저당",전문 원문: https://www.law.go.kr/LSW/precInfoP.do?precSeq=608469,civil_lease_definition,민법 제618조 임대차의 의의,civil_sale_effect|민법 제568조 매매의 효력; civil_lease_definition|민법 제618조 임대차의 의의
376,CASE_2024_00376,2023나18271,조합원지위확인,대구고등법원,2024-11-26,민사,판결,2심,항소기각,"1. 원고의 항소를 기각한다. 2. 이 법원에서 추가한 원고의 예비적 청구에 따라, 피고는 원고에게 118,106,850원과 이에 대하여 2018. 10. 12.부터 2024. 11. 26.까지는 연 5%, 그 다음","420조 본문에 따라 이를 그대로 인용한다(이하에서 사용하는 약어는 제1심판결에서와 같다). ○ 제1심판결 제3면 상단 박스 안 제3행의 ""이때 을은"" 다음에 ""조합원 자격이 자동으로 상실되며, 이 경우 을은""을 추가한다. ○ 제1심판결 제6면 제1행의 ""원고에게"" 뒤에 ""‘조합원 제명 절차에 따른 소명자료 제출 요청의 건’이라는 제목으로""를, 제8행의 ""발송하였다"" 뒤에 ""(이하 수성구청의 피고 조합원 자격에 관한 위 심사결과를 ‘수성구청 심사결과’라 한다)""를 각 추가한다. 2. 원고 주장의 요지 가. 주위적 청구 피고는 2018. 10. 10.까지 원고에게 제명사유인 조합원 의무 미이행에 대한 소명 기회를 부여하였으나, 원고로서는",원문 참조,없음,"주택, 아파트, 매수, 지역주택조합, 조합원, 납입금, 분담금, 업무대행비, 기각, 반환, 취소, 무효",전문 원문: https://www.law.go.kr/LSW/precInfoP.do?precSeq=607557,civil_sale_effect,민법 제568조 매매의 효력,civil_sale_effect|민법 제568조 매매의 효력
377,CASE_2025_00377,2022다311736,"임대차보증금[임대차보증금에서 위약벌 및 손해배상예정액을 공제하기로 약정한 임차인에 대해 회생절차가 개시된 경우, 임대인이 회생채권으로 주장할 수 있는 임대차보증금반환채권의 범위가 다투어진 사건]",대법원,2025-07-18,민사,판결,상고심,상고기각,"[1] 강행법규에 반하지 않는 공제약정의 효력 (유효) 및 이때 공제의 대상으로 약정하는 양 채권 사이에 견련성이 있어야 하는지 여부 (소극) / 공제약정을 한 당사자 일방에 대하여 회생절차가 개시된 경우, 견련성이 없는 양 채권 사이의 공제를 허용한 약정이 여전히 유효한지 여부 (소극) [2] 손해배상 예정을 약정한 채무자에 대하여 회생절차가 개시된 경우, 손해배상 예정액의 감액 여부를 판단하는 법원이 고려하여야 할 사항 [3] 甲 주식회사가 乙 은행으로부터 건물을 임차하면서 임대차계약에서 채무자 회생 및 파산에 관한 법률 제119조 에 근거하여 임차인의 관리인이...","[1] 계약자유의 원칙에 따라 당사자는 강행규정에 반하지 않는 한 공제에 관한 약정을 할 수 있으므로, 공제 요건을 어떻게 설정할 것인지, 공제 기준시점을 언제로 할 것인지, 공제의 의사표시가 별도로 필요한지 등을 자유롭게 정하여 당사자 사이에 그 효력을 발생시킬 수 있다. 이때 당사자가 공제의 대상으로 약정하는 양 채권 사이에 반드시 어떠한 견련성이 있어야 한다고 볼 수도 없다. 채무자 회생 및 파산에 관한 법률(이하 ‘채무자회생법’이라고 한다) 제145조 는, 회생채권자 또는 회생담보권자가 제한 없이 상계권을 행사함에 따라 회생계획에 의하지 않고 채무자로부터 우선하여 변제를 받음으로써 회생채권자 등 상호 간의 공평을 해하고 또 재정적 어려움으로 인하여 파탄에 직면해 있...","[1] 민법 제105조 , 채무자 회생 및 파산에 관한 법률 제145조 [2] 민법 제398조 제2항 [3] 민법 제105조 , 제398조 제2항 , 채무자 회생 및 파산에 관한 법률 제119조 제1항 , 제145조","[1] 대법원 2024. 8. 1. 선고 2024다227699 판결 (공2024하, 1574) / [2] 대법원 2018. 9. 13. 선고 2015다209347 판결 (공2018하, 1956), 대법원 2022. 7. 21. 선고 2018다248855, 248862 전원합의체 판결(공2022하, 1659)","토지, 건물, 임대차, 보증금, 임대인, 임차인, 임대차계약, 매도, 담보, 손해배상, 기각, 파기",전문 원문: https://www.law.go.kr/LSW/precInfoP.do?precSeq=607789,civil_lease_definition,민법 제618조 임대차의 의의,civil_nonperformance_damages|민법 제390조 채무불이행 손해배상; civil_sale_effect|민법 제568조 매매의 효력; civil_lease_definition|민법 제618조 임대차의 의의
378,CASE_2022_00378,"2019다300095, 300101",건물명도·보증금반환,대법원,2022-02-17,민사,판결,상고심,상고기각,"[1] 신탁계약의 내용이 신탁등기의 일부로 인정되는 신탁원부에 기재된 경우, 이로써 제3자에게 대항할 수 있는지 여부 (적극) [2] 위탁자인 甲 주식회사와 수탁자인 乙 신탁회사가 체결한 오피스텔에 관한 부동산담보신탁계약에는 ‘위탁자는 수탁자의 사전 승낙을 받아 위탁자의 명의로 신탁부동산을 임대한다.’는 조항이 있어 그 내용이 신탁원부에 기재되었고, 신탁을 원인으로 乙 회사 명의의 소유권이전등기가 마쳐진 후 乙 회사가 우선수익자로부터 ‘甲 회사의 임대차계약 체결에 동의하되, 수탁자는 보증금 반환에 책임이 없다.’는 취지의 동의서를 작성·교부받아 이를 甲 회사에 교부하...","수 있도록 신탁재산의 공시에 관한 독자적인 규정을 두고 있다. 구 신탁법(2011. 7. 25. 법률 제10924호로 전부 개정되기 전의 것) 제3조 제1항은 ""등기 또는 등록하여야 할 재산권에 관하여는 신탁은 그 등기 또는 등록을 함으로써 제3자에게 대항할 수 있다.""라고 정하고 있고, 구 부동산등기법(2007. 5. 17. 법률 제8435호로 개정되기 전의 것) 제123조, 제124조는 신탁의 등기를 신청하는 경우에는 ① 위탁자, 수탁자 및 수익자 등의 성명, 주소, ② 신탁의 목적, ③ 신탁재산의 관리 방법, ④ 신탁종료의 사유, ⑤ 기타 신탁의 조항을 기재한 서면을 그 신청서에 첨부하도록 하고 있고, 그 서면을 신탁원부로 보며 다","[1] 구 신탁법(2011. 7. 25. 법률 제10924호로 전부 개정되기 전의 것) 제3조 제1항 (현행 제4조 제1항 참조), 구 부동산등기법(2007. 5. 17. 법률 제8435호로 개정되기 전의 것) 제123조 (현행 제81조 제1항 참조), 제124조 (현행 제81조 제3항 참조) [2] 구 신탁법(2011. 7. 25. 법률 제10924호로 전부 개정되기 전의 것) 제3조 제1항 (현행 제4조 제1항 참조), 구 부동산등기법(2007. 5. 17. 법률 제8435호로 개정되기 전의...",[1] 대법원 2004. 4. 16. 선고 2002다12512 판결,"부동산, 주택, 오피스텔, 토지, 건물, 임대차, 보증금, 임대인, 임차인, 주택임대차, 임대차계약, 소유권이전",전문 원문: https://www.law.go.kr/LSW/precInfoP.do?precSeq=231467,civil_lease_definition,민법 제618조 임대차의 의의,civil_lease_definition|민법 제618조 임대차의 의의
379,CASE_2014_00379,"2013나20807(본소), 2013나20814(반소)",토지인도등·지상물매수청구,대전지방법원,2014-09-17,민사,판결,2심,일부인용,"7,201,000원 및 이에 대하여 2014. 9. 17.부터 다 갚는 날까지 연 20%의 비율로 계산한 돈을 지급하라. 나. 원고(반소피고)의 본소청구를 모두 기각한다. 2. 소송총비용은 원고(반소피고)가 부담한다. 3. 제1의 가항은 가집행할 수 있다. 【청구취지 및 항소취지】 1. 청구취지 가. 본소 피고(반소원고, 이하 ‘피고’라고만 한다)는 원고(반소피고, 이하 ‘원고’라고만 한다)에게 공주시 (주소 1 생략) 대 367㎡ 중 별지 도면 표시 3, 4, 5, 6, 7, 8, 3의 각 점을 차례로 연결한 선내 ㉮ 부분 117㎡ 및 (주소 2 생략) 임야 32,","야 32,231㎡(이하 위 각 토지를 합하여 ‘이 사건 각 토지’라 한다)에 관하여 각 대전지방법원 공주지원 2002. 4. 11. 접수 제8838호로 같은 날 매매를 원인으로 원고 앞으로 소유권이전등기가 되어 있는 사실, 피고가 이 사건 각 토지의 지상에 본소 청구취지 기재와 같이 시멘트벽돌조 스레트지붕 단층 건물 123㎡(이하 ‘이 사건 주택’이라 한다), 조립식 판넬 단층 건물 36㎡(이하 ‘이 사건 사찰’이라 하고, 위 각 건물을 합하여 ‘이 사건 각 건물’이라 한다)를 소유하고 있는 사실, 원고의 아버지 소외 2가 2013. 12. 12. 이후에 사망한 사실은 당사자 사이에 다툼이 없다. 2. 원, 피고의 주장 원고가 이 사건",원문 참조,없음,"부동산, 주택, 토지, 임야, 건물, 임대차, 임대차계약, 매매, 매수, 매매계약, 매매대금, 소유권이전",전문 원문: https://www.law.go.kr/LSW/precInfoP.do?precSeq=186025,civil_lease_definition,민법 제618조 임대차의 의의,civil_sale_effect|민법 제568조 매매의 효력; civil_lease_definition|민법 제618조 임대차의 의의
381,CASE_2011_00381,2010노3386,배임수재·배임증재·공인중개사의업무및부동산거래신고에관한법률위반,서울고등법원,2011-08-11,형사,판결,2심,항소기각,"변 호 인】 법무법인 청담 외 1인 【원심판결】 수원지방법원 2010. 11. 12. 선고 2010고합281 판결 【주 문】 검사의 피고인들에 대한 항소를 모두 기각한다. 【이 유】 1. 검사의 항소이유에 대한 판단 가. 배임수증재죄가 성립한다는 주장에 대하여 1) 항소이유의 요지 피고인 1, 2, 3은 공소외 1 주식회사(이하 ‘공소외 1 회사’라고 한다)의 사규 및 임대주택법상 분양절차에 위배하여 부정한 청탁을 받고 중개업자인 피고인 4, 5에게 특혜를 주고 재물을 취득한 것이므로 배임수증재죄가 성립함에도 불구하고, 이 부분 공소사실에 대하여 무죄를 선고한 원심판","1. 검사의 항소이유에 대한 판단 가. 배임수증재죄가 성립한다는 주장에 대하여 1) 항소이유의 요지 피고인 1, 2, 3은 공소외 1 주식회사(이하 ‘공소외 1 회사’라고 한다)의 사규 및 임대주택법상 분양절차에 위배하여 부정한 청탁을 받고 중개업자인 피고인 4, 5에게 특혜를 주고 재물을 취득한 것이므로 배임수증재죄가 성립함에도 불구하고, 이 부분 공소사실에 대하여 무죄를 선고한 원심판결에는 사실오인 또는 법리오해의 위법이 있다. 2) 원심의 판단 다음과 같은 제반 사정을 종합하면, 피고인들이 피고인 1, 2의 임무",원문 참조,없음,"부동산, 주택, 아파트, 임대차, 임차권, 임대인, 임차인, 임대차계약, 분양, 분양대금, 분양계약, 공인중개",전문 원문: https://www.law.go.kr/LSW/precInfoP.do?precSeq=172799,embezzlement_breach_of_trust,형법 제355조·제356조 횡령·배임,embezzlement_breach_of_trust|형법 제355조·제356조 횡령·배임; civil_sale_effect|민법 제568조 매매의 효력; civil_lease_definition|민법 제618조 임대차의 의의; real_estate_transaction_reporting_prohibition|부동산 거래신고 등에 관한 법률 제4조 금지행위; realtor_prohibited_acts|공인중개사법 제33조 금지행위
382,CASE_2017_00382,2015가단214120,배당이의,서울서부지법,2017-01-10,민사,판결,1심,1. 서울서부지방법원 2014타경10829 부동산임의경매사건에 관하여 위 법원이 2015. 3. 31. 작성한 배당표 중 피고...,"甲 주식회사가 乙 소유의 아파트에 근저당권설정등기를 마친 후 丙이 乙과 아파트임대차계약을 체결하고 확정일자를 받았는데, 그 후 아파트에 관하여 임의경매가 진행되어 소액임차인 丙에게 1순위로 매각대금을 배당하는 내용의 배당표가 작성되자 甲 회사가 이의한 사안에서, 丙은 아파트에 경매가 개시될 것을 충분히 예상하면서도 임대인 乙과 공모하여 부당한 이득을 취하기 위하여 임대차계약을 체결하였으므로 주택임대차보호법에서 보호하는 소액임차인에 해당하지 아니한다고 한 사례","甲 주식회사가 乙에 대한 대여금 채권의 담보를 위하여 乙 소유의 아파트에 근저당권설정등기를 마친 후 丙이 乙과 아파트임대차계약을 체결하고 확정일자를 받았는데, 그 후 아파트에 관하여 임의경매가 진행되어 소액임차인 丙에게 1순위로 매각대금을 배당하는 내용의 배당표가 작성되자 甲 회사가 이의한 사안에서, 임차인이 임차부동산에 선순위 담보물권이 있어 조기에 경매될 가능성이 높음을 알고서도 소액임대차보증금의 최우선 변제제도를 악용하여 소액의 임대차보증금만을 지급하고 부동산을 임차하고, 임대인 역시 임대차보증금을 지급받아 자신이 취득한 뒤 부동산이 경매되면 선순위 담보물권자가 배당받아야 할 금원에서 임대차보증금이 공제되도록 할 목적으로 부동산을 임대하는 경우에까지 주택임대차보호법...",주택임대차보호법 제8조,없음,"부동산, 주택, 아파트, 임대차, 전세, 보증금, 임차권, 임대인, 임차인, 주택임대차, 임대차계약, 잔금",전문 원문: https://www.law.go.kr/LSW/precInfoP.do?precSeq=184312,civil_lease_definition,민법 제618조 임대차의 의의,civil_sale_effect|민법 제568조 매매의 효력; civil_lease_definition|민법 제618조 임대차의 의의
383,CASE_2024_00383,2024다254523,분담금반환청구[자격상실 조합원이 지역주택조합에 납입한 분담금의 반환을 구하는 사건],대법원,2024-11-14,민사,판결,상고심,상고기각,"[1] 지역주택조합의 조합원에게 조합의 비용 중 일정 부분을 부담하도록 하기 위해서는 그와 같은 취지를 조합 규약이나 조합총회의 결의, 조합과 조합원 사이의 약정 등으로 미리 정하여야 하는지 여부 (적극) 및 이는 조합원의 지위 상실로 인한 분담금 환급절차에서 조합의 비용 중 일정 부분을 공제하는 경우도 마찬가지인지 여부 (적극) [2] 甲이 乙 지역주택조합에 가입한 다음 조합원 자격을 상실하였고, 이후 乙 조합에 납입한 분담금의 반환을 구하는 소를 제기하였는데, 조합가입계약 이후 조합원의 자격을 상실한 경우 납입금 환급청구권의 범위 및 시기를 정하기 위하여 적용되는...","[1] 지역주택조합과 조합원 사이의 법률관계는 근거 법령이나 조합 규약의 규정, 조합총회의 결의 또는 조합과 조합원 사이의 약정에 따라 규율되므로, 조합원에게 조합의 비용 중 일정 부분을 부담하도록 하기 위해서는 그와 같은 취지를 조합 규약이나 조합총회의 결의, 조합과 조합원 사이의 약정 등으로 미리 정해야 한다. 조합원의 지위 상실로 인한 분담금 환급절차에서 조합의 비용 중 일정 부분을 공제하는 경우도 마찬가지이다. [2] 甲이 乙 지역주택조합에 가입한 다음 조합원 자격을 상실하였고, 이후 乙 조합에 납입한 분담금의 반환을 구하는 소를 제기하였는데, 조합가입계약 이후 조합원의 자격을 상실한 경우 납입금 환급청구권의 범위 및 시기를 정하기 위하여 적용되는 규약이 문제 된...","[1] 주택법 제2조 제11호 (가)목 , 제11조 제7항 , 주택법 시행령 제21조 제1항 제1호 [2] 주택법 제2조 제11호 (가)목 , 제11조 제7항 , 주택법 시행령 제21조 제1항 제1호","[1] 대법원 2022. 2. 11. 선고 2021다282046, 282053 판결(공2022상, 549)","주택, 아파트, 계약금, 분양, 지역주택조합, 조합가입, 조합원, 납입금, 분담금, 업무대행비, 기각, 파기",전문 원문: https://www.law.go.kr/LSW/precInfoP.do?precSeq=242013,civil_sale_effect,민법 제568조 매매의 효력,civil_sale_effect|민법 제568조 매매의 효력
384,CASE_2025_00384,2024다248290,소유권이전청구권가등기말소절차이행등[부동산의 매매로 인한 소유권이전등기청구권의 양수인 앞으로 마쳐진 가등기 이전의 부기등기 및 가등기에 기한 본등기의 효력이 문제된 사건],대법원,2025-04-24,민사,판결,상고심,상고기각,"부동산의 매매로 인한 소유권이전등기청구권의 양도에서 양도인의 채무자에 대한 통지만으로 채무자에 대한 대항력이 생기는지 여부 (소극) 및 위 양도의 대항요건(=채무자의 동의나 승낙) / 등기가 실체관계에 부합한다고 하는 것의 의미 / 소유권이전등기청구권을 매수인으로부터 양도받은 양수인이 소유권이전청구권 가등기 이전의 부기등기를 마치고 가등기에 기한 본등기까지 마쳤으나 당초의 소유자 겸 매도인이 그 양도에 대하여 동의하거나 승낙하지 않은 경우, 위 가등기 이전의 부기등기 및 가등기에 기한 본등기가 실체관계에 부합하는 등기인지 여부 (소극)","채권은 양도할 수 있다. 그러나 채권의 성질이 양도를 허용하지 아니하는 때에는 그러하지 아니하다( 민법 제449조 제1항 ). 부동산의 매매로 인한 소유권이전등기청구권은 특별한 사정이 없는 이상 그 권리의 성질상 양도가 제한되고 그 양도에 채무자의 승낙이나 동의를 요하므로, 채무자의 승낙이나 동의가 없는 채권양도는 원칙적으로 효력이 없다. 따라서 통상의 채권양도와 달리 양도인의 채무자에 대한 통지만으로는 채무자에 대한 대항력이 생기지 않으며 반드시 채무자의 동의나 승낙을 받아야 대항력이 생긴다. 한편 등기가 실체관계에 부합한다고 하는 것은 그 등기절차에 어떤 하자가 있다고 하더라도 진실한 권리관계와 합치하는 것, 즉 소유권이전에서 등기이전절차만이 위법하고 그 외의 다른 법...","민법 제186조 , 제449조 제1항","대법원 1992. 8. 18. 선고 90다9452, 9469 판결(공1992, 2729), 대법원 1994. 6. 28. 선고 93다55777 판결 (공1994하, 2090), 대법원 1995. 8. 22. 선고 95다15575 판결 (공1995하, 3249), 대법원 2001. 10. 9. 선고 2000다51216 판결 (공2001하, 2425), 대법원 2002. 9. 24. 선고 2001다33017 판결, 대법원 2019. 12. 19. 선고 2016다24284 전원합의체 판결 (공2020상...","부동산, 매매, 매수, 매도, 매매대금, 소유권이전, 등기, 가등기, 기각, 반환, 무효, 권리관계",전문 원문: https://www.law.go.kr/LSW/precInfoP.do?precSeq=605943,civil_sale_effect,민법 제568조 매매의 효력,civil_sale_effect|민법 제568조 매매의 효력
385,CASE_2023_00385,2018다260565,사해행위취소,대법원,2023-09-27,민사,판결,상고심,"원심판결을 모두 파기하고, 사건을 전주지방법원에 환송한다.","[1] 부동산등기의 추정력 [2] 계약인수에 따른 법률관계 [3] 집합건물의 구분소유자들이 건물의 대지 중 일부 지분만 가지고 있고 구분소유자 아닌 대지공유자가 나머지 지분을 가진 경우, 구분소유자 중 자신의 전유부분 면적 비율에 상응하는 적정 대지지분보다 부족한 대지지분을 가진 구분소유자는 구분소유자 아닌 대지공유자에게 적정 대지지분에서 부족한 지분의 비율에 해당하는 차임 상당의 부당이득반환의무를 부담하는지 여부 (원칙적 적극)","상고이유를 판단한다. 1. 청구 변경의 적법 여부에 관하여 원심은 판시와 같은 이유로, 제1심에서 원고들이 소외 1에 대한 피보전채권을 근거로 사해행위취소 및 원상회복청구를 하였다가 항소심에서 동일한 채권을 근거로 소외 1을 대위하여 이 사건 가등기 및 소유권이전등기의 말소등기청구를 하는 것으로 청구를 변경한 것은 동일한 생활사실이나 경제이익에 관한 것으로서 분쟁의 해결방법만 달리하는 것에 불과하여 청구의 기초에 관한 동일성이 인정된다고 판단하였다. 원심판결 이유를 관련 법리 및 기록에 비추어 보면, 이러한 원심의 판단에 청구의 기초에 관한 동일성에 관한 법리를 오해함으로써 판결에 영향을 미친 잘못이 없다. 2. 보전의 필요성","[1] 민법 제186조 [2] 민법 제450조 , 제451조 , 제453조 , 제454조 [3] 집합건물의 소유 및 관리에 관한 법률 제2조 제5호 , 제6호 , 제12조 제1항 , 제20조 , 제21조 , 민법 제263조 , 제741조","[1] 대법원 2015. 10. 29. 선고 2012다84479 판결 (공2012하, 1099), 대법원 2019. 12. 27. 선고 2019다265635 판결 / [2] 대법원 2012. 5. 24. 선고 2009다88303 판결 (공2012하, 1099), 대법원 2020. 12. 10. 선고 2020다245958 판결 (공2021상, 212) / [3] 대법원 2022. 8. 25. 선고 2017다257067 전원합의체 판결 (공2022하, 1891), 대법원 2023. 9. 14. 선고...","부동산, 건물, 소유권이전, 공유지분, 분양, 등기, 가등기, 근저당, 저당권, 담보, 파기, 반환",전문 원문: https://www.law.go.kr/LSW/precInfoP.do?precSeq=240305,civil_sale_effect,민법 제568조 매매의 효력,civil_sale_effect|민법 제568조 매매의 효력
386,CASE_1974_00386,74도164,사기,대법원,1974-03-12,형사,판결,상고심,상고기각,경락허가된 부동산을 고지하지 않고 전세놓았을 경우 사기죄의 성립여부,제3자에게 경락허가결정이 된 부동산을 그런 사실을 묵비한채 전세를 놓았다면 경락허가 사실의 불고지는 사기죄에 해당한다.,형법 제347조,없음,"부동산, 아파트, 건물, 전세, 전세금, 매매, 매수, 매도, 등기, 근저당, 저당권, 담보",전문 원문: https://www.law.go.kr/LSW/precInfoP.do?precSeq=240371,criminal_fraud,형법 제347조 사기죄,criminal_fraud|형법 제347조 사기죄; civil_sale_effect|민법 제568조 매매의 효력; civil_lease_definition|민법 제618조 임대차의 의의
387,CASE_2025_00387,2023나65275,보증금,서울중앙지방법원,2025-05-23,민사,판결,2심,청구기각,"태삼) 【제1심판결】 서울중앙지방법원 2023. 9. 22. 선고 2022가단5118602 판결 【변론종결】 2025. 4. 18. 【주 문】 1. 제1심판결을 취소한다. 2. 원고의 청구를 기각한다. 3. 소송총비용은 원고가 부담한다. 【청구취지 및 항소취지】 청구취지 피고는 원고에게 2억 원 및 이에 대하여 2020. 5. 11.부터 2020. 7. 10.까지는 연 2.98%, 그다음 날부터 2020. 9. 14.까지는 연 2.212%, 그다음 날부터 소장 송달일까지는 연 6%, 그다음 날부터 갚는 날까지는 연 12%의 각 비율로 계산한 돈을 지급하라. 항소취지","심판결 이유 해당 부분 기재와 같으므로 민사소송법 제420조 본문에 따라 이를 그대로 인용한다. ""사. 소외 1은 2018. 7. 3. 소외 2에 대한 이 사건 임대차계약의 보증금반환채권을 피고에게 양도하였고, 2018. 7. 5. 소외 2에게 확정일자에 의한 채권양도 통지가 도달하였다. 그 후 소외 1은 2019. 12. 16. 이 사건 주택에 관하여 2019. 11. 4. 매매를 원인으로 하여 소유권이전등기를 마쳤다."" 2. 당사자들의 주장 이 법원이 이 부분에 설시할 이유는 제1심판결 6쪽 20행 다음에 아래 내용을 추가하는 이외에는 제1심판결 이유 해당 부분 기재와 같으므로 민사소송법 제420조 본문에 따라 이를 그대로 인용한다.",원문 참조,없음,"주택, 임대차, 전세, 보증금, 임차권, 임대인, 임차인, 주택임대차, 임대차계약, 매매, 소유권이전, 등기",전문 원문: https://www.law.go.kr/LSW/precInfoP.do?precSeq=616601,civil_lease_definition,민법 제618조 임대차의 의의,civil_sale_effect|민법 제568조 매매의 효력; civil_lease_definition|민법 제618조 임대차의 의의
388,CASE_2007_00388,2007노2173,사기·사문서위조·위조사문서행사·배임·자격모용사문서작성·자격모용작성사문서행사,대구지방법원,2007-11-01,형사,판결,2심,무죄,"선고 2006고단5378, 5609(병합), 6428(병합), 7006(병합), 7583(병합), 2007고단913(병합) 판결【주 문】 원심판결 중 유죄부분을 파기한다. 피고인을 징역 1년 6월에 처한다. 원심판결 선고 전의 구금일수 291일을 위 형에 산입한다. 원심판결 중 무죄부분에 대한 검사의 항소를 기각한다. 【이 유】 1. 항소이유의 요지 가. 검사의 법리오해 주장 대구 북구 매천동 (지번 1 생략) 소재 ‘ ○○부동산’의 대표는 피고인이 아니라 공소외 1임에도 불구하고 피고인이 이 사건 공소사실 기재와 같이 대구시 북구 매천동 (지번 2 생략) 대지 36","1임에도 불구하고 피고인이 이 사건 공소사실 기재와 같이 대구시 북구 매천동 (지번 2 생략) 대지 364㎡(110평) 및 판넬구조 사무실 53㎡에 대한 부동산매매계약서를 작성하면서 공인중개사란에 ‘ ○○부동산 대표 △△△(피고인의 이름)’으로 기재한 다음 그 이름 옆에 자신의 도장을 날인한 것은 ‘ ○○부동산’이라는 사무소 자체의 대표권 혹은 위 부동산 사무소의 실제 대표자인 공소외 1의 대표권을 모용한 것이다. 따라서 피고인에 대하여 자격모용사문서작성죄, 자격모용작성사문서행사죄로 유죄가 넉넉하게 인정된다. 그럼에도 불구하고 ‘ ○○부동산’은 부동산중개사사무소의 명칭에 불과할 뿐이어서, 피고인이 ‘ ○○부동산 대표 △△△’이라고 표시",원문 참조,없음,"부동산, 매매, 매매계약, 공인중개, 자격모용, 사기, 위조, 배임, 무죄, 기각, 파기",전문 원문: https://www.law.go.kr/LSW/precInfoP.do?precSeq=78811,embezzlement_breach_of_trust,형법 제355조·제356조 횡령·배임,criminal_fraud|형법 제347조 사기죄; embezzlement_breach_of_trust|형법 제355조·제356조 횡령·배임; civil_sale_effect|민법 제568조 매매의 효력; realtor_prohibited_acts|공인중개사법 제33조 금지행위
389,CASE_2007_00389,2006고단5378,사기·사문서위조·위조사문서행사·배임·자격모용사문서작성·자격모용작성사문서행사,대구지방법원,2007-06-29,형사,판결,1심,무죄,"일 【변 호 인】 변호사 박진 (국선) 【주 문】 피고인을 징역 2년에 처한다. 이 판결 선고 전의 구금일수 291일을 위 형에 산입한다. 이 사건 공소사실 중 자격모용사문서작성의 점과 자격모용작성사문서행사의 점은 각 무죄. 【이 유】 【범죄사실】 피고인은 일정한 직업이 없는 자인바, 1. 경북 칠곡군 동명면 남원리 (지번 1 생략) 답 985평의 소유자인 공소외 6으로부터 위 토지에 대한 매매위탁을 받은 것처럼 가장하여 피해자 공소외 7로부터 매매대금 명목으로 금전을 편취하기로 성명불상자와 공모한 후, 2004. 2. 23.경 대구 북구 매천동 (지번 3 생략) 소","】 【범죄사실】 피고인은 일정한 직업이 없는 자인바, 1. 경북 칠곡군 동명면 남원리 (지번 1 생략) 답 985평의 소유자인 공소외 6으로부터 위 토지에 대한 매매위탁을 받은 것처럼 가장하여 피해자 공소외 7로부터 매매대금 명목으로 금전을 편취하기로 성명불상자와 공모한 후, 2004. 2. 23.경 대구 북구 매천동 (지번 3 생략) 소재 (상호 생략)부동산중개소 사무실에서 피해자에게 피고인이 공소외 6으로부터 위 토지의 매매에 대한 위탁을 받았으며 위 성명불상자가 공소외 6의 아들이라고 거짓말한 다음, 가. 위 일시, 장소에서, 검정색 볼펜으로 그곳에 비치된 부동산매매계약서 용지의 부동산의 표시란에 ""경북 칠곡군 동명면 남원리 (지번",원문 참조,없음,"부동산, 토지, 임야, 건물, 매매, 매도, 매매계약, 매매대금, 계약금, 중도금, 잔금, 소유권이전",전문 원문: https://www.law.go.kr/LSW/precInfoP.do?precSeq=78822,embezzlement_breach_of_trust,형법 제355조·제356조 횡령·배임,criminal_fraud|형법 제347조 사기죄; embezzlement_breach_of_trust|형법 제355조·제356조 횡령·배임; civil_sale_effect|민법 제568조 매매의 효력
392,CASE_2025_00392,2021도1336,업무상횡령·사립학교법위반[사립대학교 총장이 변호사비용 등을 교비회계에서 지출한 경우 사립학교법위반죄와 업무상횡령죄의 성립 여부가 문제된 사건],대법원,2025-04-24,형사,판결,상고심,파기환송,"[1] 사립학교법이 학교법인의 회계를 분리하는 취지 및 특히 학교회계 중 교비회계의 다른 회계로의 전용을 금지하는 취지 [2] 사립학교법상 교비회계에서의 소송비용 지출은 학교의 운영 또는 교육과 관련이 있는 것 중에서도 일정 범위로 엄격하게 제한되어야 하는지 여부 (적극) / 변호사비용 등 소송비용을 교비회계에 속하는 수입에서 지출할 수 있는지 판단하는 기준 [3] 사립학교의 교비회계에 속하는 수입을 당해 학교의 교육에 직접 필요한 용도가 아닌 다른 용도에 사용한 경우, 횡령죄가 성립하는지 여부 (적극)","[1] 사립학교법은 사립학교의 특수성에 비추어 그 자주성을 확보하고 공공성을 높임으로써 사립학교의 건전한 발달을 도모함을 목적으로 하면서( 제1조 ), 학교법인의 회계를 그가 설치·경영하는 학교에 속하는 회계(이하 ‘학교회계’라 한다)와 법인의 업무에 속하는 회계(이하 ‘법인회계’라 한다)로 구분하고( 제29조 제1항 ), 학교회계 중 교비회계의 세입·세출에 관한 사항은 대통령령으로 정하도록 하며( 제29조 제2항 ), 교비회계에 속하는 수입이나 재산은 다른 회계에 전출·대여하거나 목적 외로 부정하게 사용할 수 없다고 규정하고 있다( 제29조 제6항 본문). 사립학교법 제29조 제2항 의 위임을 받은 같은 법 시행령 제13조 제2항 은 교비회계의 세출에 해당하는 경비를 다...","[1] 사립학교법 제1조 , 제29조 제1항 , 제2항 , 제6항 , 제73조 , 사립학교법 시행령 제13조 제2항 [2] 사립학교법 제2조 제2호 , 제29조 제2항 , 제6항 , 제73조 , 사립학교법 시행령 제13조 제2항 [3] 형법 제355조 제1항 , 제356조 , 사립학교법 제29조 제2항 , 제6항 , 사립학교법 시행령 제13조 제2항","[1][2][3] 대법원 2025. 4. 10. 선고 2021도8805 판결 (공2025상, 836) / [1] 헌법재판소 2023. 8. 31. 선고 2021헌바180 전원재판부 결정(헌공323, 1345) / [3] 대법원 2008. 2. 29. 선고 2007도9755 판결 (공2008상, 491)","건물, 보증금, 담보, 횡령, 불법행위, 파기, 무효",전문 원문: https://www.law.go.kr/LSW/precInfoP.do?precSeq=605973,embezzlement_breach_of_trust,형법 제355조·제356조 횡령·배임,embezzlement_breach_of_trust|형법 제355조·제356조 횡령·배임; civil_nonperformance_damages|민법 제390조 채무불이행 손해배상; civil_lease_definition|민법 제618조 임대차의 의의
393,CASE_1985_00393,84도300,사기·사문서위조·사문서위조행사·업무방해·횡령,대법원,1985-04-09,형사,판결,상고심,"원심판결중 유죄부분을 파기하고, 그 부분사건을 대전지방법원 합의부에 환송한다. 검사의 상고는 기각한다.",가. 임차인 소유물건의 취거를 방해한 임대인이 그 물건들을 제3자에게 임의 매각한 경우의 죄책 나. 업무를 준비하기 위한 일시적 사무를 방해하는 행위도 업무방해죄에 해당하는지 여부 (소극),"가. 임차인이 이사하면서 그가 소유하거나 타인으로부터 위탁받아 보관중이던 물건들을 임대인의 방해로 옮기지 못하고 그 임차공장내에 그대로 두었다면 임대인은 사무관리 또는 조리상 당연히 임차인을 위하여 위 물건들을 보관하는 지위에 있다 할 것이므로 임대인이 그 후 이를 임의로 매각하거나 반환을 거부하였다면 횡령죄를 구성한다. 나. 업무방해죄에 있어서 업무라 함은 직업 기타 계속적으로 종사하는 사무 또는 사업을 말하며 사람의 주된 업무뿐만 아니라 이에 밀접불가분의 부수적인 업무도 포함되나, 비닐가공공장을 경영하는 자가 공장을 이전하는 업무는 성질상 새로운 비닐가공업무를 준비하기 위한 일시적인 사무는 될지언정 이를 비닐가공업무에 부수한 계속성을 지닌 업무라고는 말할 수 없어 위...",가. 형법 제355조 제1항 나. 형법 제314조,없음,"부동산, 주택, 건물, 보증금, 임대인, 임차인, 등기, 근저당, 저당권, 담보, 경매, 사기",전문 원문: https://www.law.go.kr/LSW/precInfoP.do?precSeq=100370,embezzlement_breach_of_trust,형법 제355조·제356조 횡령·배임,criminal_fraud|형법 제347조 사기죄; embezzlement_breach_of_trust|형법 제355조·제356조 횡령·배임; civil_lease_definition|민법 제618조 임대차의 의의
394,CASE_2025_00394,2020다258657,소유권이전등기[회사정리절차에서 우선분양약정에 따른 소유권이전등기청구권의 미신고 면책 여부가 문제된 사건],대법원,2025-02-13,민사,판결,상고심,파기환송,"[1] 임대차계약에서 임차인이 임대인에게 매도를 청구하면 임차목적물에 관한 매매계약이 성립되는 것으로 약정한 경우, 이러한 매도청구권이 구 회사정리법 제102조 에서 정한 정리채권에 해당하는지 여부 (소극) [2] 정리절차개시 당시 매매계약을 체결할 권리가 존재하였고 정리절차가 개시된 이후 비로소 상대방의 권리행사에 의하여 매매계약이 성립되거나 장차 매매계약이 성립될 수 있어 아직 쌍방의 채무가 이행되지 아니한 경우, 구 회사정리법 제103조 및 제104조 가 유추적용되는지 여부 (적극) 및 이 경우 관리인이 선택권을 행사하지 아니한 채 정리절차가 종결되면 상대방의...","[1] 구 회사정리법(2005. 3. 31. 법률 제7428호 채무자 회생 및 파산에 관한 법률 부칙 제2조로 폐지, 이하 ‘구 회사정리법’이라 한다) 제102조 는 ‘회사에 대하여 정리절차개시 전의 원인으로 생긴 재산상의 청구권’을 정리채권으로 한다고 규정하였다. 임대차계약에서 임차인이 임대인에게 매도를 청구하면 임차목적물에 관한 매매계약이 성립되는 것으로 약정한 경우 이러한 매도청구권은 일방의 의사표시에 따라 매매계약이라는 새로운 법률관계를 형성하는 권리로서 일종의 형성권에 해당한다. 이러한 매도청구권은 그 행사를 통하여 재산상 청구권이 발생할 수 있을 뿐 그 자체가 재산상 청구권에 속하는 것은 아니므로 구 회사정리법 제102조 에서 규정한 정리채권에 해당하지 않는다....","[1] 구 회사정리법(2005. 3. 31. 법률 제7428호 채무자 회생 및 파산에 관한 법률 부칙 제2조로 폐지) 제102조 (현행 채무자 회생 및 파산에 관한 법률 제118조 제1호 참조) [2] 구 회사정리법(2005. 3. 31. 법률 제7428호 채무자 회생 및 파산에 관한 법률 부칙 제2조로 폐지) 제102조 (현행 채무자 회생 및 파산에 관한 법률 제118조 제1호 참조), 제103조 (현행 채무자 회생 및 파산에 관한 법률 제119조 참조), 제104조 (현행 채무자 회생 및 파산...","[2] 대법원 2000. 4. 11. 선고 99다60559 판결 (공2000상, 1180), 대법원 2007. 9. 6. 선고 2005다38263 판결 (공2007하, 1530)","건물, 임대목적물, 임대차, 보증금, 임차권, 임대인, 임차인, 임대차계약, 임차보증금, 매매, 매도, 매매계약",전문 원문: https://www.law.go.kr/LSW/precInfoP.do?precSeq=603547,civil_lease_definition,민법 제618조 임대차의 의의,civil_sale_effect|민법 제568조 매매의 효력; civil_lease_definition|민법 제618조 임대차의 의의
395,CASE_2024_00395,2024다232530,손해배상(기),대법원,2024-07-31,민사,판결,상고심,"원심판결 중 피고 패소 부분을 파기하고, 이 부분 사건을 서울남부지방법원에 환송한다.",임대인이 신규 임차인이 되려는 사람과 임대차계약 체결을 위한 협의 과정에서 철거·재건축 계획 및 그 시점을 고지하였다는 사정만으로 상가건물 임대차보호법 제10조의4 제1항 제4호 에서 정한 ‘권리금 회수 방해행위’에 해당한다고 볼 수 있는지 여부 (원칙적 소극) / 이는 임대인의 고지 내용에 같은 법 제10조 제1항 제7호 각 목 의 요건이 충족되지 않더라도 마찬가지인지 여부 (적극),"8. 4. 30. 피고와 서울 강서구 (이하 생략) 지상 건물(이하 ‘이 사건 건물’이라 한다) 1층 중 2호 및 3호(이하 ‘이 사건 점포’라 한다)에 관하여 임대차보증금 22,000,000원, 월 차임 2,600,000원, 임차기간 2018. 7. 1.부터 2019. 6. 30.까지로 정하여 임대차계약을 체결하였고, 2021. 6. 30. 위 임대차계약의 임차기간을 2021. 7. 1.부터 2022. 6. 30.까지로 연장하는 내용의 새로운 임대차계약(이하 ‘이 사건 임대차계약’이라 한다)을 체결하였으며, 2022. 7. 1. 이 사건 임대차계약에 관한 묵시적 갱신이 이루어졌다. 나. 원고는 이 사건 점포에서 음식점을 운영하던 중 2","상가건물 임대차보호법 제10조 제1항 , 제10조의3 , 제10조의4","대법원 2022. 8. 11. 선고 2022다202498 판결 (공2022하, 1847), 대법원 2022. 8. 31. 선고 2022다233607 판결","상가, 건물, 임대차, 보증금, 임대인, 임차인, 임대차계약, 손해배상, 파기, 해제",전문 원문: https://www.law.go.kr/LSW/precInfoP.do?precSeq=600407,civil_lease_definition,민법 제618조 임대차의 의의,civil_nonperformance_damages|민법 제390조 채무불이행 손해배상; civil_lease_definition|민법 제618조 임대차의 의의
396,CASE_2025_00396,2024나30641,소유권말소등기,서울중앙지방법원,2025-01-10,민사,판결,2심,1. 원고의 피고들에 대한 항소 및 이 법원에서 추가한 예비적 청구를 모두 기각한다. 2. 항소 제기 이후의 소송비용은 원고가...,"선고 2023가단5029570 판결 【변론종결】 2024. 12. 13. 【주 문】 1. 원고의 피고들에 대한 항소 및 이 법원에서 추가한 예비적 청구를 모두 기각한다. 2. 항소 제기 이후의 소송비용은 원고가 부담한다. 【청구취지 및 항소취지】 제1심 판결을 취소한다. 주위적으로, 피고 2는 피고 1에게 별지 목록 기재 부동산(이하 ‘이 사건 아파트’라고 한다)에 관하여 서울중앙지방법원 등기국 1996. 10. 24. 접수 제39786호로 마친 소유권이전등기의, 같은 등기국 2022. 4. 4. 접수 제50487호로 마친 소유권이전등기의 각 말소등기절차를 이행하고","의 이유 기재와 같으므로, 민사소송법 제420조 본문에 따라 이를 그대로 인용한다. 2. 원고가 이 법원에서 추가한 청구에 대한 판단 가. 원고의 주장 이 사건 아파트에 관하여 원고를 신탁자, 망인을 수탁자, 소외 회사를 매도인으로 하는 계약명의신탁약정이 체결되었다고 하더라도, 그러한 약정이 부동산실명법 이전에 이루어진 이상, 명의수탁자가 명의신탁자에게 반환해야 할 부당이득의 대상은 해당 부동산이므로, 피고 2는 원고에게 이 사건 아파트를 부당이득으로 반환해야 할 의무가 있다. 나. 판단 1) 부동산실명법 시행 전에 명의수탁자가 명의신탁약정에 따라 부동산에 관한 소유명의를 취득한 경우 위 법률 시행 후 같은 법 제11조 의 유예기간이 경",원문 참조,없음,"부동산, 아파트, 매도, 소유권이전, 소유권보존, 등기, 명의신탁, 명의수탁, 부동산실명법, 기각, 반환, 부당이득",전문 원문: https://www.law.go.kr/LSW/precInfoP.do?precSeq=608245,civil_sale_effect,민법 제568조 매매의 효력,civil_sale_effect|민법 제568조 매매의 효력
397,CASE_2022_00397,2021나31698,공제금등청구의소,서울중앙지방법원,2022-01-20,민사,판결,2심,항소기각,"1. 제1심 판결 중 피고 패소 부분을 취소하고, 그 취소 부분에 해당하는 원고들의 청구를 모두 기각한다. 2. 원고들의 항소를 모두 기각한다. 3. 소송 총비용(보조참가로 인한","○ 제1심 판결문 제5쪽 표 점유자 ‘소외 1’의 해당 점유부분 ‘(호수 1 생략)’를 ‘(호수 3 생략)’로 고친다. 2. 당사자들의 주장 가. 원고들의 주장 공인중개사인 ○○○, 소외 2는 이 사건 다가구주택의 가액, 선순위 근저당권 설정액, 다른 임차인의 임대보증금 등 보증금 반환에 중대한 영향을 미칠 수 있는 사항에 대하여 확인, 검토하여 중개의뢰한 원고들에게 정확하게 설명해 주어야 할 주의의무가 있음에도 불구하고 이를 게을리하였다. 이러한 공인중개사들의 과실로 인하여 원고 1은 임대차보증금 중 40,000,000원을, 원고 2는 임대차보증금 중 26,117,889원을 반환받지 못한 손해를 입었다. 따라서, ○○○, 소외 2와 이",원문 참조,없음,"부동산, 주택, 다가구, 중개대상물, 임대차, 보증금, 임차권, 임대인, 임차인, 임대차계약, 임차보증금, 공인중개",전문 원문: https://www.law.go.kr/LSW/precInfoP.do?precSeq=227787,realtor_prohibited_acts,공인중개사법 제33조 금지행위,civil_nonperformance_damages|민법 제390조 채무불이행 손해배상; civil_lease_definition|민법 제618조 임대차의 의의; realtor_prohibited_acts|공인중개사법 제33조 금지행위
398,CASE_2024_00398,2021다261704,수익금,대법원,2024-06-27,민사,판결,상고심,상고기각,"[1] 금전채권에 대한 압류가 채권의 발생원인인 법률관계에 대한 채무자의 처분까지 구속하는지 여부 (소극) [2] 금전채권자를 우선수익자로, 위탁자를 수익자로 하는 부동산 담보신탁에서 신탁부동산이 처분될 경우에 위탁자가 가지는 처분대금의 정산 후 잔여대금 채권이 압류된 이후에 위탁자가 다른 채권자를 우선수익자로 추가 지정하는 행위가 압류의 처분금지 효력에 반하는지 여부 (적극) [3] 압류의 처분금지 효력은 상대적인 것인지 여부 (적극) 및 채무자가 채권을 처분하기 전에 먼저 압류한 채권자에게 위 채권 처분으로 대항할 수 있는지 여부 (소극) [4] 부동산 담보신탁의...","[1] 금전채권에 대한 압류명령이 있으면 제3채무자는 채무자에 대한 지급이 금지되고, 채무자는 채권의 처분과 영수가 금지되므로( 민사집행법 제227조 제1항 ), 채무자는 채권을 소멸 또는 감소시키는 등의 행위를 할 수 없고 그와 같은 행위로 채권자에게 대항할 수 없다. 다만 채권의 발생원인인 법률관계에 대한 채무자의 처분까지도 구속하는 효력은 없다. [2] 위탁자가 금전채권을 담보하기 위하여 그 금전채권자를 우선수익자, 위탁자를 수익자로 하여 위탁자 소유의 부동산을 신탁법에 따라 수탁자에게 이전하면서 채무불이행 시에는 신탁부동산을 처분하여 수령한 대금으로 우선수익자에게 채권 금액 상당을 지급하고 나머지를 위탁자에게 반환하기로 하는 내용의 담보신탁을 한 경우, 신탁부동산의...","[1] 민사집행법 제227조 제1항 [2] 민사집행법 제227조 제1항 [3] 민사집행법 제227조 제1항 [4] 민사집행법 제227조 제1항 , 제3항 , 제229조 제2항 , 제4항 , 제232조 제1항 , 제235조 , 제248조 , 제252조 제2호","[1] 대법원 2015. 5. 14. 선고 2012다41359 판결 (공2015상, 783) / [3] 대법원 2003. 5. 30. 선고 2001다10748 판결 (공2003하, 1424), 대법원 2022. 1. 27. 선고 2017다256378 판결 (공2022상, 413)","부동산, 임대차, 보증금, 담보, 신탁부동산, 배당, 배당요구, 기각, 반환",전문 원문: https://www.law.go.kr/LSW/precInfoP.do?precSeq=240963,civil_lease_definition,민법 제618조 임대차의 의의,civil_nonperformance_damages|민법 제390조 채무불이행 손해배상; civil_lease_definition|민법 제618조 임대차의 의의
399,CASE_2016_00399,2015도20233,위조사문서행사·특정경제범죄가중처벌등에관한법률위반(사기)(피고인1에대하여일부인정된죄명:사기)·업무상횡령·특정경제범죄가중처벌등에관한법률위반(배임)·건설산업기본법위반·부동산실권리자명의등기에관한법률위반·특정경제범죄가중처벌등에관한법률위반(횡령)·사문서위조·정치자금법위반,대법원,2016-07-14,형사,판결,상고심,파기환송,"甲 주식회사의 실질적 운영자이자 乙 주식회사의 대표이사인 피고인 丙 및 피고인 丁 등이 공모하여, 甲 회사가 시행하고 乙 회사가 시공하는 아파트 중 임대아파트 부분의 신축과 관련하여 戊 은행에 임대주택건설자금 대출을 신청하면서 아파트 부지의 매매가격을 부풀린 매매계약서 등을 제출하는 방법으로 戊 은행을 기망하여 국민주택기금 대출금을 편취하였다는 내용으로 기소된 사안에서, 피고인들이 아파트 부지의 매매가격을 부풀린 매매계약서 등을 제출한 행위와 戊 은행의 대출 사이에 인과관계가 존재한다고 보기 어렵다고 한 사례","甲 주식회사의 실질적 운영자이자 乙 주식회사의 대표이사인 피고인 丙 및 피고인 丁 등이 공모하여, 甲 회사가 시행하고 乙 회사가 시공하는 아파트 중 임대아파트 부분의 신축과 관련하여 국민주택기금의 기금수탁자인 戊 은행에 국민주택기금을 재원으로 한 임대주택건설자금 대출을 신청하면서 아파트 부지의 매매가격을 부풀린 매매계약서 등을 제출하는 방법으로 戊 은행을 기망하여 국민주택기금 대출금을 편취하였다는 내용으로 기소된 사안에서, 戊 은행은 ‘호당 대출금액’과 임대아파트 세대수를 기준 삼아 전체 대출금액을 정하였고, ‘호당 대출금액’은 ‘호당 주택가격’, 즉 ‘호당 부지가격’과 ‘호당 건물가격’을 기초로 산정되는데, ‘호당 건물가격’은 戊 은행이 정한 표준건축비 단가를 적용하여...","형법 제17조 , 제30조 , 제347조 제1항 , 구 특정경제범죄 가중처벌 등에 관한 법률(2012. 2. 10. 법률 제11304호로 개정되기 전의 것) 제3조 제1항 제1호 , 형사소송법 제325조",없음,"부동산, 주택, 아파트, 건물, 보증금, 매매, 매매계약, 분양, 등기, 근저당, 저당권, 담보",전문 원문: https://www.law.go.kr/LSW/precInfoP.do?precSeq=183023,aggravated_economic_crime,특정경제범죄 가중처벌 등에 관한 법률 제3조,aggravated_economic_crime|특정경제범죄 가중처벌 등에 관한 법률 제3조; criminal_fraud|형법 제347조 사기죄; embezzlement_breach_of_trust|형법 제355조·제356조 횡령·배임; civil_fraud_duress|민법 제110조 사기·강박에 의한 의사표시; civil_sale_effect|민법 제568조 매매의 효력; civil_lease_definition|민법 제618조 임대차의 의의
400,CASE_2024_00400,"2021다235965, 235972",부당이득금·소유권이전등기,대법원,2024-06-27,민사,판결,상고심,상고기각,"집합건물의 구분소유자들이 건물의 대지 중 일부 지분만 가지고 있고 구분소유자 아닌 대지공유자가 나머지 지분을 가진 경우, 구분소유자 중 적정 대지지분을 갖지 않거나 부족하게 가진 사람만이 구분소유자 아닌 대지공유자에게 대지의 사용·수익에 따른 임료 상당의 부당이득반환의무를 지는지 여부 (적극) / 구분소유자 아닌 대지공유자가 여러 명인 경우, 각자가 부당이득반환을 청구할 수 있는 범위 및 적정 대지지분을 갖지 않거나 이에 미달하는 대지지분만을 가진 구분소유자가 여러 명인 경우, 각자가 부담하는 부당이득반환의무의 범위","들이 건물의 대지 중 일부 지분만 가지고 있고 구분소유자 아닌 대지 공유자가 나머지 지분을 가진 경우, 구분소유자 중 자신의 전유부분 면적 비율에 상응하는 대지 공유지분(이하 ‘적정 대지지분’이라 한다)을 갖지 않거나 부족하게 가진 사람만이 구분소유자 아닌 대지공유자에 대해 대지의 사용·수익에 따른 임료 상당의 부당이득을 반환할 의무를 진다 ( 대법원 2022. 8. 25. 선고 2017다257067 전원합의체 판결 , 대법원 2023. 9. 14. 선고 2016다12823 판결 등 참조). 이때 구분소유자 아닌 대지공유자가 여러 명인 경우에는 각각 대지 전체에 대한 임료 상당액 중 자신의 대지 공유지분권에 상응하는 범위에서 부당이득반환","집합건물의 소유 및 관리에 관한 법률 제2조 제5호 , 제6호 , 제12조 제1항 , 제20조 , 제21조 , 민법 제263조 , 제741조","대법원 2022. 8. 25. 선고 2017다257067 전원합의체 판결 , 대법원 2023. 9. 14. 선고 2016다12823 판결 (공2023하, 1794)","아파트, 건물, 대지권, 매수, 소유권이전, 공유지분, 분양, 등기, 가등기, 기각, 파기, 반환",전문 원문: https://www.law.go.kr/LSW/precInfoP.do?precSeq=241935,civil_sale_effect,민법 제568조 매매의 효력,civil_sale_effect|민법 제568조 매매의 효력
401,CASE_2017_00401,2016노2092,사기·사문서위조(일부변경된죄명자격모용사문서작성)·위조사문서행사(일부변경된죄명자격모용작성사문서행사),대전지방법원,2017-08-24,형사,판결,2심,무죄,"호 인】 법무법인 새녘 담당변호사 최원경 【원심판결】 대전지방법원 천안지원 2016. 7. 5. 선고 2016고단253 판결 【주 문】 원심판결 중 유죄 부분을 파기한다. 피고인을 징역 1년에 처한다. 다만, 이 판결 확정일부터 2년간 위 형의 집행을 유예한다. 피고인에게 120시간의 사회봉사를 명한다. 원심판결 중 무죄 부분에 대한 검사의 항소를 기각한다. 【이 유】 1. 항소이유의 요지 가. 피고인 원심의 형(징역 1년 6월, 집행유예 2년, 보호관찰, 사회봉사명령 120시간)은 너무 무거워서 부당하다. 나. 검사 1) 사실오인 및 법리오해 이 사건 공소사실 중","형(징역 1년 6월, 집행유예 2년, 보호관찰, 사회봉사명령 120시간)은 너무 무거워서 부당하다. 나. 검사 1) 사실오인 및 법리오해 이 사건 공소사실 중 자격모용사문서작성 및 자격모용작성사문서행사의 점과 관련하여, 피고인이 공소외 2와의 부동산 임대차(전세)계약서상 임대인란에 ‘○○(피고인)’이라고 기재한 것은 ○○의 대표자 또는 대리인 자격을 모용한 것으로 해석할 수 있다. 자격모용사문서작성죄의 성립에 있어 모용한 자격이 작출한 문서에 반드시 표기되어야 하는 것은 아니다. 그런데도 원심은 이와 다른 전제에서 이 부분 공소사실을 무죄로 판단하였으니, 원심판결에는 사실을 오인하고 자격모용사문서작성죄의 법리를 오해하여 판결에 영향을",원문 참조,없음,"부동산, 임대차, 전세, 보증금, 임대인, 임대차계약, 자격모용, 사기, 편취, 위조, 무죄, 기각",전문 원문: https://www.law.go.kr/LSW/precInfoP.do?precSeq=197817,criminal_fraud,형법 제347조 사기죄,criminal_fraud|형법 제347조 사기죄; civil_lease_definition|민법 제618조 임대차의 의의
402,CASE_2024_00402,2021다300593,소유권이전등기,대법원,2024-12-12,민사,판결,상고심,파기환송,"甲이 아버지 乙의 사망으로 乙 소유 부동산에 관하여 상속 등을 원인으로 소유권이전등기와 소유권보존등기를 마쳤는데, 다른 공동상속인 丙 등이 위 등기가 허위의 보증서 등으로 마쳐진 원인무효의 등기라고 주장하면서 甲을 상대로 위 등기의 말소를 구하는 소를 제기하여 위 등기를 말소한다는 내용의 조정이 성립되었으나, 甲의 채권자인 신용보증기금이 위 부동산에 관하여 가압류등기를 하였고, 이후 위 부동산에 관하여 강제경매를 신청하여 배당금을 지급받은 사안에서, 강제경매절차로 위 부동산이 매각되어 매수인에게 소유권이전등기가 마쳐졌다는 사정만으로는 丙 등에게 손해가 발생하였다고 보...",3의 자녀들로서 공동상속인들이다. 나. 소외 1은 망 소외 2의 소유이던 원심 별지 목록 기재 각 부동산(이하 ‘이 사건 부동산’이라 한다)에 관하여 「부동산 소유권이전등기 등에 관한 특별조치법」에 따라 상속 등을 원인으로 하여 자신의 명의로 소유권이전등기와 소유권보존등기를 마쳤다. 다. 원고들과 망 소외 3은 위 소외 1 명의의 소유권이전등기와 소유권보존등기가 허위의 보증서 등으로 마쳐진 원인무효의 등기라고 주장하면서 소외 1을 상대로 위 각 등기의 말소를 구하는 소를 제기하였다. 그 소송에서 ‘소외 1은 원고들과 망 소외 3에게 이 사건 부동산에 관한 소외 1 명의의 소유권이전등기와 소유권보존등기의 말소등기절차를 이행한다.’는 내용,민법 제741조,없음,"부동산, 매수, 소유권이전, 소유권보존, 등기, 경매, 배당, 허위, 파기, 반환, 부당이득, 무효",전문 원문: https://www.law.go.kr/LSW/precInfoP.do?precSeq=609419,civil_sale_effect,민법 제568조 매매의 효력,civil_sale_effect|민법 제568조 매매의 효력
403,CASE_2016_00403,2013가합15848,배당이의등,부산지방법원,2016-08-11,민사,판결,1심,1. 피고 ○○○를 제외한 나머지 피고들과 주식회사 홍익이 별지 부동산목록 기재 각 부동산에 관하여 2012. 4. 2. 체결...,"6. 6. 23. 【주 문】 1. 피고 ○○○를 제외한 나머지 피고들과 주식회사 홍익이 별지 부동산목록 기재 각 부동산에 관하여 2012. 4. 2. 체결한 각 근저당권설정계약을 각 취소한다. 2. 부산지방법원 2012타경19115, 11609(병합), 2013타경6369(중복) 부동산임의경매 사건에서 이 법원이 2013. 9. 5. 작성한 배당표 중 피고 ○○○를 제외한 나머지 피고들에 대한 별지 피고들 배당표 기재 각 배당액을 각 0원으로, 원고 7을 제외한 나머지 원고들에 대한 별지 원고들 배당표 종전배당액란 기재 각 배당액을 같은 표 인용금액란 기재 해당 금액","(이하 이 사건 각 부동산이라고 한다)으로 구분되어 집합건물이 되었다. 이하 ‘이 사건 건물’이라 한다] 중 일부에 관하여 아래 [표1] 기재와 같은 내용의 각 임대차계약을 체결하고, 같은 표 지급일자란 기재 해당 날짜에 소외 회사에게 지급금액란 기재 해당 금액의 임차보증금을 지급하였다. [표1] 원고계약일자임차보증금(천 원)지급일자지급금액(천 원)임차 부분/용도12011. 6. 22.200,0002011. 6. 22.100,00010층/식당2011. 7. 10.100,000합계200,00022010. 12. 21.500,0002010. 12. 21.100,0001층/약국2011. 1. 25.150,000합계250,00032011. 1.",원문 참조,없음,"부동산, 상가, 건물, 임대차, 보증금, 임차권, 임차인, 임대차계약, 임차보증금, 계약금, 등기, 근저당",전문 원문: https://www.law.go.kr/LSW/precInfoP.do?precSeq=217217,civil_lease_definition,민법 제618조 임대차의 의의,civil_sale_effect|민법 제568조 매매의 효력; civil_lease_definition|민법 제618조 임대차의 의의
404,CASE_1993_00404,93도1435,"특정경제범죄가중처벌등에관한법률위반(사기),특정경제범죄가중처벌등에관한법률위반(재산국외도피),공문서위조,공문서위조및자격모용공문서작성,공문서위조행사,공도화변조,공도화변조행사,사기,사문서위조,사문서위조행사",대법원,1993-07-27,형사,판결,상고심,상고기각,가. 검사 작성의 피의자신문조서의 증거능력과 임의성 유무의 판단기준 나. 공모공동정범에 있어서 공모관계의 성립요건 다. 자격모용에 의한 문서작성죄의 성립요건 라. 도화사본이 도화변조의 객체가 되는지 여부,"가. 피고인이 된 피의자에 대한 검사 작성의 피의자신문조서는 그 피고인의 공판정에서의 진술 등에 의하여 성립의 진정함이 인정되면 그 조서에 기재된 피고인의 진술이 임의로 한 것이 아니라고 특히 의심할 만한 사유가 없는 한 증거능력이 있는 것이고, 피고인이 그 진술을 임의로 한 것이 아니라고 다투는 경우에는 법원은 구체적인 사건에 따라 당해 조서의 형식과 내용, 피고인의 학력, 경력, 직업, 사회적 지위, 지능정도 등 제반 사정을 참작하여 자유로운 심증으로 피고인이 그 진술을 임의로 한 것인지의 여부를 판단하면 된다. 나. 2인 이상이 공모하여 범죄에 공동 가공하는 공범관계에 있어서 공모는 법률상 어떤 정형을 요구하는 것이 아니고 범죄를 실현하려는 의사의 결합만 있으면 되는...","가. 형사소송법 제312조 제1항 , 제309조 나. 형법 제30조 다. 제226조 , 제229조 라. 제225조 , 제229조","가. 대법원 1991.7.26. 선고 91도1270 판결(공1991,2281) , 1992.2.28. 선고 91도2337 판결(공1992,1215) , 1993.2.23. 선고 92도2972 판결(공1993,1114) / 나.라. 1992.11.27. 선고 92도2226 판결(공1993,316) / 나. 1992.8.18. 선고 92도1244 판결(공1992,2799) , 1993.4.23. 선고 92도2628 판결(공1993,1616) , 1993.7.13. 선고 92도2832 판결(공1993,...","부동산, 매매, 매도, 매매계약, 자격모용, 사기, 기망, 편취, 위조, 기각",전문 원문: https://www.law.go.kr/LSW/precInfoP.do?precSeq=123499,aggravated_economic_crime,특정경제범죄 가중처벌 등에 관한 법률 제3조,aggravated_economic_crime|특정경제범죄 가중처벌 등에 관한 법률 제3조; criminal_fraud|형법 제347조 사기죄; civil_fraud_duress|민법 제110조 사기·강박에 의한 의사표시; civil_sale_effect|민법 제568조 매매의 효력
405,CASE_2021_00405,2018다287898,공제금등청구의소,대법원,2021-11-25,민사,판결,상고심,상고기각,"공인중개사법에서 정한 중개업자 甲이 乙에게 다가구주택 일부를 임차하는 임대차계약을 중개하면서 잔여 세대수와 먼저 체결된 임대차계약의 보증금 등을 제대로 고지하지 않았는데, 그 후 개시된 경매절차에서 乙이 다른 소액임차인 등 보다 후순위에 있어 임대차보증금을 배당받지 못한 사안에서, 甲이 중개대상물에 관한 확인·설명의무를 위반하였으나, 실제 보증금과 잘못 고지된 보증금의 차이, 위 건물의 시가, 선순위 우선변제권 있는 채권액 등 여러 사정을 종합하면, 甲의 확인·설명의무 위반과 乙이 임대차보증금을 회수하지 못한 손해 사이에 상당인과관계가 있음이 증명되었다고 보기 어렵다...","다음 제출된 준비서면들은 이를 보충하는 범위에서)를 판단한다. 1. 원심판결 이유와 기록에 따르면 다음 사실을 알 수 있다. 가. 원고는 2012. 9. 5. 공인중개사법에 의한 중개업자인 소외 1의 중개로 소외 2로부터 그 소유의 총 11가구로 구성된 다가구주택인 이 사건 건물 중 (호수 1 생략)에 관하여 보증금을 90,000,000원, 임대차기간을 2012. 10. 10.부터 2014. 10. 10.까지로 정하여 임차하는 임대차계약(이하 ‘이 사건 임대차계약’이라 한다)을 체결하였다. 나. 이 사건 임대차계약 당시 이 사건 건물과 그 대지에 관하여 채권최고액 390,000,000원인 근저당권, 이 사건 건물 중 (호수 2 생략),","공인중개사법 제25조 , 제30조 , 공인중개사법 시행령 제21조 , 공인중개사법 시행규칙 제16조",없음,"주택, 건물, 다가구, 중개대상물, 임대차, 전세, 보증금, 전세금, 임대인, 임차인, 전세권, 월세",전문 원문: https://www.law.go.kr/LSW/precInfoP.do?precSeq=228525,realtor_prohibited_acts,공인중개사법 제33조 금지행위,civil_nonperformance_damages|민법 제390조 채무불이행 손해배상; civil_lease_definition|민법 제618조 임대차의 의의; realtor_prohibited_acts|공인중개사법 제33조 금지행위
406,CASE_2025_00406,2024다315046,차임증액[임대차계약이 갱신되었는지 여부가 문제된 사건],대법원,2025-03-13,민사,판결,상고심,"원심판결 중 피고 패소 부분을 파기하고, 이 부분 사건을 춘천지방법원에 환송한다.",민법 제639조 제1항 에 따라 임대차계약의 갱신에 임대인이 이의를 하는 방법 및 묵시적 또는 조건부 이의가 있다고 볼 수 있는 경우 / 임대차기간 만료 후 민법 제628조 에서 정한 차임증액청구권을 행사하였다는 사정만으로 임대인이 더 이상 임대차관계를 지속하지 않겠다는 의사에 기하여 민법 제639조 제1항 의 이의를 하였다고 볼 수 있는지 여부 (소극),"민법 제639조 제1항 본문은 ""임대차기간이 만료한 후 임차인이 임차물의 사용·수익을 계속하는 경우에 임대인이 상당한 기간 내에 이의를 하지 아니한 때에는 전 임대차와 동일한 조건으로 다시 임대차한 것으로 본다.""라고 규정하고 있다. 이때 임대인의 이의는 명시적으로뿐만 아니라 묵시적으로도 할 수 있고, 차임을 증액하지 않으면 임대차관계를 지속하지 않겠다는 것과 같이 조건부로도 할 수 있다. 다만 임차인의 신뢰를 보호하기 위한 위 규정의 취지에 비추어 볼 때, 묵시적 또는 조건부 이의가 있다고 보기 위해서는 더 이상 임대차관계를 지속하지 않겠다는 임대인의 의사를 객관적으로 추단할 만한 사정이 있어야 한다. 한편 민법 제628조 의 차임증액청구권은 임대차계약이 존속하고 있음을...","민법 제628조 , 제639조 제1항",없음,"상가, 건물, 임대차, 보증금, 임대인, 임차인, 임대차계약, 파기, 부당이득, 취소",전문 원문: https://www.law.go.kr/LSW/precInfoP.do?precSeq=605077,civil_lease_definition,민법 제618조 임대차의 의의,civil_lease_definition|민법 제618조 임대차의 의의
407,CASE_2010_00407,2009다73905,임대차보증금반환,대법원,2010-02-11,민사,판결,상고심,상고기각,"부동산 매수인이 근저당채무 등 그 부동산에 결부된 부담을 인수하고 그 채무액을 매매대금에서 공제하기로 약정한 경우, 그 약정이 이행인수인지 병존적 채무인수인지의 판별 기준","에 대한 이 사건 대여금채무를 병존적으로 인수하였다는 점에 부합하는 듯한 일부 증거는 믿지 아니하고 달리 이를 인정할 증거가 없으며, 오히려 ① 원고는 이 사건 매매계약서(기록 39쪽의 갑 제4호증)에 기재된 ‘ 피고 2, 제1심 공동피고 3 지분의 관련된 채권 채무’는 피고 2나 제1심 공동피고 3의 채무로서 피고 1이 병존적으로 채무인수한 것이라는 취지로 주장하나, 첫째 피고 2의 지분에 관하여 설정된 근저당권자 소외 1의 피담보채무자는 제1심 공동피고 4로 피고 1이 인수할 피고 2나 제1심 공동피고 3의 채무가 존재하지 않고, 둘째 제1심 공동피고 3의 지분에 관하여 설정된 근저당권자 피고 1의 피담보채무자 역시 제1심 공동피고","민법 제105조 , 제454조 , 제539조","대법원 1997. 10. 24. 선고 97다28698 판결 (공1997하, 3602), 대법원 2008. 3. 13. 선고 2007다54627 판결 (공2008상, 523)","부동산, 임대차, 보증금, 임대차계약, 매매, 매수, 매도, 매매계약, 매매대금, 등기, 근저당, 저당권",전문 원문: https://www.law.go.kr/LSW/precInfoP.do?precSeq=143893,civil_lease_definition,민법 제618조 임대차의 의의,civil_sale_effect|민법 제568조 매매의 효력; civil_lease_definition|민법 제618조 임대차의 의의
408,CASE_2016_00408,2015가합537290,배당이의,서울중앙지방법원,2016-04-22,민사,판결,1심,청구기각,"2016. 4. 1. 【주 문】 1. 가. 별지 목록 기재 각 부동산에 관하여, 파워씨즌 주식회사와 피고 6 사이에 2010. 12. 30. 체결된 근저당권설정계약을 취소하고, 나. 별지 목록 제2항 기재 부동산에 관하여, 1) 파워씨즌 주식회사와 피고 유한회사 블루스카이솔라 사이에 2012. 8. 15. 체결된 임대차계약을 취소하고, 2) 파워씨즌 주식회사와 피고 영등포구햇빛발전소 주식회사 사이에 2013. 8. 1. 체결한 임대차계약을 취소하고, 3) 파워씨즌 주식회사와 피고 3 사이에 2012. 4. 1. 체결한 임대차계약을 취소하고, 4) 파워씨즌","취득하였다. 2) 유한회사 케이앤엘에너지(이하 ‘케이앤엘에너지’라고 한다)는 2011. 1. 5. 파워씨즌으로부터 이 사건 각 부동산 중 1/10 지분에 관한 소유권이전등기를 경료받았다. 나. 원고의 물품대금채권 1) 원고는 파워씨즌과 ㉠ 2010. 2. 12. 대금 6억 2,100만 원(부가가치세 별도)에 태양광모듈(다결정 220W) 300kW에 관한 물품공급계약을, ㉡ 2010. 3. 19. 대금 7억 2,450만 원(부가가치세 별도)에 태양광모듈(다결정 220W) 350kW에 관한 물품공급계약을 각 체결하고, 각 그 무렵 물품 공급 의무를 이행하였다. 2) 원고는 2011. 10. 4. 파워씨즌에 대한 위 물품대금채권의 집행보전을",원문 참조,없음,"부동산, 토지, 건물, 임대차, 보증금, 임차인, 임대차계약, 임차보증금, 소유권이전, 등기, 근저당, 저당권",전문 원문: https://www.law.go.kr/LSW/precInfoP.do?precSeq=217219,civil_lease_definition,민법 제618조 임대차의 의의,civil_lease_definition|민법 제618조 임대차의 의의
409,CASE_2017_00409,2017나24336,배당이의,대구고법,2017-12-27,민사,판결,2심,항소기각,"개인사업체를 운영하는 甲이 신용보증기금과 신용보증약정을 체결할 때 乙이 甲의 신용보증기금에 부담할 구상금채무 등의 지급을 연대보증하면서 乙 소유의 부동산에 관하여 신용보증기금 앞으로 근저당권을 설정해 주었고, 그 후 신용보증사고가 발생하여 신용보증기금이 이를 대위변제한 후 위 근저당권에 기하여 부동산임의경매를 신청하였는데, 경매절차 진행 중 甲이 신용보증기금에 대한 구상금채무를 감경하여 분할 변제하는 내용의 개인회생 변제계획인가결정을 받은 사안에서, 甲이 개인회생절차에서 변제계획인가결정을 받았을 뿐 변제계획에 의한 변제를 완료하지 않아 아직 면책결정을 받지 않은 이상...","개인사업체를 운영하는 甲이 신용보증기금과 신용보증약정을 체결할 때 乙이 甲의 신용보증기금에 부담할 구상금채무 등의 지급을 연대보증하면서 乙 소유의 부동산에 관하여 신용보증기금 앞으로 근저당권을 설정해 주었고, 그 후 신용보증사고가 발생하여 신용보증기금이 이를 대위변제한 후 위 근저당권에 기하여 부동산임의경매를 신청하였는데, 경매절차 진행 중 甲이 신용보증기금에 대한 구상금채무를 감경하여 분할 변제하는 내용의 개인회생 변제계획인가결정을 받은 사안에서, 개인회생절차의 경우 회생절차와는 달리 면책결정이 확정되지 않는 한 변제계획인가결정만으로는 주채무의 감경 또는 면제의 효과가 발생하지 않으므로, 주채무자에 대하여 개인회생절차가 진행되는 경우에는 개인회생 변제계획인가결정이 있은...","신용보증기금법 제30조의3 , 채무자 회생 및 파산에 관한 법률 제251조 , 제615조 제1항 , 제624조 , 제625조 제1항 , 제3항",없음,"부동산, 주택, 건물, 다세대, 임대차, 전세, 보증금, 임차인, 임대차계약, 근저당, 저당권, 담보",전문 원문: https://www.law.go.kr/LSW/precInfoP.do?precSeq=193360,civil_lease_definition,민법 제618조 임대차의 의의,civil_lease_definition|민법 제618조 임대차의 의의
410,CASE_2010_00410,2009다66990,건물명도,대법원,2010-01-28,민사,판결,상고심,파기환송,건물신축도급계약에서 신축건물의 소유권을 도급인에게 귀속시키기로 합의한 경우 그 건물의 소유권이 도급인에게 원시적으로 귀속되는지 여부 (적극) 및 신축건물이 집합건물로서 여러 사람이 공동 건축주가 되어 위와 같은 도급계약을 체결한 경우 그 집합건물의 각 전유부분 소유권의 귀속관계를 결정하는 기준(=공동 건축주들의 약정),"신축건물의 소유권은 원칙적으로 자기의 노력과 재료를 들여 이를 건축한 사람이 원시적으로 취득하는 것이나, 건물신축도급계약에서 수급인이 자기의 노력과 재료를 들여 건물을 완성하더라도 도급인과 수급인 사이에 도급인 명의로 건축허가를 받아 소유권보존등기를 하기로 하는 등 완성된 건물의 소유권을 도급인에게 귀속시키기로 합의한 경우에는 그 건물의 소유권은 도급인에게 원시적으로 귀속되고, 이때 신축건물이 집합건물로서 여러 사람이 공동으로 건축주가 되어 도급계약을 체결한 것이라면, 그 집합건물의 각 전유부분 소유권이 누구에게 원시적으로 귀속되느냐는 공동 건축주들 사이의 약정에 따라야 한다.","민법 제105조 , 제187조 , 제664조","대법원 2005. 11. 25. 선고 2004다36352 판결 (공2006상, 14)","주택, 토지, 건물, 임대차, 보증금, 임대인, 임대차계약, 매수, 소유권이전, 소유권보존, 등기, 파기",전문 원문: https://www.law.go.kr/LSW/precInfoP.do?precSeq=215505,civil_lease_definition,민법 제618조 임대차의 의의,civil_sale_effect|민법 제568조 매매의 효력; civil_lease_definition|민법 제618조 임대차의 의의
411,CASE_2023_00411,"2021가합51715(본소), 2023가합51139(반소)",매매대금반환·매매대금,대전지방법원 서산지원,2023-08-10,민사,판결,1심,일부인용,"다 갚는 날까지 연 12%의 각 비율에 의한 금원을 지급하라. 2. 원고(반소피고)의 피고들에 대한 본소 청구와 피고(반소원고) 1의 나머지 반소 청구를 모두 기각한다. 3. 소송비용은 본소와 반소를 합하여 원고(반소피고)와 피고 2 사이에 생긴 부분은 원고(반소피고)가 부담하고, 원고(반소피고)와 피고(반소원고) 1 사이에 생긴 부분 중 95%는 원고(반소피고)가, 나머지는 피고(반소원고) 1이 각 부담한다. 4. 제1항은 가집행할 수 있다. 【청구취지】 본소: 피고(반소원고) 1과 피고 2는 연대하여 원고(반소피고)에게 253,470,978원 및 위 금원 중 2","2018. 1. 30.경 말레이시아국 회사 ‘소외 1 회사’로부터 말레이시아국 ○○○주△△△△ 소재 (명칭 및 지번 생략 이하 ‘이 사건 부동산’이라 한다)을 분양받았고(이하 위 계약을 ‘이 사건 분양계약’이라 한다), 2018. 3. 19.경 그 분양대금을 완납하였다. 나. 원고(반소피고, 이하 ‘원고’라 한다)는 2019. 10. 17.경 피고(반소원고) 1로부터 이 사건 부동산을 매매대금 1,015,956RM(말레이시아 링깃화, 이하 ‘RM’이라 한다)에 매수하기로 하고, 같은 날 위 매매대금 중 계약금 783,929RM을 지급하였고, 잔금 중 116,013RM은 2020. 4. 17., 나머지 116,014RM은 2020. 10",원문 참조,없음,"부동산, 주택, 아파트, 건물, 임차권, 매매, 매수, 매도, 매매계약, 매매대금, 계약금, 잔금",전문 원문: https://www.law.go.kr/LSW/precInfoP.do?precSeq=607185,civil_sale_effect,민법 제568조 매매의 효력,civil_sale_effect|민법 제568조 매매의 효력
412,CASE_2025_00412,2025다211156,임대차보증금,대법원,2025-07-16,민사,판결,상고심,파기환송,"주관적·예비적 공동소송에서 일부 공동소송인에 관하여만 판결을 하거나 남겨진 자를 위하여 추가판결을 하는 것이 허용되는지 여부 (소극) 및 주위적 공동소송인과 예비적 공동소송인 중 어느 한 사람이 상소를 제기한 경우, 상소심의 심판대상","상고이유를 판단한다. 1. 불법행위의 성립에 관한 상고이유에 대하여(제2 상고이유) 원심은 판시와 같은 이유로, 피고 1이 임차인 소외인 등과 공모하여 원고가 소외인에게서 양수한 임대차보증금반환채권의 회수를 방해하는 불법행위를 하였다고 인정하기 어렵다고 판단하였다. 이 부분 원심판결 이유를 관련 법리와 기록에 비추어 살펴보면, 위와 같은 원심의 판단에 상고이유 주장과 같이 불법행위의 성립에 관하여 필요한 심리를 다하지 않음으로써 판결에 영향을 미친 잘못이 없다. 2. 주관적·예비적 공동소송에 관한 상고이유","민사소송법 제67조 제1항 , 제2항 , 제70조","대법원 2011. 2. 24. 선고 2009다43355 판결 (공2011상, 632)","부동산, 주택, 임대차, 보증금, 임대인, 임차인, 주택임대차, 손해배상, 불법행위, 기각, 파기, 반환",전문 원문: https://www.law.go.kr/LSW/precInfoP.do?precSeq=614039,civil_lease_definition,민법 제618조 임대차의 의의,civil_nonperformance_damages|민법 제390조 채무불이행 손해배상; civil_lease_definition|민법 제618조 임대차의 의의
413,CASE_2017_00413,2016나21592,소유권말소등기,부산고등법원(창원),2017-08-24,민사,판결,2심,1. 이 법원에서 확장한 원고의 청구를 포함하여 제1심판결을 아래와 같이 변경한다. 가. 원고의 이 사건 소를 각하한다. 나....,"날부터 다 갚는 날까지는 연 15%의 각 비율로 계산한 돈을 지급하되, 위 돈의 지급은 공탁의 방법으로 하여야 한다. 다. 원고승계참가인들의 나머지 청구를 모두 기각한다. 2. 소송총비용 중 원고와 피고 사이에 생긴 부분은 원고와 피고가 각자 부담하고, 원고승계참가인들과 피고 사이에 생긴 부분의 1/10은 원고승계참가인들이, 나머지는 피고가 각 부담한다. 3. 제1의 나항은 가집행할 수 있다. 【청구취지 및 항소취지】 1. 청구취지 주위적으로, 피고는 원고에게 별지 목록 기재 건물에 관하여 창원지방법원 2005. 9. 1. 접수 제79206호로 마친 소유권이전등기의","1. 이 법원의 심판범위 원고는 제1심에서 주위적으로 별지 목록 기재 건물(이하 ‘이 사건 건물’이라 한다)에 관한 소유권이전등기말소를, 예비적으로 가등기담보 등에 관한 법률(이하 ‘가등기담보법’이라 한다)에 따른 청산금 372,013,334원의 지급을 구하였고, 원고승계참가인들(이하 원고승계참가인을 ‘참가인’이라 한다)은 원고의 청산금채권을 피압류채권으로 하여 추심금을 청구하였는데, 제1심법원은 원고의 주위적 청구를 기각하고, 예비적 청구를 일부 인용하였으며, 참가인들의 청구를 전부 인용하였다. 이에 대하여 원고는 예비적 청구 패소 부분 중 일부에 대해서, 피고는 원고 및 참가인들의 청구 중",원문 참조,없음,"건물, 매매, 매수, 소유권이전, 등기, 가등기, 근저당, 저당권, 담보, 기각, 반환, 취소",전문 원문: https://www.law.go.kr/LSW/precInfoP.do?precSeq=221045,civil_sale_effect,민법 제568조 매매의 효력,civil_sale_effect|민법 제568조 매매의 효력
414,CASE_2015_00414,2014가단43900,배당이의,인천지방법원 부천지원,2015-04-29,민사,판결,1심,1. 원고의 청구를 모두 기각한다. 2. 소송비용은 원고가 부담한다.,"】 주식회사 ○○○ (소송대리인 법무법인 열린 담당변호사 정충진 외 1인) 【피 고】 피고 【변론종결】 2015. 4. 1. 【주 문】 1. 원고의 청구를 모두 기각한다. 2. 소송비용은 원고가 부담한다. 【청구취지】 ①주위적으로, 인천지방법원 부천지원 2014타경937 부동산경매사건에 관하여 2014. 10. 24. 작성된 배당표 중 피고에 대한 배당액 19,231,104원을 삭제하고 원고에 대한 배당액 7,702,890원을 26,933,994원으로 경정한다는 판결. ②예비적으로, 피고와 소외 1 사이에 별지 목록 기재 부동산(이하 ‘이 사건 주택’이라고 한다)에","1. 기초사실 가. 원고는 2012. 11. 21. 소외 1 소유의 이 사건 주택에 관하여 채권최고액 95,500,119원의 근저당권을 설정받아 근저당권자로 등기하였고, 피고는 재외국민(대한민국 국적 뉴질랜드 교포)으로서 2013. 9. 30. 이 사건 주택을 국내거소로 신고하였다. 나. 이 사건 주택에 관하여 1순위 근저당권자인 소외 2 은행의 신청에 따라 2014. 1. 13. 청구취지 기재 경매절차가 개시되었다. 원고는 근저당권자로서 배당요구하였고(배당요구 채권액 88,073,765원), 피고는 임차인으로서 배당요구하였다(배당요구 채권액 2,500만 원). 다. 이 사건 주택은 위 경매절차에서 2",원문 참조,없음,"부동산, 주택, 아파트, 토지, 임차주택, 임대차, 보증금, 임차인, 주택임대차, 임대차계약, 임차보증금, 매매",전문 원문: https://www.law.go.kr/LSW/precInfoP.do?precSeq=207196,civil_lease_definition,민법 제618조 임대차의 의의,civil_sale_effect|민법 제568조 매매의 효력; civil_lease_definition|민법 제618조 임대차의 의의
415,CASE_2020_00415,2019도14340,특정경제범죄가중처벌등에관한법률위반(배임),대법원,2020-06-18,형사,판결,상고심,파기환송,"[1] 채무자가 금전채무를 담보하기 위한 저당권설정계약에 따라 채권자에게 그 소유의 부동산에 관하여 저당권을 설정할 의무를 부담하게 된 경우, 채권자에 대한 관계에서 ‘타인의 사무를 처리하는 자’에 해당하는지 여부 (소극) / 이때 채무자가 제3자에게 먼저 담보물에 관한 저당권을 설정하거나 담보물을 양도하는 등으로 담보가치를 감소 또는 상실시켜 채권자의 채권실현에 위험을 초래하는 경우, 배임죄가 성립하는지 여부 (소극) / 위와 같은 법리는, 채무자가 금전채무에 대한 담보로 부동산에 관하여 양도담보설정계약을 체결하고 이에 따라 채권자에게 소유권이전등기를 해 줄 의무가...","[1] [다수의견] 채무자가 금전채무를 담보하기 위한 저당권설정계약에 따라 채권자에게 그 소유의 부동산에 관하여 저당권을 설정할 의무를 부담하게 되었다고 하더라도, 이를 들어 채무자가 통상의 계약에서 이루어지는 이익대립관계를 넘어서 채권자와의 신임관계에 기초하여 채권자의 사무를 맡아 처리하는 것으로 볼 수 없다. 채무자가 저당권설정계약에 따라 채권자에 대하여 부담하는 저당권을 설정할 의무는 계약에 따라 부담하게 된 채무자 자신의 의무이다. 채무자가 위와 같은 의무를 이행하는 것은 채무자 자신의 사무에 해당할 뿐이므로, 채무자를 채권자에 대한 관계에서 ‘타인의 사무를 처리하는 자’라고 할 수 없다. 따라서 채무자가 제3자에게 먼저 담보물에 관한 저당권을 설정하거나 담보물을...","[1] 형법 제355조 제2항 [2] 형법 제355조 제2항 , 구 특정경제범죄 가중처벌 등에 관한 법률(2017. 12. 19. 법률 제15256호로 개정되기 전의 것) 제3조 제1항 제2호 , 민법 제357조 제1항 , 형사소송법 제325조","[1] 대법원 2008. 3. 27. 선고 2007도9328 판결(공2008상, 639)(변경) , 대법원 2011. 11. 10. 선고 2011도11224 판결(변경)","부동산, 아파트, 전세, 전세권, 매매, 매수, 매도, 매매대금, 계약금, 중도금, 잔금, 소유권이전",전문 원문: https://www.law.go.kr/LSW/precInfoP.do?precSeq=226421,aggravated_economic_crime,특정경제범죄 가중처벌 등에 관한 법률 제3조,aggravated_economic_crime|특정경제범죄 가중처벌 등에 관한 법률 제3조; embezzlement_breach_of_trust|형법 제355조·제356조 횡령·배임; civil_sale_effect|민법 제568조 매매의 효력; civil_lease_definition|민법 제618조 임대차의 의의
416,CASE_2021_00416,2021다260671,건물등철거,대법원,2021-12-10,민사,판결,상고심,"원심판결 중 원심판결 별지 1 목록 제3, 4항 기재 건물과 토지에 관한 주위적 청구 중 원고승계참가인 패소 부분 및 위 건물...","[1] 임대차계약 종료 시 임차인에게 계약갱신요구권과 지상물매수청구권을 부여한 취지 및 임차인의 지상물매수청구가 허용되기 위해서는 임대인에게 지상물을 매수한 후 이를 자유롭게 사용·처분할 수 있는 권리가 보장되어야 하는지 여부 (적극) / 재산권 행사를 제한하는 위와 같은 예외적 강행규정은 엄격하게 해석하여야 하는지 여부 (적극) [2] 甲이 처제인 乙에게 자신이 소유한 토지의 일부를 임대하면서 그 지상에 조립식 건물을 건축하여 음식점을 운영할 수 있도록 하자, 乙이 그 무렵 분할된 위 토지 부분에 단층 건물을 신축하여 소유권보존등기를 한 다음 식당을 운영하였는데,...","상고이유를 판단한다. 1. 원심은, 임차인인 피고 소유의 원심판결 별지 1 목록 제3, 4항 기재 건물(이하 ‘이 사건 건물’이라 한다)이 임대 토지의 경계를 벗어나 걸쳐 있는 토지 부분이 모두 임대인인 원고의 소유에 속하므로, 이 사건 건물에 관해 매수청구가 허용되더라도 원고로서는 그에 관한 철거나 손해배상의 의무를 부담할 염려가 없고 이 사건 건물과 부지를 자유롭게 사용·처분할 수 있어 원고의 재산권 행사에 지나친 제약이 되기 어렵다고 보아 피고의 건물매수청구가 허용된다고 판단하여, 이 사건 건물의 철거 및 토","[1] 민법 제283조 , 제642조 [2] 민법 제283조 , 제642조","[1] 대법원 1996. 3. 21. 선고 93다42634 전원합의체 판결 (공1996상, 1109)","토지, 건물, 임대목적물, 임대차, 임대인, 임차인, 임대차계약, 매매, 매수, 매매대금, 소유권이전, 소유권보존",전문 원문: https://www.law.go.kr/LSW/precInfoP.do?precSeq=230719,civil_lease_definition,민법 제618조 임대차의 의의,civil_nonperformance_damages|민법 제390조 채무불이행 손해배상; civil_sale_effect|민법 제568조 매매의 효력; civil_lease_definition|민법 제618조 임대차의 의의
417,CASE_2004_00417,2003나15166,점포명도·임대차보증금반환,서울중앙지방법원,2004-11-16,민사,판결,2심,항소기각,"소), 54855(반소) 판결 【변론종결】 2004. 10. 19. 【주 문】 1. 제1심 판결 중 다음에서 인용하는 부분에 해당하는 원고(반소피고) 패소부분을 취소한다. 가. 피고(반소원고)는 원고(반소피고)에게 ⑴ ㈎ 별지 목록 2번 기재 좌판을 취거하고, ㈏ 1,474,657원 및 2001. 10. 21.부터 위 좌판 취거완료일까지 월 20만 원의 비율에 의한 금원을 각 지급하고, ⑵ 12,279,452원을 지급하라. 나. 피고(반소원고)의 반소청구를 기각한다. 2. 원고(반소피고)의 나머지 항소를 기각한다. 3. 당심에서의 참가승계신청에 기하여, 가. 피고(반","1. 기초사실 본소와 반소를 함께 본다. 가. 이 사건 점포의 소유관계 및 임대차관계 ⑴ 서울 중구 황학동 중앙시장 내에 위치한 이 사건 점포는 원래 망 주철순이 1967. 12. 5. 김사홍으로부터 매수하여 이를 임대하는 등으로 사용하다가 1974. 10. 15.에 1973. 7. 30.자 매매를 원인으로 하여 소유권이전등기를 경료하였고, 그 후 위 주철순이 사망하면서 이를 부인인 원고에게 1997. 6. 9. 유증함에 따라 1997. 10. 15. 이 사건 점포에 관하여 원고의 명의로 위 유증을 원인으로 한 소유권이전등기가 경료되었다. ⑵ 서울 중구",원문 참조,없음,"부동산, 상가, 임대차, 보증금, 임대인, 임대차계약, 임차보증금, 매매, 매수, 매도, 소유권이전, 중개업자",전문 원문: https://www.law.go.kr/LSW/precInfoP.do?precSeq=78039,realtor_prohibited_acts,공인중개사법 제33조 금지행위,civil_sale_effect|민법 제568조 매매의 효력; civil_lease_definition|민법 제618조 임대차의 의의; realtor_prohibited_acts|공인중개사법 제33조 금지행위
419,CASE_2021_00419,2020가단5104753,공제금등청구의소,서울중앙지방법원,2021-05-12,민사,판결,1심,일부인용,"1. 피고는 원고 1에게 8,000,000원, 원고 2에게 5,223,577원과 각 이에 대하여 2020. 7. 7.부터 2021. 5. 12.까지는 연 5%의, 그 다음날부터 다 갚는 날까지는 연 12%의 각 비율로 계산한 돈을 지급하라. 2. 원고들의 각 나머지 청구를","구 (주소 생략) 지상 5층 19세대 다가구주택(이하 ‘이 사건 다가구주택’이라 한다)의 소유자였는데, 2017. 5. 26. 소외 4에게 이 사건 다가구주택을 매도하였고, 소외 4는 같은 해 6. 28. 제53617호로 소유권이전등기를 마쳤다. 피고보조참가인과 소외 2는 공인중개사이고, 피고는 피고보조참가인, 소외 2가 가입해 있는 부동산공제조합이다. 나. 원고 1의 임대차계약 1) 원고 1은 2017. 1. 31. 피고보조참가인의 중개로 소외 3과 사이에 이 사건 다가구주택 (호수 2 생략)에 관하여 임대차보증금 60,000,000원, 임대차기간 2017. 2. 11.부터 2019. 2. 10.(24개월)까지로 하는 임대차계약(이하",원문 참조,없음,"부동산, 주택, 토지, 다가구, 중개대상물, 임대차, 보증금, 임차권, 임대인, 임차인, 임대차계약, 임차보증금",전문 원문: https://www.law.go.kr/LSW/precInfoP.do?precSeq=227803,realtor_prohibited_acts,공인중개사법 제33조 금지행위,civil_nonperformance_damages|민법 제390조 채무불이행 손해배상; civil_lease_definition|민법 제618조 임대차의 의의; realtor_prohibited_acts|공인중개사법 제33조 금지행위
420,CASE_2021_00420,2018다268538,전세권근저당권설정등기말소,대법원,2021-12-30,민사,판결,상고심,파기환송,"[1] 당사자가 주로 채권담보의 목적으로 전세권을 설정하면서 목적물을 인도하지 않은 경우, 장차 전세권자가 목적물을 사용·수익하는 것을 완전히 배제하지 않는 한 전세권이 유효한지 여부 (적극) 및 기존의 채권으로 전세금 지급을 대신할 수 있는지 여부 (적극) [2] 임대인과 임차인이 임대차계약에 따른 임대차보증금반환채권을 담보할 목적으로 전세권을 설정하기 위하여 전세권설정계약을 체결한 경우, 위 전세권설정계약이 임대차계약과 양립할 수 없는 범위에서 통정허위표시에 해당하여 무효인지 여부 (적극) / 이때 임대인이 전세권설정계약에 의하여 형성된 법률관계에 기초하여 새로이...","[1] 전세권이 용익물권적 성격과 담보물권적 성격을 모두 갖추고 있고, 목적물의 인도는 전세권의 성립요건이 아닌 점 등에 비추어 볼 때, 당사자가 주로 채권담보의 목적으로 전세권을 설정하였고, 그 설정과 동시에 목적물을 인도하지 아니한 경우라 하더라도, 장차 전세권자가 목적물을 사용·수익하는 것을 완전히 배제하는 것이 아니라면 그 전세권의 효력을 부인할 수는 없다. 전세금의 지급은 전세권 성립의 요소가 되는 것이지만 그렇다고 하여 전세금의 지급이 반드시 현실적으로 수수되어야만 하는 것은 아니고 기존의 채권으로 전세금 지급을 대신할 수도 있다. [2] 임대차계약에 따른 임대차보증금반환채권을 담보할 목적으로 임대인과 임차인 사이의 합의에 따라 임차인 명의로 전세권설정등기를 마...","[1] 민법 제303조 제1항 [2] 민법 제108조 , 제303조 제1항 , 제371조 , 제618조 [3] 민법 제303조 제1항 , 제342조 , 제370조 , 제371조 , 제498조 , 제618조 , 민사집행법 제273조","[1] 대법원 1995. 2. 10. 선고 94다18508 판결 (공1995상, 1293) / [2] 대법원 2005. 9. 28. 선고 2005다8323, 8330 판결 (공2005하, 1677), 대법원 2008. 3. 13. 선고 2006다29372, 29389 판결 (공2008상, 503), 대법원 2013. 2. 15. 선고 2012다49292 판결 (공2013상, 469) / [3] 대법원 2004. 6. 25. 선고 2003다46260, 53879 판결, 대법원 2014. 10. 27...","상가, 임대차, 전세, 보증금, 전세금, 임대인, 임차인, 전세권, 임대차계약, 등기, 근저당, 저당권",전문 원문: https://www.law.go.kr/LSW/precInfoP.do?precSeq=219763,civil_lease_definition,민법 제618조 임대차의 의의,civil_lease_definition|민법 제618조 임대차의 의의
421,CASE_2024_00421,2024다232523,소유권이전등기말소청구등[소유권이전등기청구권의 소멸시효 완성 후 이루어진 소유권이전등기에 대하여 원인무효임을 이유로 말소를 구할 수 있는지 여부가 문제된 사건],대법원,2024-10-31,민사,판결,상고심,상고기각,"[1] 등기가 실체관계에 부합한다고 하는 것의 의미 및 원인 없이 이루어진 무효의 소유권이전등기라고 하더라도 그 등기가 다른 사정에 의하여 실체관계에 부합하게 되면 유효한 것이 되는지 여부 (적극) [2] 소멸시효에서 시효기간 만료의 효과 및 시효의 이익을 받는 자가 소송에서 소멸시효의 주장을 하지 않은 경우, 그 의사에 반하여 재판할 수 있는지 여부 (소극) / 소멸시효 완성으로 소유권이전등기청구권이 소멸한 상태에서 소유권이전등기가 이루어졌고 그 시효의 이익을 받는 자가 소송에서 이러한 소멸시효의 주장까지 한 경우, 그 소유권이전등기는 말소되어야 하는지 여부 (적극...","[1] 소유권이전등기절차의 이행을 명하는 판결은 등기신청 의사의 진술을 명하는 것으로서 그 판결이 확정되면 확정 시에 채무자의 의사표시가 있는 것으로 본다( 민사집행법 제263조 제1항 ). 의사표시를 명하는 집행권원의 집행이 채권자의 반대의무와 동시이행관계에 있는 때와 같이 반대의무가 이행된 뒤에 의사를 진술할 것인 경우에는 집행문을 내어준 때에 그 효력이 생긴다( 같은 조 제2항 ). 등기가 실체관계에 부합한다고 하는 것은 그 등기절차에 어떤 하자가 있다고 하더라도 진실한 권리관계와 합치하는 것, 즉 소유권이전에서 등기이전절차만이 위법하고 그 외의 다른 법률행위는 적법·유효한 상태로 소유권이전등기청구권을 가지고 있는 경우를 말하고, 원인 없이 이루어진 무효의 소유권이전...","[1] 민사집행법 제263조 , 민법 제186조 [2] 민법 제166조","[1] 대법원 1994. 6. 28. 선고 93다55777 판결 (공1994하, 2090), 대법원 2002. 3. 29. 선고 2001다81801 판결, 대법원 2002. 9. 24. 선고 2001다33017 판결, 대법원 2022. 9. 29. 선고 2020다293773 판결 / [2] 대법원 1991. 7. 26. 선고 91다5631 판결 (공1991, 2244)","부동산, 주택, 매매, 매도, 매매계약, 매매대금, 소유권이전, 등기, 기각, 파기, 무효, 권리관계",전문 원문: https://www.law.go.kr/LSW/precInfoP.do?precSeq=241857,civil_sale_effect,민법 제568조 매매의 효력,civil_sale_effect|민법 제568조 매매의 효력
422,CASE_2011_00422,"2011가합2128,2739,3855,5486",분양 대금 반환등·분양 대금 반환등·분양 대금 반환등·분양 대금 반환등,의정부지법 고양지원,2011-10-21,민사,판결,1심,1. 원고들의 피고들에 대한 청구를 모두 기각한다. 2. 소송비용은 원고들이 부담한다.,"[1] 계약 목적을 달성하는 데 지장이 없을 정도의 경미한 채무불이행을 이유로 계약을 해제할 수 있는지 여부 (원칙적 소극) [2] 아파트 분양계약에서 ‘입주예정일: 2010년 12월(공정에 따라 다소 변경될 경우 추후 개별 통보하기로 함). 수분양자들은 시행사의 귀책사유로 인해 입주예정일로부터 3개월 이내에 입주할 수 없게 되는 경우 계약을 해제할 수 있다’라고 정하고 있는데, 시행사가 2011. 3. 18.경 ‘입주지정기간: 2011. 3. 31.부터 2011. 5. 29.까지, 입주개시일: 2011. 3. 31.’로 지정·통보하고, 2011. 3. 31. 동별...","[1] 민법은 채무불이행에 대한 주요 구제수단으로 계약해제와 손해배상책임을 인정하고 있는데, 손해배상책임에 비하여 계약해제에 관해서는 좀 더 엄격한 요건을 요구하고 있다. 채무자가 주된 채무를 이행하지 못한 경우에는 손해배상책임과 함께 계약해제를 인정하지만, 부수적 채무를 이행하지 못한 경우에는 계약해제를 인정하지 않고 손해배상책임만을 부담한다. 이와 마찬가지로 계약 내용·목적·불이행의 결과 등 여러 사정을 고려하여 채무자가 이행하지 못한 채무가 경미하여 계약 목적을 달성하는 데 지장이 없다고 판단되는 경우에는 계약해제를 인정해서는 안 되고 손해배상책임을 인정하는 것으로 충분하다고 보아야 한다. 한편 민법 제575조 , 제580조 , 제581조 는 매도인의 담보책임의 경우...","[1] 민법 제2조 , 제461조 , 제544조 , 민법 제575조 , 제580조 , 제581조 [2] 민법 제2조 , 제105조 , 제461조 , 제544조 , 민법 제575조 , 제580조 , 제581조","[1] 대법원 2004. 10. 15. 선고 2003다69195 판결, 대법원 2005. 11. 25. 선고 2005다53705, 53712 판결 (공2006상, 30)","주택, 아파트, 매매, 매수, 매도, 계약금, 중도금, 잔금, 분양, 분양계약, 담보, 손해배상",전문 원문: https://www.law.go.kr/LSW/precInfoP.do?precSeq=160231,civil_sale_effect,민법 제568조 매매의 효력,civil_nonperformance_damages|민법 제390조 채무불이행 손해배상; civil_sale_effect|민법 제568조 매매의 효력
423,CASE_2025_00423,2024나52151,배당이의,부산지방법원,2025-01-23,민사,판결,2심,항소기각,"부산지방법원 서부지원 2024. 5. 9. 선고 2023가단114053 판결 【변론종결】 2024. 12. 12. 【주 문】 1. 피고의 항소를 기각한다. 2. 항소비용은 피고가 부담한다. 【청구취지 및 항소취지】 1. 청구취지 부산지방법원 서부지원 2021타경104666호 부동산강제경매사건에 관하여 위 법원이 2023. 7. 25. 작성한 배당표 중 피고에 대한 배당액 47,500,000원을 21,925,393원으로, 원고에 대한 배당액 44,445,625원을 70,020,232원으로 각 경정한다. 2. 항소취지 제1심판결을 취소한다. 원고의 청구를","제420조 본문에 따라 약어를 포함하여 이를 그대로 인용한다. 2. 추가 판단 피고는, 이 사건 전대차계약이 종료된 이후에도 소외 2는 피고에 대하여 이 사건 임대차계약에 따른 보증금을 피고가 반환받기 전까지 대항력 구비요건을 유지해야 할 계약상 채무를 부담하고, 그 범위 내에서 피고와 소외 2 사이에서의 점유매개 관계는 여전히 유지되는 것이므로, 이 사건 전대차계약 종료 이후에도 피고의 대항력이 소멸하지 않는다고 주장한다. 살피건대, 주택임대차보호법에서 주택의 인도와 더불어 대항력의 요건으로 규정하고 있는 주민등록은 거래의 안전을 위하여 임차권의 존재를 제3자가 명백히 인식할 수 있게 하는 공시방법으로 마련된 것으로서, 주민등록이 어",원문 참조,없음,"부동산, 주택, 토지, 임대차, 보증금, 임차권, 주택임대차, 임대차계약, 소유권이전, 등기, 경매, 배당",전문 원문: https://www.law.go.kr/LSW/precInfoP.do?precSeq=618501,civil_lease_definition,민법 제618조 임대차의 의의,civil_lease_definition|민법 제618조 임대차의 의의
424,CASE_2016_00424,2013가합6902,소유권말소등기,창원지방법원,2016-04-20,민사,판결,1심,일부인용,"당변호사 안창환) 【피 고】 피고 (소송대리인 법무법인 세원 담당변호사 류종완 외 1인) 【변론종결】 2016. 3. 9. 【주 문】 1. 원고의 주위적 청구를 기각한다. 2. 원고의 예비적 청구 중 145,571,244원 청구 부분을 각하한다. 3. 피고는 원고에게 226,442,090원 및 이에 대하여 2015. 10. 22.부터 2016. 4. 20.까지는 연 5%의, 그 다음날부터 다 갚는 날까지는 연 15%의 각 비율로 계산한 돈을 지급하라. 4. 원고의 나머지 예비적 청구를 기각한다. 5. 피고는 원고승계참가인 1에게 534,936,986원, 원고승계참가인","○○병원(이하 ‘이 사건 병원’이라 한다)을 운영하고 있던 소외인과 사이에 병원 운영을 목적으로 하는 동업을 하기로 약정하였다. 나. 피고로부터 금전 차용 및 가등기담보 제공 원고는 2005. 6. 30. 이 사건 병원 운영을 위하여 피고로부터 5억 원을 이자 월 3%, 변제기 2005. 12. 30.로 정하여 차용(이하 ‘이 사건 차용’이라 한다)하면서 위와 같은 내용의 금전소비대차계약공정증서(갑 제1호증의 2)를 작성하고 다음 날인 2005. 7. 1. 피고로부터 이 사건 차용금 5억 원에서 선이자를 공제한 4억 7,000만 원을 받았다. 피고는 이 사건 차용금채무를 담보하기 위하여 원고와 이 사건 건물 전체에 관하여 2005. 7",원문 참조,없음,"부동산, 건물, 매매, 매도, 매매계약, 소유권이전, 등기, 가등기, 담보, 명의수탁, 인감증명, 강박",전문 원문: https://www.law.go.kr/LSW/precInfoP.do?precSeq=221049,civil_fraud_duress,민법 제110조 사기·강박에 의한 의사표시,civil_fraud_duress|민법 제110조 사기·강박에 의한 의사표시; civil_sale_effect|민법 제568조 매매의 효력
425,CASE_2023_00425,2023다200499,분담금등반환청구,대법원,2023-05-18,민사,판결,상고심,파기환송,"[1] 신의성실 원칙의 의미 및 그 위배를 이유로 권리행사를 부정하기 위한 요건 [2] 甲 등이 乙 지역주택조합 추진위원회와 특정 동·호수의 아파트를 공급받기로 하는 조합가입계약을 체결하고 계약금 및 중도금을 납부하였으나, 원하는 동·호수를 분양받지 못하게 되자 조합 탈퇴를 요청하였고, 이에 조합장이 세대수 삭감으로 인한 탈퇴의 경우 환급금 전액 지급에 관한 확약서를 작성·교부하였으며, 乙 조합 이사회는 甲 등의 조합 탈퇴를 허용하지 아니한다는 결의를 하였는데, 그 후 세대주 요건 또는 무주택 요건을 충족하지 못하게 되어 조합원 자격을 상실한 甲 등이 乙 조합을 상대...","사안의 개요 원심판결 이유와 기록에 의하면 다음과 같은 사실을 알 수 있다. 가. 원고 2는 2017. 4. 14., 원고 1은 2017. 5. 17. 각 ○○○지역주택조합 추진위원회(이하 ‘추진위원회’라고 한다)와 사이에 지역주택조합 아파트(이하 ‘이 사건 아파트’라고 한다)의 특정 동·호수의 아파트를 공급받기로 하는 조합가입계약(이하 ‘이 사건 계약’이라고 한다)을 체결하였고, 각 계약금 및 1, 2차 중도금(업무대행비 포함)을 납부하였다. 나. 추진위원회를 승계한 피고는 2017. 8. 4. 주택조합설립인가를 받은 후 2019. 8. 12. 사업계획 승인을 받았는데, 그 과정에서 이 사건 아파트의 세대수는 당초 신청한 673세대에서","[1] 민법 제2조 제1항 [2] 민법 제2조 제1항 , 주택법 제11조 제7항 , 제8항 , 제9항 , 주택법 시행령 제20조 제2항 , 제21조 제1항 제1호","[1] 대법원 2003. 4. 22. 선고 2003다2390, 2406 판결(공2003상, 1192), 대법원 2011. 2. 10. 선고 2009다68941 판결 (공2011상, 554)","주택, 아파트, 매수, 계약금, 중도금, 분양, 지역주택조합, 조합가입, 조합원, 납입금, 분담금, 업무대행비",전문 원문: https://www.law.go.kr/LSW/precInfoP.do?precSeq=239741,civil_sale_effect,민법 제568조 매매의 효력,civil_sale_effect|민법 제568조 매매의 효력
426,CASE_2024_00426,2022다228667,건물인도,대법원,2024-06-13,민사,판결,상고심,"원심판결 중 원고 패소 부분을 파기하고, 이 부분 사건을 서울중앙지방법원에 환송한다.","[1] 임대차계약 종료 후 임대인의 임대차보증금 반환 또는 임대차에 따른 임차인의 채무 공제 등으로 임차인이 동시이행항변권을 상실하였는데도 목적물의 반환을 계속 거부하면서 점유하고 있는 경우, 임차인이 동시이행항변권의 상실을 알 수 있는 때부터의 점유가 불법행위를 구성하는지 여부 (원칙적 적극) [2] 상가 임차인 甲이 임대차계약이 종료된 이후에도 상가에서 영업을 하면서 목적물의 인도를 거부하자 임대인 乙이 甲을 상대로 불법점유로 인한 손해배상을 구한 사안에서, 임대차계약이 종료된 때에는 임대차보증금에서 연체차임 등을 공제하더라도 잔액이 남아 있어 甲의 동시이행항변권...","상고이유(제출기간이 지난 상고이유보충서는 이를 보충하는 범위 내에서)를 판단한다. 1. 관련 법리 임대차계약이 종료되면 임차인은 목적물을 반환하고 임대인은 연체차임을 공제한 나머지 보증금을 반환해야 한다. 임차인의 목적물반환의무와 임대인의 보증금반환의무는 동시이행관계에 있으므로, 임대인이 임대차보증금의 반환의무를 이행하거나 적법하게 이행제공을 하는 등으로 임차인의 동시이행항변권을 상실시키지 않은 이상, 임대차계약 종료 후 임차인이 목적물을 계속 점유하더라도 그 점유를 불법점유라고 할 수 없고 임차인은 이에 대한 손해배상의무를 지지 않는다. 그러나 그 후 임대인의 임대차보증금","[1] 민법 제536조 , 제618조 , 제750조 [2] 민법 제536조 , 제618조 , 제750조","[1] 대법원 1996. 6. 14. 선고 95다54693 판결 (공1996하, 2166), 대법원 2020. 5. 14. 선고 2019다252042 판결 (공2020하, 1090)","상가, 건물, 임대차, 보증금, 임대인, 임차인, 임대차계약, 손해배상, 불법행위, 파기, 반환, 부당이득",전문 원문: https://www.law.go.kr/LSW/precInfoP.do?precSeq=241959,civil_lease_definition,민법 제618조 임대차의 의의,civil_nonperformance_damages|민법 제390조 채무불이행 손해배상; civil_lease_definition|민법 제618조 임대차의 의의
427,CASE_2024_00427,2023다252162,약정금,대법원,2024-01-04,민사,판결,상고심,"원심판결 중 피고들 패소 부분을 모두 파기하고, 이 부분 사건을 서울중앙지방법원에 환송한다.","[1] 중개업자가 일방 당사자의 의뢰로 중개대상물의 매매 등을 알선하는 경우가 공인중개사법 제2조 제1호 에서 정한 ‘중개’에 포함되는지 여부 (적극) 및 공인중개사가 중개업무를 의뢰하지 않은 거래당사자로부터 중개보수를 지급받을 수 있는지 여부 (원칙적 소극) [2] 공인중개사의 중개대상물에 관한 확인·설명의무의 대상(=중개의뢰인) 및 중개의뢰인이 아닌 거래당사자가 ‘중개대상물 확인·설명서’에 기명·날인을 한 경우, ‘중개보수 등에 관한 사항’란에 기재된 바와 같이 중개수수료를 지급하기로 하는 약정에 관한 의사표시라고 단정할 수 있는지 여부 (소극)","[1] 공인중개사법 제2조 제1호 는 ‘중개’에 관하여 “ 제3조 의 규정에 의한 중개대상물에 대하여 거래당사자 간의 매매·교환·임대차 기타 권리의 득실변경에 관한 행위를 알선하는 것”이라고 정하였다. 이러한 ‘중개’에는 중개업자가 거래의 쌍방 당사자로부터 중개의뢰를 받은 경우뿐만 아니라 일방 당사자의 의뢰로 중개대상물의 매매 등을 알선하는 경우도 포함된다. 공인중개사법 제32조 제1항 본문은 “개업공인중개사는 중개업무에 관하여 중개의뢰인으로부터 소정의 보수를 받는다.”라고 정하였으므로, 공인중개사가 중개대상물에 대하여 거래당사자 간의 매매·교환·임대차 기타 권리의 득실변경을 알선하는 행위를 하였더라도, 해당 중개업무를 의뢰하지 않은 거래당사자로부터는 별도의 지급 약정 등...","[1] 공인중개사법 제2조 제1호 , 제32조 제1항 [2] 공인중개사법 제25조 , 제32조 제1항 , 공인중개사법 시행령 제21조","[1] 대법원 1995. 9. 29. 선고 94다47261 판결 (공1995하, 3600), 대법원 2021. 7. 29. 선고 2017다243723 판결 (공2021하, 1598)","건물, 중개대상물, 임대차, 임대인, 임차인, 임대차계약, 매매, 공인중개, 중개업자, 확인·설명, 파기",전문 원문: https://www.law.go.kr/LSW/precInfoP.do?precSeq=239253,realtor_prohibited_acts,공인중개사법 제33조 금지행위,civil_sale_effect|민법 제568조 매매의 효력; civil_lease_definition|민법 제618조 임대차의 의의; realtor_prohibited_acts|공인중개사법 제33조 금지행위
428,CASE_2021_00428,2021다240851,부당이득금,대법원,2021-10-14,민사,판결,상고심,상고기각,"[1] 회생계획을 해석하는 방법 [2] 회생계획에서 회생담보권의 권리 변경과 변제 방법, 존속 범위 등의 내용을 사적 자치가 허용되는 범위에서 자유롭게 정할 수 있는지 여부 (적극) 및 회생담보권의 범위를 정하고 있는 채무자 회생 및 파산에 관한 법률 제141조 제1항 단서가 회생계획에 따른 회생담보권의 권리 변경과 변제 방법, 존속 범위 등을 제한하는 규정인지 여부 (소극) [3] 저당권의 피담보채권 범위에 관한 민법 제360조 단서가 근저당권에도 적용되는지 여부 (소극) 및 이는 근저당권의 피담보채권이 회생담보권인 경우에도 마찬가지인지 여부 (적극)","[1] 회생계획은 법률행위의 해석 방법에 따라 해석해야 한다. 회생계획 문언의 의미를 합리적으로 해석하되, 문언의 의미가 명확하지 않은 경우에는 문언의 형식과 내용, 회생계획안 작성 경위, 회생절차 이해관계인들의 진정한 의사 등을 종합적으로 고려하여 논리와 경험의 법칙, 사회일반의 상식과 거래의 통념에 따라 합리적으로 해석해야 한다. [2] 회생계획은 향후 회생절차 수행의 기본규범이 되는 것으로서 사적 자치가 허용되는 범위에서는 회생담보권의 권리 변경과 변제 방법, 존속 범위 등과 같은 내용을 자유롭게 정할 수 있다. 채무자 회생 및 파산에 관한 법률 제141조 제1항 은 “회생채권이나 회생절차개시 전의 원인으로 생긴 채무자 외의 자에 대한 재산상의 청구권으로서 회생절차개...","[1] 채무자 회생 및 파산에 관한 법률 제193조 , 민법 제105조 [2] 채무자 회생 및 파산에 관한 법률 제141조 제1항 , 제193조 [3] 민법 제357조 , 제360조 , 채무자 회생 및 파산에 관한 법률 제141조 제1항","[1] 대법원 2008. 6. 26. 선고 2006다77197 판결 (공2008하, 1052), 대법원 2018. 5. 30. 선고 2018다203722, 203739 판결(공2018하, 1189) / [2] 대법원 2005. 10. 27. 선고 2005다33138 판결 (공2005하, 1843) / [3] 대법원 2009. 12. 10. 선고 2008다72318 판결","부동산, 전세, 전세권, 등기, 가등기, 근저당, 저당권, 담보, 경매, 배당, 손해배상, 기각",전문 원문: https://www.law.go.kr/LSW/precInfoP.do?precSeq=227057,civil_lease_definition,민법 제618조 임대차의 의의,civil_nonperformance_damages|민법 제390조 채무불이행 손해배상; civil_sale_effect|민법 제568조 매매의 효력; civil_lease_definition|민법 제618조 임대차의 의의
429,CASE_2023_00429,2022가단121349,분담금반환청구,창원지방법원,2023-06-27,민사,판결,1심,1. 원고의 청구를 모두 기각한다. 2. 소송비용은 원고가 부담한다.,"1. 원고의 청구를 모두 기각한다. 2. 소송비용은 원고가 부담한다. 【청구취지】 1. 주위적으로, 피고는 원고에게 50,340,000원 및 이 돈에 대하여 이 사건 소장 부본 송달일 다음날부터 다 갚는 날까지 연 12%의 비율로 계산한 돈을 지급하라. 2. 제1예비적으로, 피고는 원고에게 37,340,0","1. 기초사실 가. 당사자의 관계 (1) 피고는 경남 김해시 (이하 생략) 일원에 지역주택조합 아파트 사업을 추진하기 위하여 설립되어 김해시장으로부터 2016. 4. 12. 주택조합 설립인가를 받고 2017. 6. 16. 주택건설 사업승인을 받은 주택조합이다. (2) 원고는 2015. 5. 12.경 피고와 조합가입계약(이하 ‘이 사건 가입계약’이라고 함)을 체결하고 그 무렵 계약금 36,040,000원 행정용역비 14,300,000원(부가세 포함) 합계 50,340,000원을 피고에게 지급하였다. (3) 원고는 이 사건 가입계약 체결 당시에는 조합원 자격을 보",원문 참조,없음,"주택, 아파트, 토지, 계약금, 분양, 분양대금, 지역주택조합, 조합가입, 조합원, 납입금, 분담금, 업무대행비",전문 원문: https://www.law.go.kr/LSW/precInfoP.do?precSeq=599803,civil_sale_effect,민법 제568조 매매의 효력,civil_sale_effect|민법 제568조 매매의 효력
430,CASE_2023_00430,2023누43756,조합원지위확인,서울고등법원,2023-12-15,행정,판결,2심,항소기각,"원 2023. 5. 12. 선고 2022구합74676 판결 【변론종결】 2023. 10. 27. 【주 문】 1. 제1심판결 중 원고 1, 원고 2에 대한 부분을 취소한다. 2. 피고가 2022. 5. 6. 서울특별시 은평구청장으로부터 인가받은 관리처분계획 중 원고 1, 원고 2를 각자 분양대상자로 인정하지 아니한 부분을 취소한다. 3. 원고 3, 원고 4의 항소를 기각한다. 4. 원고 1, 원고 2와 피고 사이에 생긴 소송 총비용은 피고가 부담하고, 원고 3, 원고 4와 피고 사이에 생긴 항소비용은 원고 3, 원고 4가 부담한다. 【청구취지 및 항소취지】 제1심판결을","지분은 소외 3에게, 각 18/240 지분은 각각 소외 4, 소외 5, 소외 6 및 소외 7에게 상속을 원인으로 2005. 5. 20. 위 각 토지지분에 관한 소유권이전등기가 마쳐졌다. 라. 원고 1은 2005. 6. 7. 소외 2로부터 이 사건 토지의 96/240 지분(이하 ‘제1지분’이라 한다)을 매수하여 2005. 6. 9. 위 지분에 관한 소유권이전등기를 마쳤고, 원고 2는 2005. 6. 7. 소외 3으로부터 이 사건 토지의 72/240 지분(이하 ‘제2지분’이라 한다)을 매수하여 2005. 6. 9. 위 지분에 관한 소유권이전등기를 마쳤다. 마. 소외 8은 2005. 6. 7. 소외 4, 소외 5로부터 이 사건 토지의 각 1",원문 참조,없음,"부동산, 주택, 토지, 매수, 소유권이전, 공유지분, 분양, 조합원, 등기, 기각, 취소",전문 원문: https://www.law.go.kr/LSW/precInfoP.do?precSeq=606745,civil_sale_effect,민법 제568조 매매의 효력,civil_sale_effect|민법 제568조 매매의 효력
432,CASE_2024_00432,2024다261989,부당이득금,대법원,2024-12-12,민사,판결,상고심,상고기각,"임차인이 민법 제621조 에 의하여 임차권등기를 마친 경우, 임차인은 임차권등기 말소의무를 이행하거나 이행제공을 하여 상대방을 이행지체에 빠뜨려야 비로소 임차보증금에 대한 지연손해금의 지급을 청구할 수 있는지 여부 (원칙적 적극)","임차인이 민법 제621조 에 의하여 임차권등기를 마친 경우 당사자 사이에 다른 약정이 없는 한 임대차 종료 후 임대인의 임차보증금 반환의무와 임차인의 임차권등기 말소의무는 동시이행관계에 있으므로, 임차인은 임차권등기 말소의무를 이행하거나 이행제공을 하여 상대방을 이행지체에 빠뜨려야 비로소 임차보증금에 대한 지연손해금의 지급을 청구할 수 있다.",민법 제621조,없음,"주택, 임대차, 보증금, 임차권, 임대인, 임차인, 주택임대차, 임차보증금, 등기, 임차권등기, 기각, 반환",전문 원문: https://www.law.go.kr/LSW/precInfoP.do?precSeq=599787,civil_lease_definition,민법 제618조 임대차의 의의,civil_sale_effect|민법 제568조 매매의 효력; civil_lease_definition|민법 제618조 임대차의 의의
433,CASE_2021_00433,2018다261889,부당이득금,대법원,2021-04-29,민사,판결,상고심,상고기각,"[1] 민법 제203조 제1항 단서에서 말하는 ‘점유자가 과실을 취득한 경우’의 의미 및 과실수취권이 없는 악의의 점유자에 대하여 위 단서 규정이 적용되는지 여부 (소극) [2] 부동산의 일부 지분 소유자가 다른 지분 소유자의 동의 없이 부동산을 다른 사람에게 임대하여 임대차보증금을 받은 경우, 부당이득 또는 불법행위가 성립하는지 여부 (적극) 및 그 반환 또는 손해배상의 범위(=차임 상당액)","[1] 민법 제201조 제1항 은 “선의의 점유자는 점유물의 과실을 취득한다.”라고 정하고, 제2항은 “악의의 점유자는 수취한 과실을 반환하여야 하며 소비하였거나 과실로 인하여 훼손 또는 수취하지 못한 경우에는 그 과실의 대가를 보상하여야 한다.”라고 정하고 있다. 민법 제203조 제1항 은 “점유자가 점유물을 반환할 때에는 회복자에 대하여 점유물을 보존하기 위하여 지출한 금액 기타 필요비의 상환을 청구할 수 있다. 그러나 점유자가 과실을 취득한 경우에는 통상의 필요비는 청구하지 못한다.”라고 정하고 있다. 위 규정을 체계적으로 해석하면 민법 제203조 제1항 단서에서 말하는 ‘점유자가 과실을 취득한 경우’란 점유자가 선의의 점유자로서 민법 제201조 제1항 에 따라 과실...","[1] 민법 제201조 제1항 , 제2항 , 제203조 제1항 [2] 민법 제263조 , 제265조 , 제393조 , 제741조 , 제748조 , 제750조 , 제763조","[2] 대법원 1991. 9. 24. 선고 91다23639 판결 (공1991, 2613)","부동산, 주택, 건물, 다가구, 임대차, 보증금, 임차인, 공유지분, 경매, 손해배상, 불법행위, 기각",전문 원문: https://www.law.go.kr/LSW/precInfoP.do?precSeq=226865,civil_lease_definition,민법 제618조 임대차의 의의,civil_nonperformance_damages|민법 제390조 채무불이행 손해배상; civil_sale_effect|민법 제568조 매매의 효력; civil_lease_definition|민법 제618조 임대차의 의의
434,CASE_2015_00434,2014나2007696,소유권이전등기말소등,서울고등법원,2015-11-24,민사,판결,2심,항소기각,판결】 인천지방법원 2014. 2. 14. 선고 2013가합32426 판결 【변론종결】 2015. 4. 28. 【주 문】 1. 원고의 피고들에 대한 항소를 모두 기각한다. 2. 항소비용은 원고가 부담한다. 【청구취지 및 항소취지】 제1심 판결을 취소한다. 피고 2 회사는피고 1 인천광역시에게 별지1 부동산 목록 기재 부동산에 관하여 인천지방법원 2013. 4. 12. 접수 제32831호로 마친 소유권이전등기의 말소등기절차를 이행하라.피고 1 인천광역시는 피고 2 회사와 사이에 별지1 부동산 목록 기재 부동산에 관하여 2013. 1. 30. 체결한 매매계약이 무효임을,"1. 기초사실 가. 별지 1 부동산 목록 기재 건물의 신축과 증축 및 임대차계약의 체결 1) 지방공사 인천터미널(종전의 지방공사 인천터미널은 2005. 8. 26. 인천교통공사로 사명을 변경하였고, 인천광역시 지하철공사는 2009. 10. 6. 인천메트로로 사명을 변경하였는데, 인천메트로가 2011. 11. 28. 인천교통공사를 합병하면서 인천교통공사로 사명을 변경하였다. 이하 ‘인천교통공사’라고 한다)은피고 1 인천광역시로부터 출자를 받은 별지 1 부동산 목록 제1항 기재 토지(이하 ‘이 사건 토지’라고 한다) 위에 1997. 11.경 터미널,",원문 참조,없음,"부동산, 토지, 건물, 임대차, 전세, 보증금, 전세금, 임대인, 임차인, 전세권, 임대차계약, 매매",전문 원문: https://www.law.go.kr/LSW/precInfoP.do?precSeq=197710,civil_lease_definition,민법 제618조 임대차의 의의,civil_sale_effect|민법 제568조 매매의 효력; civil_lease_definition|민법 제618조 임대차의 의의
435,CASE_1996_00435,"96고합82,278,322,355,425",특정경제범죄가중처벌등에관한법률위반(사기·일부인정된죄명:사기)·공정증서원본불실기재·불실기재공정증서원본행사·공문서위조·위조공문서행사·사문서위조·위조사문서행사·부정수표단속법위반,서울지법 남부지원,1996-12-13,형사,판결,1심,무죄,"[1] 편취 부동산에 근저당권을 설정한 경우, 공정증서원본불실기재죄의 성부 (소극) [2] 사기죄에 있어 범행일시가 3, 4개월 이상 차이가 나고 피해자와 범행장소가 다른 경우, 이를 포괄일죄로 처단할 수 있는지 여부 (소극)","[1] 근저당권설정등기는 등기권리자인 채권자와 등기의무자인 근저당권설정자와의 합의를 기초로 하여 이루어지며 근저당권의 목적물 소유자는 그 설정계약의 당사자가 아니므로, 근저당권자인 금융기관이 근저당권설정자에게 기망당하여 근저당권 목적 토지의 소유자를 오인하여 대출하였다고 하여도 그 대출금에 대한 담보로 그 대지에 근저당권을 설정할 의사를 가지고 있었던 이상, 그와 같은 의사에 기하여 근저당권설정자가 그 설정등기를 경료하였다면 이를 공무원에 대하여 허위신고를 하여 공정증서원본에 불실의 사실을 기재하게 하였다고 볼 수 없다. [2] 사기죄에 있어 범행일시가 3, 4개월 이상 차이가 나고 피해자와 범행장소가 다른 경우, 이를 포괄일죄로 처단할 수 없고, 각 경합범으로 의율하여야...",[1] 형법 제228조 [2] 형법 제37조,"[1] , 대법원 1985. 10. 8. 선고 84도2461 판결(공1985, 1505) , 대법원 1996. 10. 15. 선고 96도1225 판결(공1996하, 3480)","부동산, 토지, 매매, 매매대금, 계약금, 소유권이전, 등기, 근저당, 저당권, 담보, 인감증명, 공정증서원본불실기재",전문 원문: https://www.law.go.kr/LSW/precInfoP.do?precSeq=223163,aggravated_economic_crime,특정경제범죄 가중처벌 등에 관한 법률 제3조,aggravated_economic_crime|특정경제범죄 가중처벌 등에 관한 법률 제3조; criminal_fraud|형법 제347조 사기죄; civil_fraud_duress|민법 제110조 사기·강박에 의한 의사표시; civil_sale_effect|민법 제568조 매매의 효력
436,CASE_1983_00436,81나248,건물철거등청구사건,서울고법,1983-01-18,민사,판결,2심,항소기각,1. 임기만료된 법인의 대표자인 이사장이 한 임대차계약 해지통고의 효력 2. 임차인의 채무불이행을 이유로 임대차계약이 해지되는 경우에도 임차인에게 계약갱신청구권 및 지상물매수청구권이 발생하는지 여부,"1. 법인의 이사장으로서의 임기가 만료된 자가 재선되었으나 주무관청의 승인을 얻지 못하여 법인의 이사장으로 취임할 수 없게 되었더라도 후임자의 선임이 있을 때까지는 종전 직무를 계속 수행할 수 있고 임대차계약의 해지통고 등은 이사장의 통상업무에 속하는 것이므로 위 임기만료된 자가 이사장 직무대행으로서 한 임대차계약 해지통고는 적법하다. 2. 토지임대차계약에 있어서 임차인의 지상물매수청구권은 임대차계약의 존속기간이 만료되고 임차인이 임대인에게 그 계약의 갱신요구를 한 경우, 임대인이 그 갱신요구를 들어 주지 않는 경우 비로소 임대인에 대하여 지상물의 매수청구를 할 수 있는 것이고, 임차인의 임료체납등 채무불이행을 이유로 임대차계약이 해지되는 경우에는 임차인에게 임대차계약의...","민법 제57조 , 제643조","1972. 4. 11. 선고 72누86 판결 (요 민법 제57조(2)218면 카 10088 집 20①행59), 1972. 12. 26. 선고 72다2013 판결 (요 민법 제640조(7)484면 카 10335 집 20③민228)","주택, 토지, 건물, 임대차, 임대인, 임차인, 임대차계약, 매수, 소유권이전, 등기, 기각, 반환",전문 원문: https://www.law.go.kr/LSW/precInfoP.do?precSeq=75520,civil_lease_definition,민법 제618조 임대차의 의의,civil_nonperformance_damages|민법 제390조 채무불이행 손해배상; civil_sale_effect|민법 제568조 매매의 효력; civil_lease_definition|민법 제618조 임대차의 의의
437,CASE_2021_00437,2020가단5261441,임대차보증금,서울중앙지방법원,2021-05-25,민사,판결,1심,"1. 원고와 피고 사이에 서울 중구 (주소 생략) 지상 ○○○○ 상가빌딩 1층 중 별지 도면 표시 1, 2, 3, 4, 1의...","甲 주식회사가 乙 주식회사로부터 점포를 임차하면서 ‘불가항력적인 사유로 90일 이상 영업을 계속할 수 없을 경우, 상대방에 대해 30일 전에 서면통지를 한 후 본 계약을 해제 또는 해지할 수 있다.’는 조항이 포함된 임대차계약을 체결하였는데, 코로나19 사태로 인하여 위 점포의 매출이 90% 이상 감소하자 甲 회사가 차임을 지급하지 못하고 영업을 중단한 후, 위 조항에 따라 乙 회사를 상대로 임대차계약의 해지를 주장한 사안에서, 코로나19 사태로 위 점포에서의 매출이 감소한 것은 임대차계약에서 정한 ‘불가항력적인 사유로 90일 이상 자신의 영업을 계속할 수 없을 경우...","甲 주식회사가 乙 주식회사로부터 점포를 임차하면서 ‘불가항력적인 사유로 90일 이상 영업을 계속할 수 없을 경우, 상대방에 대해 30일 전에 서면통지를 한 후 본 계약을 해제 또는 해지할 수 있다.’는 조항이 포함된 임대차계약을 체결하였는데, 코로나19 사태로 인하여 위 점포의 매출이 90% 이상 감소하자 甲 회사가 차임을 지급하지 못하고 영업을 중단한 후, 위 조항에 따라 乙 회사를 상대로 임대차계약의 해지를 주장한 사안이다. 위 점포는 외국인 관광객을 통한 매출이 매출의 대부분을 차지하는 곳인데 코로나19 사태가 전 세계적으로 확산, 장기화됨에 따라, 매출이 90% 이상 감소하여 영업을 계속하는 경우 적자를 볼 수밖에 없는 상태인 점, 코로나19 사태가 발생하고 장기적...","민법 제2조 , 제543조",없음,"상가, 건물, 임대차, 보증금, 임대인, 임차인, 임대차계약, 계약금, 손해배상, 반환, 해제",전문 원문: https://www.law.go.kr/LSW/precInfoP.do?precSeq=218835,civil_lease_definition,민법 제618조 임대차의 의의,civil_nonperformance_damages|민법 제390조 채무불이행 손해배상; civil_sale_effect|민법 제568조 매매의 효력; civil_lease_definition|민법 제618조 임대차의 의의
438,CASE_2025_00438,2022다256327,대여금[개인회생절차의 별제권자인 근저당권자가 별제권에 의해 우선변제가 예상되는 피담보채권 부분에 대하여 이행을 소구한 사건],대법원,2025-05-15,민사,판결,상고심,상고기각,"채무자 회생 및 파산에 관한 법률 제625조 제2항 본문에서 말하는 ‘면책’의 의미 및 같은 법 제624조 에 따라 면책결정이 확정된 경우, 별제권자였던 자가 채무자를 상대로 종전 개인회생채권의 이행을 소구할 수 있는지 여부 (소극)","채무자 회생 및 파산에 관한 법률(이하 ‘채무자회생법’이라 한다) 제625조 제2항 본문은 ""면책을 받은 채무자는 변제계획에 따라 변제한 것을 제외하고 개인회생채권자에 대한 채무에 관하여 그 책임이 면제된다.""라고 규정하고 있다. 여기서 말하는 면책이란 채무 자체는 존속하지만 채무자에 대하여 이행을 강제할 수 없다는 의미이므로 면책된 개인회생채권은 통상의 채권이 가지는 소 제기 권능을 상실하게 된다. 한편 채무자회생법 제625조 제2항 단서 제1호 에서 ‘개인회생채권자목록에 기재되지 아니한 청구권’에 관하여는 면책결정에도 불구하고 책임이 면제되지 아니한다고 규정하고 있으나, 별제권자가 채무자에 대하여 가지는 개인회생채권을 면책에서 제외되는 청구권으로 규정하고 있지는 않다....","채무자 회생 및 파산에 관한 법률 제411조 , 제586조 , 제624조 , 제625조 제2항 , 민사소송법 제248조 [소의 제기]","대법원 2019. 7. 25. 자 2018마6313 결정 (공2019하, 1651)","부동산, 주택, 임대차, 보증금, 임차인, 등기, 근저당, 저당권, 담보, 경매, 기각, 반환",전문 원문: https://www.law.go.kr/LSW/precInfoP.do?precSeq=606183,civil_lease_definition,민법 제618조 임대차의 의의,civil_lease_definition|민법 제618조 임대차의 의의
439,CASE_2014_00439,"2012다62561,62578",건물인도·건물명도,대법원,2014-07-24,민사,판결,상고심,상고기각,"[1] 구 도시 및 주거환경정비법 제49조 제6항 단서가 사업시행자에게 정비구역 안의 토지 등을 수용 또는 사용할 권한이 부여되지 않은 주택재건축사업에 적용 또는 유추적용되는지 여부 (소극) / 구 도시 및 주거환경정비법 제49조 제6항 단서나 ‘공익사업을 위한 토지 등의 보상에 관한 법률’ 규정이 주택재건축사업에 유추적용되는지 여부 (소극) [2] 구 도시 및 주거환경정비법 제44조 제1항 , 제2항 에 따라 임차권자가 사업시행자를 상대로 보증금 등의 반환을 구하려면 토지등소유자에 대하여 보증금반환채권을 가져야 하는지 여부 (적극)","[1] 구 도시 및 주거환경정비법(2012. 2. 1. 법률 제11293호로 개정되기 전의 것, 이하 ‘도시정비법’이라 한다) 제38조 , 제40조 제1항 , 제49조 제6항 의 문언과 취지를 종합하면, 도시정비법 제49조 제6항 단서는 도시정비법 제38조 에 따라 사업시행자에게 ‘공익사업을 위한 토지 등의 취득 및 보상에 관한 법률’(이하 ‘공익사업법’이라 한다)상 정비구역 안의 토지 등을 수용 또는 사용할 권한이 부여된 정비사업에 제한적으로 적용되고, 그 권한이 부여되지 아니한 주택재건축사업에는 적용될 수 없다. 나아가 도시정비법의 입법 목적 및 취지, 도시정비법상 주택재건축사업의 특성 등과 아울러 ① 도시정비법은 다양한 유형의 정비사업에 대하여 각 사업의 공공성 및...","[1] 구 도시 및 주거환경정비법(2012. 2. 1. 법률 제11293호로 개정되기 전의 것) 제38조 , 제40조 제1항 , 제49조 제6항 , ‘공익사업을 위한 토지 등의 취득 및 보상에 관한 법률’ 제61조 , 제77조 [2] 구 도시 및 주거환경정비법(2012. 2. 1. 법률 제11293호로 개정되기 전의 것) 제44조 제1항 , 제2항 , 제3항 , 제4항","[1] 대법원 2009. 3. 26. 선고 2008다21549, 21556, 21563 판결","부동산, 주택, 토지, 건물, 임대차, 전세, 보증금, 임차권, 임대인, 전세권, 주택임대차, 임대차계약",전문 원문: https://www.law.go.kr/LSW/precInfoP.do?precSeq=187488,civil_lease_definition,민법 제618조 임대차의 의의,civil_lease_definition|민법 제618조 임대차의 의의
440,CASE_2009_00440,2008노280,특정경제범죄가중처벌등에관한법률위반(사기)·업무상횡령·위증·공정증서원본불실기재·불실기재공정증서원본행사·사문서위조·위조사문서행사,대전고법,2009-04-08,형사,판결,2심,무죄,"[1] 형사소송법상 증언거부권이 있는 증인에게 증언거부권을 고지하지 않은 채 선서를 시킨 후 증인신문을 진행한 경우 그 선서의 효력(=무효)과 이 때 허위의 진술을 한 증인을 위증죄로 처벌할 수 있는지 여부 (소극) [2] 피고인이 다른 공범의 공소사실에 관한 증인으로 출석하여 증언한 내용과 관련하여 위증죄로 기소된 사안에서, 피고인에게 적법한 증언거부권을 고지하지 않은 채 선서와 증인신문을 진행한 이상 위증죄로 처벌할 수 없다고 한 사례","[1] 형사소송법 제148조 본문은 “누구든지 자기나 다음 각 호의 1에 해당한 관계있는 자가 형사소추 또는 공소제기를 당하거나 유죄판결을 받을 사실이 발로될 염려 있는 증언을 거부할 수 있다.”고 규정하고, 형사소송법 제160조 는 “증인이 제148조 , 제149조 에 해당하는 경우에는 재판장은 신문 전에 증언을 거부할 수 있음을 설명하여야 한다.”고 규정하고 있다. 모든 국민은 형사상 자기에게 불리한 진술을 강요당하지 아니한다는 자기부죄거부특권을 인정하고 있는 헌법 제12조 제2항 의 정신에 비추어 볼 때, 이러한 재판장의 증언거부권 고지의무는 강행법규적인 의무이다. 증언거부권은 신문 전에 고지되어야 할 것이나, 신문 당초에는 거부권이 문제될 여지가 없어 이를 고지하지...","[1] 헌법 제12조 제2항 , 형사소송법 제148조 , 제160조 , 형법 제152조 제1항 [2] 형사소송법 제148조 , 제160조 , 형법 제152조 제1항",없음,"아파트, 상가, 매매, 매도, 매매계약, 매매대금, 분양, 상가분양, 담보, 공정증서원본불실기재, 사기, 기망",전문 원문: https://www.law.go.kr/LSW/precInfoP.do?precSeq=139128,aggravated_economic_crime,특정경제범죄 가중처벌 등에 관한 법률 제3조,aggravated_economic_crime|특정경제범죄 가중처벌 등에 관한 법률 제3조; criminal_fraud|형법 제347조 사기죄; embezzlement_breach_of_trust|형법 제355조·제356조 횡령·배임; civil_fraud_duress|민법 제110조 사기·강박에 의한 의사표시; civil_sale_effect|민법 제568조 매매의 효력
441,CASE_2011_00441,"2009고단2130,2009고단3183(병합),2010고단1021(병합),2010고단1497(병합)",사기·부동산실권리자명의등기에 관한 법률 위반·국가보안법 위반(찬양·고무 등)·남북교류협력에 관한 법률 위반·강제집행면탈,의정부지방법원 고양지원,2011-04-27,형사,판결,1심,무죄,"피고인을 징역 2년에 처한다. 이 사건 공소사실 중 강제집행면탈의 점은 무죄. 【이 유】 【범죄사실】 [ 2009고단2130] 1. 사기 피고인은 2004. 11.경 서울 서대문구 홍제동에 있는 ‘ □□부동산’ 사무실에서 부동산중개인인 공소외 6으로부터 파주시 소재 부동산을 매입하고자 했던 피해자 공소외 3을 소개받게 되었다. 당시 피고인은 피해자에게 법무부 범죄예방 파주시 위원, 새천년민주당 파주지구당 부위원장, 파주시 봉사회장, 공소외 86 주식회사 대표","[ 2009고단2130] 1. 사기 피고인은 2004. 11.경 서울 서대문구 홍제동에 있는 ‘ □□부동산’ 사무실에서 부동산중개인인 공소외 6으로부터 파주시 소재 부동산을 매입하고자 했던 피해자 공소외 3을 소개받게 되었다. 당시 피고인은 피해자에게 법무부 범죄예방 파주시 위원, 새천년민주당 파주지구당 부위원장, 파주시 봉사회장, 공소외 86 주식회사 대표 등 10여개의 직함이 기재된 명함을 교부하였고, 이로 인하여 피해자는 피고인을 전적으로 신뢰하게 되었다. 피고인은 2004. 12. 24.경 파주시 문산",원문 참조,없음,"부동산, 토지, 매매, 매수, 매매대금, 소유권이전, 등기, 명의신탁, 명의수탁, 부동산실권리자, 사기, 기망",전문 원문: https://www.law.go.kr/LSW/precInfoP.do?precSeq=163883,criminal_fraud,형법 제347조 사기죄,criminal_fraud|형법 제347조 사기죄; civil_fraud_duress|민법 제110조 사기·강박에 의한 의사표시; civil_sale_effect|민법 제568조 매매의 효력
442,CASE_2021_00442,2021다251929,임대차보증금,대법원,2021-11-11,민사,판결,상고심,파기환송,"주택임대차보호법 제3조 제4항 에서 정한 대항요건을 갖춘 임대주택이 양도된 경우, 양수인이 주택의 소유권과 결합하여 임대인의 임대차계약상의 권리·의무 일체를 그대로 승계하는지 여부 (적극) 및 이때 양도인은 임대차관계에서 탈퇴하여 임차인에 대한 임대차보증금 반환채무를 면하게 되는지 여부 (적극) / 임차인이 임대인의 지위승계를 원하지 않는 경우, 임차인이 임차주택의 양도사실을 안 때로부터 상당한 기간 내에 이의를 제기하면 양도인의 임차인에 대한 보증금 반환채무는 소멸하지 않게 되는지 여부 (적극)","상고이유를 판단한다. 1. 주택임대차보호법(이하 ‘주택임대차법’이라고 한다) 제3조 제4항은 주택의 인도와 주민등록의 대항요건을 갖춘 임대차의 목적이 된 임차주택의 양수인은 임대인의 지위를 승계한 것으로 본다고 규정하고 있다. 이는 법률상 당연승계 규정으로 보아야 하므로, 임대주택이 양도된 경우에 그 양수인은 주택의 소유권과 결합하여 임대인의 임대차계약상의 권리·의무 일체를 그대로 승계한다. 그 결과 양수인은 임대차보증금 반환채무를 면책적으로 인수하고, 양도인은 임대차관계에서 탈퇴하여 임차인에 대한 임대차","주택임대차보호법 제3조 제1항 , 제4항","대법원 1987. 3. 10. 선고 86다카1114 판결 (공1987, 632), 대법원 2002. 9. 4. 선고 2001다64615 판결 (공2002하, 2319), 대법원 2013. 1. 17. 선고 2011다49523 전원합의체 판결 (공2013상, 318)","부동산, 주택, 임차주택, 임대차, 보증금, 임차권, 임대인, 임차인, 주택임대차, 임대차계약, 매수, 등기",전문 원문: https://www.law.go.kr/LSW/precInfoP.do?precSeq=223417,civil_lease_definition,민법 제618조 임대차의 의의,civil_sale_effect|민법 제568조 매매의 효력; civil_lease_definition|민법 제618조 임대차의 의의
443,CASE_2012_00443,2011가합9260,손해배상(기),대구지법,2012-09-05,민사,판결,1심,원고승소,"甲 새마을금고가 변호사 乙과 배당이의소송에 관한 위임계약을 체결하였는데, 乙이 1회 변론기일에 출석하지 않음으로써 소송이 취하간주로 종결되자 甲 금고가 乙을 상대로 손해배상을 구한 사안에서, 乙은 甲 금고가 입은 비재산상 손해를 배상할 의무가 있다고 한 사례","甲 새마을금고가 변호사 乙과 배당이의소송에 관한 위임계약을 체결하였는데, 乙이 1회 변론기일에 출석하지 않음으로써 소송이 취하간주로 종결되자 甲 금고가 乙을 상대로 손해배상을 구한 사안에서, 乙은 소송수행의 사무처리를 위임받은 대리인으로서 변론기일에 출석하여 소송을 유리하게 하기 위한 일체의 소송행위를 하여야 할 의무가 있고, 소송의뢰인의 의사에 의하지 아니하고 재판을 받을 기회를 상실하는 일이 없도록 세심한 주의를 하여야 할 의무가 있음에도, 이를 게을리한 채 제1회 변론기일에 불출석하여 소송이 취하간주로 종결되게 함으로써 甲 금고로부터 위임받은 사무를 위임 본지에 따라 선량한 관리자의 주의로써 처리할 의무를 위반하였으므로 乙은 이러한 채무불이행 또는 불법행위 때문에 甲...","민법 제390조 , 제393조 , 제680조 , 제681조 , 제750조 , 제751조 , 민사집행법 제158조",없음,"부동산, 주택, 다가구, 임대차, 보증금, 임차인, 임대차계약, 임차보증금, 공인중개, 근저당, 저당권, 경매",전문 원문: https://www.law.go.kr/LSW/precInfoP.do?precSeq=166209,realtor_prohibited_acts,공인중개사법 제33조 금지행위,civil_nonperformance_damages|민법 제390조 채무불이행 손해배상; civil_lease_definition|민법 제618조 임대차의 의의; realtor_prohibited_acts|공인중개사법 제33조 금지행위
444,CASE_2007_00444,2005나108560,분양대금반환,서울고등법원,2007-01-19,민사,판결,2심,항소기각,"9174 판결 【변론종결】 2006. 11. 24. 【주 문】 1. 제1심 판결 중 다음에서 지급을 명하는 금원에 해당하는 원고 1, 2, 5, 6의 패소부분을 취소한다. 피고들은 각자 원고 1에게 40,000,000원, 원고 2에게 80,000,000원, 원고 5에게 60,000,000원, 원고 6에게 19,280,000원 및 위 각 금원에 대하여 2002. 7. 31.부터 2007. 1. 19.까지는 연 5%, 그 다음날부터 완제일까지는 연 20%의 각 비율로 계산한 금원을 지급하라. 2. 원고 3, 4의 항소와 원고 1, 2, 5, 6의 나머지 항소를 모두 기각","호증의 1 내지 4, 갑 제8호증(위 각 서증은 제1심 증인 소외 1의 증언에 의하여 진정성립을 인정할 수 있고, 피고 5는 위 각 서증 중 자신의 명의 부분이 위조되었다는 취지의 증거항변을 하고 있으나, 이에 일부 부합하는 듯한 제1심에서의 피고 5 본인심문결과는 이를 믿기 어렵고, 달리 이를 인정할 증거가 없다), 갑 제12호증의 1, 2, 3, 갑 제13호증의 1 내지 6, 갑 제14, 15호증, 갑 제16, 17호증의 각 1, 2, 3, 갑 제18, 19호증, 갑 제23, 24호증의 각 1, 2, 갑 제25호증, 을가 제2호증의 1(을가 제6호증과 같다), 2, 을가 제3호증, 을가 제4호증의 1, 2, 을가 제9호증, 을가 제1",원문 참조,없음,"부동산, 주택, 아파트, 상가, 건물, 매매, 대금반환, 공유지분, 분양, 분양대금, 분양계약, 분담금",전문 원문: https://www.law.go.kr/LSW/precInfoP.do?precSeq=144253,civil_sale_effect,민법 제568조 매매의 효력,civil_sale_effect|민법 제568조 매매의 효력
445,CASE_2021_00445,2020다290804,매매대금,대법원,2021-07-08,민사,판결,상고심,"원심판결 중 피고들 패소 부분을 파기하고, 이 부분 사건을 광주고등법원에 환송한다.","[1] 계약해제권의 발생사유인 ‘이행지체’의 의미 / 조합채권의 추심은 조합원 전원이 공동으로 행하여야 하는지 여부 (원칙적 적극) [2] 채무자의 급부불이행 사정을 들어 계약을 해제하겠다는 통지를 한 경우, 그로써 이행의 최고가 있었다고 볼 수 있는지 여부 (원칙적 적극) [3] 매매계약이 해제된 경우, 매수인이 목적물을 인도받아 사용하였다면 사용이익 반환의무를 부담하는지 여부 (적극) 및 이때 반환하여야 할 사용이익의 범위(=매수인이 점유ㆍ사용한 기간 동안의 임료 상당액) [4] 동시이행판결을 하는 법원이 반대의무의 내용을 정할 때 유의할 사항","[1] 계약해제권의 발생사유인 이행지체라 함은 채무의 이행이 가능한데도 채무자가 그 이행기를 도과한 것을 말하는 것이어서 그 이행기가 도래하기 전에는 이행지체란 있을 수 없고, 조합채권의 추심은 원칙적으로 조합원 전원이 공동으로 행하여야 한다. [2] 채무자의 급부불이행 사정을 들어 계약을 해제하겠다는 통지를 한 때에는 특별히 그 급부의 수령을 거부하는 취지가 포함되어 있지 아니하는 한 그로써 이행의 최고가 있었다고 볼 수 있으며, 그로부터 상당한 기간이 경과하도록 이행되지 아니하였다면 채권자는 계약을 해제할 수 있다. [3] 매매계약이 해제된 경우에 매수인이 목적물을 인도받아 사용하였다면 원상회복으로서 그 목적물을 반환하는 외에 그 사용이익을 반환할 의무를 부담하고, 여...","[1] 민법 제543조 , 제544조 , 제703조 [2] 민법 제543조 , 제544조 [3] 민법 제548조 , 제741조 [4] 민사집행법 제41조 제1항 , 민사소송법 제208조 제1항 제2호","[1] 대법원 1982. 12. 14. 선고 82다카861 판결 (공1983, 279), 대법원 2009. 4. 23. 선고 2007다87214 판결 / [2] 대법원 2017. 9. 21. 선고 2013다58668 판결 / [3] 대법원 2014. 11. 13. 선고 2013다29196 판결 / [4] 대법원 1995. 5. 12. 선고 94다25216 판결 (공1995상, 2103)","건물, 임대차, 보증금, 매매, 매수, 매도, 매매계약, 매매대금, 잔금, 조합원, 등기, 근저당",전문 원문: https://www.law.go.kr/LSW/precInfoP.do?precSeq=216959,civil_lease_definition,민법 제618조 임대차의 의의,civil_sale_effect|민법 제568조 매매의 효력; civil_lease_definition|민법 제618조 임대차의 의의
446,CASE_2022_00446,"2020나21214(본소), 2020나21221(반소)",매매대금·손해배상(기),대구고등법원,2022-02-16,민사,판결,2심,일부인용,"하라. 다. 원고(반소피고)들은 피고(반소원고)에게 강원 정선군 (주소 1 생략) 임야 330,248㎡ 중 각 1/15 지분에 관하여 2017. 12. 15.자 매매를 원인으로 한 소유권이전등기절차를 각 이행하라. 라. 원고(반소피고) 1의 피고(반소원고)에 대한 주위적 본소청구 및 예비적 본소청구, 별지 2 ‘피고가 승낙할 의무가 있는 주식양도 등 계약의 청약’ 중 ‘양도인’란 기재 원고(반소피고)들의 피고에 대한 주위적 본소청구와 나머지 예비적 본소청구 및 피고(반소원고)의 원고(반소피고)들에 대한 나머지 주위적 반소청구를 모두 기각한다. 2. 본소, 반소를 합하","틀어 ‘원고들 등 이 사건 토지공유자 15인’이라 한다)는 강원 정선군 (주소 1 생략) 임야 330,248㎡(이하 ‘이 사건 토지’라 한다)의 공유자들이다(각 공유지분 1/15). 원고 1을 제외한 원고들 11개 회사(이하 ‘원고들 11개 회사’라 한다), 주식회사 수도에너지, 주식회사 창미금광발전소, 주식회사 해원에너지(위 소외 3개 회사는 제1심 반소피고들이다) 및 주식회사 금강쏠라{이하 ‘(주)금강쏠라’라 한다} 이상 15개 회사(이하 ‘원고회사들 등 이 사건 합의상대방 15개 회사’라 한다)는 2017. 5. 17. 개별적으로 강원도 도지사로부터, 위 15개 회사가 이 사건 토지에서 ‘설치용량 3,000㎾ 이하의 (태양광) 발전",원문 참조,없음,"토지, 임야, 매매, 매도, 매매계약, 매매대금, 계약금, 잔금, 소유권이전, 공유지분, 등기, 가등기",전문 원문: https://www.law.go.kr/LSW/precInfoP.do?precSeq=228411,civil_sale_effect,민법 제568조 매매의 효력,civil_nonperformance_damages|민법 제390조 채무불이행 손해배상; civil_sale_effect|민법 제568조 매매의 효력
447,CASE_2017_00447,2016가합201278,소유권이전등기등,수원지방법원 성남지원,2017-07-07,민사,판결,1심,청구기각,"담당변호사 조상미 외 1인) 【피 고】 피고(소송대리인 법무법인 로플렉스 담당변호사 최윤석) 【변론종결】 2017. 6. 16. 【주 문】 1. 원고의 청구를 기각한다. 2. 소송비용은 원고가 부담한다. 【청 구 취 지】 피고는 소외인[000000-0000000, 주소 : 성남시 (주소 생략)]에게 별지1 목록 기재 부동산(이하 ‘이 사건 부동산’이라 한다)에 관하여 진정명의회복을 원인으로 하는 소유권이전등기절차를 이행하라. 피고는 원고에게 500,000,000원 및 이에 대하여 이 사건 청구취지 및 청구원인 변경신청서 부본 송달일 다음 날부터 다 갚는 날까지 연","】 1. 기초사실 가. 원고는 피고의 아버지이다. 나. 원고는 2010. 3. 31. 소외인과 사이에, 피고 명의로 소외인으로부터 이 사건 부동산을 10억 원에 매수하는 내용의 매매계약(이하 ‘이 사건 매매계약’이라 한다)을 체결하였다. 다. 이 사건 부동산에 관하여 2010. 5. 17. 피고 명의의 소유권이전등기가, 2014. 12. 11. 채권최고액 6억 원, 채무자 피고, 근저당권자 주식회사 한국스탠다드차타드은행(이하 ‘SC은행’이라 한다)의 근저당권(이하 ‘이 사건 근저당권’이라 한다)설정등기가 각 마쳐졌다. 라. 주식회사 영천씰테크(이하 ‘영천씰테크’라 한다)는 2004. 12. 10.경 설립된 회사로서, 아래와 같이 그 주주",원문 참조,없음,"부동산, 아파트, 오피스텔, 임야, 매매, 매수, 매도, 매매계약, 매매대금, 중도금, 소유권이전, 분양",전문 원문: https://www.law.go.kr/LSW/precInfoP.do?precSeq=218157,civil_sale_effect,민법 제568조 매매의 효력,civil_sale_effect|민법 제568조 매매의 효력
448,CASE_2025_00448,2024다293580,임대료반환청구[코로나바이러스감염증-19(이하 ‘코로나19’)의 확산으로 면세점 운영이 중단되자 면세점 영업목적으로 부동산을 임차한 면세사업자들이 이미 지급한 차임의 반환을 구하는 사건],대법원,2025-05-01,민사,판결,상고심,상고기각,"[1] 임대인에게 목적물을 사용·수익할 수 있는 상태로 임차인에게 인도하고, 임대차 기간 중 그러한 상태를 유지시킬 의무가 있는지 여부 (적극) 및 목적물이 사용·수익에 적합한 상태인지 판단하는 기준 [2] 쌍무계약에서 당사자 쌍방의 귀책사유 없이 채무를 이행할 수 없게 된 경우, 이미 이행한 급부의 반환을 청구할 수 있는지 여부 (적극) 및 채무의 이행이 불가능하다는 것의 의미 / 기간을 정한 부동산 임대차계약 등 계속적 계약에서 일정 기간 동안 채무 이행이 불가능하게 된 경우, 채권자가 채무자의 이행의 실현을 기대할 수 없다면 해당 기간의 급부불능을 종국적인 것이...","[1] 임대인은 민법 제623조 에 따라 임차인이 목적물을 사용·수익할 수 있는 상태로 목적물을 임차인에게 인도하여야 하고, 임대차 기간 중 그러한 상태를 유지시킬 의무를 부담한다. 어떠한 상태가 사용·수익에 적합한 상태인지는 임대차 목적물의 통상적인 사용방법을 중심으로 하되, 단순히 물리적인 사용·수익 가능성뿐만 아니라, 임대차의 목적과 유형, 거래 관행, 계약의 내용을 통해 드러난 당사자의 의사 등을 종합적으로 고려하여 판단해야 한다. [2] 쌍무계약에서 당사자 쌍방의 귀책사유 없이 채무를 이행할 수 없게 된 경우 채무자는 민법 제537조 에 따라 자신의 채무를 이행할 의무를 면함과 더불어 상대방의 이행도 청구하지 못한다. 쌍방 채무의 이행이 없었던 경우에는 계약상 의...","[1] 민법 제105조 , 제623조 [2] 민법 제537조 , 제618조 , 제741조 [3] 민법 제105조 , 제537조 , 제618조 , 제623조 , 제741조 , 항공보안법 제12조 , 제13조 , 관세법 제196조 제1항","[2] 대법원 1995. 2. 28. 선고 94다42020 판결 (공1995상, 1463), 대법원 2017. 10. 12. 선고 2016다9643 판결 (공2017하, 2085), 대법원 2021. 5. 27. 선고 2017다254228 판결 (공2021하, 1224)","부동산, 임대차, 보증금, 임대인, 임차인, 임대차계약, 기각, 파기, 반환, 부당이득",전문 원문: https://www.law.go.kr/LSW/precInfoP.do?precSeq=605975,civil_lease_definition,민법 제618조 임대차의 의의,civil_lease_definition|민법 제618조 임대차의 의의
449,CASE_2022_00449,2020다217380,부당이득금,대법원,2022-05-13,민사,판결,상고심,파기환송,"[1] 약관조항이 고객에 대하여 부당하게 불리한 조항으로서 ‘신의성실의 원칙을 위반하여 공정성을 잃은 약관조항’이라는 이유로 무효라고 보기 위한 요건 및 이를 판단하는 기준 [2] 甲 지역주택조합의 조합가입계약서에 조합원의 지위를 상실한 자에 대한 분담금 반환시기를 대체 계약자의 대금이 입금되었을 때로 제한하고 있는데, 위 조항이 약관의 규제에 관한 법률에 따라 무효인지 문제 된 사안에서, 위 조항이 같은 법 제6조 제1항 의 ‘신의성실의 원칙을 위반하여 공정성을 잃은 약관조항’이라고 보기 어렵다고 한 사례","관법’이라고 한다) 제6조 제1항, 제2조 제1호에 따라 고객에 대하여 부당하게 불리한 조항으로서 ‘신의성실의 원칙에 반하여 공정을 잃은 약관조항’이라는 이유로 무효라고 보기 위해서는, 그 약관조항이 고객에게 다소 불이익하다는 점만으로는 부족하고, 약관 작성자가 거래상의 지위를 남용하여 계약 상대방의 정당한 이익과 합리적인 기대에 반하여 형평에 어긋나는 약관조항을 작성·사용함으로써 건전한 거래질서를 훼손하는 등 고객에게 부당하게 불이익을 주었다는 점이 인정되어야 한다. 그리고 이와 같이 약관조항의 무효 사유에 해당하는 ‘고객에게 부당하게 불리한 조항’인지 여부는 그 약관조항에 의하여 고객에게 생길 수 있는 불이익의 내용과 불이익 발생의","[1] 약관의 규제에 관한 법률 제6조 제1항 , 제2항 제1호 [2] 약관의 규제에 관한 법률 제6조 제1항 , 제2항 제1호","[1] 대법원 2014. 6. 12. 선고 2013다214864 판결 (공2014하, 1387), 대법원 2017. 4. 13. 선고 2016다274904 판결 (공2017상, 963)","주택, 아파트, 토지, 매수, 지역주택조합, 조합가입, 조합원, 납입금, 분담금, 업무대행비, 파기, 반환",전문 원문: https://www.law.go.kr/LSW/precInfoP.do?precSeq=235485,civil_sale_effect,민법 제568조 매매의 효력,civil_sale_effect|민법 제568조 매매의 효력
450,CASE_2022_00450,"2021다284356, 284370",조합원부담금청구·조합원지위부존재확인등,대법원,2022-07-14,민사,판결,상고심,상고기각,"지역주택조합과 조합가입계약을 체결하였으나 그 당시는 물론 조합설립인가신청일까지 조합원 자격요건을 충족하지 못한 경우, 조합설립인가신청일 이후 이행기가 도래하는 부담금을 납부할 의무를 면하는지 여부 (적극) 및 조합가입계약 체결 당시에는 조합원 자격요건을 충족하였으나 조합설립인가신청일 이후 조합원의 지위를 상실한 경우, 그 후 이행기가 도래하는 부담금을 납부할 의무를 면하는지 여부 (적극)","상고이유를 판단한다. 1. 원고(반소피고)의 조합원 부담금 청구 부분 가. 조합원 지위를 갖추지 못하여 부담금 납입의무가 없다는 주장에 관하여 1) 지역주택조합과 조합원 사이의 법률관계는 근거 법령이나 조합 규약의 규정, 조합 총회의 결의 또는 조합과 조합원 사이의 약정에 따라 규율된다. 지역주택조합사업은 무주택자들이 주택 마련이라는 일정한 목적을 가지고 조합설립 준비단계에서부터 사업부지의 확보, 조합의 설립과 사업계획승인, 아파트 등 주택의 건축에 이르기까지 일련의 절차를 진행하여 시행되고, 조합원은 사업의 진행과정에서","구 주택법(2015. 7. 24. 법률 제13435호로 개정되기 전의 것) 제32조 제5항 (현행 제11조 제7항 참조), 구 주택법 시행령(2014. 12. 23. 대통령령 제25880호로 개정되기 전의 것) 제38조 제1항 (현행 제21조 제1항 참조)",없음,"주택, 아파트, 토지, 계약금, 중도금, 잔금, 지역주택조합, 조합가입, 조합원, 기망, 손해배상, 기각",전문 원문: https://www.law.go.kr/LSW/precInfoP.do?precSeq=235403,civil_fraud_duress,민법 제110조 사기·강박에 의한 의사표시,civil_fraud_duress|민법 제110조 사기·강박에 의한 의사표시; civil_nonperformance_damages|민법 제390조 채무불이행 손해배상; civil_sale_effect|민법 제568조 매매의 효력
451,CASE_2021_00451,2021다202309,보증금반환,대법원,2021-04-29,민사,판결,상고심,상고기각,"[1] 당사자 사이에 법률행위의 해석을 둘러싸고 다툼이 있어 처분문서에 나타난 당사자의 의사해석이 문제 되는 경우, 처분문서를 해석하는 방법 [2] 임대인의 임차목적물 인도의무의 내용 / 임대인의 임차목적물 사용ㆍ수익상태 유지의무가 임대인의 귀책사유 없이 하자가 발생한 경우 면해지는지 여부 (소극) 및 임대인이 그와 같은 하자 발생 사실을 몰랐거나 임차인이 이를 알거나 알 수 있었더라도 마찬가지인지 여부 (적극)","[1] 처분문서는 그 성립의 진정함이 인정되는 이상 법원은 그 기재 내용을 부인할 만한 분명하고도 수긍할 수 있는 반증이 없으면 처분문서에 기재된 문언대로 의사표시의 존재와 내용을 인정하여야 한다. 당사자 사이에 법률행위의 해석을 둘러싸고 다툼이 있어 처분문서에 나타난 당사자의 의사해석이 문제 되는 경우에는 문언의 내용, 법률행위가 이루어진 동기와 경위, 법률행위로써 달성하려는 목적, 당사자의 진정한 의사 등을 종합적으로 고찰하여 논리와 경험칙에 따라 합리적으로 해석하여야 한다. [2] 임대인은 임차인이 목적물을 사용ㆍ수익할 수 있도록 목적물을 임차인에게 인도하여야 한다( 민법 제623조 전단). 임차인이 계약에 의하여 정하여진 목적에 따라 사용ㆍ수익하는 데 하자가 있는...",[1] 민법 제105조 [2] 민법 제623조,"[1] 대법원 2002. 6. 28. 선고 2002다23482 판결 (공2002하, 1816), 대법원 2018. 7. 12. 선고 2017다235647 판결 (공2018하, 1586), 대법원 2021. 3. 11. 선고 2020다253430 판결 (공2021상, 756) / [2] 대법원 2010. 4. 29. 선고 2009다96984 판결 (공2010상, 995)","건물, 임대차, 보증금, 임대인, 임차인, 임대차계약, 손해배상, 불법행위, 기각, 파기, 반환, 무효",전문 원문: https://www.law.go.kr/LSW/precInfoP.do?precSeq=226883,civil_lease_definition,민법 제618조 임대차의 의의,civil_nonperformance_damages|민법 제390조 채무불이행 손해배상; civil_lease_definition|민법 제618조 임대차의 의의
452,CASE_2005_00452,2002노9942,자격모용사문서작성·자격모용작성사문서행사·공정증서원본불실기재·불실기재공정증서원본행사·사문서위조·위조사문서행사·사기,서울중앙지방법원,2005-05-26,형사,판결,2심,무죄,"김태훈 【원심판결】 서울지방법원 2002. 9. 26. 선고 99고단2734 판결 【주 문】 원심판결 중 피고인들에 대한 별지 목록 제1항 내지 제3항 기재 각 무죄 부분과 피고인 2에 대한 유죄 부분을 각 파기한다. 피고인 2를 징역 10월에, 피고인 1을 벌금 5,000,000원에, 피고인 3, 4를 각 벌금 2,000,000원에 각 처한다. 피고인 1, 3, 4가 위 벌금을 납입하지 아니하는 경우 각 50,000원을 1일로 환산한 기간 위 피고인들을 노역장에 유치한다. 다만, 피고인 2에 대하여는 이 판결 확정일부터 2년간 위 징역형의 집행을 유예한다. 원심판결","1. 항소이유의 요지 가. 검사의 항소이유 (피고인들에 대한 원심 판시 각 무죄 부분에 대하여) 1995. 2. 28. 개최된 (종중명 생략) 대종회(이하 대종회라 한다)의 정기대의원총회에서 공소외 1이 적법한 절차를 거쳐 신임 회장으로 선출됨으로써, 전임 회장인 피고인 1은 임기 만료로 더 이상 대종회의 업무를 처리할 권한이 없다 할 것임에도 불구하고, 원심은 피고인 1 등이 1995. 2. 28. 이후로도 대종회의 업무를 처리할 권한이 있음을 전제로 피고인들이 공모하여 대종회 회장이나 이사 자격을 각 모용하여 이사회 의사록과 위임장을 작성, 행사하고",원문 참조,없음,"부동산, 주택, 빌라, 임대차, 보증금, 임대차계약, 소유권이전, 소유권보존, 분양, 자격모용, 등기, 공정증서원본불실기재",전문 원문: https://www.law.go.kr/LSW/precInfoP.do?precSeq=78423,criminal_fraud,형법 제347조 사기죄,criminal_fraud|형법 제347조 사기죄; civil_sale_effect|민법 제568조 매매의 효력; civil_lease_definition|민법 제618조 임대차의 의의
453,CASE_2009_00453,2009도3712,사기·공문서변조·변조공문서행사·부동산실권리자명의등기에관한법률위반·특정경제범죄가중처벌등에관한법률위반(배임)·특정경제범죄가중처벌등에관한법률위반(사기)·사문서위조·위조사문서행사·공정증서원본부실기재·부실기재공정증서원본행사·위증,대법원,2009-07-23,형사,판결,상고심,상고기각,"[1] 담보대출에 의한 업무상 배임죄가 성립하는 경우 피해자의 손해액 산정을 위한 ‘담보물 가치’의 평가 방법 [2] 배임죄로 인한 손해액 또는 이득액 계산에 잘못이 있더라도 올바른 금액 또한 특정경제범죄 가중처벌 등에 관한 법률 제3조 제1항 각 호 에 해당하는 경우, 그 잘못이 그 법조항을 적용한 판결 결과에 영향을 미치는지 여부 (소극) [3] 금융기관의 대출담당 직원이 아파트를 담보로 대출을 해준 후 그 아파트에 임차인이 대항력을 갖춘 후에 그에 관한 근저당권설정등기를 마친 경우, 배임행위로 금융기관이 입은 손해액","에 대한 판단 기록에 의하여 살펴보면, 원심이 피고인 2에 대한 이 사건 공소사실 중 변조된 전입세대열람내역과 관련한 특정경제범죄 가중처벌 등에 관한 법률 위반(배임)의 점에 대하여 그 판시와 같은 이유로 그 증명이 없다고 판단한 것은 수긍이 가고, 거기에 검사가 상고이유에서 주장하는 바와 같은 채증법칙 위배 등의 위법이 없다. 2. 피고인들의 상고에 대한 판단 가. 피고인 1의 상고에 대한 판단 (1) 기록에 의하면, 피고인 1은 원심에서 항소이유로 양형부당만을 주장하였으므로 상고심에서 새로이 채증법칙 위반 등을 상고이유로 주장할 수 없고, 형사소송법 제383조 제4호 의 규정에 의하면 사형, 무기 또는 10년 이상의 징역이나 금고가","[1] 형법 제355조 제2항 , 제356조 [2] 형법 제355조 제2항 , 특정경제범죄 가중처벌 등에 관한 법률 제3조 제1항 [3] 형법 제355조 제2항 , 제356조","[2] 대법원 1989. 10. 24. 선고 89도641 판결 (공1989, 1828), 대법원 1999. 4. 13. 선고 98도4022 판결 (공1999상, 956) / [3] 대법원 2003. 10. 10. 선고 2003도3516 판결 , 대법원 2006. 4. 27. 선고 2004도1130 판결","부동산, 아파트, 임대차, 보증금, 임차인, 등기, 근저당, 저당권, 담보, 부동산실권리자, 사기, 위조",전문 원문: https://www.law.go.kr/LSW/precInfoP.do?precSeq=142099,aggravated_economic_crime,특정경제범죄 가중처벌 등에 관한 법률 제3조,aggravated_economic_crime|특정경제범죄 가중처벌 등에 관한 법률 제3조; criminal_fraud|형법 제347조 사기죄; embezzlement_breach_of_trust|형법 제355조·제356조 횡령·배임; civil_lease_definition|민법 제618조 임대차의 의의
454,CASE_2006_00454,2004드합8654,이혼및재산분할등·혼인의무효,서울가법,2006-04-26,기타,판결,미상,일부인용,[1] 혼인하였다가 이혼한 후 사실혼관계를 유지하다가 다시 혼인한 경우 재산분할의 대상의 범위 [2] 부부 중 일방이 명의신탁하였거나 실질적으로 지배하고 있는 부동산으로서 부부 쌍방의 협력으로 형성된 재산이거나 부부 쌍방의 협력으로 형성된 유·무형의 자원에 기한 재산이 재산분할의 대상인지 여부 (적극),"[1] 혼인하였다가 이혼한 후 사실혼관계를 유지하다가 다시 혼인한 경우에는 사실혼관계인 기간을 포함하여 혼인기간 전(全) 기간에 걸쳐 쌍방의 협력에 의하여 이룩한 적극 및 소극재산 전부를 재산분할 대상으로 보아야 한다. [2] 부동산이 비록 제3자 명의로 되어 있더라도 그것이 부부 중 일방이 명의신탁한 재산 또는 부부의 일방이 실질적으로 지배하고 있는 재산으로서 부부 쌍방의 협력으로 형성된 것이거나 부부 쌍방의 협력으로 형성된 유형, 무형의 자원에 기한 것이라면 재산분할의 대상이 된다.","[1] 민법 제839조의2 , 제843조 [2] 민법 제839조의2 , 제843조",없음,"부동산, 주택, 다가구, 소유권이전, 등기, 명의신탁, 공정증서원본불실기재, 상해, 고소, 기각, 무효, 불실기재",전문 원문: https://www.law.go.kr/LSW/precInfoP.do?precSeq=70544,civil_sale_effect,민법 제568조 매매의 효력,civil_sale_effect|민법 제568조 매매의 효력
455,CASE_2008_00455,2008노777,사기·무고·폭력행위등처벌에관한법률위반(공동주거침입),서울북부지법,2008-09-02,형사,판결,2심,유죄(징역형),"[1] 주거침입죄의 기수시기와 죄수관계 [2] 2년여의 기간 동안 계속 타인의 주택에 거주함으로써 이루어진 주거침입행위 중 일부 기간의 행위에 대하여 먼저 유죄판결이 확정된 후, 판결확정 전의 다른 일부 기간의 주거침입행위가 다시 기소된 사안에서, 이는 판결이 확정된 주거침입죄와 포괄일죄의 관계이므로 확정판결의 기판력이 미친다고 한 사례","[1] 주거침입죄는 사람의 신체의 전부 또는 일부가 주거에 들어가 사실상 주거의 평온을 해하면 기수에 이르나, 이른바 계속범으로서 주거침입으로 인한 위법상태가 계속되는 한 일시적인 중단으로 범행이 종료되거나 재침입으로 별개의 범죄를 이루는 것이 아니라, 하나의 행위로 포괄하여 1죄를 구성한다. [2] 2년여의 기간 동안 계속 타인의 주택에 거주함으로써 이루어진 주거침입행위 중 일부 기간의 행위에 대하여 먼저 유죄판결이 확정된 후, 판결확정 전의 다른 일부 기간의 주거침입행위가 다시 기소된 사안에서, 이는 판결이 확정된 주거침입죄와 포괄일죄의 관계이므로 확정판결의 기판력이 미친다고 한 사례.","[1] 형법 제37조 , 제319조 제1항 [2] 형사소송법 제326조 제1호 , 형법 제37조 , 제319조 제1항","[1] 대법원 1995. 9. 15. 선고 94도2561 판결 (공1995하, 3473)","부동산, 주택, 건물, 매매, 매수, 매매계약, 매매대금, 계약금, 중도금, 분양, 폭력행위, 협박",전문 원문: https://www.law.go.kr/LSW/precInfoP.do?precSeq=64832,criminal_fraud,형법 제347조 사기죄,criminal_fraud|형법 제347조 사기죄; civil_sale_effect|민법 제568조 매매의 효력
456,CASE_1990_00456,90노1630,특정경제범죄가중처벌등에관한법률위반(사기)등피고사건,서울고법,1990-08-25,형사,판결,2심,무죄,당좌수표를 발행한 피고인이 그 소지인을 기망하여 지급기일을 연기받은 경우의 편취액,토지대금의 일부로 발행한 당좌수표를 결제할 능력이 없어 그 지급을 2차례나 연기받은 피고인이 형사처벌을 모면하기 위하여 피해자에게 아무런 담보가치 없는 약속어음을 양도하고 이미 4순위 근저당권까지 설정되어 있는 그 소유의 토지에 근저당권을 설정하여 주면서 3개월 후에는 틀림 없이 수표금을 지급하겠다고 피해자를 속여 그로부터 위 당좌수표를 회수함으로써 그 지급기일을 연기받은 경우 피고인의 편취액은 위 당좌수표의 액면금 전부라고는 볼 수 없고 그에 대한 위 기간동안의 금리 상당액으로 보아야 한다.,"형법 제347조 , 구 특정경제범죄가중처벌등에관한법률(1990.12.31. 법률 제4292호로 개정되기 전의 것) 제3조",없음,"부동산, 주택, 아파트, 토지, 다세대, 매매, 매수, 매매대금, 계약금, 소유권이전, 분양, 등기",전문 원문: https://www.law.go.kr/LSW/precInfoP.do?precSeq=228579,aggravated_economic_crime,특정경제범죄 가중처벌 등에 관한 법률 제3조,aggravated_economic_crime|특정경제범죄 가중처벌 등에 관한 법률 제3조; criminal_fraud|형법 제347조 사기죄; civil_fraud_duress|민법 제110조 사기·강박에 의한 의사표시; civil_sale_effect|민법 제568조 매매의 효력
457,CASE_2021_00457,2020나53071,배당이의,부산지방법원,2021-09-10,민사,판결,2심,항소기각,"결】 부산지방법원 2020. 6. 25. 선고 2019가단9763 판결 【변론종결】 2021. 8. 13. 【주 문】 1. 제1심판결 중 피고 2에 대한 부분을 취소한다. 2. 이 법원 2008타경20255 부동산임의경매 사건에 관하여 이 법원이 2019. 6. 4. 작성한 추가배당표 중 피고 2에 대한 배당액 7,378,269원을 삭제하고, 원고에 대한 배당액 12,810,472원을 20,188,741원으로 경정한다. 3. 원고의 피고 1에 대한 항소를 기각한다. 4. 원고와 피고 1 사이에 생긴 항소비용은 원고가 부담하고, 원고와 피고 2 사이에 생긴 소송 총비용",". 원고 소유의 부산 사상구 (주소 1 생략)와 (주소 2 생략)(이하 ‘이 사건 부동산’이라 한다)를 비롯한 같은 빌라 4세대에 관하여 2008. 5. 15. 근저당권자인 농업협동조합중앙회가 부산지방법원 2008타경20255호로 임의경매신청을 하여 같은 날 경매절차가 개시되었다. 나. 소외인은 2007. 11. 27.경 원고와 위 (주소 2 생략)에 관하여 임대차보증금 20,000,000원, 월차임 500,000원으로 하는 임대차계약을 체결하고 그 무렵 위 보증금을 지급하고 거주하고 있었는데, 피고 1은 2009. 3. 23. 이 사건 임의경매에서 소외인이 소액임차인으로서 제3채무자 대한민국으로부터 배당받을 임차보증금에 대하여 압류 및",원문 참조,없음,"부동산, 주택, 건물, 빌라, 임대차, 보증금, 임차인, 임대차계약, 임차보증금, 분양, 근저당, 저당권",전문 원문: https://www.law.go.kr/LSW/precInfoP.do?precSeq=221903,civil_lease_definition,민법 제618조 임대차의 의의,civil_sale_effect|민법 제568조 매매의 효력; civil_lease_definition|민법 제618조 임대차의 의의
458,CASE_2022_00458,2020다288375,부당이득금,대법원,2022-03-17,민사,판결,상고심,파기환송,"[1] 여러 개의 계약 전부가 경제적, 사실적으로 일체로서 행하여져 하나의 계약인 것과 같은 관계에 있는 경우, 법률행위의 일부무효 법리가 적용되는지 여부 (적극) 및 이때 계약 전부가 일체로서 하나의 계약인 것과 같은 관계에 있는지 판단하는 방법 [2] 甲 등이 아파트 조성사업을 추진하는 乙 지역주택조합 추진위원회로부터 ‘약정한 날까지 사업계획이 승인되지 않는 경우 납부한 전액의 환불을 보장한다.’는 취지가 포함된 안심보장증서를 받고 분양목적물에 관한 조합가입계약을 체결하여 계약금을 납입하였다가, 조합가입계약의 무효 등을 주장하며 납입금 반환을 구한 사안에서, 안심...","[1] 법률행위의 일부분이 무효인 때에는 그 전부를 무효로 하나, 그 무효 부분이 없더라도 법률행위를 하였을 것이라고 인정될 때에는 나머지 부분은 무효가 되지 아니한다( 민법 제137조 ). 이와 같은 법률행위의 일부무효 법리는 여러 개의 계약이 체결된 경우에 그 계약 전부가 경제적, 사실적으로 일체로서 행하여져서하나의 계약인 것과 같은 관계에 있는 경우에도 적용된다. 이때 그 계약 전부가 일체로서 하나의 계약인 것과 같은 관계에 있는 것인지의 여부는 계약 체결의 경위와 목적 및 당사자의 의사 등을 종합적으로 고려하여 판단해야 한다. [2] 甲 등이 아파트 조성사업을 추진하는 乙 지역주택조합 추진위원회로부터 ‘약정한 날까지 사업계획이 승인되지 않는 경우 납부한 전액의 환불...","[1] 민법 제137조 [2] 민법 제137조 , 제276조 제1항","[1] 대법원 2006. 7. 28. 선고 2004다54633 판결 (공2006하, 1517), 대법원 2013. 5. 9. 선고 2012다115120 판결 (공2013상, 1032)","주택, 아파트, 계약금, 분양, 지역주택조합, 조합가입, 납입금, 파기, 반환, 부당이득, 무효",전문 원문: https://www.law.go.kr/LSW/precInfoP.do?precSeq=227207,civil_sale_effect,민법 제568조 매매의 효력,civil_sale_effect|민법 제568조 매매의 효력
459,CASE_2024_00459,2024다256116,임대차보증금[임대차목적물이 인도되어야 임차인의 차임지급의무가 발생하는지 여부가 문제된 사건],대법원,2024-09-13,민사,판결,상고심,상고기각,"임차인의 차임 지급의무는 그가 임대인으로부터 목적물을 인도받았는지와 무관하게 임대차계약의 효력으로서 발생하는지 여부 (적극) / 임대인이 임차인에게 목적물을 인도하여 이를 사용·수익할 수 있도록 할 의무를 불이행하여 목적물의 사용·수익에 지장이 있는 경우, 임차인은 지장이 있는 한도에서 차임 지급을 거절할 수 있는지 여부 (적극)","임대인은 임차인에게 목적물을 인도하여 이를 사용·수익할 수 있도록 할 의무를 부담하고, 임차인은 이에 대하여 차임을 지급할 의무를 부담한다( 민법 제618조 , 제623조 참조). 이러한 임대인과 임차인의 의무는 특별한 사정이 없는 한 임대차계약이 유효하게 성립하면 발생하는 것이고, 상대방의 의무 이행이나 이행의 제공이 있어야 비로소 발생하는 것은 아니다. 그러므로 임차인의 차임 지급의무는 그가 임대인으로부터 목적물을 인도받았는지와 무관하게 임대차계약의 효력으로서 발생한다. 다만 임대인의 위와 같은 의무는 임차인의 차임 지급의무와 서로 대응하는 관계에 있으므로, 임대인이 이러한 의무를 불이행하여 목적물의 사용·수익에 지장이 있으면 임차인은 지장이 있는 한도에서 차임 지급을...","민법 제618조 , 제623조","대법원 2019. 11. 14. 선고 2016다227694 판결 (공2020상, 4)","부동산, 상가, 건물, 임대차, 보증금, 임대인, 임차인, 임대차계약, 계약금, 중도금, 잔금, 소유권이전",전문 원문: https://www.law.go.kr/LSW/precInfoP.do?precSeq=241573,civil_lease_definition,민법 제618조 임대차의 의의,civil_sale_effect|민법 제568조 매매의 효력; civil_lease_definition|민법 제618조 임대차의 의의
460,CASE_2024_00460,2022나14637,소유권이전등기말소등기청구의소,서울고등법원(인천),2024-01-17,민사,판결,2심,1. 제1심 판결을 취소한다. 2. 원고의 피고들에 대한 청구를 모두 기각한다. 3. 소송 총비용은 원고가 부담한다.,"외 2인) 【제1심판결】 인천지방법원 2022. 8. 26. 선고 2021가합64817 판결 【변론종결】 2023. 11. 15. 【주 문】 1. 제1심 판결을 취소한다. 2. 원고의 피고들에 대한 청구를 모두 기각한다. 3. 소송 총비용은 원고가 부담한다. 【청구취지 및 항소취지】 1. 청구취지 원고에게, 제1심 판결 별지1 목록 기재 각 부동산에 대하여, 피고 주식회사 ○○○는 인천지방법원 2017. 12. 1. 접수 제451548호로 마친 각 소유권이전등기의, 2019. 6. 7. 접수 제204987호로 마친 각 소유권이전등기의, 2020. 2. 26. 접수 제","및 앞서 든 증거에 의하면, 지방공사인 원고가 공공사업으로 조성된 택지에 2007. 6. 26. 주택법 제16조 에 따른 사업계획승인을 받아 10년간 임대 후 분양전환할 목적으로 임대한 사실이 인정되므로, 이 사건 주택은 구 임대주택법(2007. 7. 19. 법률 제8534호로 개정되기 전의 것) 제2조 제2호 가목 , 구 임대주택법 시행령(2008. 6. 20. 대통령령 제20849호로 개정되기 전의 것) 제2조 제1호 다목 에 따른 공공건설임대주택에 해당한다. 또한 원고가 경제자유구역에 이 사건 주택을 건설하여 이를 외국인을 위한 임대주택으로 입주자 모집공고를 하고 외국인들과 임대차계약을 체결한 사실은 앞서 본 바와 같다. 따라서",원문 참조,없음,"부동산, 주택, 임대차, 임차인, 임대차계약, 매매, 매매계약, 소유권이전, 분양, 등기, 기각, 취소",전문 원문: https://www.law.go.kr/LSW/precInfoP.do?precSeq=241289,civil_lease_definition,민법 제618조 임대차의 의의,civil_sale_effect|민법 제568조 매매의 효력; civil_lease_definition|민법 제618조 임대차의 의의
461,CASE_2023_00461,"2022다290327, 290334",소유권이전등기·매매대금,대법원,2023-11-02,민사,판결,상고심,상고기각,"[1] 매도청구권에 대해 정하고 있는 도시 및 주거환경정비법 제64조 제4항 및 제73조 제2항 을 해석하는 방법 [2] 투기과열지구로 지정된 지역의 재건축사업시행자가 조합설립인가 후 해당 정비사업의 건축물 또는 토지를 양수한 자로부터 해당 건축물 또는 토지를 취득하기 위해 협의를 진행하였으나 협의가 성립되지 아니한 경우, 도시 및 주거환경정비법 제73조 제2항 을 준용하여 위 건축물 또는 토지에 관한 매도청구권을 행사하는 것이 허용되는지 여부 (적극) / 재건축사업시행자가 위 양수인이 조합원 자격을 취득할 수 없다는 사실을 뒤늦게 인지하였고, 그 전에 이미 위 양수...","[1] 도시 및 주거환경정비법(이하 ‘도시정비법’이라고 한다) 제64조 제4항 에 의하면 주택재건축사업시행자는 조합설립 또는 사업시행자 지정에 동의하지 않은 토지 등 소유자와 건축물 또는 토지만 소유한 자에게 ‘건축물 또는 토지의 소유권과 그 밖의 권리’를 매도할 것을 청구할 수 있고, 같은 법 제73조 제2항 에 의하면 주택재건축사업시행자는 분양신청을 하지 아니한 자 등의 ‘토지, 건축물 또는 그 밖의 권리’에 대하여 매도청구소송을 제기하도록 정하였다. 위와 같은 내용의 도시정비법 제64조 제4항 및 제73조 제2항 은 재건축 불참자 등에 대하여 그 의사에 불구하고 그 구분소유권 및 대지사용권을 매도하게 하는 규정으로서 이들의 재산권에 대한 제한규정이기는 하나, 노후·불...","[1] 도시 및 주거환경정비법 제64조 제4항 , 제73조 제2항 [2] 구 도시 및 주거환경정비법(2021. 4. 13. 법률 제18046호로 개정되기 전의 것) 제39조 제2항 , 제3항 , 도시 및 주거환경정비법 제64조 제4항 , 제73조 제2항","[1] 대법원 1999. 12. 10. 선고 98다36344 판결 (공2000상, 158), 헌법재판소 2020. 11. 26. 선고 2018헌바407, 408, 2019헌바88, 343, 344, 365, 366, 368, 375, 393, 394, 406, 436, 467, 468, 488, 2020헌바8 전원재판부 결정(헌공290, 1491) / [2] 대법원 2013. 11. 28. 선고 2012다110477, 110484 판결(공2014상, 51)","주택, 아파트, 토지, 건물, 대지권, 매매, 매도, 매매계약, 매매대금, 소유권이전, 소유권보존, 공유지분",전문 원문: https://www.law.go.kr/LSW/precInfoP.do?precSeq=237919,civil_sale_effect,민법 제568조 매매의 효력,civil_sale_effect|민법 제568조 매매의 효력
462,CASE_2024_00462,2023다307024,임대차보증금[상가건물 임대차계약의 묵시적 갱신이 문제된 사건],대법원,2024-06-27,민사,판결,상고심,상고기각,"[1] 소액사건에 관하여 상고이유로 할 수 있는 ‘대법원의 판례에 상반되는 판단을 한 때’의 요건을 갖추지 않았더라도 대법원이 실체법 해석적용의 잘못에 관하여 판단할 수 있는 경우 [2] 상가의 임차인이 임대차기간 만료 1개월 전부터 만료일 사이에 갱신거절의 통지를 한 경우, 임대차계약의 묵시적 갱신이 인정되지 않고 임대차기간의 만료일에 종료하는지 여부 (적극)","[1] 소액사건에서 구체적 사건에 적용할 법령의 해석에 관한 대법원 판례가 아직 없는 상황에서 같은 법령의 해석이 쟁점으로 되어 있는 다수의 소액사건들이 하급심에 계속되어 있을 뿐만 아니라 재판부에 따라 엇갈리는 판단을 하는 사례가 나타나고 있는 경우, 소액사건이라는 이유로 대법원이 그 법령의 해석에 관하여 판단을 하지 아니한 채 사건을 종결하고 만다면 국민생활의 법적 안전성을 해칠 것이 우려된다고 할 것인바, 이와 같은 특별한 사정이 있는 경우에는 소액사건에 관하여 상고이유로 할 수 있는 ‘대법원의 판례에 상반되는 판단을 한 때’의 요건을 갖추지 아니하였다고 하더라도 법령해석의 통일이라는 대법원의 본질적 기능을 수행하는 차원에서 실체법 해석적용에 있어서의 잘못에 관하여...","[1] 소액사건심판법 제3조 제2호 [2] 상가건물 임대차보호법 제1조 , 제10조 제1항 , 제4항 , 민법 제639조 , 주택임대차보호법 제6조 제1항","[1] 대법원 2004. 8. 20. 선고 2003다1878 판결 (공2004하, 1571), 대법원 2015. 3. 26. 선고 2012다48824 판결","주택, 상가, 건물, 임대차, 보증금, 임차권, 임대인, 임차인, 주택임대차, 임대차계약, 등기, 임차권등기",전문 원문: https://www.law.go.kr/LSW/precInfoP.do?precSeq=240969,civil_lease_definition,민법 제618조 임대차의 의의,civil_lease_definition|민법 제618조 임대차의 의의
463,CASE_2022_00463,"2021나28268(본소), 2021나37071(반소)",소유권이전등기·매매대금,서울동부지방법원,2022-09-28,민사,판결,2심,일부인용,1. 이 법원에서 제기한 피고(반소원고)의 반소청구를 포함하여 제1심 판결을 다음과 같이 변경한다. 가,"같으므로, 민사소송법 제420조 본문에 의하여 그대로 인용한다. 소외인이 서울 강동구 (주소 2 생략) 외 7필지 ○○○맨션(동호수 생략)(이하 ‘이 사건 기존 아파트’라고 한다)에 관하여 2015. 7. 30. 원고에게 같은 해 4. 1.자 신탁을 원인으로 한 소유권이전등기를 마쳐주었다. 소외인이 2016. 12. 21. 원고로부터 이 사건 사업으로 신축될 이 사건 아파트를 488,100,000원에 분양받기로 하는 분양계약을 체결하였다가 2019. 5. 30. 피고에게 이 사건 사업을 위하여 현물로 출자하는 이 사건 기존 아파트의 부속토지인 서울 강동구 (주소 생략) 대 46,808㎡ 외 7필지 중 31.621/63,435 지분(이하",원문 참조,없음,"부동산, 주택, 아파트, 토지, 건물, 매매, 매도, 매매대금, 소유권이전, 소유권보존, 공유지분, 분양",전문 원문: https://www.law.go.kr/LSW/precInfoP.do?precSeq=238111,civil_sale_effect,민법 제568조 매매의 효력,civil_sale_effect|민법 제568조 매매의 효력
464,CASE_2014_00464,2013다75892,손해배상(기)등,대법원,2014-06-12,민사,판결,상고심,상고기각,"[1] 상품의 허위·과장 광고가 기망행위가 되는 경우 [2] 지역주택조합이 설립인가를 받기 전 단계에서 시공사와 공사도급가계약 등을 체결한 경우, 지역주택조합과 시공사가 민법상 조합관계에 의한 공동책임을 지는지 여부 (소극) [3] 사정변경을 근거로 한 계약해제가 인정되는 경우 및 채무 이행불능의 의미","고이유서 제출기간이 경과한 후에 제출된 상고이유보충서의 기재는 상고이유를 보충하는 범위 내에서)를 판단한다. 1. 주위적 청구에 관한 상고이유에 대한 판단 가. 허위·과장광고에 의한 기망을 이유로 한 불법행위에 기한 손해배상청구 부분 상품의 선전·광고에 있어 다소의 과장이나 허위가 수반되는 것은 그것이 일반 상거래의 관행과 신의칙에 비추어 시인될 수 있는 한 기망성이 결여된다고 하겠으나, 거래에 있어서 중요한 사항에 관하여 구체적 사실을 신의성실의 의무에 비추어 비난받을 정도의 방법으로 허위로 고지한 경우에는 기망행위에 해당한다( 대법원 2009. 4. 23. 선고 2009다1313 판결 등 참조). 원심은 그 채택 증거에 의하여 그 판","[1] 민법 제760조 [2] 주택법 제10조 제2항 , 제32조 , 민법 제703조 [3] 민법 제2조 , 제543조 , 제546조","[1] 대법원 2009. 4. 23. 선고 2009다1313 판결 (공2009상, 755) / [2] 대법원 2012. 4. 26. 선고 2010다8709 판결 (공2012상, 841) / [3] 대법원 2007. 3. 29. 선고 2004다31302 판결 (공2007상, 601), 대법원 2010. 12. 9. 선고 2009다75321 판결","주택, 아파트, 토지, 매수, 지역주택조합, 조합가입, 조합원, 분담금, 기망, 허위, 손해배상, 불법행위",전문 원문: https://www.law.go.kr/LSW/precInfoP.do?precSeq=187365,civil_fraud_duress,민법 제110조 사기·강박에 의한 의사표시,civil_fraud_duress|민법 제110조 사기·강박에 의한 의사표시; civil_nonperformance_damages|민법 제390조 채무불이행 손해배상; civil_sale_effect|민법 제568조 매매의 효력
465,CASE_2022_00465,"2018다211419, 211426",지분소유권이전등기·소유권말소등기,대법원,2022-06-30,민사,판결,상고심,상고기각,"[1] 구분소유가 성립하기 전의 집합건물의 대지에 관하여 대지사용권의 분리처분을 금지하는 집합건물의 소유 및 관리에 관한 법률 제20조 가 적용되는지 여부 (소극) 및 대지사용권의 성립에 앞서 대지에 이미 근저당권이 설정되어 있는 경우, 근저당권을 실행하기 위하여 공유지분권에 대해 경매를 신청할 수 있는지 여부 (적극) [2] 재건축조합이 구 주택건설촉진법에 따라 사업계획승인만 받고 관리처분계획 인가 등의 절차를 거치지 않은 채 조합원에게 신 주택이나 대지를 분양한 경우, 구 주택이나 대지에 관한 소유권이 신 주택이나 대지에 관한 소유권으로 강제적으로 교환·변경되어...","사안 개요 원심판결 이유와 기록에 따르면 다음 사실을 알 수 있다. 가. 피고(반소원고, 이하 ‘피고’라 한다)는 서울 송파구 (주소 1 생략) 일대에서 대지권등기가 마쳐져 있는 집합건물인 ○○○○아파트(이하 ‘구 아파트’라 한다)를 철거하고 아파트를 신축하는 주택재건축사업을 목적으로 설립된 조합으로, 구 주택건설촉진법(2002. 12. 30. 법률 제6852호로 개정되기 전의 것, 이하 같다) 제33조 에 따라 2003. 6. 23. 재건축에 대한 사업계획승인을 받았다. 이후 피고는 관리처분계획 인가를 받지 않은 채 2005. 5. 12. 재건축에 착공하여 2008. 8. 29. 66개 동의 신축 아파트(이하 ‘신 아파트’라 한다)에","[1] 집합건물의 소유 및 관리에 관한 법률 제2조 제6호 , 제20조 [2] 구 주택건설촉진법(2002. 12. 30. 법률 제6852호로 개정되기 전의 것) 제33조 제1항 (현행 주택법 제15조 제1항 참조), 구 도시재개발법(2002. 12. 30. 법률 제6852호 도시 및 주거환경정비법 부칙 제2조로 폐지) 제34조 (현행 도시 및 주거환경정비법 제74조 참조)","[1] 대법원 2012. 4. 30. 자 2011마1525 결정 , 대법원 2018. 6. 28. 선고 2016다219419, 219426 판결(공2018하, 1442) / [2] 대법원 2021. 1. 14. 선고 2017다291319 판결 (공2021상, 334)","부동산, 주택, 아파트, 건물, 대지권, 매수, 소유권이전, 소유권보존, 공유지분, 분양, 분양계약, 조합원",전문 원문: https://www.law.go.kr/LSW/precInfoP.do?precSeq=235421,civil_sale_effect,민법 제568조 매매의 효력,civil_sale_effect|민법 제568조 매매의 효력
466,CASE_2018_00466,2017도4027,특정경제범죄가중처벌등에관한법률위반(배임)·특정경제범죄가중처벌등에관한법률위반(증재등),대법원,2018-05-17,형사,판결,상고심,상고기각,"[1] 부동산 매매계약에서 중도금이 지급되는 등 계약이 본격적으로 이행되는 단계에 이른 경우, 그때부터 매도인은 배임죄에서 말하는 ‘타인의 사무를 처리하는 자’에 해당하는지 여부 (적극) 및 그러한 지위에 있는 매도인이 매수인에게 계약 내용에 따라 부동산의 소유권을 이전해 주기 전에 그 부동산을 제3자에게 처분하고 제3자 앞으로 그 처분에 따른 등기를 마쳐 준 경우, 배임죄가 성립하는지 여부 (적극) [2] 부동산 매도인인 피고인이 매수인 甲 등과 매매계약을 체결하고 甲 등으로부터 계약금과 중도금을 지급받은 후 매매목적물인 부동산을 제3자 乙 등에게 이중으로 매도하고...",[1] [다수의견] 부동산 매매계약에서 계약금만 지급된 단계에서는 어느 당사자나 계약금을 포기하거나 그 배액을 상환함으로써 자유롭게 계약의 구속력에서 벗어날 수 있다. 그러나 중도금이 지급되는 등 계약이 본격적으로 이행되는 단계에 이른 때에는 계약이 취소되거나 해제되지 않는 한 매도인은 매수인에게 부동산의 소유권을 이전해 줄 의무에서 벗어날 수 없다. 따라서 이러한 단계에 이른 때에 매도인은 매수인에 대하여 매수인의 재산보전에 협력하여 재산적 이익을 보호·관리할 신임관계에 있게 된다. 그때부터 매도인은 배임죄에서 말하는 ‘타인의 사무를 처리하는 자’에 해당한다고 보아야 한다. 그러한 지위에 있는 매도인이 매수인에게 계약 내용에 따라 부동산의 소유권을 이전해 주기 전에 그...,"[1] 헌법 제12조 제1항 , 형법 제1조 제1항 , 제355조 제2항 , 민법 제565조 [2] 형법 제355조 제2항 , 구 특정경제범죄 가중처벌 등에 관한 법률(2016. 1. 6. 법률 제13719호로 개정되기 전의 것) 제3조 제1항 제2호 , 민법 제565조","[1] 대법원 1975. 12. 23. 선고 74도2215 판결 (공1976, 8956), 대법원 1983. 10. 11. 선고 83도2057 판결 (공1983, 1683), 대법원 1985. 1. 29. 선고 84도1814 판결 (공1985, 405), 대법원 1986. 12. 9. 선고 86도1112 판결 (공1987, 180), 대법원 1992. 12. 24. 선고 92도1223 판결 (공1993상, 661), 대법원 2005. 10. 28. 선고 2005도5713 판결 (공2005하, 19...","부동산, 임차인, 매매, 매수, 매도, 매매계약, 매매대금, 계약금, 중도금, 잔금, 소유권이전, 등기",전문 원문: https://www.law.go.kr/LSW/precInfoP.do?precSeq=197034,aggravated_economic_crime,특정경제범죄 가중처벌 등에 관한 법률 제3조,aggravated_economic_crime|특정경제범죄 가중처벌 등에 관한 법률 제3조; embezzlement_breach_of_trust|형법 제355조·제356조 횡령·배임; civil_sale_effect|민법 제568조 매매의 효력; civil_lease_definition|민법 제618조 임대차의 의의
467,CASE_2010_00467,2009다80484,구상금등,대법원,2010-02-11,민사,판결,상고심,"원심판결 중 피고들 패소부분을 파기하고, 이 부분 사건을 서울고등법원에 환송한다.","부동산 매매계약이 사해행위에 해당함을 이유로 한 사해행위취소소송에서, 매매계약 당사자 사이에 친인척관계나 거래관계가 없어 채권채무관계나 재산상태 등에 관하여 알기 어려운 상태였고, 매매대금의 지급 등 계약의 이행이 정상적으로 이루어지는 등의 제반 사정상 사해행위의 수익자와 전득자가 각 매매계약 체결 당시 선의라고 봄이 상당함에도 불구하고, 악의의 추정이 번복되지 않는다고 한 원심판결을 파기한 사례","부동산 매매계약이 사해행위에 해당함을 이유로 한 사해행위취소소송에서, 매매계약 당사자 사이에 친인척관계나 거래관계가 없어 채권채무관계나 재산상태 등에 관하여 알기 어려운 상태였고, 매매대금의 지급 등 계약의 이행이 정상적으로 이루어지는 등의 제반 사정상 사해행위의 수익자와 전득자가 각 매매계약 체결 당시 선의라고 봄이 상당함에도 불구하고, 악의의 추정이 번복되지 않는다고 한 원심판결을 파기한 사례.",민법 제406조 제1항,없음,"부동산, 오피스텔, 건물, 임대차, 전세, 보증금, 임대인, 임차인, 임대차계약, 매매, 매수, 매도",전문 원문: https://www.law.go.kr/LSW/precInfoP.do?precSeq=215477,civil_lease_definition,민법 제618조 임대차의 의의,civil_nonperformance_damages|민법 제390조 채무불이행 손해배상; civil_sale_effect|민법 제568조 매매의 효력; civil_lease_definition|민법 제618조 임대차의 의의
468,CASE_2023_00468,2022나53870,소유권이전등기,인천지방법원,2023-07-14,민사,판결,2심,청구기각,"판결】 인천지방법원 2022. 1. 12. 선고 2021가단225691 판결 【변론종결】 2023. 4. 21. 【주 문】 1. 제1심판결 중 피고 패소 부분을 취소하고, 그 취소 부분에 해당하는 원고의 청구를 기각한다. 2. 이 법원에서 확장한 원고의 청구를 기각한다. 3. 소송 총비용은 원고가 부담한다. 【청구취지, 항소취지 및 부대항소취지】 1. 청구취지 및 부대항소취지 제1심판결을 다음과 같이 변경한다. 가. 피고는 원고에게 별지 목록 기재 부동산에 관하여 2021. 1. 13. 매매를 원인으로 한 소유권이전등기절차를 이행하라. 나. 피고는 원고에게, 1) 2",". ○ 제2면 14행의 “인수하고,”를 “인수하는 것으로 갈음하고,”로 고쳐 쓴다. ○ 제3면 6행과 7행 사이에 아래 내용을 추가한다. 『라. 원고는 이 사건 매매계약에 따라 피고에게 2021. 1. 21. 중도금 중 250,000,000원, 2021. 4. 5. 나머지 중도금 50,000,000원을 각 지급하였다.』 2. 소유권이전등기청구에 대한 판단 가. 청구원인에 대한 판단 위 인정사실에 의하면, 피고는 특별한 사정이 없는 한 원고에게 이 사건 아파트에 관하여 이 사건 매매계약을 원인으로 한 소유권이전등기절차를 이행할 의무가 있다. 나. 피고의 계약해제 항변에 대한 판단 1) 당사자들의 주장 요지 가) 피고는, 원고가 이 사건 매",원문 참조,없음,"부동산, 주택, 아파트, 임대차, 보증금, 임대인, 임차인, 주택임대차, 임대차계약, 매매, 매수, 매도",전문 원문: https://www.law.go.kr/LSW/precInfoP.do?precSeq=238349,civil_lease_definition,민법 제618조 임대차의 의의,civil_sale_effect|민법 제568조 매매의 효력; civil_lease_definition|민법 제618조 임대차의 의의
469,CASE_1997_00469,97다29530,배당이의,대법원,1997-11-14,민사,판결,상고심,파기환송,"[1] 주택임대차보호법상 임대차의 대항 요건인 주민등록의 유효 여부에 대한 판단 기준 [2] 다가구용 단독주택의 경우, 주택임대차보호법상 대항 요건을 갖추기 위해 지번 외에 호수까지 기재해야 하는지 여부 (소극) 및 지번을 정확히 기재했으나 호수를 잘못 기재한 경우 대항 요건을 갖춘 것으로 볼 수 있는지 여부 (적극)","[1] 주택임대차보호법 제3조 제1항 에서 주택의 인도와 더불어 대항력의 요건으로 규정하고 있는 주민등록은 거래의 안전을 위하여 임대차의 존재를 제3자가 명백히 인식할 수 있게 하는 공시방법으로 마련된 것이므로 주민등록이 어떤 임대차를 공시하는 효력이 있는가의 여부는 일반 사회통념상 그 주민등록으로 당해 임대차 건물에 임차인이 주소 또는 거소를 가진 자로 등록되어 있는지를 인식할 수 있는가의 여부에 따라 결정된다. [2] 이른바 다가구용 단독주택의 경우 건축법이나 주택건설촉진법상 이를 공동주택으로 볼 근거가 없어 단독주택으로 보는 이상 주민등록법시행령 제5조 제5항 에 따라 임차인이 위 건물의 일부나 전부를 임차하고, 전입신고를 하는 경우 지번만 기재하는 것으로 충분하고,...",[1] 주택임대차보호법 제3조 제1항 [2] 주택임대차보호법 제3조 제1항,"[1] 대법원 1989. 6. 27. 선고 89다카3370 판결(공1989, 1161) , 대법원 1995. 4. 28. 선고 94다27427 판결(공1995상, 1963) , 대법원 1996. 3. 12. 선고 95다46104 판결(공1996상, 1244) , 대법원 1996. 4. 12. 선고 95다55474 판결(공1996상, 1524) , 대법원 1997. 7. 11. 선고 97다10024 판결(공1997하, 2489)","부동산, 주택, 아파트, 토지, 건물, 다가구, 다세대, 임대차, 임차인, 주택임대차, 임대차계약, 매매",전문 원문: https://www.law.go.kr/LSW/precInfoP.do?precSeq=196703,civil_lease_definition,민법 제618조 임대차의 의의,civil_sale_effect|민법 제568조 매매의 효력; civil_lease_definition|민법 제618조 임대차의 의의
470,CASE_2013_00470,2011다49523,추심금,대법원,2013-01-17,민사,판결,상고심,파기환송,"주택임대차보호법상 대항력을 갖춘 임차인의 임대차보증금반환채권이 가압류된 상태에서 임대주택이 양도된 경우, 양수인이 채권가압류의 제3채무자 지위를 승계하는지 여부 (적극) 및 이 경우 가압류채권자는 양수인에 대하여만 가압류의 효력을 주장할 수 있는지 여부 (적극)","[다수의견] 주택임대차보호법 제3조 제3항 은 같은 조 제1항 이 정한 대항요건을 갖춘 임대차의 목적이 된 임대주택(이하 ‘임대주택’은 주택임대차보호법의 적용대상인 임대주택을 가리킨다)의 양수인은 임대인의 지위를 승계한 것으로 본다고 규정하고 있는바, 이는 법률상의 당연승계 규정으로 보아야 하므로, 임대주택이 양도된 경우에 양수인은 주택의 소유권과 결합하여 임대인의 임대차 계약상의 권리·의무 일체를 그대로 승계하며, 그 결과 양수인이 임대차보증금반환채무를 면책적으로 인수하고, 양도인은 임대차관계에서 탈퇴하여 임차인에 대한 임대차보증금반환채무를 면하게 된다. 나아가 임차인에 대하여 임대차보증금반환채무를 부담하는 임대인임을 당연한 전제로 하여 임대차보증금반환채무의 지급금지를...","주택임대차보호법 제3조 제3항 , 민사집행법 제227조 , 제276조 , 제291조","대법원 1987. 3. 10. 선고 86다카1114 판결 (공1987, 632), 대법원 2004. 4. 16. 선고 2003다58010 판결","주택, 다가구, 임대차, 보증금, 임대인, 임차인, 주택임대차, 파기, 반환",전문 원문: https://www.law.go.kr/LSW/precInfoP.do?precSeq=167474,civil_lease_definition,민법 제618조 임대차의 의의,civil_lease_definition|민법 제618조 임대차의 의의
471,CASE_2020_00471,2018나10468,매매대금,광주고등법원(전주),2020-11-12,민사,판결,2심,청구기각,"고, 피고 더블유컨벤션웨딩 유한회사는 원고들에게 위 각 부동산에 관하여 전주지방법원 군산지원 2013. 12. 30. 접수 제65147호로 마친 공유자전원지분이전등기의 말소등기절차를 이행하라. 나. 원고들의 피고들에 대한 각 나머지 청구를 기각한다. 2. 소송 총비용 중 1/2은 원고들이, 나머지는 피고들이 각 부담한다. 3. 제1의 가.항 중 부동산 인도 부분은 가집행할 수 있다. 【청구취지 및 항소취지】 1. 청구취지 주위적 청구취지 : 피고들은 원고들에게 별지 1 목록 기재 각 부동산을 인도하라. 피고 더블유컨벤션웨딩 유한회사는 원고들에게 위 각 부동산에 관하여",". 31.을 기준으로 상계 후 남은 금액인 22,115,376원을 지급하여야 하고, 2017. 11. 1.부터 매월 계속적으로 발생하는 영업이익과 가치감손금액도 반환하여야 한다(계산의 편의상, 영업이익액은 매월 말일에 발생하는 것으로 하여 계산하고, 가치감손금액 중 2014년도 내지 2016년도 가치감손금액은 2016. 12. 31.에 일괄하여 발생하는 것으로, 2017년도 이후에는 월별로 발생하는 것으로 각 계산하였다). ① 피고들은 2013. 12. 23.부터 이 사건 토지 등과 이 사건 건물에서 직접 이 사건 예식장을 영업함으로써 아래 표(단위: 원) 기재와 같은 영업이익을 얻었거나 향후 계속하여 이를 얻게 될 것이므로, 이를 원고",원문 참조,없음,"부동산, 토지, 건물, 임대차, 보증금, 매매, 매매대금, 등기, 담보, 기망, 손해배상, 기각",전문 원문: https://www.law.go.kr/LSW/precInfoP.do?precSeq=217513,civil_fraud_duress,민법 제110조 사기·강박에 의한 의사표시,civil_fraud_duress|민법 제110조 사기·강박에 의한 의사표시; civil_nonperformance_damages|민법 제390조 채무불이행 손해배상; civil_sale_effect|민법 제568조 매매의 효력; civil_lease_definition|민법 제618조 임대차의 의의
472,CASE_2021_00472,2020가단569230,건물인도,수원지법,2021-03-11,민사,판결,1심,청구기각,"임대인 甲 등이 임차인 乙과 체결한 임대차계약의 기간이 만료하기 전에 丙 등과 임대차목적물인 부동산에 관한 매매계약을 체결한 다음, 乙이 임대차계약의 갱신을 요구하는데도 丙 등에게 위 부동산에 관한 소유권이전등기를 마쳐 주었고, 그 후 丙 등이 자신이 실제 거주할 것이라는 이유로 乙의 계약갱신요구를 거절하며 乙을 상대로 부동산의 인도를 구한 사안에서, 주택임대차보호법 제6조의3 에서 정한 계약갱신요구권은 임차인이 계약갱신의 의사를 표시함으로써 바로 그 효과가 발생하는 형성권으로서, 실제 거주를 이유로 한 갱신거절 가능 여부는 임차인이 계약갱신을 요구할 당시의 임대인을...","임대인 甲 등이 임차인 乙과 체결한 임대차계약의 기간이 만료하기 전에 丙 등과 임대차목적물인 부동산에 관한 매매계약을 체결한 다음, 乙이 임대차계약의 갱신을 요구하는데도 丙 등에게 위 부동산에 관한 소유권이전등기를 마쳐 주었고, 그 후 丙 등이 자신이 실제 거주할 것이라는 이유로 乙의 계약갱신요구를 거절하며 乙을 상대로 부동산의 인도를 구한 사안이다. 주택임대차보호법 제6조의3 에서 정한 계약갱신요구권은 임차인이 거주할 수 있는 기간을 안정적으로 연장하여 임차인의 주거권을 더욱 강화하기 위해 도입된 것으로서, 임차인의 계약갱신요구 시 임대인은 정당한 사유 없이 거절하지 못한다고 규정하고 있어 위 계약갱신요구권은 임차인이 계약갱신의 의사를 표시함으로써 바로 그 효과가 발생하...","민법 제618조 , 주택임대차보호법 제6조의3 제1항 제8호 , 제3항 , 제10조 , 부칙(2020. 7. 31.) 제2조",없음,"부동산, 주택, 건물, 임대차, 전세, 보증금, 임대인, 임차인, 주택임대차, 임대차계약, 매매, 매수",전문 원문: https://www.law.go.kr/LSW/precInfoP.do?precSeq=226829,civil_lease_definition,민법 제618조 임대차의 의의,civil_sale_effect|민법 제568조 매매의 효력; civil_lease_definition|민법 제618조 임대차의 의의
474,CASE_2023_00474,2023다242875,지료,대법원,2023-10-12,민사,판결,상고심,"원심판결 중 피고(선정당사자) 패소 부분을 파기하고, 이 부분 사건을 서울동부지방법원에 환송한다.","[1] 자유심증주의의 한계 [2] 甲 주식회사가 집합건물의 전유부분에 대한 지분이전등기를 마치고 대지에 관하여 소유권이전등기를 마쳤는데, 이후 새로 증축된 전유부분에 대한 대지권등기가 마쳐지지 않았고, 이에 甲 회사가 증축 후 집합건물의 소유자를 상대로 대지권이 없다는 이유로 증축 후 집합건물 전체 전유면적에서 차지하는 비율만큼의 임료 상당의 부당이득반환을 구한 사안에서, 위 대지권을 보유한 甲 회사가 증축 후 전유부분 소유자에게 대지권 지분 이전의무를 부담하므로, 증축 후 전유부분 소유자를 상대로 대지권이 없다는 점을 근거로 삼아 부당이득반환을 구하는 것은 신의성실...","하는 이익을 얻고, 이로 인하여 원고는 같은 액수의 손해를 입고 있다고 판단하였다. 그리고 원심은, 원고는 피고 등에게 대지권 지분 이전의무가 있으므로 이 사건 부당이득반환청구는 신의칙에 위반된다는 피고 등의 주장을 판시와 같은 이유로 배척하고 피고 등에게 부당이득반환을 명하였다. 2. 대법원의 판단 가. 민사소송법 제202조가 증거법칙으로 선언하고 있는 자유심증주의는 형식적, 법률적인 증거규칙으로부터의 해방을 뜻할 뿐 법관의 자의적 판단을 용인한다는 것이 아니므로, 적법한 증거조사절차를 거친 증거능력 있는 적법한 증거에 의하여 사회정의와 형평의 이념에 입각하여 논리와 경험의 법칙에 따라 사실 주장의 진실 여부를 판단하여야 할 것이며,","[1] 민사소송법 제202조 [2] 민법 제2조 , 제741조 , 집합건물의 소유 및 관리에 관한 법률 제2조 제3호 , 제6호 , 제20조","[1] 대법원 2022. 1. 13. 선고 2021다269562 판결 (공2022상, 332)","건물, 대지권, 소유권이전, 분양, 분양계약, 등기, 파기, 반환, 부당이득",전문 원문: https://www.law.go.kr/LSW/precInfoP.do?precSeq=239515,civil_sale_effect,민법 제568조 매매의 효력,civil_sale_effect|민법 제568조 매매의 효력
475,CASE_1989_00475,89도1605,"특정경제범죄가중처벌등에관한법률위반,업무상횡령,배임미수,배임,사기",대법원,1989-10-24,형사,판결,상고심,상고기각,가. 회사의 대표기관으로서 편취한 돈을 다시 횡령한 경우와 불가벌적 사후행위 나. 명의신탁받은 부동산을 처분한 경우 횡령죄의 성부 (적극),"가. 대표이사 등이 회사의 대표기관으로서 피해자들을 기망하여 교부받은 금원은 그 회사에 귀속되는 것인데, 그 후 대표이사 등이 이를 보관하고 있으면서 횡령한 것이라면 이는 위 사기범행과는 침해법익을 달리하므로 횡령죄가 성립되는 것이고, 이를 단순한 불가벌적 사후행위로만 볼 수 없다. 나. 부동산의 명의수탁자가 명의신탁자의 위임의 본지에 반하여 그 부동산을 타인에게 소유권이전등기하여 넘겨 주었다면, 그 명의수탁자는 횡령죄의 주체가 되고 그 횡령행위로 인한 피해자는 명의신탁자라고 할 것이다.","가. 형법 제347조 제1항 , 제37조 가.나. 제355조 제1항",대법원 1971.6.22. 선고 71도740 판결,"부동산, 토지, 소유권이전, 분양, 분양대금, 등기, 명의신탁, 명의수탁, 사기, 기망, 편취, 횡령",전문 원문: https://www.law.go.kr/LSW/precInfoP.do?precSeq=105839,aggravated_economic_crime,특정경제범죄 가중처벌 등에 관한 법률 제3조,aggravated_economic_crime|특정경제범죄 가중처벌 등에 관한 법률 제3조; criminal_fraud|형법 제347조 사기죄; embezzlement_breach_of_trust|형법 제355조·제356조 횡령·배임; civil_fraud_duress|민법 제110조 사기·강박에 의한 의사표시; civil_sale_effect|민법 제568조 매매의 효력
476,CASE_2015_00476,2014가합504262,임대차보증금,서울중앙지방법원,2015-04-24,민사,판결,1심,1. 원고의 청구를 모두 기각한다. 2. 소송비용은 원고가 부담한다.,"호사 허재혁 외 1인) 【피 고】 피고 (소송대리인 법무법인 서울센트럴 담당변호사 이경우) 【변론종결】 2015. 4. 1. 【주 문】 1. 원고의 청구를 모두 기각한다. 2. 소송비용은 원고가 부담한다. 【청구취지】 피고는 원고에게, 1,800,000,000원 및 이에 대하여 이 사건 소장부본 송달일 다음날부터 다 갚는 날까지 연 20%의 비율로 계산한 돈을 지급하고, 별지 목록 제1, 2항 기재 각 부동산(이하 ‘이 사건 각 부동산’이라 한다)에 관하여 서울북부지방법원 2012. 12. 17. 접수 제85635호로 말소등기된 같은 법원 2012. 3. 21. 접수","1. 기초사실 가. 소외 1과 주식회사 토피아 도봉어학원 사이의 임대차 계약 체결 주식회사 토피아 도봉어학원(변경전 상호 주식회사 젠아이학원, 이하 ‘토피아 도봉어학원’이라 한다)은 2009. 4. 27. 소외 1로부터 별지 목록 제2항 기재 건물(이하 '이 사건 건물‘이라 한다)을 임대차보증금 18억 원, 임대차기간 2009. 4. 27.부터 2011. 4. 26.까지 2년으로 정하여 임차하고(이하 ‘이 사건 임대차 계약’이라 한다), 토피아 도봉어학원은 소외 1에게 위 임대차보증금 18억 원을 지급하였다. 그리고 이 사건 임대차 계약은 2",원문 참조,없음,"부동산, 상가, 건물, 임대차, 보증금, 임대인, 상가건물임대차, 임대차계약, 소유권이전, 등기, 근저당, 저당권",전문 원문: https://www.law.go.kr/LSW/precInfoP.do?precSeq=211565,civil_lease_definition,민법 제618조 임대차의 의의,civil_lease_definition|민법 제618조 임대차의 의의
477,CASE_2016_00477,2015나2065323,배당이의,서울고등법원,2016-06-09,민사,판결,2심,항소기각,"제1심판결】 수원지방법원 여주지원 2015. 10. 8. 선고 2015가합310 판결 【변론종결】 2016. 5. 12. 【주 문】 1. 제1심판결 중 아래에서 배당표의 경정을 명하는 부분에 해당하는 원고 패소 부분을 취소한다. 수원지방법원 여주지원 2010타경9585 부동산임의경매 신청사건에 관하여 같은 법원이 2015. 2. 25. 작성한 배당표 중 피고에 대한 배당액 1,199,866,145원을 623,701,762원으로, 원고에 대한 배당액을 576,164,383원으로 경정한다. 3. 원고의 나머지 항소를 기각한다. 4. 소송총비용은 이를 7분하여 그중 4는","1. 기초사실 가. 이 사건 임야의 등기 경과 및 원고의 대위변제 등 1) 소외인은 주식회사 불휘종합건설(이하 ‘불휘종합건설’이라 한다)에게 2억 5,000만 원을 대여하면서 이를 담보하기 위하여 불휘종합건설 소유의 이천시 (이하 생략) 임야 19,080㎡(이하 ‘이 사건 임야’라 한다)에 관하여 2005. 8. 19. 채권최고액 4억 5,000만 원의 근저당권설정등기와 함께 매매예약을 원인으로 한 소유권이전청구권가등기(이하 ‘이 사건 담보가등기’라고 한다)를 마쳤다. 2) 이후 소외인은 가등기담보 등에 관한 법률",원문 참조,없음,"부동산, 주택, 아파트, 임야, 매매, 소유권이전, 등기, 가등기, 근저당, 저당권, 담보, 경매",전문 원문: https://www.law.go.kr/LSW/precInfoP.do?precSeq=614525,civil_sale_effect,민법 제568조 매매의 효력,civil_sale_effect|민법 제568조 매매의 효력; civil_lease_definition|민법 제618조 임대차의 의의
478,CASE_2007_00478,2007다45562,배당이의,대법원,2007-11-15,민사,판결,상고심,상고기각,"주택임대차보호법상 대항요건과 확정일자를 갖춘 임차인들이 소액임차인의 지위를 겸하는 경우, 그 배당방법","주택임대차보호법 제3조의2 제2항 은 대항요건(주택인도와 주민등록전입신고)과 임대차계약증서상의 확정일자를 갖춘 주택임차인에게 부동산 담보권에 유사한 권리를 인정한다는 취지로서, 이에 따라 대항요건과 확정일자를 갖춘 임차인들 상호간에는 대항요건과 확정일자를 최종적으로 갖춘 순서대로 우선변제받을 순위를 정하게 되므로, 만일 대항요건과 확정일자를 갖춘 임차인들이 주택임대차보호법 제8조 제1항 에 의하여 보증금 중 일정액의 보호를 받는 소액임차인의 지위를 겸하는 경우, 먼저 소액임차인으로서 보호받는 일정액을 우선 배당하고 난 후의 나머지 임차보증금채권액에 대하여는 대항요건과 확정일자를 갖춘 임차인으로서의 순위에 따라 배당을 하여야 하는 것이다.","주택임대차보호법 제3조의2 제2항 , 제8조 제1항","대법원 1992. 10. 13. 선고 92다30597 판결 (공1992, 3138)","부동산, 주택, 다가구, 임대차, 보증금, 임차인, 주택임대차, 임대차계약, 임차보증금, 담보, 경매, 배당",전문 원문: https://www.law.go.kr/LSW/precInfoP.do?precSeq=85387,civil_lease_definition,민법 제618조 임대차의 의의,civil_lease_definition|민법 제618조 임대차의 의의
479,CASE_1994_00479,94드10614,이혼등,서울가법,1994-09-29,기타,판결,미상,일부인용,"이혼당사자가 서로 각자의 명의로 적극, 소극재산을 보유하고 있고 서로 상대방 명의의 부동산에 관하여 재산분할을 원인으로 한 소유권이전등기를 각각 청구하고 있는 경우, 법원이 분할대상재산을 현재의 상태대로 유지하여 그 각 명의자에게 확정적으로 귀속시키고 일방의 기여비율 중 부족분에 해당하는 가액을 상대방에게 지급하도록 명한 사례","는 것을 목격한 외 그 후 수차례에 걸쳐 늦은 밤에 피고가 같은 장소로 들어가는 것을 목격하고 같은 해 10.4. 피고와 위 소외인을 서울 성동경찰서에 간통죄로 고소하였으나 수사중 피고와 위 소외인의 소재불명을 이유로 기소중지처분을 받은 사실, 그러나 피고와 위 소외인은 1994.1.28. 검거되어 같은 달 29. 간통혐의로 구속되었고 위 사건의 수사중 원고가 같은 해 2.8. 간통고소를 취소함으로써 위 사건은 서울지방검찰청의 공소권없음 처분으로 종결된 사실을 인정할 수 있다. 위 인정사실에 의하면, 원고와 피고 사이의 혼인관계는 이미 더 이상 계속하기 어려울 정도로 파탄되었다고 할 것인바, 그 원인은 피고가 비록 위 소외인과 간통에까지","민법 제839조의2 , 제843조","대법원 1994.10.25. 선고 94므734 판결(공1994하, 3125)","부동산, 주택, 아파트, 토지, 임야, 건물, 다세대, 임대차, 보증금, 매수, 매도, 소유권이전",전문 원문: https://www.law.go.kr/LSW/precInfoP.do?precSeq=119931,civil_lease_definition,민법 제618조 임대차의 의의,civil_sale_effect|민법 제568조 매매의 효력; civil_lease_definition|민법 제618조 임대차의 의의
480,CASE_2024_00480,2024다209769,건물인도[‘최종 판결 전까지는 임대인과 임차인의 권리와 의무는 유지되는 것으로 한다.’는 특약의 의미가 문제된 사건],대법원,2024-07-11,민사,판결,상고심,상고기각,"[1] 당사자가 표시한 문언에 의하여 그 객관적인 의미가 명확하게 드러나지 않는 경우, 법률행위 해석 방법 [2] 甲 등이 乙에게 甲 등이 소유하는 상가건물을 임대하면서 계약서에 ‘계약의 해지 성립 여부에 쌍방 간 이견이 있을 경우 법원의 판결에 따르되 최종 판결 전까지 임대인과 임차인의 권리와 의무는 유지되는 것으로 한다.’는 내용을 특약으로 정하였는데, 乙이 甲 등에게 차임과 관리비 등을 납부하지 않자, 甲 등이 乙을 상대로 임대차계약을 해지한다고 주장하면서 건물의 인도 및 연체차임 등의 지급을 구한 사안에서, ""최종 판결 전까지는 임대인과 임차인의 권리와 의무는...","[1] 법률행위의 해석은 당사자가 그 표시행위에 부여한 객관적인 의미를 명백하게 확정하는 것으로서, 사용된 문언에만 구애받는 것은 아니지만, 어디까지나 당사자의 내심의 의사가 어떤지에 관계없이 그 문언의 내용에 의하여 당사자가 그 표시행위에 부여한 객관적 의미를 합리적으로 해석하여야 한다. 당사자가 표시한 문언에 의하여 그 객관적인 의미가 명확하게 드러나지 않는 경우에는 그 문언의 형식과 내용, 그 법률행위가 이루어진 동기 및 경위, 당사자가 그 법률행위에 의하여 달성하려는 목적과 진정한 의사, 거래의 관행 등을 종합적으로 고려하여, 사회정의와 형평의 이념에 맞도록 논리와 경험의 법칙, 그리고 사회일반의 상식과 거래의 통념에 따라 합리적으로 해석하여야 한다. [2] 甲 등...",[1] 민법 제105조 [2] 민법 제105조,"[1] 대법원 2009. 5. 14. 선고 2008다90095, 90101 판결(공2009상, 837)","상가, 건물, 임대차, 보증금, 임대인, 임차인, 임대차계약, 기각, 파기, 청구기각, 반환, 부당이득",전문 원문: https://www.law.go.kr/LSW/precInfoP.do?precSeq=241025,civil_lease_definition,민법 제618조 임대차의 의의,civil_lease_definition|민법 제618조 임대차의 의의
481,CASE_2003_00481,2001다77888,배당이의,대법원,2003-10-10,민사,판결,상고심,파기환송,근저당권부 채권이 양도되었으나 근저당권의 이전등기가 경료되지 않은 상태에서 실시된 배당절차에서 근저당권의 명의인이 배당이의로 배당표의 경정을 구할 수 있는지 여부 (소극),"피담보채권과 근저당권을 함께 양도하는 경우에 채권양도는 당사자 사이의 의사표시만으로 양도의 효력이 발생하지만 근저당권이전은 이전등기를 하여야 하므로 채권양도와 근저당권이전등기 사이에 어느 정도 시차가 불가피한 이상 피담보채권이 먼저 양도되어 일시적으로 피담보채권과 근저당권의 귀속이 달라진다고 하여 근저당권이 무효로 된다고 볼 수는 없으나, 위 근저당권은 그 피담보채권의 양수인에게 이전되어야 할 것에 불과하고, 근저당권의 명의인은 피담보채권을 양도하여 결국 피담보채권을 상실한 셈이므로 집행채무자로부터 변제를 받기 위하여 배당표에 자신에게 배당하는 것으로 배당표의 경정을 구할 수 있는 지위에 있다고 볼 수 없다.","민법 제361조 , 제369조 , 구 민사소송법(2002. 1. 26. 법률 제6626호로 전문 개정되기 전의 것) 제659조 제2항 (현행 민사집행법 제151조 제2항 참조)",없음,"부동산, 주택, 임대차, 임차권, 임차인, 임대차계약, 등기, 근저당, 저당권, 담보, 경매, 배당",전문 원문: https://www.law.go.kr/LSW/precInfoP.do?precSeq=194435,civil_lease_definition,민법 제618조 임대차의 의의,civil_lease_definition|민법 제618조 임대차의 의의
482,CASE_1997_00482,97다23372,보증채무금,대법원,1997-09-30,민사,판결,상고심,파기환송,금전소비대차 내지 담보권설정계약을 체결할 권한을 수여받은 대리인에게 계약관계를 해제할 대리권이 있는지 여부 (소극),"임의대리권은 그것을 수여하는 본인의 행위, 즉 수권행위에 의하여 발생하는 것이므로 어느 행위가 대리권 범위 내의 행위인지 여부는 개별적인 수권행위의 내용이나 그 해석에 의하여 판단하여야 할 것인바, 통상 사채알선업자가 전주(錢主)를 위하여 금전소비대차계약과 그 담보를 위한 담보권설정계약을 체결할 대리권을 수여받은 것으로 인정되는 경우라 하더라도 특별한 사정이 없는 한 일단 금전소비대차계약과 그 담보를 위한 담보권설정계약이 체결된 후에 이를 해제할 권한까지 당연히 가지고 있다고 볼 수는 없다.","민법 제114조 , 제118조","대법원 1987. 4. 28. 선고 85다카971 판결(공1987, 865) , 대법원 1991. 2. 12. 선고 90다7364 판결(공1991, 967) , 대법원 1993. 1. 15. 선고 92다39365 판결(공1993상, 707) , 대법원 1997. 3. 25. 선고 96다51271 판결(공1997상, 1183)","아파트, 임대차, 보증금, 임대인, 임차보증금, 매매, 매수, 매도, 매매계약, 매매대금, 중개업자, 담보",전문 원문: https://www.law.go.kr/LSW/precInfoP.do?precSeq=196833,realtor_prohibited_acts,공인중개사법 제33조 금지행위,civil_sale_effect|민법 제568조 매매의 효력; civil_lease_definition|민법 제618조 임대차의 의의; realtor_prohibited_acts|공인중개사법 제33조 금지행위
483,CASE_2020_00483,2019나2043550,계약금반환,서울고등법원,2020-07-02,민사,판결,2심,항소기각,"선고 2018가합546745 판결 【변론종결】 2020. 5. 14. 【주 문】 1. 제1심 판결 중 아래에서 지급을 명하는 금액에 해당하는 원고 패소 부분을 취소한다. 피고는 원고에게 1,920,040,000원 및 이에 대하여 2017. 4. 12.부터 2020. 7. 2.까지는 연 6%의, 그 다음 날부터 다 갚는 날까지는 연 12%의 각 비율로 계산한 돈을 지급하라. 2. 원고의 나머지 항소를 기각한다. 3. 소송총비용 중 60%는 원고가, 나머지는 피고가 각 부담한다. 4. 제1항의 금전지급 부분은 가집행할 수 있다. 【청구취지 및 항소취지】 제1심판결을 취","메인스트리트(이하 ‘메인스트리트’라 한다)가 위 공매에 입찰하여 2019. 6. 14. 이 사건 부동산을 낙찰받은 뒤 같은 날 피고와 이 사건 부동산에 관하여 매매대금 43,680,000,000원, 계약금 4,368,000,000원(계약체결시 지급), 잔금 39,312,000,000원(계약체결일로부터 180일 이내)으로 정한 매매계약을 체결하였고, 2019. 11. 15. 위 매매를 원인으로 한 소유권이전등기를 마쳤다. [인정근거] 다툼 없는 사실, 갑 제1 내지 15, 17, 18, 48, 50, 51호증, 을 제1, 5, 6호증의 각 기재(가지번호 있는 것은 각 가지번호 포함, 이하 같다), 변론 전체의 취지』 2. 당사자의 주장",원문 참조,없음,"부동산, 보증금, 매매, 매수, 매도, 매매계약, 매매대금, 계약금, 잔금, 소유권이전, 등기, 가등기",전문 원문: https://www.law.go.kr/LSW/precInfoP.do?precSeq=213247,civil_lease_definition,민법 제618조 임대차의 의의,civil_sale_effect|민법 제568조 매매의 효력; civil_lease_definition|민법 제618조 임대차의 의의
484,CASE_2010_00484,"2009나6633(본소),2009나9243(반소)",소유권 이전 등기,서울서부지방법원,2010-08-19,민사,판결,2심,청구기각,"법원 2005. 11. 17. 선고 2005가단10404 판결 【변론종결】 2010. 7. 22. 【주 문】 1. 제1심 판결 중 피고(반소원고)에 대한 부분을 취소하고, 원고(반소피고)의 피고(반소원고)에 대한 본소청구를 기각한다. 2. 당심에서 제기된 반소청구에 따라 원고(반소피고)는 피고(반소원고)에게 서울 노원구 (이하 주소 1 생략) 임야 3,930㎡ 중 1965/3930 지분에 관하여 진정한 등기명의회복을 원인으로 한 소유권이전등기절차를 이행하라. 3. 소송총비용은 본소, 반소를 합하여 원고(반소피고)가 부담한다. 【청구취지 및 항소취지】 1. 청구취지 본","공동피고 1에게 증여하였다. 다. 한편 제1심 공동피고 1은 2005. 1. 27. 피고에게 이 사건 지분에 관하여 2005. 1. 25. 증여를 원인으로 한 소유권이전등기를 마쳤다. 라. 이를 알게 된 원고는 2005. 3. 7. 제1심 공동피고 1 및 피고를 상대로 이 사건 소를 제기하면서, 제1심 공동피고 1에게는 원고가 이 사건 지분을 제1심 공동피고 1에게 증여할 당시 다른 자식들을 고려하여 제1심 공동피고 1이 이 사건 부동산의 소유자로 이를 사용할 수 있으나 원고의 동의 없이 함부로 제3자에게 처분할 수 없도록 약정을 하여 부담부 증여를 한 것임에도 불구하고 제1심 공동피고 1이 피고에게 이를 처분하여 원고가 2005. 2",원문 참조,없음,"부동산, 주택, 임야, 빌라, 매매, 매수, 매매계약, 소유권이전, 등기, 명의신탁, 기각, 취소",전문 원문: https://www.law.go.kr/LSW/precInfoP.do?precSeq=168484,civil_sale_effect,민법 제568조 매매의 효력,civil_sale_effect|민법 제568조 매매의 효력
485,CASE_2017_00485,"2016고합403, 2017고합13, 143, 203, 2017초기332",특정경제범죄가중처벌등에관한법률위반(횡령)·범죄수익은닉의규제및처벌등에관한법률위반·업무상횡령·횡령·사기·사문서위조·위조사문서행사·배상명령신청,울산지법,2017-09-22,형사,판결,1심,무죄,"甲 주식회사 대표이사인 피고인이 회사 자금 약 14억 원을 횡령하여 보관하면서 그중 2억 원을 동생 乙의 명의를 빌려 매수한 부동산에 대한 중도금으로 지급하고, 3억 1,500만 원을 처 丙 명의의 은행계좌로 송금한 후 수표로 인출하여 제3자에게 무통장 입금하게 하거나 현금 또는 수표로 인출하는 등의 방법으로 범죄수익의 취득·처분에 관한 사실을 가장하였다고 하여 범죄수익은닉의 규제 및 처벌 등에 관한 법률 위반으로 기소된 사안에서, 범죄수익금 2억 원으로 부동산을 매수하면서 乙 명의를 이용한 행위에 대하여 유죄를 선고하고, 나머지 공소사실에 대하여는 무죄를 선고한 사...","甲 주식회사 대표이사인 피고인이 회사 자금 약 14억 원을 횡령하여 보관하면서 그중 2억 원을 동생 乙의 명의를 빌려 매수한 부동산에 대한 중도금으로 지급하고, 3억 1,500만 원을 처 丙 명의의 은행계좌로 송금한 후 수표로 인출하여 제3자에게 무통장 입금하게 하거나 현금 또는 수표로 인출하는 등의 방법으로 범죄수익의 취득·처분에 관한 사실을 가장하였다고 하여 범죄수익은닉의 규제 및 처벌 등에 관한 법률 위반으로 기소된 사안에서, 피고인이 범죄수익금 2억 원으로 부동산을 매수하면서 乙 명의를 이용함으로써 실제로는 자신이 부동산을 매수하는 것임에도 乙이 매수하는 것처럼 존재하지 않는 사실을 존재하는 것처럼 위장하였고, 이러한 행위는 ‘범죄수익의 처분에 관한 사실을 가장하는...","범죄수익은닉의 규제 및 처벌 등에 관한 법률 제3조 제1항 제1호 , 구 특정경제범죄 가중처벌 등에 관한 법률(2016. 1. 6. 법률 제13719호로 개정되기 전의 것) 제3조 제1항 제2호 , 형법 제355조 제1항 , 제356조",없음,"부동산, 토지, 건물, 임대차, 임대차계약, 매매, 매수, 매매계약, 중도금, 등기, 사기, 기망",전문 원문: https://www.law.go.kr/LSW/precInfoP.do?precSeq=186332,aggravated_economic_crime,특정경제범죄 가중처벌 등에 관한 법률 제3조,aggravated_economic_crime|특정경제범죄 가중처벌 등에 관한 법률 제3조; criminal_fraud|형법 제347조 사기죄; embezzlement_breach_of_trust|형법 제355조·제356조 횡령·배임; civil_fraud_duress|민법 제110조 사기·강박에 의한 의사표시; civil_sale_effect|민법 제568조 매매의 효력; civil_lease_definition|민법 제618조 임대차의 의의
486,CASE_2012_00486,2011도7361,특정경제범죄가중처벌등에관한법률위반(횡령),대법원,2012-11-29,형사,판결,상고심,파기환송,"이른바 계약명의신탁 방식으로 명의수탁자가 당사자가 되어 명의신탁 약정이 있다는 사실을 알고 있는 소유자와 부동산에 관한 매매계약을 체결하고 그 명의로 소유권이전등기를 마친 경우, 명의수탁자가 명의신탁자나 매도인에 대한 관계에서 ‘타인의 재물을 보관하는 자’ 또는 ‘타인의 사무를 처리하는 자’의 지위에 있는지 여부 (소극)","명의신탁자와 명의수탁자가 이른바 계약명의신탁 약정을 맺고 명의수탁자가 당사자가 되어 명의신탁 약정이 있다는 사실을 알고 있는 소유자와 부동산에 관한 매매계약을 체결한 후 매매계약에 따라 부동산의 소유권이전등기를 명의수탁자 명의로 마친 경우에는 부동산 실권리자명의 등기에 관한 법률(이하 ‘부동산실명법’이라 한다) 제4조 제2항 본문에 의하여 수탁자 명의의 소유권이전등기는 무효이고 부동산의 소유권은 매도인이 그대로 보유하게 되므로, 명의수탁자는 부동산 취득을 위한 계약의 당사자도 아닌 명의신탁자에 대한 관계에서 횡령죄에서 ‘타인의 재물을 보관하는 자’의 지위에 있다고 볼 수 없고, 또한 명의수탁자가 명의신탁자에 대하여 매매대금 등을 부당이득으로 반환할 의무를 부담한다고 하더라...","형법 제355조 제1항 , 제2항 , 구 부동산 실권리자명의 등기에 관한 법률(2010. 3. 31. 법률 제10203호로 개정되기 전의 것) 제4조","대법원 2001. 9. 25. 선고 2001도2722 판결, 대법원 2008. 3. 27. 선고 2008도455 판결 , 대법원 2009. 5. 14. 선고 2007도2168 판결 (공2009상, 905), 대법원 2011. 12. 8. 선고 2010도4129 판결(공2012상, 148)","부동산, 매매, 매수, 매도, 매매계약, 매매대금, 소유권이전, 등기, 근저당, 저당권, 명의신탁, 명의수탁",전문 원문: https://www.law.go.kr/LSW/precInfoP.do?precSeq=166973,aggravated_economic_crime,특정경제범죄 가중처벌 등에 관한 법률 제3조,aggravated_economic_crime|특정경제범죄 가중처벌 등에 관한 법률 제3조; embezzlement_breach_of_trust|형법 제355조·제356조 횡령·배임; civil_sale_effect|민법 제568조 매매의 효력
487,CASE_2007_00487,2006나13863,배당이의,대전지방법원,2007-06-08,민사,판결,2심,항소기각,"원 2006. 11. 9. 선고 2005가단56909 판결 【변론종결】 2007. 4. 13. 【주 문】 1. 제1심 판결 중 피고 2, 피고 3에 대한 부분을 취소한다. 2. 대전지방법원 2004타경34400호 부동산임의경매 사건에 관하여 2005. 11. 10. 위 법원이 작성한 배당표 중 소외 1에 대한 배당액 14,000,000원을 삭제하고, 원고 2에 대한 배당액 14,000,000원을 23,578,947원으로, 원고 1에 대한 배당액 14,000,000원을 18,421,052원으로 각 경정한다. 3. 원고들의 피고 1에 대한 항소를 기각한다. 4. 소송총비","1. 기초사실 이 법원에서 이 부분에 관하여 설시할 이유는 제1심 판결 이유의 1. 경매절차의 진행’ 부분 중 나.항 및 라항의 ‘ ○○○’을 ‘ 소외 1’로 고치는 외에는 제1심 판결 이유 1항 기재와 같으므로, 민사소송법 제420조 본문에 의하여 이를 인용한다. 2. 원고들의 주장 및 판단 가. 원고들의 주장 소외 1은 소외 2의 동거인이고, 피고 1은 소외 2의 시어머니로서 가장임차인인바, 이들이 소액임차인임을 전제로 하여 작성된 위 배당표는 부적법하므로 청구취지 기재와 같이 이들에 대한 배당액을 삭제하고 이는 진정한 임차인인 원고들에게 배당되어야 한다.",원문 참조,없음,"부동산, 주택, 다가구, 임대차, 보증금, 임대인, 임차인, 임대차계약, 임차보증금, 근저당, 경매, 배당",전문 원문: https://www.law.go.kr/LSW/precInfoP.do?precSeq=230599,civil_lease_definition,민법 제618조 임대차의 의의,civil_lease_definition|민법 제618조 임대차의 의의
488,CASE_2003_00488,2003노3,사기·부동산등기특별조치법위반,서울지방법원,2003-12-17,형사,판결,2심,무죄,"명규 【변 호 인】 변호사 장달원(피고인들을 위한 사선) 【원심판결】 서울지방법원 2002. 12. 17. 선고 2001고단10674 판결 【주 문】 원심판결을 파기한다. 피고인 1을 판시 별지 범죄일람표 순번 16, 43, 84, 105, 111 기재 사기 및 위 범죄일람표 순번 1-17, 20 내지 31, 34, 36, 37, 39 내지 41, 44 내지 46, 56, 63 내지 65, 68 내지 70, 74, 76, 79, 80, 83 내지 87, 100 내지 105, 109, 110, 114 기재 부동산등기특별조치법위반죄에 대하여 징역 8월에, 위 범죄일람표","1. 피고인들의 항소이유의 요지(사기 부분에 한하여) 토지에 대한 투자는 장기적으로 예상하고 매수하는 것이지 단기적으로 가격 상승을 고려하여 투자하는 것이 아니고, 투자를 위한 토지매수인은 어느 정도의 위험 부담이 있음을 예상하고 투자하는 점, 피고인들이 매수인들에게 제공한 이 사건 토지에 대한 투자 정보는 모두 관공서에 이미 공고되었거나 신문에 기사화된 것들로서 거짓된 정보가 없었고, 다소 과장되었다 하더라도 토지 매매에 있어 흔히 있을 수 있는 관행화된 것인 점, 피고인들은 이 사건 토지가 장래 개발될 것이",원문 참조,없음,"부동산, 주택, 아파트, 토지, 임야, 매매, 매수, 등기, 부동산등기특별조치법, 사기, 기망, 편취",전문 원문: https://www.law.go.kr/LSW/precInfoP.do?precSeq=78092,criminal_fraud,형법 제347조 사기죄,criminal_fraud|형법 제347조 사기죄; civil_fraud_duress|민법 제110조 사기·강박에 의한 의사표시; civil_sale_effect|민법 제568조 매매의 효력
489,CASE_2021_00489,"2017나2032013(본소), 2017나2032020(반소)",건물등철거·매매대금반환,서울고등법원,2021-07-21,민사,판결,2심,일부인용,"로 계산한 돈을 지급하라. 다. 원고(반소피고)의 피고에 대한 나머지 본소 청구, 피고(반소원고)에 대한 본소 청구 및 피고(반소원고)의 나머지 반소 청구를 각 기각한다. 2. 소송총비용 중 원고(반소피고)와 피고 사이에 생긴 부분의 50%는 원고(반소피고)가, 나머지는 피고가 각 부담하고, 본소, 반소를 통틀어 원고(반소피고)와 피고(반소원고) 사이에 생긴 부분의 95%는 원고(반소피고)가, 나머지는 피고(반소원고)가 각 부담한다. 3. 제1항의 금전지급 부분은 가집행할 수 있다. 【청구취지 및 항소취지】 1. 청구취지 가. 본소 원고(반소피고, 이하 ‘원고’라고만","고쳐 쓴다. ○ 제1심 판결문 제5면 제16행 ""갑 제1 내지 12호증""을 ""갑 제1 내지 14호증""으로 고쳐 쓴다. 2. 원고의 피고들에 대한 본소 청구 중 불법행위로 인한 손해배상 청구에 관한 판단 가. 원고의 주장 1) 원고는 피고(반소원고)로부터 금호금융이 작성한 매매잔금 지급에 관한 이행보증서를 제출받고 피고(반소원고)에게 착공용 토지사용승낙서를 발급하여 준 것인데, 금호금융은 지급보증업무 자체를 취급할 수 없는 유사수신업체에 해당하므로 피고(반소원고)가 원고에게 금호금융 작성의 이행보증서를 교부한 행위는 원고에 대한 기망에 해당하고, 피고(대법원 판결의 피고) 역시 이러한 사정을 잘 알고 있었다고 할 것이어서 피고들의 공동불",원문 참조,없음,"부동산, 주택, 토지, 건물, 매매, 매매계약, 매매대금, 잔금, 소유권보존, 대금반환, 등기, 담보",전문 원문: https://www.law.go.kr/LSW/precInfoP.do?precSeq=220953,civil_fraud_duress,민법 제110조 사기·강박에 의한 의사표시,civil_fraud_duress|민법 제110조 사기·강박에 의한 의사표시; civil_nonperformance_damages|민법 제390조 채무불이행 손해배상; civil_sale_effect|민법 제568조 매매의 효력
490,CASE_2017_00490,2013도564,사기,대법원,2017-06-19,형사,판결,상고심,파기환송,"[1] 기소된 사기 공소사실의 재산상 피해자와 공소장에 기재된 피해자가 다른 것이 판명된 경우, 법원이 취해야 할 조치 [2] 허위의 근저당권자가 집행법원을 기망하여 원인무효이거나 피담보채권이 존재하지 않는 근저당권에 기해 채무자 또는 물상보증인 소유의 부동산에 대하여 임의경매신청을 하여 부동산 매각대금에 대한 배당절차에서 배당금을 지급받은 경우, 집행법원의 배당표 작성과 이에 따른 배당금 교부행위가 매수인의 처분행위에 갈음하는 내용과 효력을 가지는지 여부 (적극) [3] 피고인이 피해자 甲에 대한 대여금 채권이 없음에도 甲 명의의 차용증을 허위로 작성하고 甲 소유의...","[1] 기소된 공소사실의 재산상 피해자와 공소장에 기재된 피해자가 다른 것이 판명된 경우에는 공소사실의 동일성을 해하지 않고 피고인의 방어권 행사에 실질적 불이익을 주지 않는 한 공소장변경절차 없이 직권으로 공소장 기재의 피해자와 다른 실제의 피해자를 적시하여 이를 유죄로 인정하여야 한다. [2] 근저당권자가 집행법원을 기망하여 원인무효이거나 피담보채권이 존재하지 않는 근저당권에 기해 채무자 또는 물상보증인 소유의 부동산에 대하여 임의경매신청을 함으로써 경매절차가 진행된 결과 부동산이 매각되었더라도 그 경매절차는 무효로서 채무자나 물상보증인은 부동산의 소유권을 잃지 않고, 매수인은 부동산의 소유권을 취득할 수 없다. 이러한 경우에 허위의 근저당권자가 매각대금에 대한 배당절...","[1] 형법 제347조 , 형사소송법 제298조 [2] 형법 제347조 , 민법 제186조 , 제187조 [3] 형법 제347조 제1항 , 형사소송법 제298조","[1] 대법원 1987. 12. 22. 선고 87도2168 판결 (공1988, 381), 대법원 2002. 8. 23. 선고 2001도6876 판결 (공2002하, 2258) / [2] 대법원 1975. 12. 9. 선고 75다1994 판결, 대법원 2009. 2. 26. 선고 2006다72802 판결","부동산, 빌라, 매수, 등기, 근저당, 저당권, 담보, 경매, 배당, 사기, 기망, 편취",전문 원문: https://www.law.go.kr/LSW/precInfoP.do?precSeq=185271,criminal_fraud,형법 제347조 사기죄,criminal_fraud|형법 제347조 사기죄; civil_fraud_duress|민법 제110조 사기·강박에 의한 의사표시; civil_sale_effect|민법 제568조 매매의 효력
491,CASE_2002_00491,2000다70460,임대차보증금반환,대법원,2002-04-12,민사,판결,상고심,상고기각,[1] 주택임대차보호법 제3조 제2항 에 의하여 임대인의 지위를 승계한 것으로 보게 되는 임차주택의 양수인이 되기 위한 요건 [2] 신탁법상의 신탁의 효력 [3] 임대차의 목적이 된 주택을 담보목적으로 신탁법에 따라 신탁한 경우에도 수탁자는 주택임대차보호법 제3조 제2항 에 의하여 임대인의 지위를 승계한다고 한 사례,"[1] 주택임대차보호법 제3조 제2항 은 ""임차주택의 양수인(기타 임대할 권리를 승계한 자를 포함한다)은 임대인의 지위를 승계한 것으로 본다.""라고 규정하는바, 위 규정에 의하여 임대인의 지위를 승계한 것으로 보게 되는 임차주택의 양수인이 되려면 주택을 임대할 권리나 이를 수반하는 권리를 종국적·확정적으로 이전받게 되는 경우라야 한다. [2] 신탁법상의 신탁은 위탁자가 수탁자에게 특정의 재산권을 이전하거나 기타의 처분을 하여 수탁자로 하여금 신탁 목적을 위하여 그 재산권을 관리·처분하게 하는 것이므로( 신탁법 제1조 제2항 ), 부동산의 신탁에 있어서 수탁자 앞으로 소유권이전등기를 마치게 되면 대내외적으로 소유권이 수탁자에게 완전히 이전되고, 위탁자와의 내부관계에 있어서...","[1] 주택임대차보호법 제3조 제2항 [2] 신탁법 제1조 제2항 , 제3조 , 부동산등기법 제123조 , 제124조 [3] 신탁법 제1조 제2항 , 제3조 , 부동산등기법 제123조 , 제124조","[1] 대법원 1993. 11. 23. 선고 93다4083 판결 (공1994상, 168) / [2] 대법원 1991. 8. 13. 선고 91다12608 판결 (공1991, 2343), 대법원 1994. 10. 14. 선고 93다62119 판결 (공1994하, 2967)","부동산, 주택, 아파트, 임차주택, 임대차, 보증금, 임대인, 임차인, 주택임대차, 임대차계약, 소유권이전, 등기",전문 원문: https://www.law.go.kr/LSW/precInfoP.do?precSeq=81422,civil_lease_definition,민법 제618조 임대차의 의의,civil_lease_definition|민법 제618조 임대차의 의의
492,CASE_2012_00492,2012다30281,임대보증금반환등,대법원,2012-09-13,민사,판결,상고심,상고기각,"[1] 신탁법상 신탁으로 수탁자 앞으로 부동산 소유권이전등기를 마친 경우, 대내적으로 소유권이 위탁자에게 유보되는지 여부 (소극) [2] 약관 해석에서 작성자 불이익의 원칙","상고이유를 판단한다. 1. 담보신탁의 법적 성격과 임대차계약 체결권한에 관한 법리오해 및 손해배상책임에서의 입증책임에 관한 법리오해의 상고이유에 대하여 신탁법상의 신탁은 위탁자가 수탁자에게 특정의 재산권을 이전하거나 기타의 처분을 하여 수탁자로 하여금 신탁 목적을 위하여 그 재산권을 관리·처분하게 하는 것이므로, 부동산의 신탁에 있어서 수탁자 앞으로 소유권이전등기를 마치게 되면 대내외적으로 소유권이 수탁자에게 완전히 이전되고, 위탁자와의 내부관계에서 소유권이 위탁자에게 유보되어 있는 것은 아니다 ( 대법원",[1] 신탁법 제2조 [2] 약관의 규제에 관한 법률 제5조 제2항,"[1] 대법원 2012. 7. 26. 선고 2012다33174 판결 / [2] 대법원 2009. 5. 28. 선고 2008다81633 판결 , 대법원 2010. 12. 9. 선고 2009다60305 판결 (공2011상, 100)","부동산, 건물, 임대차, 보증금, 임대차계약, 임차보증금, 소유권이전, 공인중개, 공제금, 공인중개사협회, 등기, 담보",전문 원문: https://www.law.go.kr/LSW/precInfoP.do?precSeq=167497,realtor_prohibited_acts,공인중개사법 제33조 금지행위,civil_nonperformance_damages|민법 제390조 채무불이행 손해배상; civil_lease_definition|민법 제618조 임대차의 의의; realtor_prohibited_acts|공인중개사법 제33조 금지행위
493,CASE_1997_00493,97다7400,손해배상(기),대법원,1997-09-12,민사,판결,상고심,상고기각,"[1] 감정평가업자가 감정평가서류에 감정평가를 의뢰받은 담보물의 임대차관계에 관한 허위의 기재를 한 경우, 지가공시및토지등의평가에관한법률 제26조 제1항 소정의 손해배상책임을 지는지 여부 (한정 적극) [2] 감정평가업자가 금융기관의 신속한 감정평가 요구에 따라 그의 양해 아래 임차인이 아닌 건물 소유자를 통하여 담보물의 임대차관계를 조사하였으나 그것이 허위로 밝혀진 경우, 감정평가업자에게는 과실이 없으므로 손해배상책임이 인정되지 않는다고 본 사례","[1] 지가공시및토지등의평가에관한법률 제26조 제1항 은 ""감정평가업자가 타인의 의뢰에 의하여 감정평가를 함에 있어서 고의 또는 과실로 감정평가 당시의 적정가격과 현저한 차이가 있게 감정평가하거나 감정평가서류에 허위의 기재를 함으로써 감정평가 의뢰인이나 선의의 제3자에게 손해를 발생하게 한 때에는 감정평가업자는 그 손해를 배상할 책임이 있다.""고 규정하고 있고, 여기에서 '감정평가'라 함은 '토지 및 그 정착물 등 재산의 경제적 가치를 판정하여 그 결과를 가액으로 표시하는 것'을 말하는바, 금융기관이 담보물에 관한 감정평가를 감정평가업자에게 의뢰하면서 감정업무협약에 따라 감정 목적물에 관한 대항력 있는 임대차계약의 존부와 그 임차보증금의 액수에 대한 사실조사를 함께 의뢰한...","[1] 지가공시및토지등의평가에관한법률 제2조 , 제26조 제1항 [2] 지가공시및토지등의평가에관한법률 제26조 제1항",없음,"부동산, 주택, 토지, 건물, 다가구, 임대차, 보증금, 임차권, 임대인, 임차인, 월세, 주택임대차",전문 원문: https://www.law.go.kr/LSW/precInfoP.do?precSeq=196870,civil_lease_definition,민법 제618조 임대차의 의의,civil_nonperformance_damages|민법 제390조 채무불이행 손해배상; civil_lease_definition|민법 제618조 임대차의 의의
494,CASE_2011_00494,2010도1025,사기 미수·유가 증권 위조·위조 유가 증권 행사·공정 증서 원본 불실 기재·불실 기재 공정 증서 원본 행사,대법원,2011-07-14,형사,판결,상고심,무죄,"[1] 등기원인을 가장한 경우 공정증서원본불실기재죄 및 동행사죄 성립 여부 (소극) [2] 사자(死者)·허무인 명의 유가증권을 위조한 경우, 유가증권위조죄 성립 여부 (한정 적극) [3] 사망자의 상속인인 처(妻)에게서 사망자의 인장을 교부받아 사망자 생존 시를 발행일자로 한 사자(死者) 명의 유가증권을 위조한 경우, 발행명의인의 승낙이 있었다고 볼 수 있는지 여부 (소극)","고인이 판시 각 약속어음에 관한 권리가 존재하지 않는다는 사실을 잘 알고 있으면서도 이를 이용하여 피해자 공소외 1을 상대로 어음금 청구소송을 제기하고, 과다한 등기비용으로 인한 분쟁을 막기 위해 사정을 모르는 공소외 2로 하여금 판시 영수증을 작성하게 하고 이를 근거로 피해자 공소외 2를 상대로 등기비용을 청구하는 반소를 제기한 행위는 사기미수죄에 해당한다고 보아 이 부분 공소사실을 모두 유죄로 인정한 제1심의 판단을 유지하였다. 관련 법리와 기록에 비추어 살펴보면, 원심의 사실인정과 판단은 정당한 것으로 수긍할 수 있고, 거기에 상고이유로 주장하는 바와 같이 피고인의 재판청구권을 침해하거나 항소이유를 오해하고 소송사기죄에 관한 법리를","[1] 형법 제228조 제1항 , 제229조 [2] 형법 제214조 제1항 [3] 형법 제24조 , 제214조 제1항","[1] 대법원 1957. 4. 12. 선고 4290형상32 판결 , 대법원 1991. 9. 24. 선고 91도1164 판결 (공1991, 2641), 대법원 2009. 10. 15. 선고 2009도5780 판결 / [2] 대법원 1971. 7. 27. 선고 71도905 판결 , 대법원 2005. 2. 24. 선고 2002도18 전원합의체 판결 (공2005상, 534), 대법원 2005. 3. 25. 선고 2003도4943 판결 / [3] 대법원 1983. 10. 25. 선고 83도1520 판결 (...","부동산, 아파트, 매매, 소유권이전, 등기, 공정증서원본불실기재, 사기, 위조, 무죄, 기각, 파기, 무효",전문 원문: https://www.law.go.kr/LSW/precInfoP.do?precSeq=160428,criminal_fraud,형법 제347조 사기죄,criminal_fraud|형법 제347조 사기죄; civil_sale_effect|민법 제568조 매매의 효력
495,CASE_2005_00495,2005나2695,소유권이전등기등,창원지방법원,2005-09-23,민사,판결,2심,항소기각,"】 【피고, 항소인】 【제1심판결】 창원지방법원 2000. 7. 7. 선고 98가단14729 판결 【변론종결】 2005.7.22. 【주 문】 1. 피고의 항소를 기각한다. 2. 소송총비용은 피고가 부담한다. 【청구취지 및 항소취지】 1. 청구취지 주위적으로, 피고는 원고에게 별지 목록 기재 부동산(이하 ‘이 사건 부동산’이라고 하고, 개별 부동산을 지칭할 때는 ‘제1·2·3부동산’이라고만 한다)에 관하여 이 사건 소장부본 송달일자 명의신탁 해지를 원인으로 한 소유권이전등기절차를 이행하라. 제1예비적으로, 피고는 원고에게 이 사건 부동산에 관하여 부당이득반환을 원인으로","1. 이 법원의 심판범위 원고는 피고를 상대로 이 사건 부동산에 관하여 이 사건 소장부본 송달일자 명의신탁 해지를 원인으로 한 소유권이전등기절차의 이행과 5,704,700원의 금전지급의 이행을 구하였고, 이에 대하여 제1심 법원에서는 원고의 청구를 모두 인용하였으나, 피고가 항소한 환송전 당심에서는 제1심 판결 중 소유권이전등기절차의 이행을 명한 부분을 취소하여, 이에 대한 원고의 청구를 기각하고, 금전지급청구 부분은 피고의 항소를 기각하였는바, 원고는 소유권이전등기절차이행청구 부분에 대하여, 피고는 금전지급청구 부분에 대하여 각 상고하였다. 이에 대법원은 원고의 상고를 받아",원문 참조,없음,"부동산, 임야, 농지, 매매, 매수, 소유권이전, 등기, 명의신탁, 부동산실명법, 경매, 고소, 사기",전문 원문: https://www.law.go.kr/LSW/precInfoP.do?precSeq=77336,civil_fraud_duress,민법 제110조 사기·강박에 의한 의사표시,civil_fraud_duress|민법 제110조 사기·강박에 의한 의사표시; civil_sale_effect|민법 제568조 매매의 효력
496,CASE_2024_00496,2022다204333,소유권이전등기,대법원,2024-07-25,민사,판결,상고심,상고기각,"구 임대주택법 제18조 의 규정 취지 / 담보신탁의 의미 및 담보신탁의 위탁자가 우선수익자에 대한 채무를 이행하지 못한 경우, 신탁기간 중이라도 우선수익자의 요청에 따라 신탁재산이 매각되고 그 대금이 우선수익자의 채권 변제에 충당될 수 있는지 여부 (적극) / 임대사업자가 임대주택에 관하여 제한물권 설정 등 처분행위 금지에 관한 부기등기 이후 설정한 담보신탁의 효력 (무효)","구 임대주택법(2015. 8. 28. 법률 제13499호 ‘민간임대주택에 관한 특별법’으로 전부 개정되기 전의 것, 이하 같다) 제18조 는 제1항 에서 ‘임대사업자는 임차인이 동의하지 않는 한 임대주택에 관하여 분양전환 이전까지 담보물권 등을 설정하는 행위를 하여서는 아니 된다.’고 규정하고, 제2항 에서 ‘임대사업자는 소유권보존등기신청과 동시에 제1항 에 따른 임대주택에 관하여 분양전환 이전까지 제한물권의 설정이나 압류·가압류·가처분 등을 할 수 없는 재산임을 부기등기 신청하여야 한다.’고 규정한다. 또한 제3항 에서 ‘이미 소유권보존등기를 마친 후 임대 중인 임대주택의 임대사업자는 제2항 과 동일한 내용의 등기를 신청하여야 한다.’고 규정하고, 제4항 에서 ‘ 제2항...","구 임대주택법(2015. 8. 28. 법률 제13499호 민간임대주택에 관한 특별법으로 전부 개정되기 전의 것) 제18조 (현행 삭제), 신탁법 제2조","대법원 2012. 11. 29. 선고 2011다84335 판결 (공2013상, 21), 대법원 2017. 5. 18. 선고 2012두22485 전원합의체 판결(공2017상, 1321)","부동산, 주택, 임차인, 매도, 소유권이전, 소유권보존, 분양, 등기, 저당권, 담보, 신탁부동산, 기각",전문 원문: https://www.law.go.kr/LSW/precInfoP.do?precSeq=241213,civil_lease_definition,민법 제618조 임대차의 의의,civil_sale_effect|민법 제568조 매매의 효력; civil_lease_definition|민법 제618조 임대차의 의의
497,CASE_1975_00497,74다736,전세금,대법원,1975-12-23,민사,판결,상고심,상고기각,"수탁자가 ""신탁이 종료할 때에는…신탁재산에 부대하는 채무는 수익자가 변제하여야 한다""는 약정하에 신탁재산의 관리로서 제3자에게 위 전세권을 설정한 후 신탁계약이 종료된 경우에 위 전세권소멸로 인한 전세금반환 의무자","신탁법 3조 부동산등기법 123조 , 124조 에 비추어 보면 수탁자가 그의 지위에서 신탁재산의 관리로서 제3자와의 사이에 전세권을 설정하고 위탁자와의 약정으로 ""신탁이 종료한 때에는…신탁 재산에 부대하는 채무는 수익자가 변제하여야 한다""는 신탁조항이 신탁원부에 기재되어 신탁등기가 경료된 경우에 전세계약의 기간만료로 인한 전세금반환채무는 신탁계약이 종료한 후에 있어서는 신탁자인 수익자에 있어 수탁자에게 대하여 그 반환을 청구할 수 없다.",원문 참조,없음,"부동산, 건물, 임대차, 전세, 보증금, 전세금, 임대인, 전세권, 소유권이전, 등기, 신탁원부, 신탁부동산",전문 원문: https://www.law.go.kr/LSW/precInfoP.do?precSeq=92800,civil_lease_definition,민법 제618조 임대차의 의의,civil_lease_definition|민법 제618조 임대차의 의의
498,CASE_2022_00498,"2017다9121, 9138",건물철거등·건물철거등,대법원,2022-03-31,민사,판결,상고심,상고기각,"[1] 부동산처분금지가처분등기보다 먼저 마쳐진 가등기에 의하여 본등기가 마쳐진 경우, 본등기가 가처분등기 후에 마쳐졌더라도 채무자가 채권자에게 대항할 수 있는지 여부 (적극) / 가처분등기보다 먼저 설정등기가 마쳐진 근저당권이 소멸되는 경매절차에서의 매각으로 채무자가 건물 소유권을 상실한 경우, 채권자가 가처분의 효력을 내세워 채무자가 여전히 건물을 처분할 수 있는 지위에 있다고 주장할 수 있는지 여부 (소극) / 압류나 근저당권설정등기 이후에 마쳐진 가처분등기가 경매절차 매각대금 지급 후에도 말소되지 않은 채 남아 있다고 해서 채무자가 여전히 건물을 처분할 수 있는...","[1] 부동산처분금지가처분은 부동산에 대한 채무자의 소유권이전, 저당권, 전세권, 임차권의 설정 그 밖의 일체의 처분행위를 금지하는 가처분으로서, 자기 소유 토지 위에 채무자 소유 건물에 대한 철거청구권, 즉 방해배제청구권의 보전을 위해서도 할 수 있다. 채무자 소유 건물에 대한 철거청구권을 피보전권리로 한 가처분에도 불구하고 채무자가 건물을 처분하였을 때에는 이를 채권자에게 대항할 수 없으므로 채권자에 대한 관계에 있어서 채무자가 여전히 그 건물을 처분할 수 있는 지위에 있다고 볼 수 있다. 처분행위가 가처분에 저촉되는지 여부는 그 처분행위에 따른 등기와 가처분등기의 선후에 따라 정해진다. 그런데 가등기는 본등기 순위보전의 효력이 있기 때문에, 가처분등기보다 먼저 마쳐진...","[1] 민사집행법 제91조 제2항 , 제144조 제1항 , 제300조 , 제301조 , 제305조 제3항 , 부동산등기법 제4조 , 제5조 , 제88조 , 제91조 , 제95조 [2] 집합건물의 소유 및 관리에 관한 법률 제1조 , 제2조 , 제20조 , 민사집행법 제91조 제2항 , 민법 제215조","[1] 대법원 1982. 10. 12. 선고 82다129 판결 (공1982, 1078), 대법원 2009. 9. 24. 선고 2009다32928 판결 / [2] 대법원 2010. 5. 27. 선고 2010다6017 판결 (공2010하, 1265), 대법원 2015. 6. 24. 선고 2012다109538 판결 , 대법원 2015. 9. 10. 선고 2013다46047 판결, 대법원 2018. 6. 28. 선고 2016다219419, 219426 판결(공2018하, 1442)","부동산, 주택, 토지, 건물, 전세, 임차권, 전세권, 매매, 매수, 소유권이전, 분양, 분양계약",전문 원문: https://www.law.go.kr/LSW/precInfoP.do?precSeq=227233,civil_lease_definition,민법 제618조 임대차의 의의,civil_sale_effect|민법 제568조 매매의 효력; civil_lease_definition|민법 제618조 임대차의 의의
499,CASE_1987_00499,87사4,전세금청구사건,대구지법,1987-09-25,기타,판결,미상,청구기각,내연의 처가 유효기간이 경과한 남편의 인감증명서를 사용하여 남편소유의 부동산에 관하여 타인과 임대차계약을 체결한 경우 표현대리의 성립,일본국에 거주하면서 1년에 3 내지 4회 우리나라에 귀국하는 내연의 남편(재일동포)으로부터 내연의 처가 남편소유의 부동산을 담보로 제공하여 돈을 차용하는 것을 허락받고 남편의 인감증명서 및 인장을 보관중 인감증명서의 주소이동사항란을 일본국내의 주소에서 우리나라의 주소로 임의정정하고 인감증명서의 유효기간이 경과한 뒤에 그 부동산에 관하여 원고와 임대차계약을 체결한 경우 내연의 처에게 대리권이 있다고 원고가 믿을 데 정당한 이유가 있다고 볼 수 없다.,민법 제126조,"대법원 1973.1.16. 선고 72다1626 판결(요민Ⅰ민법 제126조(17)211면 민판집 183-44), 1980.9.9. 선고 80다1380 판결(요민Ⅰ민법 제126조(26)213면 민판집 273-291)","부동산, 건물, 임대차, 전세, 보증금, 전세금, 임대차계약, 임차보증금, 담보, 인감증명, 고소, 위조",전문 원문: https://www.law.go.kr/LSW/precInfoP.do?precSeq=76939,civil_lease_definition,민법 제618조 임대차의 의의,civil_lease_definition|민법 제618조 임대차의 의의
500,CASE_1991_00500,90다19459,토지소유권이전등기,대법원,1991-05-28,민사,판결,상고심,파기환송,"가. 위조된 것이라 하여 제출된 문서의 성립을 인정하였다고 하여 성립에 다툼이 없는 서증이라고 볼 수 있는지 여부 (소극) 나. 부동산매매계약서가 위조된 것이고, 계쟁토지에 관하여 소유권이전등기를 해주기로 한 약정이 사기, 강박에 의한 것이라고 인정한 원심판결에 당사자본인신문의 보충성의 법리를 오해하였거나 채증법칙에 위배한 위법이 있다 하여 파기한 사례.","가. 위조된 것이라 하여 제출한 문서는 거기에 기재된 사상내용을 증거로 하려는 것이 아니므로 서증으로 제출한 것이라 할 수 없으니 상대방이 성립을 인정하였다고 하여 성립에 다툼이 없는 서증이라고는 볼 수 없다. 나. 부동산매매계약서가 위조된 것이고, 계쟁토지에 관하여 소유권이전등기를 해주기로 한 약정이 사기, 강박에 의한 것이라고 인정한 원심판결에 당사자본인신문의 보충성의 법리를 오해하였거나 채증법칙에 위배한 위법이있다 하여 파기한 사례","가. 민사소송법 제328조 나. 제187조 , 제339조",대법원 1972.9.26. 선고 72다1103 판결,"부동산, 토지, 임야, 매매, 매수, 매도, 매매계약, 소유권이전, 등기, 강박, 협박, 고소",전문 원문: https://www.law.go.kr/LSW/precInfoP.do?precSeq=108671,civil_fraud_duress,민법 제110조 사기·강박에 의한 의사표시,civil_fraud_duress|민법 제110조 사기·강박에 의한 의사표시; civil_sale_effect|민법 제568조 매매의 효력
501,CASE_1987_00501,86가단4111,부당이득금청구사건,광주지법,1987-08-19,민사,판결,1심,청구기각,1. 처음에는 소액임차권자가 아닌 자가 나중에 계약내용을 변경하여 소액임차권자가 된 경우 소액임차권자로 보호해 주어야 하는지 여부 2. 임차권설정행위가 경매목적물 침해행위가 되는지 여부,1. 소액임차권자에 해당하지 아니한 자라 하더라도 후에 계약내용을 변경하여 소액임차권자가 된 경우에는 그 계약내용이 탈법적인 의사없이 진정한 의사로 적법하게 이루어진 경우에는 소액임차권자로 보호하여 주어야 한다. 2. 경매목적물 침해행위 방지신청 후에도 임차권설정행위 자체는 경매목적물 침해행위에 해당한다고 볼 수 없다.,"주택임대차보호법 제8조 , 제3조 , 경매법 제26조",없음,"부동산, 주택, 건물, 임대차, 보증금, 임차권, 주택임대차, 임대차계약, 임차보증금, 등기, 근저당, 저당권",전문 원문: https://www.law.go.kr/LSW/precInfoP.do?precSeq=76958,civil_lease_definition,민법 제618조 임대차의 의의,civil_sale_effect|민법 제568조 매매의 효력; civil_lease_definition|민법 제618조 임대차의 의의
502,CASE_2022_00502,"2019다215531, 215548",소유권이전등기·손해배상,대법원,2022-05-12,민사,판결,상고심,상고기각,민사재판에서 확정된 관련 민사사건에서 인정된 사실의 증명력,"상고이유를 판단한다. 1. 원고의 상고이유에 대한 판단 원심은 그 판시와 같은 이유로, 피고(선정당사자)와 선정자들이 원심 별지3 목록 기재 부동산을 매도한 행위가 원고에 대하여 불법행위를 구성한다거나, 이로써 원고에게 손해를 가하거나 법률상 원인 없는 이익을 얻었음을 인정할 수 없다고 판단하였다. 원심판결 이유 및 관련 법리에 비추어 보면, 이러한 원심의 판단에 상고이유와 같이 논리와 경험의 법칙에 위배하여 자유심증주의의 한계를 벗어나 사실을 인정하거나 불법행위의 성립·손해의 발생·횡령·부당이득 성립에 관한 법리를 오해함으로써 필요한 심리를 다하지 아니하거나, 변론주의 위반, 증명책임 분배원칙의 위반, 이유 모순 등으로 판결",민사소송법 제202조,"대법원 1995. 6. 29. 선고 94다47292 판결 (공1995하, 2527), 대법원 2000. 7. 4. 선고 2000다20748 판결, 대법원 2008. 6. 12. 선고 2007다36445 판결","부동산, 매도, 소유권이전, 등기, 근저당, 저당권, 명의신탁, 횡령, 손해배상, 불법행위, 기각, 파기",전문 원문: https://www.law.go.kr/LSW/precInfoP.do?precSeq=235491,civil_sale_effect,민법 제568조 매매의 효력,civil_nonperformance_damages|민법 제390조 채무불이행 손해배상; civil_sale_effect|민법 제568조 매매의 효력
503,CASE_2017_00503,2017다24281,소유권이전등기말소,대법원,2017-11-14,민사,판결,상고심,상고기각,[1] 사망자를 피고로 하는 소제기 상태에서 선고된 제1심판결의 효력(당연무효) 및 이 경우 상속인들에 의한 항소나 소송수계신청이 적법한지 여부 (소극) / 이러한 법리는 소제기 후 소장부본이 송달되기 전에 피고가 사망한 경우에도 마찬가지로 적용되는지 여부 (적극) [2] 부동산에 관하여 특정유증을 받은 사람이 유증 받은 부동산에 관해서 소유권을 취득한 제3자를 상대로 소유자임을 전제로 말소등기를 구하거나 직접 진정명의의 회복을 원인으로 소유권이전등기를 구할 수 있는지 여부 (소극),"송법의 기본원칙이 무시된 부적법한 것으로서 실질적 소송관계가 형성될 수 없다. 이러한 소에 대하여 제1심판결과 항소심판결이 선고되었다고 할지라도 그 판결은 당연 무효이고, 그 판결에 대한 사망자인 피고의 상속인들에 의한 상소나 소송수계신청은 부적법하다( 대법원 1970. 3. 24. 선고 69다929 판결 등 참조). 이는 소 제기 후 소장 부본이 송달되기 전에 피고가 사망한 경우에도 마찬가지로 적용된다( 대법원 2015. 1. 29. 선고 2014다34041 판결 참조). 나. 기록에 의하면 다음의 사실을 알 수 있다. (1) 원고와 피고 소외 1을 제외한 나머지 피고들은 망 소외 2와 피고 소외 1의 자녀들이다. (2) 원고는 201","[1] 민사소송법 제233조 , 제390조 , 제413조 [2] 민법 제187조 , 제1078조 , 제1087조","[1] 대법원 1970. 3. 24. 선고 69다929 판결 (집18-2, 민246), 대법원 2015. 1. 29. 선고 2014다34041 판결 (공2015상, 436) / [2] 대법원 2003. 5. 27. 선고 2000다73445 판결 (공2003하, 1419)","부동산, 소유권이전, 등기, 강박, 협박, 기망, 위조, 기각, 파기, 청구기각, 취소, 무효",전문 원문: https://www.law.go.kr/LSW/precInfoP.do?precSeq=199887,civil_fraud_duress,민법 제110조 사기·강박에 의한 의사표시,civil_fraud_duress|민법 제110조 사기·강박에 의한 의사표시; civil_nonperformance_damages|민법 제390조 채무불이행 손해배상; civil_sale_effect|민법 제568조 매매의 효력
504,CASE_2022_00504,2021나2009669,건물등철거,서울고법,2022-01-26,민사,판결,2심,원고승소,"甲이 하남시장에게 가설건축물 축조신고를 하여 자신이 소유한 하남시 소재 토지 위에 가설건축물을 축조한 다음 乙 주식회사 등에 임대하다가, 丙 주식회사와 ‘위 토지 및 가설건축물을 丙 회사에 매도하되 가설건축물의 신고명의자 변경이 곤란한 사정을 감안하여 위 토지 등을 포괄양수도하고 기존 임대차계약을 승계한다.’는 내용의 매매계약과 사업(부동산)포괄양수도계약을 체결하였고, 이에 따라 丙 회사 앞으로 위 토지에 관한 소유권이전등기가 마쳐지고 기존 임대차계약상 임대인의 지위가 승계되었으나 가설건축물 신고명의자는 甲인 상태 그대로였는데, 그 후 하남시장이 신고명의자인 甲에게...","甲이 하남시장에게 용도를 ‘농산물 직거래용 가설점포’로 하고 존치기간을 3년 이내로 하는 가설건축물 축조신고를 하여 자신이 소유한 하남시 소재 토지 위에 가설건축물을 축조한 다음 용도를 ‘임시창고’로 변경하고 존치기간을 2년 연장하면서 乙 주식회사 등에 임대하다가, 丙 주식회사와 ‘위 토지 및 가설건축물을 丙 회사에 매도하되 가설건축물의 신고명의자 변경이 곤란한 사정을 감안하여 위 토지 등을 포괄양수도하고 기존 임대차계약을 승계한다.’는 내용의 매매계약과 사업(부동산)포괄양수도계약을 체결하였고, 이에 따라 丙 회사 앞으로 위 토지에 관한 소유권이전등기가 마쳐지고 기존 임대차계약상 임대인의 지위가 승계되었으나 가설건축물 신고명의자는 甲인 상태 그대로였는데, 그 후 하남시장이...","민법 제99조 , 제105조 , 제188조 제1항 , 제680조 , 제688조 제1항 , 건축법 제2조 제1항 , 제11조 제1항 , 제20조 제3항",없음,"부동산, 주택, 토지, 건물, 임대차, 임대인, 임대차계약, 매매, 매수, 매도, 매매계약, 매매대금",전문 원문: https://www.law.go.kr/LSW/precInfoP.do?precSeq=230739,civil_lease_definition,민법 제618조 임대차의 의의,civil_sale_effect|민법 제568조 매매의 효력; civil_lease_definition|민법 제618조 임대차의 의의
505,CASE_2025_00505,"2024나12050(본소), 2024나12067(반소)",분양대금반환청구의소·매매대금,부산고등법원(창원),2025-01-23,민사,판결,2심,일부인용,"2. 6. 4.부터 다 갚는 날까지 연 12%의 비율로 계산한 돈을 지급하라. 나. 원고(반소피고)들의 본소 청구 및 피고(반소원고)의 나머지 반소 청구를 모두 기각한다. 2. 소송총비용은 본소와 반소를 합하여 원고(반소피고)들이 부담한다. 3. 제1의 가항은 가집행할 수 있다. 【청구취지 및 항소취지】 1. 청구취지 가. 본소 피고(반소원고, 이하 ‘피고’라고 한다)는 원고(반소피고, 이하 ‘원고’라고 한다)들에게 각 107,000,000원 및 이에 대하여 이 사건 소장 부본 송달일 다음 날부터 다 갚는 날까지 연 12%의 비율로 계산한 돈을 지급하라. 나. 반소","〈고쳐 쓰는 부분〉 ○ 제1심판결문 제4쪽 제2행과 제3행 사이에 아래의 내용을 추가한다. 『 3) 피고 회사는 2020. 11. 23. 이 사건 상가에 관하여 소유권보존등기를 마쳤다.』 ○ 제1심판결문 제4쪽 제3행을 아래와 같이 고쳐 쓴다. 『 나. 피고 회사의 이 사건 상가에 관한 근저당권설정 및 임대차계약 체결 1) 피고 회사는 2020. 12. 11. 함양농업협동조합으로부터 이 사건 상가를 담보로 하여 830,000,000원을 대출(이하 ‘이 사건 대출’이라고 한다)받았고, 같은 날 위 조합 앞으로 이 사건 대출채무를 피담보채무로 하여 채권최고액을 1,000,000,000원, 채무자를 피고 회사로 한 근저당권(이하 ‘이 사건 근",원문 참조,없음,"부동산, 상가, 임대차, 임대차계약, 매매, 매매대금, 계약금, 중도금, 잔금, 소유권이전, 소유권보존, 대금반환",전문 원문: https://www.law.go.kr/LSW/precInfoP.do?precSeq=607549,civil_lease_definition,민법 제618조 임대차의 의의,civil_sale_effect|민법 제568조 매매의 효력; civil_lease_definition|민법 제618조 임대차의 의의
506,CASE_2023_00506,2022나2044713,매매대금반환,서울고등법원,2023-09-22,민사,판결,2심,항소기각,". 선고 2021가합78223 판결 【변론종결】 2023. 6. 16. 【주 문】 1. 제1심 판결 중 아래에서 지급을 명하는 금액에 해당하는 원고 패소 부분을 취소한다. 피고들은 공동하여 원고에게 240,000,000원 및 그중 200,000,000원에 대하여는 2008. 5. 23.부터, 40,000,000원에 대하여는 2021. 11. 3.부터 각 2023. 9. 22.까지 연 5%, 그 다음 날부터 다 갚는 날까지 연 12%의 각 비율로 계산한 돈을 지급하라. 2. 원고의 피고들에 대한 나머지 항소를 모두 기각한다. 3. 소송 총비용 중 80%는 원고가, 나머","한다. 이하 행정구역은 모두 ‘태백시 ○○동’으로 동일하므로 그 기재를 생략하고, 지번, 지목, 면적만 기재한다)에 관하여 각 아래 표 기재 지분에 관한 지분이전등기를 마쳤다. 소외 2망 소외 3피고 4지분 합계(지번 1 생략) 임야 800,471㎡396,696/800,47182,645/800,471321,130/800,4711(지번 2 생략) 임야 859,127㎡429,754/859,12782,645/859,127346,728/859,1271 2) 이 사건 공유자들은 분할 전 임야에 대한 개발사업을 수행하기 위하여 2003. 7. 19. 피고 4를 대표이사로 하고, 망 소외 3, 소외 2 등을 이사로 하여 농업의 경영 및 부대사업 등을",원문 참조,없음,"부동산, 토지, 임야, 농지, 임대차, 매매, 매수, 매도, 매매계약, 매매대금, 계약금, 중도금",전문 원문: https://www.law.go.kr/LSW/precInfoP.do?precSeq=239943,civil_lease_definition,민법 제618조 임대차의 의의,civil_sale_effect|민법 제568조 매매의 효력; civil_lease_definition|민법 제618조 임대차의 의의
507,CASE_1984_00507,83다카1531,임대료,대법원,1984-12-11,민사,판결,상고심,파기환송,무권대리행위를 묵시적으로 추인하였다고 본 사례,피고가 원고명의의 영수증을 받고 무권대리인인 갑이 체결한 임대차계약상의 차임의 일부를 위 갑에게 지급하였다면 피고는 위 금원을 지급할 때에 위 임대차계약의 임대인이 갑이 아니라 원고임을 알았으며 위와 같이 위 임대차계약상의 차임의 일부로 금원을 지급함으로써 위 갑이 대리인으로서 체결한 원고와의 위 임대차계약을 묵시적으로 추인하였다고 봄이 논리칙과 경험칙에 부합한다.,"민법 제130조 , 민사소송법 제187조",없음,"임대차, 임대인, 임차인, 임대차계약, 파기, 무권대리",전문 원문: https://www.law.go.kr/LSW/precInfoP.do?precSeq=206758,civil_lease_definition,민법 제618조 임대차의 의의,civil_lease_definition|민법 제618조 임대차의 의의
508,CASE_1986_00508,85나3083,건물명도(본소)전세보증금반환(반소)청구사건,서울고법,1986-03-05,민사,판결,2심,일부인용,주택임대차보호법상의 대항력을 갖춘 임차인과 매수인 사이에 새로운 임대차계약서를 작성하였더라도 매수인이 종전 임대차계약을 승계한 것으로 본 예,주택의 매수인이 잔대금을 지급함에 있어 주택임대차보호법상의 대항력을 갖춘 임차인과 매도인간의 임대차계약 관계를 그대로 인수하고 확인하는 의미에서 동일자로 임차인에게 자기명의로 된 임대차계약서 및 전세보증금의 영수증을 작성 교부해 준 것이라면 이는 종전 임대차계약을 소멸시키고 새로운 임대차계약을 체결한 것이 아니라 종전 임대차계약을 동일성을 해함이 없이 그대로 승계한 것으로 봄이 상당하다.,"주택임대차보호법 제3조 , 주택임대차보호법부칙",없음,"주택, 건물, 임대차, 전세, 보증금, 전세금, 임차권, 임대인, 임차인, 주택임대차, 임대차계약, 임차보증금",전문 원문: https://www.law.go.kr/LSW/precInfoP.do?precSeq=76414,civil_lease_definition,민법 제618조 임대차의 의의,civil_lease_definition|민법 제618조 임대차의 의의
509,CASE_2006_00509,2005가단56909,배당이의,대전지방법원,2006-11-09,민사,판결,1심,1. 원고들의 청구를 모두 기각한다. 2. 소송비용은 원고들이 부담한다.,"1. 원고들의 청구를 모두 기각한다. 2. 소송비용은 원고들이 부담한다. 【청구취지】 대전지방법원 2004타경34400 부동산임의경매 사건에 관하여 같은 법원이 2005. 11. 10. 작성한 배당표 중 소외 1에 대한 배당액 14,000,000원과 피고 1에 대한 배당액 5,000,000원을 각 삭제하고 원고 2에 대한 배당액 14,000,000원을 25,015,520원으로, 원고 1에 대한 배당액 14,000,000원을 20,000",1. 경매절차의 진행 가. 가양1동 새마을금고의 신청에 의하여 소외 2 소유의 대전 동구 성남동 (지번 생략) 대 298㎡와 그 지상 3층 다가구주택(이하 이 사건 다가구주택이라 한다.)에 관하여 대전지방법원 2004타경34400호로 부동산임의경매 절차가 개시되었다. 나. 원고들 및 소외 1과 피고 1은 이 사건 다가구주택에 대한 주택임대차보호법상의 임차인이라고 주장하면서 권리신고 및 배당요구를 하였다. 다. 그 후 이 사건 다가구주택 등이 매각되어 경매법원은 배당기일인 2005. 1,원문 참조,없음,"부동산, 주택, 다가구, 임대차, 보증금, 임차인, 주택임대차, 임대차계약, 경매, 배당, 배당요구, 배당이의",전문 원문: https://www.law.go.kr/LSW/precInfoP.do?precSeq=78627,civil_lease_definition,민법 제618조 임대차의 의의,civil_lease_definition|민법 제618조 임대차의 의의
510,CASE_1988_00510,87도2678,"부동산소유권이전등기등에관한특별조치법위반,사기",대법원,1988-03-22,형사,판결,상고심,상고기각,가.무혐의결정 후의 공소제기가 일사부재리원칙에 위배되는지 여부 나. 부동산소유권이전등기등에관한특별조치법(1985.1.1 실효) 시행중의 위반행위에 대한 그 폐지후의 처벌가부,가. 일사부재리의 효력은 확정재판이 있을 때에 발생하는 것이므로 검사가 일차 무협의 결정을 하였다가 다시 공소를 제기한 것이 일사부재리의 원칙에 위배되는 것은 아니다. 나. 부동산소유권이전등기등에관한특별조치법이 1985.1.1부터 실효되었으나 이 법은 부동산등기법에 의하여 등기하여야 할 부동산으로서 그 소유권보존등기가 되어 있지 아니하거나 등기부 기재가 실제 권리관계와 일치하지 아니하는 부동산을 간이한 절차에 의하여 등기할 수 있게 함을 목적으로 하여 한시적으로 제정된 것이어서 그 폐지는 위 법제정의 이유가 된 법률이념의 변경에 따라 종래의 처벌 그 자체가 부당하였다는 반성적 고려에서 기인한 것이 아니라 그 제정목적을 다하여 위 법을 존속시킬 필요성이 없다는 고려에서 폐지...,"가. 헌법 제12조 제1항 , 형사소송법 제326조 나. 부동산소유권이전등기등에관한특별조치법(1985.1.1실효) 제13조 , 형법 제1조 제2항","나. 대법원 1963.1.31 선고, 62도257 판결 , 1965.6.29 선고, 65도406 판결, 1980.7.22 선고, 79도2953 판결","부동산, 소유권이전, 소유권보존, 등기, 사기, 기각, 권리관계",전문 원문: https://www.law.go.kr/LSW/precInfoP.do?precSeq=104195,criminal_fraud,형법 제347조 사기죄,criminal_fraud|형법 제347조 사기죄; civil_sale_effect|민법 제568조 매매의 효력
511,CASE_2013_00511,2011다83820,토지거래계약허가절차이행등,대법원,2013-06-13,민사,판결,상고심,"원심판결 중 피고에 대한 부분을 파기한다. 제1심판결 중 피고에 대한 부분을 취소하고, 이 부분 소를 각하한다. 원고와 피고...",[1] 채권자대위권의 행사요건으로서 채권보전의 필요성의 의미 및 채권자대위권의 행사가 채무자의 자유로운 재산관리행위에 대한 부당한 간섭이 되는 경우 보전의 필요성 인정 여부 (소극) [2] 국토의 계획 및 이용에 관한 법률상의 토지거래허가구역에 있는 토지의 매수인이 토지거래허가 신청절차의 협력의무 이행청구권을 보전하기 위하여 매도인의 권리를 대위하여 행사할 수 있는지 여부 (적극) 및 이 경우 채권보전의 필요성을 판단하는 방법,"고 2006다82700, 82717 판결 등 참조). 한편 국토의 계획 및 이용에 관한 법률(이하 ‘국토계획법’이라 한다)상의 허가구역에 있는 토지의 거래계약이 토지거래허가를 전제로 체결된 경우에는 유동적 무효의 상태에 있고 거래계약의 채권적 효력도 전혀 발생하지 아니하므로 권리의 이전 또는 설정에 관한 어떠한 내용의 이행청구도 할 수 없지만, 그 계약을 체결한 당사자 사이에서는 그 계약이 효력 있는 것으로 완성될 수 있도록 서로 협력할 의무가 있으므로, 그 계약의 쌍방 당사자는 공동으로 관할 관청의 허가를 신청할 의무가 있다 ( 대법원 1993. 1. 12. 선고 92다36830 판결 참조). 그 결과 경우에 따라서는 매수인이 토지거래","[1] 민법 제404조 [2] 민법 제404조 , 국토의 계획 및 이용에 관한 법률 제118조 제1항 , 제6항","[1][2] 대법원 2013. 5. 23. 선고 2010다50014 판결 (공2013하, 1098) / [1] 대법원 2000. 6. 9. 선고 98다18155 판결 (공2000하, 1591), 대법원 2001. 5. 8. 선고 99다38699 판결 (공2001하, 1323), 대법원 2003. 4. 11. 선고 2003다1250 판결 (공2003상, 1171), 대법원 2007. 5. 10. 선고 2006다82700, 82717 판결 (공2007상, 857) / [2] 대법원 1993. 1. 1...","부동산, 주택, 토지, 매매, 매수, 매도, 매매계약, 계약금, 중도금, 잔금, 토지거래허가, 기각",전문 원문: https://www.law.go.kr/LSW/precInfoP.do?precSeq=171985,civil_sale_effect,민법 제568조 매매의 효력,civil_sale_effect|민법 제568조 매매의 효력
512,CASE_2023_00512,2023다271491,소유권이전등기,대법원,2023-12-28,민사,판결,상고심,파기환송,"[1] 당사자 사이에 계약의 해석을 둘러싸고 이견이 있어 처분문서에 나타난 당사자의 의사해석이 문제 되는 경우, 처분문서를 해석하는 방법 [2] 매수인 甲과 매도인 乙이 매매대금을 임대차보증금보다 더 적은 금액으로 하는 부동산 매매계약을 체결하면서 ‘임대차보증금은 현 상태에서 매수인이 승계하고, 계약금은 계약 시 매수인이 지급하며, 부동산 인도일에 잔금과 임대차보증금의 차액에 해당하는 금액을 매도인이 매수인에게 지급한다.’고 정하였고, 위 매매계약에는 ‘중도금(중도금이 없을 때에는 잔금)을 지불하기 전까지 매도인은 계약금의 배액을 상환하고 매수인은 계약금을 포기하고...","상고이유를 판단한다. 1. 원심의 판단 원심은, 판시와 같은 이유로 원고가 이 사건 매매계약에서 정한 바에 따라 피고에게 계약금 100만 원을 지급하고 임대차보증금 반환채무를 이행인수함으로써 매매대금 지급의무를 모두 이행하였다고 판단하여 피고의 약정해제권 행사에 따른 해제 항변을 배척하고, 원고의 청구를 인용하였다. 2. 대법원의 판단 가. 처분문서는 그 진정성립이 인정되면 특별한 사정이 없는 한 그 처분문서에 기재되어 있는 문언의 내용에 따라 당사자의 의사표시가 있었던 것으로 객관적으로 해석하여야 하고, 당사자 사이에 계약의 해석을 둘러싸고 이견이 있어 처분문","[1] 민법 제105조 [2] 민법 제105조 , 제543조 , 제563조 , 제565조","[1] 대법원 2001. 2. 27. 선고 99다23574 판결 (공2001상, 765), 대법원 2021. 6. 24. 선고 2021다220666 판결 (공2021하, 1348)","부동산, 임대차, 보증금, 임차권, 임대차계약, 매매, 매수, 매도, 매매계약, 매매대금, 계약금, 중도금",전문 원문: https://www.law.go.kr/LSW/precInfoP.do?precSeq=240867,civil_lease_definition,민법 제618조 임대차의 의의,civil_sale_effect|민법 제568조 매매의 효력; civil_lease_definition|민법 제618조 임대차의 의의
513,CASE_2023_00513,2016다12823,부당이득금반환,대법원,2023-09-14,민사,판결,상고심,상고기각,"집합건물의 구분소유자들이 건물의 대지 중 일부 지분만 가지고 있고 구분소유자 아닌 대지공유자가 나머지 지분을 가지고 있는 경우, 구분소유자 중 자신의 전유부분 면적 비율에 상응하는 적정 대지지분보다 부족한 대지지분을 가진 구분소유자는 구분소유자 아닌 대지공유자에게 적정 대지지분에서 부족한 지분의 비율에 해당하는 차임 상당의 부당이득반환의무를 부담하는지 여부 (원칙적 적극)","집합건물의 구분소유자들이 건물의 대지 중 일부 지분만 가지고 있고 구분소유자 아닌 대지공유자가 나머지 지분을 가지고 있는 경우에, 구분소유자 아닌 대지공유자는 대지 공유지분권에 기초하여 구분소유자 중 자신의 전유부분 면적 비율에 상응하는 대지 공유지분(이하 ‘적정 대지지분’이라 한다)을 가진 구분소유자를 상대로는 대지의 사용·수익에 따른 부당이득반환을 청구할 수 없다. 그러나 적정 대지지분보다 부족한 대지 공유지분(이하 ‘과소 대지지분’이라 한다)을 가진 구분소유자는, 과소 대지지분이 적정 대지지분에 매우 근소하게 부족하여 그에 대한 부당이득반환청구가 신의성실의 원칙에 반한다고 볼 수 있는 경우, 구분건물의 분양 당시 분양자로부터 과소 대지지분만을 이전받으면서 건물 대지를...","집합건물의 소유 및 관리에 관한 법률 제2조 제5호 , 제6호 , 제12조 제1항 , 제20조 , 제21조 , 민법 제263조 , 제741조","대법원 2022. 8. 25. 선고 2017다257067 전원합의체 판결 (공2022하, 1891)","토지, 건물, 대지권, 임차권, 매수, 소유권이전, 소유권보존, 공유지분, 분양, 등기, 근저당, 저당권",전문 원문: https://www.law.go.kr/LSW/precInfoP.do?precSeq=237223,civil_sale_effect,민법 제568조 매매의 효력,civil_sale_effect|민법 제568조 매매의 효력
514,CASE_2011_00514,2010다106719,소유권 이전 등기 말소등,대법원,2011-05-13,민사,판결,상고심,파기환송,"[1] 어떤 사람이 본권에 관한 뚜렷한 근거를 내세우지 못한 채 다툼의 대상인 임야에 선조의 분묘가 설치되어 있다거나 직접 또는 제3자를 통하여 임야 일부에 과수를 식재하고 땔감을 채취하는 등으로 이를 이용하여 왔다고 하여 그가 해당 임야 전부에 대하여 사실적 지배를 행사하고 있다고 볼 것인지 여부 (소극) 및 자주점유의 추정이 번복되는 경우 [2] 甲이 임야를 20년 이상 소유의 의사로 점유함으로써 시효취득하였는지 문제된 사안에서, 임야에 선조의 분묘가 설치되어 있고 甲이 직접 또는 제3자를 통해 임야 일부에 과수를 식재하고 땔감을 채취하는 등 이를 이용하여 왔다고...","이용하여 온 사실을 알 수 있으나, 다른 한편으로 이 사건 임야는 원고의 조부인 소외 4가 사정받은 토지로서 피고 1은 조부 소외 3이 일제 때 소외 4로부터 매수하였다고 주장만 할 뿐 이에 관한 실질적 증거를 전혀 제출하지 못하고 있음은 물론이고 위와 같은 매수사실도 10대 초반의 어린 나이에 아버지로부터 전해 들었을 뿐 소외 3이 실제 매수하였는지 여부는 알지 못한다고 스스로 시인하고 있는 사실, 그럼에도 피고 1은 마치 자신이 1989. 10. 5. 원고로부터 이 사건 임야를 매수한 것처럼 허위의 보증서·확인서를 받아 2006. 11. 7. 구 부동산소유권 이전등기 등에 관한 특별조치법(2005. 5. 26. 법률 제7500호로","[1] 민법 제197조 제1항 , 제245조 제1항 [2] 민법 제197조 제1항 , 제245조 제1항","[1] 대법원 1996. 12. 23. 선고 95다31317 판결 (공1997상, 479), 대법원 1998. 2. 24. 선고 96다54263 판결 (공1998상, 843), 대법원 2000. 3. 24. 선고 99다56765 판결 (공2000상, 1042)","부동산, 토지, 임야, 매수, 소유권이전, 소유권보존, 등기, 공정증서원본불실기재, 허위, 파기, 불실기재",전문 원문: https://www.law.go.kr/LSW/precInfoP.do?precSeq=159887,civil_sale_effect,민법 제568조 매매의 효력,civil_sale_effect|민법 제568조 매매의 효력
515,CASE_2022_00515,2021나23956,소유권이전등기,광주고등법원,2022-04-27,민사,판결,2심,청구기각,"부터 13,450,000,000원을 지급받음과 동시에 원고에게 별지 목록 기재 각 부동산 중 피고들의 별지 목록 기재 각 지분에 관하여 2019. 12. 20. 매매를 원인으로 한 소유권이전등기절차를 이행하라. 나. 원고의 피고들에 대한 각 나머지 청구를 기각한다. 2. 소송총비용 중 1/2은 원고가, 나머지는 피고들이 각 부담한다. 【청구취지 및 항소취지】 제1심판결을 취소한다. 피고들은 원고에게 별지 목록 기재 각 부동산 중 피고들의 별지 목록 기재 각 지분에 관하여 2019. 12. 20. 매매를 원인으로 한 소유권이전등기절차를 이행하라. 【이 유】 1. 기초사","소재한 별지 목록 기재 각 부동산(이하 ‘이 사건 부동산’이라 한다)의 합유자 내지 소유자들이고, 원고는 2019. 12. 20. 피고들로부터 이 사건 부동산을 매수한 자이다. 나. 이 사건 부동산에 관한 매매계약 체결 1) 원고 대표자 이사 소외 3은 2019. 11. 19. 피고 1과, 원고가 피고들로부터 이 사건 부동산을 대금 155억 원에 매수하기로 하되, 2019. 12. 20. 정식으로 매매계약을 체결하기로 하는 매매예약 약정을 체결하였다. 2) 원고는 2019. 12. 20. 피고들로부터 이 사건 부동산을 대금 155억 원에 매수하는 매매계약(이하 ‘이 사건 매매계약’이라 한다)을 체결하였고, 같은 날 피고들에게 계약금 10",원문 참조,없음,"부동산, 토지, 건물, 매매, 매수, 매도, 매매계약, 매매대금, 계약금, 중도금, 잔금, 소유권이전",전문 원문: https://www.law.go.kr/LSW/precInfoP.do?precSeq=232035,civil_sale_effect,민법 제568조 매매의 효력,civil_sale_effect|민법 제568조 매매의 효력
516,CASE_2010_00516,"2009가합6618(본소),2009가합23347(반소)",소유권이전등기등·퇴직금등,수원지방법원,2010-01-07,민사,판결,1심,1. 원고(반소피고)의 피고(반소원고) 1에 대한 소 중 소유권확인청구부분을 각하한다. 2. 피고(반소원고) 1은 원고(반소피...,"유권확인청구부분을 각하한다. 2. 피고(반소원고) 1은 원고(반소피고)에게 별지 3 목록 기재 각 부동산에 관하여 2009. 1. 29. 양도약정을 원인으로 한 소유권이전등기절차를 이행하라. 3. 원고(반고피고)의 피고(반소원고) 1에 대한 나머지 청구, 피고 2에 대한 청구 및 피고(반소원고) 1의 반소청구를 모두 기각한다. 4. 소송비용은 각자 부담한다. 【청구취지】 본소 : 주위적으로, 주문 제2항 및 피고(반소원고, 이하 “피고”라 한다.) 1은 원고(반소피고, 이하 “원고”라 한다.)에게 별지 1 목록 기재 각 부동산에 관하여 부당이득반환을 원인으로 한 소유","82. 6. 15.경부터 1983. 7. 30.경까지 사이에 별지 1 목록 기재 각 부동산(이하 “이 사건 ○○리 토지”라 한다.)을 약 34,500,000원에 매수하였고, 별지 1 목록 제1항 기재 부동산에 관하여는 수원지방법원 용인등기소 1982. 8. 2. 접수 제1190호로, 별지 1 목록 제2, 12항 기재 각 부동산에 관하여는 같은 등기소 1982. 6. 15. 접수 제8582호로, 별지 1 목록 제3 내지 6항 기재 부동산에 관하여는 같은 등기소 1982. 6. 15. 접수 제8582호로, 별지 1 목록 제7항 기재 부동산에 관하여는 같은 등기소 1982. 8. 2. 접수 제11901호로, 별지 1 목록 제8항 기재 부동산에",원문 참조,없음,"부동산, 주택, 토지, 임야, 건물, 임대차, 매매, 매수, 매매계약, 소유권이전, 소유권보존, 등기",전문 원문: https://www.law.go.kr/LSW/precInfoP.do?precSeq=173061,civil_lease_definition,민법 제618조 임대차의 의의,civil_sale_effect|민법 제568조 매매의 효력; civil_lease_definition|민법 제618조 임대차의 의의
517,CASE_1996_00517,96도1301,공갈·부동산중개업법위반,대법원,1996-10-15,형사,판결,상고심,파기환송,"[1] 원진술자가 법정에서 한 ""수사기관에서 사실대로 진술하고 서명날인하였다.""는 취지의 진술만으로 그에 대한 진술조서의 진정성립을 인정하기에 부족하다고 본 사례 [2] 피해자를 협박하여 법정 중개수수료 상한을 초과하여 금품을 갈취한 경우, 죄수 관계","[1] 피해자가 제1심의 제5회 공판기일에 증인으로 출석하여 검사의 신문에 대하여 수사기관에서 사실대로 진술하고 그 내용을 확인한 후 서명날인하였다는 취지로 증언하고 있을 뿐이어서, 과연 그 진술이 조서의 진정성립을 인정하는 취지인지 분명하지 아니하므로 그 진술만으로는 조서의 진정성립을 인정하기에 부족하다고 본 사례. [2] 피고인이 피해자를 협박함으로써 금원을 갈취하고 이로 인하여 법정 중개수수료 상한을 초과한 금품을 받은 것은 1개의 행위가 수개의 죄에 해당하는 상상적 경합의 경우에 해당한다.","[1] 형사소송법 제312조 [2] 형법 제40조 , 구 형법(1995. 12. 29. 법률 제5057호로 개정되기 전의 것) 제350조 제1항 , 부동산중개업법 제15조 제2호 , 제20조 제3항 , 제38조 제2항 제5호","[1] 대법원 1982. 10. 12. 선고 82도1865, 82감도383 판결(공1982, 1120) , 대법원 1994. 9. 9. 선고 94도1384 판결(공1994하, 2685) , 대법원 1994. 11. 11. 선고 94도343 판결(공1994하, 3323)","부동산, 토지, 매매, 매수, 매도, 매매계약, 매매대금, 협박, 공갈, 사기, 파기",전문 원문: https://www.law.go.kr/LSW/precInfoP.do?precSeq=114350,civil_sale_effect,민법 제568조 매매의 효력,civil_sale_effect|민법 제568조 매매의 효력
518,CASE_2024_00518,"2023가합100629(본소), 2023가합100636(반소)",분양대금반환청구의소·매매대금,창원지방법원,2024-05-23,민사,판결,1심,일부인용,"원고(반소피고)들은 피고(반소원고)에게 각 527,828,860원을 각 지급하라. 2.원고(반소피고)들의 본소 청구 및 피고(반소원고)의 나머지 반소 청구를 각 기각한다. 3.소송비용은 본소, 반소를 합하여 원고(반소피고)들이 부담한다. 4.제1항은 가집행할 수 있다. 【청구취지】 [본소] 피고(반소원고, 이하 ‘피고’만이라고도 한다)는 원고(반소피고, 이하 ‘원고’만이라고도 한다)들에게 각 107,000,000원 및 이에 대하여 이 사건 소장 부본 송달일 다음날부터 다 갚는 날까지 연 12%의 비율로 계산한 돈을 지급하라. [반소] 원고들은 연대하여 피고에게 1,0","본소와 반소를 합하여 본다. 1. 기초사실 가. 원고들과 피고의 분양계약 체결 1) 원고들은 2020. 3. 1. 피고(이하 ‘피고 회사’라고도 한다)와 사이에, 피고 회사로부터 김해시 (지번 생략)에 건축 중이던 ‘△△△’ 빌딩 제1층 제102호(이하 ‘이 사건 상가’라고 한다)를 총 분양대금 1,269,657,720원(부가가치세 포함)에 분양받는다는 내용의 계약을 체결하고(이하 ‘이 사건 분양계약’만이라고도 한다), 원고들은 피고에게 계약금 53,500,000원과 중도금 160,500,000원을 합한 총 214,000,000원(= 53,5",원문 참조,없음,"부동산, 상가, 건물, 임대차, 보증금, 임차인, 임대차계약, 매매, 매수, 매도, 매매대금, 계약금",전문 원문: https://www.law.go.kr/LSW/precInfoP.do?precSeq=607547,civil_lease_definition,민법 제618조 임대차의 의의,civil_sale_effect|민법 제568조 매매의 효력; civil_lease_definition|민법 제618조 임대차의 의의
519,CASE_2020_00519,"2020다38952, 38969",배당이의ㆍ배당이의,대법원,2020-08-20,민사,판결,상고심,상고기각,"[1] 배당이의 소송에서 배당이의사유에 관한 증명책임의 분배 [2] 甲과 주택임대차계약을 체결하여 주택 일부를 임차한 乙이 그 주택에 관한 선행 경매절차에서 우선변제권을 행사하여 보증금 중 일부를 배당받은 뒤에도 위 주택 일부를 계속 점유하면서 다시 임대인 명의를 위 주택이 선행 경매로 매각된 후 이를 전전매수하여 소유권이전등기를 마친 丙으로 하여 그를 대리하는 甲과 위 주택 일부에 관한 새로운 임대차계약서를 작성하였는데, 乙이 새로운 임대차계약에 기해 주택임대차보호법에서 정한 최우선변제권 내지 우선변제권을 가지는지 문제 된 사안에서, 제반 사정에 비추어 새로운 임대...","상고이유를 판단한다. 1. 원고의 상고이유에 대하여 원심은 그 판시와 같은 이유로 피고 2가 가장임차인이라는 원고의 주장을 배척하였다. 원심판결 이유를 관련 법리와 기록에 비추어 살펴보면, 원심의 판단에 상고이유 주장과 같이 필요한 심리를 다하지 아니한 채 논리와 경험의 법칙을 위반하여 자유심증주의의 한계를 벗어나거나 판단을 누락하는 등의 잘못이 없다. 원심이 원고의 배당액을 원금 3,000만 원으로 한정한 데에는 법리오해 및 이유불비의 잘못이 있다는 상고이유의 주장은 피고 2에 대하여만 상고를 제기한 이 사건에서 원고가 주장할 수 있는 사유가 되지 못한다. 2. 피고 1의","[1] 민사소송법 제288조 , 민사집행법 제151조 [2] 민사소송법 제288조 , 민사집행법 제91조 제3항 , 제151조 , 제268조 , 주택임대차보호법 제3조 제1항 , 제3조의2 제2항 , 제3조의5 , 제8조","[1] 대법원 1997. 11. 14. 선고 97다32178 판결 (공1997하, 3831), 대법원 2007. 7. 12. 선고 2005다39617 판결 (공2007하, 1241)","부동산, 주택, 임대차, 보증금, 임차권, 임대인, 임차인, 주택임대차, 임대차계약, 매수, 소유권이전, 등기",전문 원문: https://www.law.go.kr/LSW/precInfoP.do?precSeq=212913,civil_lease_definition,민법 제618조 임대차의 의의,civil_sale_effect|민법 제568조 매매의 효력; civil_lease_definition|민법 제618조 임대차의 의의
520,CASE_2020_00520,"2019나64103(본소), 2020나62332(반소)",소유권이전등기ㆍ건물인도,서울남부지방법원,2020-12-24,민사,판결,2심,일부인용,"선고 2018가단230889 판결 【변론종결】 2020. 10. 22. 【주 문】 1. 원고(반소피고)의 항소와 이 법원에서 추가한 제1예비적 본소청구를 모두 기각한다. 2. 원고(반소피고)가 이 법원에서 추가한 제2예비적 본소청구에 따라, 피고는 원고(반소피고)에게 288,185,722원 및 그 중 149,605,000원에 대하여는 2014. 6. 30.부터, 그 중 138,580,722원에 대하여는 2016. 11. 2.부터 각 2020. 12. 24.까지는 연 5%, 그 다음날부터 다 갚는 날까지는 연 12%의 비율로 계산한 돈을 지급하라. 3. 원고(반소피고","기초사실 이 법원이 이 부분에 적을 이유는 제1심판결문 3면 3행 ‘시행되었고’를 ‘시행되어 2014. 5. 19. 멸실되었고,‘로 고치고, 3면 4행 ‘신축될 아파트’ 다음에 ‘(안양시 (주소 생략)외 1필지 ○○○○○○○○○○)’를 추가하는 외에는 제1심판결 이유 해당 부분 기재와 같으므로 민사소송법 제420조 본문에 의하여 이를 그대로 인용한다. 2. 본소에 관한 판단 가. 원고의 청구원인 주위적으로, 원고는 피고로부터 이 사건 아파트를 양도받고 그 대가로 피고에게 30,000,000원을 지급하기로 합의하였는데(이하 ‘이 사건 합의’라고 한다), 피고는 위 합의를 위반하고 피고(반소원고) 1 등과 공모하여 피고(반소원고) 1 등에게",원문 참조,없음,"부동산, 주택, 아파트, 건물, 매매, 매수, 매도, 매매계약, 계약금, 중도금, 잔금, 소유권이전",전문 원문: https://www.law.go.kr/LSW/precInfoP.do?precSeq=217511,civil_sale_effect,민법 제568조 매매의 효력,civil_sale_effect|민법 제568조 매매의 효력; civil_lease_definition|민법 제618조 임대차의 의의
521,CASE_2019_00521,2018가합546745,계약금반환,서울중앙지방법원,2019-08-29,민사,판결,1심,청구기각,"인) 【피 고】 주식회사 하나자산신탁 (소송대리인 법무법인 위너스 담당변호사 손교명 외 1인) 【변론종결】 2019. 6. 20. 【주 문】 1. 원고의 청구를 기각한다. 2. 소송비용은 원고가 부담한다. 【청구취지】 원고는 피고에게 4,800,100,000원 및 이에 대하여 2017. 4. 12.부터 이 사건 소장 부본송달일까지 연 6%의, 그 다음날부터 다 갚는 날까지 연 15%의 각 비율로 계산한 돈을 지급하라. 【이 유】 1. 기초사실 가. 당사자의 지위 원고는 부동산 매매 및 임대업, 부동산 개발업 및 컨설팅업 등을 영위하는 회사이고, 피고는 신탁업법에 의하","1. 기초사실 가. 당사자의 지위 원고는 부동산 매매 및 임대업, 부동산 개발업 및 컨설팅업 등을 영위하는 회사이고, 피고는 신탁업법에 의하여 토지와 그 정착물의 신탁 및 이와 관련된 업무를 영위하는 회사이다. 나. 매매계약의 체결 및 계약금의 지급 등 원고는 2017. 3.경 피고가 진행한 별지 목록 기재 각 부동산(이하 ‘이 사건 부동산’이라 한다)에 관한 공매(이하 ‘이 사건 공매’라 한다)에 입찰하여 2017. 4. 12. 이 사건 부동산을 낙찰받은 후, 같은 날 피고와 사이에 이 사건 부동산에 관하여 매매대금을 48,",원문 참조,없음,"부동산, 토지, 건물, 보증금, 매매, 매수, 매매계약, 매매대금, 계약금, 잔금, 등기, 가등기",전문 원문: https://www.law.go.kr/LSW/precInfoP.do?precSeq=214771,civil_lease_definition,민법 제618조 임대차의 의의,civil_sale_effect|민법 제568조 매매의 효력; civil_lease_definition|민법 제618조 임대차의 의의
522,CASE_2013_00522,2010다33422,토지거래계약허가절차이행,대법원,2013-05-24,민사,판결,상고심,파기,[1] 채권자대위권의 행사요건으로서 채권보전의 필요성의 의미 및 채권자대위권의 행사가 채무자의 자유로운 재산관리행위에 대한 부당한 간섭이 되는 경우 보전의 필요성 인정 여부 (소극) [2] 국토의 계획 및 이용에 관한 법률상 토지거래허가구역에 있는 토지의 매수인이 토지거래허가 신청절차의 협력의무 이행청구권을 보전하기 위하여 매도인의 권리를 대위하여 행사할 수 있는지 여부 (적극) 및 이 경우 채권보전의 필요성을 판단하는 방법,"10. 선고 2006다82700, 82717 판결 등 참조). 한편 국토의 계획 및 이용에 관한 법률(이하 ‘국토계획법’이라 한다)상의 허가구역에 있는 토지의 매매 등 거래계약이 토지거래허가를 전제로 체결된 경우에는 유동적 무효의 상태에 있고 거래계약의 채권적 효력도 발생하지 않으므로 권리의 이전 또는 설정에 관한 어떠한 내용의 이행청구도 할 수 없지만, 그 계약을 체결한 당사자 사이에서는 그 계약이 효력 있는 것으로 완성될 수 있도록 서로 협력할 의무가 있으므로, 그 계약의 쌍방 당사자는 공동으로 관할 관청에 허가를 신청할 의무가 있다 ( 대법원 1993. 1. 12. 선고 92다36830 판결 참조). 그 결과 경우에 따라서는 매수","[1] 민법 제404조 [2] 민법 제404조 , 국토의 계획 및 이용에 관한 법률 제118조 제1항 , 제6항","[1][2] 대법원 2013. 5. 23. 선고 2010다50014 판결 (공2013하, 1098) / [1] 대법원 2001. 5. 8. 선고 99다38699 판결 (공2001하, 1323), 대법원 2007. 5. 10. 선고 2006다82700, 82717 판결 (공2007상, 857) / [2] 대법원 1993. 1. 12. 선고 92다36830 판결 (공1993상, 691), 대법원 1993. 3. 9. 선고 92다56575 판결 (공1993상, 1159), 대법원 1996. 10. 25...","부동산, 주택, 토지, 매매, 매수, 매도, 매매계약, 계약금, 소유권이전, 토지거래허가, 기각, 파기",전문 원문: https://www.law.go.kr/LSW/precInfoP.do?precSeq=171920,civil_sale_effect,민법 제568조 매매의 효력,civil_sale_effect|민법 제568조 매매의 효력
523,CASE_1989_00523,87도690,"공갈,공갈미수",대법원,1989-02-28,형사,판결,상고심,파기환송,민사소송의 제기나 그 소송의 유지가 공갈행위에 해당될 수 있는지 여부,"처분권주의, 변론주의의 원리를 채택하고 있는 민사소송에 있어 부당한 제소나 그 소송의 유지가 있다 하더라도 상대방은 이에 응소하여 방어권을 충분히 행사할 수 있는 것이고 소의 취하는 상대방이 이를 강제할 수 없는 것이므로, 토지매도인이 그 매매대금을 지급받기 위하여 매수인을 상대로 하여 당해토지에 관한 소유권이전등기말소청구소송을 제기하고 위 대금을 변제받지 못하면 위 소송을 취하하지 아니하고 예고등기도 말소하지 않겠다는 취지를 알렸다고 하여 이를 지목하여 공갈행위라고 단정할 수는 없다.",형법 제350조,없음,"부동산, 토지, 건물, 매매, 매수, 매도, 매매계약, 매매대금, 소유권이전, 등기, 가등기, 담보",전문 원문: https://www.law.go.kr/LSW/precInfoP.do?precSeq=104924,civil_sale_effect,민법 제568조 매매의 효력,civil_sale_effect|민법 제568조 매매의 효력
524,CASE_2000_00524,99가합11831,손해배상(기),서울지법 남부지원,2000-02-11,민사,판결,1심,일부인용,"부동산중개업자가 의뢰인에게 선순위의 확정일자를 갖춘 선순위 임차인의 존재를 확인·설명하지 아니한 채 전세권만 설정하면 임차보증금을 확보할 수 있다고 잘못 설명을 하여 이를 믿고 의뢰인이 임대차계약을 체결하였으나 해당 주택의 경매시 임차보증금을 전혀 배당받지 못한 경우, 부동산중개업자에게 중개대상물의 확인, 설명의무 위반으로 인한 손해배상책임이 있다고 한 사례","부동산중개업자가 의뢰인에게 선순위의 확정일자를 갖춘 선순위 임차인의 존재를 확인·설명하지 아니한 채 전세권만 설정하면 임차보증금을 확보할 수 있다고 잘못 설명을 하여 이를 믿고 의뢰인이 임대차계약을 체결하였으나 해당 주택의 경매시 임차보증금을 전혀 배당받지 못한 경우, 부동산중개업자에게 중개대상물의 확인, 설명의무 위반으로 인한 손해배상책임이 있다고 한 사례.","[1] 부동산중개업법 제17조 제1항 , 제19조 부동산중개업법시행령 제22조 제1항 제2호",없음,"부동산, 주택, 토지, 건물, 다가구, 중개대상물, 임대차, 전세, 보증금, 전세금, 임차권, 임차인",전문 원문: https://www.law.go.kr/LSW/precInfoP.do?precSeq=71216,realtor_prohibited_acts,공인중개사법 제33조 금지행위,civil_nonperformance_damages|민법 제390조 채무불이행 손해배상; civil_lease_definition|민법 제618조 임대차의 의의; realtor_prohibited_acts|공인중개사법 제33조 금지행위
525,CASE_2004_00525,2003나74618,지분소유권이전등기절차이행,서울고등법원,2004-12-14,민사,판결,2심,항소기각,"제1심판결】 서울동부지방법원 2003. 10. 10. 선고 2001가합10692 판결 【변론종결】 2004. 10. 12. 【주 문】 1. 원고들의 항소를 모두 기각한다. 2. 당심에서 추가된 제3차 예비적 청구 중 원고의 피고 2에 대한 말소등기절차이행청구 부분의 소를 각하하고, 원고의 나머지 피고들에 대한 청구 및 피고 2에 대한 나머지 청구를 모두 기각한다. 3. 항소비용은 원고들의 부담으로 한다. 【청구취지 및 항소취지】 제1심 판결을 취소한다. 1. 주위적으로, 가. 피고 2, 3, 4는 피고 1에게 별지 1 목록 기재 각 부동산 중각 11분의 2지분에 관하","서 이 사건 각 부동산을 불하받을 권리를 가지고 있던 소외 2로부터 1978. 1. 28. 각 1/3씩 비용을 분담하여 합계 1,600만원에 그 권리를 공동으로 매수하면서 매수인은 원고 1의 단독 명의로 하였고, 소외 2는 이 사건 각 부동산을 불하받으면 원고들 및 피고 1에게 이 사건 각 부동산의 소유권을 이전해주기로 약정하였다. 나. 원고들과 피고 1은 이 사건 각 부동산에 관한 불하권을 매수한 이후에도 이 사건 각 부동산에 상주하여 관리해 줄 적당한 사람을 찾지 못하여 소외 2로 하여금 이 사건 각 부동산을 계속 관리하도록 하였는데, 그 후 피고 1의 제의에 따라 소외 2 대신 피고 1의 제부(여동생의 남편)인 소외 1에게 이 사건",원문 참조,없음,"부동산, 주택, 토지, 임야, 건물, 매수, 매도, 소유권이전, 등기, 담보, 명의신탁, 고소",전문 원문: https://www.law.go.kr/LSW/precInfoP.do?precSeq=78292,civil_sale_effect,민법 제568조 매매의 효력,civil_sale_effect|민법 제568조 매매의 효력
526,CASE_2011_00526,2011다5134,공제금,대법원,2011-12-27,민사,판결,상고심,파기환송,"[1] 계약문서에 나타난 당사자의 의사해석이 문제되는 경우, 법률행위의 해석 방법 [2] 공인중개사 甲이 乙에게 빌라를 매수하면 특별분양권을 공급받을 수 있고 이주보상금도 받을 수 있다고 거짓말하여, 이에 속은 乙이 빌라를 매수한 사안에서, 매매 경위, 매매계약서와 약정서의 기재 내용 등 제반 사정에 비추어, 甲이 중개한 매매계약의 목적물은 형식상으로나 실질적으로나 빌라이고 특별분양권을 별개의 객체로 삼아 매매계약이 체결되었다고 볼 수 없음에도, 이와 달리 보아 甲이 乙을 기망하였더라도 그로 인해 乙이 입은 손해가 ‘공인중개사의 업무 및 부동산거래 신고에 관한 법률’...","상고이유를 판단한다. 원심판결 이유에 의하면, 원심은 그 채용 증거들을 종합하여, 공인중개사 소외 1은 이 사건 빌라 부지가 구립어린이집 또는 청소년 수련원 부지로 수용되어 위 빌라 소유자에게 서울SH공사가 시공하는 아파트의 특별분양권이 공급될 것이라는 소문이 사실인지에 대하여 알아보지 않은 채, 위 소문을 이용하여 이 사건 빌라를 시가보다 비싸게 매도한 후 차액을 나누어 가지기로 소외 2 등과 공모하여, 2007. 6.경 원고에게 ""이 사건 빌라 제2층 1호를 매수하면 2008. 10. 30.까지 서울SH공사가 시공하는 아파트 32평형의 특별분양권(이하 ‘이","[1] 민법 제105조 [2] 민법 제105조 , 공인중개사의 업무 및 부동산거래 신고에 관한 법률 제2조 제1호 , 제3조 , 제30조 제1항 , 제42조 제1항",[1] 대법원 2008. 3. 13. 선고 2007다76603 판결,"부동산, 아파트, 건물, 빌라, 임대차, 보증금, 임차인, 매매, 매수, 매도, 매매계약, 매매대금",전문 원문: https://www.law.go.kr/LSW/precInfoP.do?precSeq=164536,realtor_prohibited_acts,공인중개사법 제33조 금지행위,civil_fraud_duress|민법 제110조 사기·강박에 의한 의사표시; civil_nonperformance_damages|민법 제390조 채무불이행 손해배상; civil_sale_effect|민법 제568조 매매의 효력; civil_lease_definition|민법 제618조 임대차의 의의; realtor_prohibited_acts|공인중개사법 제33조 금지행위
527,CASE_2018_00527,2014가합1494,매매대금,전주지방법원 군산지원,2018-02-09,민사,판결,1심,일부인용,"2. 9.까지 연 6%의, 그 다음날부터 다 갚는 날까지 연 15%의 각 비율로 계산한 돈을 지급하라. 2. 원고들의 주위적 청구 및 나머지 예비적 청구를 각 기각한다. 3. 소송비용 중 70%는 원고들이, 30%는 피고들이 각 부담한다. 4. 제1항은 가집행할 수 있다. 【청 구 취 지】 [주위적 청구취지] 피고들은 원고들에게 별지 1. 목록 기재 각 부동산을 인도하라. 피고 더블유컨벤션웨딩 유한회사는 원고들에게 위 각 부동산에 관하여 이 법원 2013. 12. 30. 접수 제65147호로 마친 공유자전원지분이전등기의 말소등기절차를 이행하라. 피고들은 연대하여 원",", 같은 동 (지번 3 생략) 잡종지 523.3㎡(이하 위 각 부동산을 합쳐서 ‘이 사건 철도 부지’라 하고, 개별 부동산을 특정할 때에는 지번으로 특정한다)를 매매대금 16억 원에, 2011. 12. 22. 별지 1. 목록 제1항 기재 부동산(이하 ‘이 사건 건물’이라 한다)을 매매대금 10억 원에 각 매수하고, 이 사건 토지 등과 이 사건 철도 부지에 관하여 2012. 12. 20., 이 사건 건물에 관하여 2012. 1. 18. 각 1/2 지분씩을 공유하는 것으로 소유권이전등기를 마쳤다. 한편, 위 매수 당시 이 사건 토지의 면적은 원래 5,963.5㎡였는데(이하 분할 전의 이 사건 토지를 지칭할 때에는 ‘분할 전 (지번 4 생략)",원문 참조,없음,"부동산, 토지, 건물, 보증금, 매매, 매수, 매도, 매매계약, 매매대금, 소유권이전, 등기, 근저당",전문 원문: https://www.law.go.kr/LSW/precInfoP.do?precSeq=217523,civil_lease_definition,민법 제618조 임대차의 의의,civil_sale_effect|민법 제568조 매매의 효력; civil_lease_definition|민법 제618조 임대차의 의의
528,CASE_2022_00528,2021나6726,손해배상(기),전주지법,2022-04-21,민사,판결,2심,항소기각,"甲이 乙로부터 아파트에 관한 매매 중개를 위임받은 공인중개사 丙에게 매수 의사를 밝힌 다음 乙의 계좌로 1,000만 원을 송금하였고, 같은 날 丙이 甲에게 계약이행에 관한 내용 등을 문자메시지로 보냈는데, 이후 乙로부터 매매계약 체결 의사가 없음을 전달받은 丙이 甲에게 계약을 해지한다는 문자메시지를 보내는 한편, 乙이 甲의 계좌로 다시 위 1,000만 원을 송금하자, 甲이 乙을 상대로 위 아파트에 관한 매매계약을 乙이 일방적으로 파기하였으므로 계약금의 배액을 해약금 또는 위약금으로 지급하여야 한다고 주장하며 손해배상을 구한 사안에서, 제반 사정을 종합하면 甲과 乙 사...","甲이 乙로부터 아파트에 관한 매매 중개를 위임받은 공인중개사 丙에게 매수 의사를 밝힌 다음 乙의 계좌로 1,000만 원을 송금하였고, 같은 날 丙이 甲에게 계약이행에 관한 내용 등을 문자메시지로 보냈는데, 이후 乙로부터 매매계약 체결 의사가 없음을 전달받은 丙이 甲에게 계약을 해지한다는 문자메시지를 보내는 한편, 乙이 甲의 계좌로 다시 위 1,000만 원을 송금하자, 甲이 乙을 상대로 위 아파트에 관한 매매계약을 乙이 일방적으로 파기하였으므로 계약금의 배액을 해약금 또는 위약금으로 지급하여야 한다고 주장하며 손해배상을 구한 사안이다. 丙이 甲에게 보낸 문자메시지에는 위 1,000만 원이 가계약금으로 명시되어 있는 점, 丙은 매매 중개를 위임받았을 뿐이고, 그 매매계약 체결...","민법 제105조 , 제398조 제4항 , 제565조",없음,"부동산, 아파트, 매매, 매수, 매도, 매매계약, 매매대금, 계약금, 중도금, 잔금, 공인중개, 공인중개사협회",전문 원문: https://www.law.go.kr/LSW/precInfoP.do?precSeq=228365,realtor_prohibited_acts,공인중개사법 제33조 금지행위,civil_nonperformance_damages|민법 제390조 채무불이행 손해배상; civil_sale_effect|민법 제568조 매매의 효력; realtor_prohibited_acts|공인중개사법 제33조 금지행위
529,CASE_1963_00529,62다887,매매계약확인등,대법원,1963-02-14,민사,판결,상고심,상고기각,주식만이 정부에 귀속되는 국내법인에 대하여 재무부장관이 그 관리인을 임명한 행위의 효력,주식만이 국가에 귀속되는 국내법인에 대하여 재무부장관이 그 회사의 관리인을 임명한 행위는 당연무효이다.,원문 참조,없음,"부동산, 임대차, 임대차계약, 매매, 매매계약, 고소, 기각, 취소, 무효, 무권대리",전문 원문: https://www.law.go.kr/LSW/precInfoP.do?precSeq=208648,civil_lease_definition,민법 제618조 임대차의 의의,civil_sale_effect|민법 제568조 매매의 효력; civil_lease_definition|민법 제618조 임대차의 의의
530,CASE_2017_00530,2016가단514998,계약금반환등,수원지방법원,2017-05-11,민사,판결,1심,원고승소,"3. 제1항은 가집행할 수 있다. 【청 구 취 지】 주문과 같다. 【이 유】 1. 기초사실 가. 원고는 2016. 3. 25. 피고로부터 다음과 같은 내용으로 오피스텔을 임차하는 계약을 체결하고(이하 ‘이 사건 임대차계약’이라 한다), 같은 날 계약금 2,000만 원을 지급하였다. 부동산의 표시 : 수원시 (주소 생략)외 3필지 (오피스텔명 생략) 제○○○동 제△△△△호 105.96㎡(이하 ‘이 사건 오피스텔’이라 한다)제2조 (존속기간) 임대인은 위 부동산을 임대차 목적대로 사용 수익할 수 있는 상태로 하여 2016. 4. 22.까지 임차인에게 인도하며, 임대차기","1. 기초사실 가. 원고는 2016. 3. 25. 피고로부터 다음과 같은 내용으로 오피스텔을 임차하는 계약을 체결하고(이하 ‘이 사건 임대차계약’이라 한다), 같은 날 계약금 2,000만 원을 지급하였다. 부동산의 표시 : 수원시 (주소 생략)외 3필지 (오피스텔명 생략) 제○○○동 제△△△△호 105.96㎡(이하 ‘이 사건 오피스텔’이라 한다)제2조 (존속기간) 임대인은 위 부동산을 임대차 목적대로 사용 수익할 수 있는 상태로 하여 2016. 4. 22.까지 임차인에게 인도하며, 임대차기간은 인도일로부터 24개월인 2018. 4. 21.까지로 한다.제7조 (",원문 참조,없음,"부동산, 오피스텔, 임대차, 임대인, 임차인, 임대차계약, 계약금, 잔금, 공인중개, 손해배상, 반환, 해제",전문 원문: https://www.law.go.kr/LSW/precInfoP.do?precSeq=217531,realtor_prohibited_acts,공인중개사법 제33조 금지행위,civil_nonperformance_damages|민법 제390조 채무불이행 손해배상; civil_sale_effect|민법 제568조 매매의 효력; civil_lease_definition|민법 제618조 임대차의 의의; realtor_prohibited_acts|공인중개사법 제33조 금지행위
531,CASE_2019_00531,2018다291347,장비임대료청구등,대법원,2019-04-11,민사,판결,상고심,상고기각,"[1] 임차인이 임대차계약관계가 소멸한 이후에도 목적물을 계속 점유하였으나 본래 계약상의 목적에 따라 사용·수익하지 않아 이익을 얻지 않은 경우, 임차인의 부당이득반환의무가 성립하는지 여부 (소극) [2] 임대차가 종료하고 임차인이 반환할 임대차 목적물이 훼손되었음을 이유로 임대인이 임차인의 목적물 반환의무 불이행에 따른 손해배상을 구하는 경우, 임차인은 불이행이 자기가 책임질 수 없는 사유로 인한 것이라는 증명을 다하지 못하면 목적물 반환의무의 불이행으로 인한 손해를 배상할 책임을 지는지 여부 (적극) / 임대차계약 존속 중에 발생한 훼손이 임대인이 지배·관리하는...","[1] 민법 제741조 는 “법률상 원인 없이 타인의 재산 또는 노무로 인하여 이익을 얻고 이로 인하여 타인에게 손해를 가한 자는 그 이익을 반환하여야 한다.”라고 정하고 있다. 임차인이 임대차계약관계가 소멸한 다음에도 임대차 목적물을 계속 점유하기는 하였지만 이를 본래의 임대차계약상 목적에 따라 사용·수익하지 않아 이익을 얻은 적이 없는 경우에는 그로 말미암아 임대인에게 손해가 발생하였더라도 임차인의 부당이득반환의무는 성립하지 않는다. [2] 임차인은 선량한 관리자의 주의를 다하여 임대차 목적물을 보존하고, 임대차가 종료하면 임대차 목적물을 원상에 회복하여 반환할 의무를 부담한다( 민법 제374조 , 제654조 , 제615조 참조). 채무자가 채무의 내용에 따른 이행을...","[1] 민법 제618조 , 제741조 [2] 민법 제374조 , 제390조 , 제615조 , 제618조 , 제623조 , 제654조 , 민사소송법 제288조 [3] 민법 제374조 , 제390조 , 제615조 , 제618조 , 제623조 , 제654조 , 민사소송법 제288조","[2] 대법원 2010. 4. 29. 선고 2009다96984 판결 (공2010상, 995), 대법원 2017. 5. 18. 선고 2012다86895, 86901 전원합의체 판결(공2017상, 1268)","임대차, 임대인, 임차인, 임대차계약, 손해배상, 기각, 파기, 반환, 부당이득",전문 원문: https://www.law.go.kr/LSW/precInfoP.do?precSeq=207102,civil_lease_definition,민법 제618조 임대차의 의의,civil_nonperformance_damages|민법 제390조 채무불이행 손해배상; civil_lease_definition|민법 제618조 임대차의 의의
532,CASE_1985_00532,84도1750,부동산소유권이전등기등에관한특별조치법위반·공정증서원본불실기재·공정증서원본불실기재행사·사기·업무방해,대법원,1985-03-12,형사,판결,상고심,상고기각,"허위의 보증서와 확인서를 발급받아 부동산소유권이전등기등에관한특별조치법 절차에 따라 등기를 마친 경우, 그것이 실체관계에 부합하더라도 위 특별조치법 제13조 제1항 위반에 해당하는지 여부 (적극)","허위의 보증서와 확인서를 발급받아 부동산소유권이전등기등에 관한 특별조치법 소정의 절차에 따라 소유권이전등기를 마친 경우, 등기부상의 소유권이전등기가 실체관계에 부합하여 그 등기자체는 유효하다고 할지라도 허위의 보증서를 작성하게 하여 허위의 확인서를 발급받고 또 동 문서를 행사한 소위가 위 특별조치법 제13조 제1항 제1호 및 제3호 , 제4호 에 해당함에는 아무런 소장이 없다.","부동산소유권이전등기등에 관한 특별조치법 제13조 제1항 제1호 , 제3호 , 제4호",대법원 1983.8.23. 선고 82도3137 판결,"부동산, 토지, 임야, 농지, 매수, 소유권이전, 등기, 공정증서원본불실기재, 사기, 허위, 기각, 불실기재",전문 원문: https://www.law.go.kr/LSW/precInfoP.do?precSeq=100230,criminal_fraud,형법 제347조 사기죄,criminal_fraud|형법 제347조 사기죄; civil_sale_effect|민법 제568조 매매의 효력
533,CASE_1987_00533,84도2639,"사기,위조사문서행사,공정증서원본불실기재,위증등",대법원,1987-09-08,형사,판결,상고심,상고기각,소송사실에 부합하는 증거를 배척함으로써 경험칙에 어긋나는 판단을 하는 등 채증법칙을 위배한 위법이 있다하여 원심판결을 파기한 사례,소송사실에 부합하는 증거를 배척함으로써 경험칙에 어긋나는 판단을 하는 등 채증법칙을 위배한 위법이 있다하여 원심판결을 파기한 사례,형사소송법 제308조,없음,"부동산, 토지, 매매, 매수, 매매계약, 소유권이전, 등기, 인감증명, 공정증서원본불실기재, 사기, 기망, 편취",전문 원문: https://www.law.go.kr/LSW/precInfoP.do?precSeq=103573,criminal_fraud,형법 제347조 사기죄,criminal_fraud|형법 제347조 사기죄; civil_fraud_duress|민법 제110조 사기·강박에 의한 의사표시; civil_sale_effect|민법 제568조 매매의 효력
534,CASE_2017_00534,2013다55447,분양대금반환,대법원,2017-07-11,민사,판결,상고심,상고기각,"[1] 계약의 일방당사자가 계약상대방의 지시 등으로 급부과정을 단축하여 계약상대방과 또 다른 계약관계를 맺고 있는 제3자에게 직접 급부한 경우, 제3자를 상대로 부당이득반환청구를 할 수 있는지 여부 (소극) [2] 甲 주식회사가 乙 등과 상가 분양계약을 체결할 당시 丙 주식회사와 체결한 분양관리신탁계약 및 대리사무계약에 따라 분양대금채권을 丙 회사에 양도하였고, 乙 등이 이를 승낙하여 분양대금을 전부 丙 회사의 계좌로 납입하였는데, 그 후 乙 등이 甲 회사와 丙 회사를 상대로 분양계약 해제로 인한 원상회복 또는 분양계약 취소로 인한 부당이득반환으로 乙 등이 납부한 분...","[1] 계약의 일방당사자가 계약상대방의 지시 등으로 급부과정을 단축하여 계약상대방과 또 다른 계약관계를 맺고 있는 제3자에게 직접 급부한 경우(이른바 삼각관계에서의 급부가 이루어진 경우), 그 급부로써 급부를 한 계약당사자의 상대방에 대한 급부가 이루어질 뿐 아니라 상대방의 제3자에 대한 급부도 이루어지는 것이므로 계약의 일방당사자는 제3자를 상대로 하여 법률상 원인 없이 급부를 수령하였다는 이유로 부당이득반환청구를 할 수 없다. 이러한 경우에 계약의 일방당사자가 계약상대방에 대하여 급부를 한 원인관계인 법률관계에 무효 등의 흠이 있거나 계약이 해제되었다는 이유로 제3자를 상대로 하여 직접 부당이득반환청구를 할 수 있다고 보면 자기 책임 아래 체결된 계약에 따른 위험부담을...","[1] 민법 제741조 [2] 민법 제548조 , 제741조","[1] 대법원 2003. 12. 26. 선고 2001다46730 판결 (공2004상, 207), 대법원 2008. 9. 11. 선고 2006다46278 판결 (공2008하, 1330), 대법원 2015. 4. 23. 선고 2014다77956 판결","부동산, 상가, 대금반환, 분양, 분양대금, 분양계약, 경매, 사기, 손해배상, 불법행위, 기각, 청구기각",전문 원문: https://www.law.go.kr/LSW/precInfoP.do?precSeq=185365,civil_fraud_duress,민법 제110조 사기·강박에 의한 의사표시,civil_fraud_duress|민법 제110조 사기·강박에 의한 의사표시; civil_nonperformance_damages|민법 제390조 채무불이행 손해배상; civil_sale_effect|민법 제568조 매매의 효력
535,CASE_2020_00535,2020가합50144,배당이의,대구지방법원 서부지원,2020-11-26,민사,판결,1심,1. 대구지방법원 서부지원 2018타경34527 부동산임의경매 사건에 관하여 같은 법원이 2020. 1. 14. 작성한 배당표...,"리인 법무법인 (유한)한결 담당변호사 조범석 외 1인) 【변론종결】 2020. 10. 15. 【주 문】 1. 대구지방법원 서부지원 2018타경34527 부동산임의경매 사건에 관하여 같은 법원이 2020. 1. 14. 작성한 배당표 중 피고에 대한 배당액 5,940,727,494원을 5,498,449,893원으로, 원고에 대한 배당액 1,357,722,399원을 1,800,000,000원으로 각 경정한다. 2. 소송비용은 피고가 부담한다. 【청구취지】 주문과 같다. 【이 유】 1. 기초사실 가. 주식회사 티피에스(이하 ‘소외회사’라 한다) 소유인 별지 목록 제1항 기재","별지 목록 제1항 기재 토지(이하 ‘이 사건 토지’라 한다) 및 제2항 기재 건물(이하 ‘이 사건 건물’이라 한다)에는 아래와 같이 채무자를 소외회사로 한 각 근저당권설정등기가 경료되어 있었다(이하 각 근저당권을 지칭할 때 아래 표 ‘비고’란 기재에 따라 ‘○근저당권’이라 한다). 구분근저당권 설정 현황순위번호설정일근저당권자채권최고액(원)비고이 사건 토지12013. 7. 5.중소기업은행(이하 ‘소외은행’이라 한다)4,332,000,000㉠22014. 4. 30.원고1,800,000,000㉡32015. 11. 12.중소기업은행2,640,000,000㉢42015. 12. 31.중소기업은행1,000,000,000㉣이 사건 건물12015. 1",원문 참조,없음,"부동산, 토지, 건물, 소유권보존, 등기, 근저당, 저당권, 담보, 경매, 배당, 배당이의, 배임",전문 원문: https://www.law.go.kr/LSW/precInfoP.do?precSeq=226615,civil_lease_definition,민법 제618조 임대차의 의의,civil_lease_definition|민법 제618조 임대차의 의의
536,CASE_2024_00536,2024다214396,소유권이전등기말소등기청구의소[「민간임대주택에 관한 특별법」 부칙(2015. 8. 28.) 제6조의 경과규정에 대한 해석이 문제된 사건],대법원,2024-07-11,민사,판결,상고심,파기환송,"[1] 민간임대주택에 관한 특별법 부칙(2015. 8. 28.) 제6조 제1항 에서 정한 ‘공공주택 특별법에 따른 공공주택사업자에 해당하는 자’의 의미 [2] 甲 지방공사가 공공사업으로 조성된 택지에 구 주택법 제16조 에 따라 사업계획승인을 받아 임대주택을 건설한 후 임대의무기간을 10년으로 하는 외국인 전용 임대주택으로 공급하였는데, 임대의무기간 중에 甲 공사가 乙 주식회사와 임대차에 관한 권리·의무의 포괄승계를 조건으로 하는 임대주택 매매계약을 체결한 사안에서, 甲 공사가 위 임대주택에 관하여 ‘공공주택사업의 시행자’ 등으로 지정을 받은 적이 없으므로 위 임대주...",[1] (가) 민간임대주택에 관한 특별법(이하 ‘민간임대주택법’이라고 한다) 부칙(2015. 8. 28.) 제6조 제1항 (이하 ‘ 부칙 조항 제1항 ’이라고 한다)은 2015. 8. 28. 법률 제13499호로 전부 개정된 민간임대주택법 시행일인 2015. 12. 29. 당시 공공주택 특별법(이하 ‘공공주택특별법’이라고 한다)에 따른 ‘공공주택사업자’에 해당하는 자가 건설하였거나 건설하고 있는 주택에 대해서는 공공주택특별법의 규정을 적용한다고 정한다. 반면 같은 부칙 제6조 제2항(이하 ‘부칙 조항 제2항’이라고 한다) 본문 제2호 는 위 2015. 12. 29. 당시 공공주택특별법에 따른 ‘공공주택사업자가 아닌 자’가 공공사업으로 조성된 택지에 주택법 제16조 에 따라...,"[1] 민간임대주택에 관한 특별법 부칙(2015. 8. 28.) 제6조 제1항 , 제2항 제2호 , 공공주택 특별법 제2조 제1호 (가)목 , 제1호의2 , 부칙(2014. 1. 14.) 제2조 , 부칙(2015. 8. 28.) 제2조 , 구 공공주택 특별법(2021. 7. 20. 법률 제18311호로 개정되기 전의 것) 제4조 제1항 , 제2항 , 구 임대주택법(2015. 8. 28. 법률 제13499호 민간임대주택에 관한 특별법으로 전부 개정되기 전의 것) 제2조 제2호 (가)목 [현행 민간임...","[3] 대법원 2021. 9. 9. 선고 2017다48218 판결 (공2021하, 1755)","주택, 토지, 임대차, 임차인, 매매, 매수, 매도, 매매계약, 소유권이전, 분양, 등기, 무효",전문 원문: https://www.law.go.kr/LSW/precInfoP.do?precSeq=241063,civil_lease_definition,민법 제618조 임대차의 의의,civil_sale_effect|민법 제568조 매매의 효력; civil_lease_definition|민법 제618조 임대차의 의의
537,CASE_2005_00537,2005도4435,사기·사기미수·부정수표단속법위반·무고·공문서위조·위조공문서행사·사문서위조·위조사문서행사·공정증서원본불실기재·불실기재공정증서원본행사,대법원,2005-10-07,형사,판결,상고심,유죄(징역형),"[1] 부정수표단속법 제2조 제4항 의 규정 취지 및 제1심판결 선고 전에 공범에 의하여 부도수표가 회수된 경우, 공소기각의 선고를 하여야 하는지 여부 (적극) [2] 공소제기 전에 부도수표가 회수되었으므로 회수된 수표에 관한 부정수표단속법 위반의 점에 대하여 공소기각의 선고를 하여야 할 것인데도 이를 유죄로 인정한 원심판결을 파기하고 자판한 사례","[1] 부정수표단속법 제2조 제4항 의 규정 취지 및 제1심판결 선고 전에 공범에 의하여 부도수표가 회수된 경우, 공소기각의 선고를 하여야 하는지 여부 (적극) [2] 공소제기 전에 부도수표가 회수되었으므로 회수된 수표에 관한 부정수표단속법 위반의 점에 대하여 공소기각의 선고를 하여야 할 것인데도 이를 유죄로 인정한 원심판결을 파기하고 자판한 사례 【참조조문】 [1] 부정수표단속법 제2조 제4항 , 형사소송법 제327조 제2호 [2] 부정수표단속법 제2조 제4항 , 형사소송법 제327조 제2호 , 제396조 【참조판례】 [1] 대법원 1995. 2. 3. 선고 94도3122 판결(공1995상,","[1] 부정수표단속법 제2조 제4항 , 형사소송법 제327조 제2호 [2] 부정수표단속법 제2조 제4항 , 형사소송법 제327조 제2호 , 제396조","[1] 대법원 1995. 2. 3. 선고 94도3122 판결(공1995상, 1196) , 대법원 1996. 1. 26. 선고 95도1971 판결(공1996상, 839) , 대법원 1999. 5. 14. 선고 99도900 판결(공1999상, 1226)","주택, 토지, 농지, 빌라, 임대차, 전세, 보증금, 매매, 매수, 매매계약, 매매대금, 잔금",전문 원문: https://www.law.go.kr/LSW/precInfoP.do?precSeq=67752,criminal_fraud,형법 제347조 사기죄,criminal_fraud|형법 제347조 사기죄; civil_sale_effect|민법 제568조 매매의 효력; civil_lease_definition|민법 제618조 임대차의 의의
538,CASE_1982_00538,81노455,사기등피고사건,광주고법,1982-06-03,형사,판결,2심,무죄,군수에게 신청한 사문서를 소관 면장이 열람 확인하였다는 취지로 경유인을 압날했다 하여 위 문서가 공문서로 되는지 여부,분배농지등기신청서를 농지개혁사업정리에 관한 특별조치법시행령 제11조 에 의하여 소유권이전등기를 받고저 하는 자가 관할면장에게 제출하는 사인이 신청인으로 작성한 사문서로서 면장이 군수에 대하여 동 분배농지등기신청서를 첨부하여 등기신청을 함에 있어서 동 신청서를 소관면장이 열람확인하였다는 취지로 경유인을 압날했다고 하여 공 문서가 된다고는 볼 수 없다.,형법 제225조,없음,"토지, 농지, 소유권이전, 소유권보존, 등기, 공정증서원본불실기재, 사기, 기망, 편취, 허위, 위조, 무죄",전문 원문: https://www.law.go.kr/LSW/precInfoP.do?precSeq=75329,criminal_fraud,형법 제347조 사기죄,criminal_fraud|형법 제347조 사기죄; civil_fraud_duress|민법 제110조 사기·강박에 의한 의사표시
539,CASE_2023_00539,"2018다287423, 287430",건물명도(인도)·손해배상(기),대법원,2023-02-23,민사,판결,상고심,"원심판결 중 반소에 관한 원고(반소피고) 패소 부분을 파기하고, 이 부분 사건을 대구지방법원에 환송한다.","甲이 乙과 乙 소유의 부동산에 임대차계약을 체결하여 한의원을 운영하였는데, 乙이 甲에게 임대기간 만료 1년 전부터 임대차계약 갱신거절 의사를 표시하자, 甲이 신규임차인이 되려는 丙과 권리금계약을 체결한 후 乙에게 신규임차인을 주선한다는 통고서를 보냈으나 乙이 이를 거절한 사안에서, 甲과 乙의 임대차계약에 상가건물 임대차보호법 제10조의4 를 적용하여 乙에게 손해배상책임을 인정하고, 甲과 乙 사이의 원상회복약정에 관계없이 영업시설 등 유형재산을 포함하여 평가된 임대차 종료 당시의 권리금 감정평가액을 근거로 손해배상의 범위를 판단한 것은 수긍할 수 있으나, 甲이 위 부동...","한다)는 이 사건 부동산에서 한의원을 운영하는 사람으로 2014. 5. 8. 이 사건 부동산 소유자인 원고(반소피고, 이하 ‘원고’라 한다)와 기간이 24개월인 임대차계약을 체결하였다. 나. 원고가 2015. 5. 8. 무렵부터 피고에게 임대차계약 갱신거절의 의사를 표시하자 피고는 2016. 2. 26. 신규임차인이 되려는 소외인과 사이에 1억 원의 권리금계약을 체결하고 2016. 3. 12. 무렵 원고에게 신규임차인을 주선한다는 통고서를 보냈으나 원고는 소외인과 임대차계약 체결을 거절하였다. 2. 원심은 판시와 같은 이유로 원고가 정당한 사유 없이 피고의 주선으로 신규임차인이 되려는 소외인과 임대차계약의 체결을 거절함으로써 피고가 소외","상가건물 임대차보호법 제10조 , 제10조의4",없음,"부동산, 상가, 건물, 임대차, 임차인, 임대차계약, 손해배상, 파기",전문 원문: https://www.law.go.kr/LSW/precInfoP.do?precSeq=239561,civil_lease_definition,민법 제618조 임대차의 의의,civil_nonperformance_damages|민법 제390조 채무불이행 손해배상; civil_lease_definition|민법 제618조 임대차의 의의
540,CASE_2022_00540,2021가단225691,소유권이전등기,인천지방법원,2022-01-12,민사,판결,1심,청구기각,"21. 12. 8. 【주 문】 1. 피고는 원고로부터 190,000,000원을 지급받음과 동시에 원고에게 별지 목록 기재 부동산에 관하여 2021. 1. 13. 매매를 원인으로 한 소유권이전등기절차를 이행하라. 2. 원고의 나머지 청구를 기각한다. 3. 소송비용은 각자 부담한다. 【청구취지】 피고는 원고에게 별지 목록 기재 부동산에 관하여 2021. 1. 13. 매매를 원인으로 한 소유권이전등기절차를 이행하라. 【이 유】 1. 인정사실 가. 원고는 2021. 1. 7. 피고로부터 별지 목록 기재 부동산(이하 ‘이 사건 아파트’라 한다)을 1,100,000,000원에","1. 인정사실 가. 원고는 2021. 1. 7. 피고로부터 별지 목록 기재 부동산(이하 ‘이 사건 아파트’라 한다)을 1,100,000,000원에 매수하기로 하는 가계약을 체결하고, 계약금으로 피고에게 2021. 1. 7. 50,000,000원, 2021. 1. 9. 60,000,000원을 각 지급하였다. 나. 원고와 피고는 2021. 1. 13. 이 사건 아파트에 관하여 매매대금을 1,100,000,000원으로 하는 본계약(이하 ‘이 사건 매매계약’이라 한다)을 체결하였다. 이 사건 매매계약에 의하면, 원고는 이 사건 아파트의 매매대금 1,100,000,000원 중 500,",원문 참조,없음,"부동산, 주택, 아파트, 중개대상물, 임대차, 보증금, 임대인, 임차인, 월세, 주택임대차, 임대차계약, 매매",전문 원문: https://www.law.go.kr/LSW/precInfoP.do?precSeq=238367,civil_lease_definition,민법 제618조 임대차의 의의,civil_sale_effect|민법 제568조 매매의 효력; civil_lease_definition|민법 제618조 임대차의 의의
541,CASE_2019_00541,2019가합51744,조합원지위부존재 등 청구의 소,창원지방법원,2019-10-31,민사,판결,1심,청구기각,"1. 원고는 피고의 조합원이 아님을 확인한다. 2. 원고의 나머지 청구를 기각한다. 3. 소송비용 중 1/2은 원고가, 나머지는 피고가 각 부담한다. 【청 구 취 지】 주문 제1항 및 피고는 원고에게 65,570,000원을 지급하라. 【이 유】 1. 인정하는 사실 가. 피고는 창원시 (주소 생략) 토지 일원에 아파트를 신축하","1. 인정하는 사실 가. 피고는 창원시 (주소 생략) 토지 일원에 아파트를 신축하는 내용의 주택건설사업(이하 ‘이 사건 사업’이라 한다)을 추진하기 위하여 설립된 주택법상 지역주택조합이다. 피고는 2015. 11. 9. 조합설립인가를 받았고, 2016. 7. 12. 위 사업부지에 515세대 규모의 아파트(이하 ‘이 사건 아파트’라 한다)를 신축하는 내용의 사업계획승인을 받았다. 나. 원고는 피고가 조합설립인가를 받기 전인 2015. 5. 26. 창원동읍지역주택조합 추진위원회(이하 ‘추진위’라 한다)와 사이에 원고가 피고의 조합원으로 가입하여 사",원문 참조,없음,"주택, 아파트, 토지, 계약금, 중도금, 잔금, 분양, 지역주택조합, 조합원, 납입금, 분담금, 손해배상",전문 원문: https://www.law.go.kr/LSW/precInfoP.do?precSeq=214745,civil_sale_effect,민법 제568조 매매의 효력,civil_nonperformance_damages|민법 제390조 채무불이행 손해배상; civil_sale_effect|민법 제568조 매매의 효력
542,CASE_2012_00542,2011다84359,소유권이전등기,대법원,2012-11-29,민사,판결,상고심,상고기각,"[1] 임대의무기간이 지난 공공건설 임대주택을 임대사업자의 부도, 파산 등 이유로 구 임대주택법 제21조 제2항 에 따라 분양전환하는 경우, 임대사업자는 유주택자인 임차인에게도 임대주택을 우선 분양전환할 의무가 있는지 여부 (적극) [2] 파산채권에 해당하기 위한 요건 및 청구권 발생에 대한 단순한 기대권이 파산채권에 해당하는지 여부 (소극) [3] 임대주택에 관하여 분양전환 완료 시까지 소유권을 보존·관리하기 위한 목적으로 부동산관리신탁이 설정된 경우, ‘임대사업자가 임대주택을 신탁회사로부터 받환받을 권리’가 입질 대상이 될 수 있는지 여부 (원칙적 소극) 및 이러...","외한 나머지 부분[특히 원심판결 주문 제1의 나. (2)항 중 울산 북구 명촌동 진장·명촌토지구획정리사업지구 내 126블럭 1롯트 31,860㎡(이하 ‘이 사건 아파트 대지’라고 한다) 중 886.6902/31860 지분에서 이 판결 별지 원고목록 기재 원고들 해당 각 지분 합계를 제외한 나머지 지분]은 상고심인 당심의 심판대상에서 제외되었다고 할 것이다. 2. 제1점에 대하여 가. 2008. 3. 21. 법률 제8966호로 전부 개정된 임대주택법(이하 ‘법’이라 한다) 제21조 제1항 은, 임대사업자가 임대의무기간이 지난 후 주택법 제16조 에 따라 사업계획승인을 받아 건설한 주택 중 주택법 제60조 에 따라 국민주택기금의 자금을 지원","[1] 구 임대주택법(2009. 3. 25. 법률 제9541호로 개정되기 전의 것) 제21조 제1항 , 제2항 [2] 채무자 회생 및 파산에 관한 법률 제423조 [3] 구 임대주택법(2007. 7. 19. 법률 제8534호로 개정되기 전의 것) 제12조의3 (현행 제18조 참조), 구 임대주택법 시행령(2008. 6. 20. 대통령령 제20849호로 전부 개정되기 전의 것) 제9조의5 제2항 (현행 제17조 참조)",없음,"부동산, 주택, 아파트, 토지, 임대차, 보증금, 임차인, 매수, 매도, 소유권이전, 분양, 등기",전문 원문: https://www.law.go.kr/LSW/precInfoP.do?precSeq=169234,civil_lease_definition,민법 제618조 임대차의 의의,civil_sale_effect|민법 제568조 매매의 효력; civil_lease_definition|민법 제618조 임대차의 의의
544,CASE_1983_00544,83도2027,횡령·폭력행위등처벌에관한법률위반,대법원,1983-10-25,형사,판결,상고심,파기환송,명의수탁자의 부동산 임의처분을 소개 또는 양수한 자와 횡령죄의 공동정범,부동산의 등기명의 수탁자가 명의신탁자의 승락없이 이를 제3자에게 양도함으로써 횡령죄가 성립하는 경우에 그것을 양수한 사람이나 이를 중간에서 소개한 사람은 비록 그 점을 알고 있었다 하더라도 처음부터 수탁자와 짜고 불법영득할 것을 공모한 것이 아닌 한 그 횡령죄의 공동정범이 될 수 없다.,"형법 제30조 , 제355조 제1항",대법원 1971.1.26. 선고 70도2173 판결,"부동산, 상가, 토지, 매매, 매수, 매매계약, 매매대금, 계약금, 소유권이전, 등기, 담보, 명의신탁",전문 원문: https://www.law.go.kr/LSW/precInfoP.do?precSeq=98353,embezzlement_breach_of_trust,형법 제355조·제356조 횡령·배임,embezzlement_breach_of_trust|형법 제355조·제356조 횡령·배임; civil_sale_effect|민법 제568조 매매의 효력
545,CASE_2013_00545,2010다50014,토지거래계약 허가절차 이행등,대법원,2013-05-23,민사,판결,상고심,상고기각,[1] 채권자대위권의 행사요건으로서 채권보전의 필요성의 의미 및 채권자대위권의 행사가 채무자의 자유로운 재산관리행위에 대한 부당한 간섭이 되는 경우 보전의 필요성 인정 여부 (소극) [2] 국토의 계획 및 이용에 관한 법률상의 토지거래허가구역에 있는 토지의 매수인이 토지거래허가 신청절차의 협력의무 이행청구권을 보전하기 위하여 매도인의 권리를 대위하여 행사할 수 있는지 여부 (적극) 및 이 경우 채권보전의 필요성을 판단하는 방법,"[1] 민법 제404조 에서 규정하고 있는 채권자대위권은 채권자가 채무자에 대한 자기의 채권을 보전하기 위하여 필요한 경우에 채무자의 제3자에 대한 권리를 대위하여 행사할 수 있는 권리를 말하므로, 보전되는 채권에 대하여 보전의 필요성이 인정되어야 한다. 여기에서 보전의 필요성은, 채권자가 보전하려는 권리와 대위하여 행사하려는 채무자의 권리가 밀접하게 관련되어 있고, 채권자가 채무자의 권리를 대위하여 행사하지 않으면 자기 채권의 완전한 만족을 얻을 수 없게 될 위험이 있어 채무자의 권리를 대위하여 행사하는 것이 자기 채권의 현실적 이행을 유효·적절하게 확보하기 위하여 필요한 것을 말하며, 채권자대위권의 행사가 채무자의 자유로운 재산관리행위에 대한 부당한 간섭이 된다는 등의...","[1] 민법 제404조 [2] 민법 제404조 , 국토의 계획 및 이용에 관한 법률 제118조 제1항 , 제6항","[1] 대법원 2000. 6. 9. 선고 98다18155 판결 (공2000하, 1591), 대법원 2001. 5. 8. 선고 99다38699 판결 (공2001하, 1323), 대법원 2003. 4. 11. 선고 2003다1250 판결 (공2003상, 1171), 대법원 2007. 5. 10. 선고 2006다82700, 82717 판결 (공2007상, 857) / [2] 대법원 1993. 1. 12. 선고 92다36830 판결 (공1993상, 691), 대법원 1993. 3. 9. 선고 92다565...","부동산, 주택, 토지, 매매, 매수, 매도, 매매계약, 계약금, 중도금, 잔금, 토지거래허가, 기각",전문 원문: https://www.law.go.kr/LSW/precInfoP.do?precSeq=169483,civil_sale_effect,민법 제568조 매매의 효력,civil_sale_effect|민법 제568조 매매의 효력
546,CASE_2008_00546,2008고단137,사기·유가증권위조·위조유가증권행사·공정증서원본불실기재·불실기재공정증서원본행사·사문서위조·위조사문서행사·사기미수,대전지방법원 공주지원,2008-08-08,형사,판결,1심,무죄,"법인 새날로 담당변호사 윤병구 【주 문】 피고인을 징역 6월에 처한다. 다만, 이 판결 확정일부터 2년간 위 형의 집행을 유예한다. 이 사건 공소사실 중 유가증권위조, 위조유가증권행사, 공정증서원본불실기재, 불실기재공정증서원본행사, 사문서위조, 위조사문서행사, 사기미수의 각 점은 모두 무죄. 【이 유】 【범죄사실】 피고인은 공소외 8 주식회사를 운영하는 자로서, 공소외 1로부터 전세버스운송회사의 설립을 위임받아 공소외 2 주식회사(변경 전 상호 : 공소외 8 주식회사, 이하 ‘ 공소외 2 주식회사’라고만 한다)를 설립하여 2002. 8. 30. 법인설립등기와 2002","피고인은 공소외 8 주식회사를 운영하는 자로서, 공소외 1로부터 전세버스운송회사의 설립을 위임받아 공소외 2 주식회사(변경 전 상호 : 공소외 8 주식회사, 이하 ‘ 공소외 2 주식회사’라고만 한다)를 설립하여 2002. 8. 30. 법인설립등기와 2002. 9. 5. 사업자등록을 각 마친 다음 공소외 2 주식회사의 법인인감을 보관하고 있던 중, 공소외 1이 대우자동차판매 주식회사의 영업사원인 공소외 6과 공모하여 공소외 8 주식회사와 대우자동차판매 주식회사간의 2002. 5. 4.자 버스 3대의 매매계약에 따라 피고인이 운영하던 공소외 8",원문 참조,없음,"부동산, 건물, 임대차, 전세, 보증금, 임대인, 임차인, 월세, 임대차계약, 매매, 매수, 매매계약",전문 원문: https://www.law.go.kr/LSW/precInfoP.do?precSeq=147134,criminal_fraud,형법 제347조 사기죄,criminal_fraud|형법 제347조 사기죄; civil_sale_effect|민법 제568조 매매의 효력; civil_lease_definition|민법 제618조 임대차의 의의
547,CASE_2023_00547,2023다265731,소유권말소등기,대법원,2023-12-21,민사,판결,상고심,상고기각,"[1] 상속결격사유를 해석하는 방법 / 상속인 결격사유의 하나로 규정하고 있는 민법 제1004조 제5호 의 ‘상속에 관한 유언서를 은닉한 자’의 의미 및 공동상속인들 사이에 내용이 널리 알려진 유언서에 관하여 피상속인의 사망 후 일정한 기간이 경과한 시점에서 비로소 그 존재를 주장하는 등의 사정만으로 유언서의 은닉에 해당한다고 단정할 수 있는지 여부 (소극) [2] 부부가 장기간 별거하는 등의 사유로 실질적으로 부부공동생활이 파탄되어 실체가 더 이상 존재하지 아니하게 되고 객관적으로 회복할 수 없는 정도에 이른 경우, 제3자가 부부의 일방과 성적인 행위를 하였을 때...","[1] 상속결격은 법정사유가 인정되면 상속권 박탈이라는 중대한 효과가 법률상 당연히 발생하므로 그 사유를 엄격하게 해석하여야 하고, 유추에 의하여 상속결격사유를 확장하는 것은 허용되지 않는다. 상속인 결격사유의 하나로 규정하고 있는 민법 제1004조 제5호 소정의 ‘상속에 관한 유언서를 은닉한 자’라 함은 유언서의 소재를 불명하게 하여 그 발견을 방해하는 행위를 한 자를 의미하는 것으로, 공동상속인들 사이에 그 내용이 널리 알려진 유언서에 관하여 피상속인의 사망 후 일정한 기간이 경과한 시점에서 비로소 그 존재를 주장하는 등의 사정만으로 이를 두고 유언서의 은닉에 해당한다고 단정할 수 없다. [2] 제3자가 부부의 일방과 부정행위를 함으로써 혼인의 본질에 해당하는 부부공동...","[1] 민법 제1004조 제5호 [2] 민법 제751조 , 제826조","[1] 대법원 1998. 6. 12. 선고 97다38510 판결 (공1998하, 1866) / [2] 대법원 2005. 5. 13. 선고 2004다1899 판결 (공2005상, 938), 대법원 2014. 11. 20. 선고 2011므2997 전원합의체 판결 (공2014하, 2361)","임대차, 보증금, 소유권이전, 등기, 근저당, 저당권, 담보, 불법행위, 기각, 파기, 반환, 무효",전문 원문: https://www.law.go.kr/LSW/precInfoP.do?precSeq=238897,civil_lease_definition,민법 제618조 임대차의 의의,civil_nonperformance_damages|민법 제390조 채무불이행 손해배상; civil_lease_definition|민법 제618조 임대차의 의의
548,CASE_2008_00548,2006나10263,전세권설정등기등말소,대구고등법원,2008-07-03,민사,판결,2심,"1. 제1심 판결을 취소한다. 2. 원고에게, 가. 피고 2, 3의 인수참가인은 [별지1] 목록 기재 부동산에 관하여 대구지방...","수참가인】 【제1심판결】 대구지방법원 2006. 10. 26. 선고 2005가합11149 판결 【변론종결】 2008. 6. 12. 【주 문】 1. 제1심 판결을 취소한다. 2. 원고에게, 가. 피고 2, 3의 인수참가인은 [별지1] 목록 기재 부동산에 관하여 대구지방법원 2002. 2. 8. 접수 제13056호로 마친 전세권설정등기의 말소등기절차를 이행하고, 나. 피고 예금보험공사는 [별지1] 목록 기재 부동산에 관하여 대구지방법원 2002. 2. 8. 접수 제13057호로 마친 전세권근저당권설정등기의 말소등기절차를 이행하라. 3. 소송총비용은 피고 예금보험공사 및","공사에 대한 사실조회결과에 변론 전체의 취지를 모아 보면, 이를 인정할 수 있고, 달리 반증이 없다. 가. 주식회사 대청교역(이하 ‘대청교역’이라 한다.)은 법인등기부에는 형식상으로 소외 4가 그 대표이사로 등기되어 있었지만 실질적으로는 소외 4의 남편인 소외 3이 경영하던 회사이다. 나. 소외 3은 2002. 2. 8. 대구경북섬유신용협동조합(이하, ‘섬유신협’이라 한다.)으로부터 대청교역의 직원 소외 2 명의로 1억 원, 소외 4 명의로 1억 원 합계 2억 원(이하, ‘이 사건 대출금’이라 한다.)을 대출받았다. 다. 소외 3은 이 사건 대출금 2억 원의 담보로서 섬유신협에게 대청교역의 소유인 [별지1] 기재 건물(이하, ‘이 사건",원문 참조,없음,"부동산, 건물, 임대차, 전세, 보증금, 전세금, 전세권, 매매, 매도, 매매대금, 소유권이전, 등기",전문 원문: https://www.law.go.kr/LSW/precInfoP.do?precSeq=148118,civil_lease_definition,민법 제618조 임대차의 의의,civil_sale_effect|민법 제568조 매매의 효력; civil_lease_definition|민법 제618조 임대차의 의의
549,CASE_2020_00549,2016도10654,특정경제범죄가중처벌등에관한법률위반(횡령)·특정경제범죄가중처벌등에관한법률위반(배임)·특정범죄가중처벌등에관한법률위반(조세)·업무상횡령(일부변경또는인정된죄명:업무상배임)·업무상배임·배임수재·외국환거래법위반·부동산실권리자명의등기에관한법률위반·배임증재,대법원,2020-10-15,형사,판결,상고심,상고기각,"[1] 이른바 차입매수 또는 LBO(Leveraged Buy-Out) 방식에 의한 기업인수를 주도한 관련자들에게 배임죄가 성립하는지 판단하는 기준 [2] 기업인수에 필요한 자금을 마련하기 위하여 인수자가 금융기관으로부터 대출을 받고 나중에 피인수회사의 자산을 담보로 제공하는 방식을 사용하는 경우, 인수자가 피인수회사에 아무런 반대급부를 제공하지 않고 피인수회사의 대표이사가 임의로 피인수회사의 재산을 담보로 제공하게 한 행위가 배임죄를 구성하는지 여부 (적극)","[1] 이른바 차입매수 또는 LBO(Leveraged Buy-Out의 약어이다)란 일의적인 법적 개념이 아니라 일반적으로 기업인수를 위한 자금의 상당 부분에 관하여 피인수회사의 자산을 담보로 제공하거나 그 상당 부분을 피인수회사의 자산으로 변제하기로 하여 차입한 자금으로 충당하는 방식의 기업인수 기법을 일괄하여 부르는 용어로, 거래현실에서 그 구체적인 태양은 매우 다양하다. 이러한 차입매수에 관하여는 이를 따로 규율하는 법률이 없는 이상 일률적으로 차입매수 방식에 의한 기업인수를 주도한 관련자들에게 배임죄가 성립한다거나 성립하지 아니한다고 단정할 수 없고, 배임죄의 성립 여부는 차입매수가 이루어지는 과정에서의 행위가 배임죄의 구성요건에 해당하는지에 따라 개별적으로 판단되어...","[1] 형법 제355조 제2항 , 제356조 [2] 형법 제355조 제2항 , 제356조","[1] 대법원 2010. 4. 15. 선고 2009도6634 판결 (공2010상, 946), 대법원 2011. 12. 22. 선고 2010도1544 판결, 대법원 2015. 3. 12. 선고 2012도9148 판결 / [2] 대법원 2008. 2. 28. 선고 2007도5987 판결 (공2008상, 471), 대법원 2012. 6. 14. 선고 2012도1283 판결(공2012하, 1266), 대법원 2015. 4. 23. 선고 2014도17703 판결","부동산, 주택, 매매, 매수, 매매계약, 등기, 담보, 부동산실권리자, 사기, 횡령, 배임, 기각",전문 원문: https://www.law.go.kr/LSW/precInfoP.do?precSeq=214287,aggravated_economic_crime,특정경제범죄 가중처벌 등에 관한 법률 제3조,aggravated_economic_crime|특정경제범죄 가중처벌 등에 관한 법률 제3조; embezzlement_breach_of_trust|형법 제355조·제356조 횡령·배임; civil_sale_effect|민법 제568조 매매의 효력
550,CASE_2018_00550,2015다69907,손해배상등,대법원,2018-03-15,민사,판결,상고심,"원심판결 중 본소 부분을 파기하고, 이 부분 사건을 서울고등법원에 환송한다.","[1] 민법 제256조 단서에 규정한 ‘권원’의 의미 및 권원이 없는 자가 타인의 토지 위에 나무를 심은 경우, 토지소유자에 대하여 나무의 소유권을 주장할 수 있는지 여부 (원칙적 소극) / 지상권을 설정한 토지소유자로부터 토지를 이용할 수 있는 권리를 취득하였으나 지상권이 존속하는 경우, 위 권리가 민법 제256조 단서가 정한 ‘권원’에 해당하는지 여부 (원칙적 소극) [2] 금융기관이 대출금 채권의 담보를 위하여 토지에 저당권과 함께 지료 없는 지상권을 설정하면서 채무자 등의 사용·수익권을 배제하지 않은 경우, 토지소유자가 토지를 사용·수익할 수 있는지 여부 (원...","[1] 민법 제256조 는 “부동산의 소유자는 그 부동산에 부합한 물건의 소유권을 취득한다. 그러나 타인의 권원에 의하여 부속된 것은 그러하지 아니하다.”라고 규정하고 있다. 위 조항 단서에서 말하는 ‘권원’이라 함은 지상권, 전세권, 임차권 등과 같이 타인의 부동산에 자기의 동산을 부속시켜서 부동산을 이용할 수 있는 권리를 뜻하므로, 그와 같은 권원이 없는 자가 타인의 토지 위에 나무를 심었다면 특별한 사정이 없는 한 토지소유자에 대하여 나무의 소유권을 주장할 수 없다. 지상권자는 타인의 토지에 건물 기타 공작물이나 수목을 소유하기 위하여 그 토지를 사용하는 권리가 있으므로( 민법 제279조 ), 지상권설정등기가 경료되면 토지의 사용·수익권은 지상권자에게 있고, 지상권을...","[1] 민법 제211조 , 제256조 , 제279조 [2] 민법 제211조 , 제256조 , 제279조","[1] 대법원 1974. 11. 12. 선고 74다1150 판결 (공1975, 8166), 대법원 1989. 7. 11. 선고 88다카9067 판결 (공1989, 1213) / [2] 대법원 2008. 1. 17. 선고 2006다586 판결","부동산, 토지, 건물, 전세, 임차권, 전세권, 매수, 매도, 소유권이전, 등기, 근저당, 저당권",전문 원문: https://www.law.go.kr/LSW/precInfoP.do?precSeq=194235,civil_lease_definition,민법 제618조 임대차의 의의,civil_nonperformance_damages|민법 제390조 채무불이행 손해배상; civil_sale_effect|민법 제568조 매매의 효력; civil_lease_definition|민법 제618조 임대차의 의의
551,CASE_2024_00551,"2023다316820, 316837",소유권이전등기·부당이득금,대법원,2024-07-11,민사,판결,상고심,"원심판결 중 본소 예비적 청구와 반소 청구에 관한 부분을 각 파기하고, 이 부분 사건을 대구지방법원에 환송한다.","재판상 청구로 시효를 중단시킬 수 있는 자의 범위 / 채권자가 동일한 목적을 달성하기 위하여 복수의 채권을 가지고 있는 경우, 그중 어느 하나의 청구를 한 것만으로 다른 채권에 대한 소멸시효 중단의 효력이 있는지 여부 (원칙적 소극)","상고이유를 판단한다. 1. 소멸시효 중단에 관한 제1 상고이유에 대하여 가. 이 부분에 관한 원심의 판단 1) 이 사건 아파트에 관하여 2012. 4. 23. 매수인을 피고(반소원고, 이하 ‘피고’라고 한다)로, 매도인을 원심 공동피고로 하는 매매계약서가 작성되었고, 원심 공동피고는 2012. 7. 24. 피고 앞으로 매매계약을 원인으로 한 소유권이전등기를 마쳐주었다. 2) 피고의 언니인 원고(반소피고, 이하 ‘원고’라고 한다)는 2012. 4. 23.부터 같은 해 6. 1.까지 이 사건 아파트 매매대금 9,200만 원 중 계약금, 중도금으로 합계 8,000만 원을 지출하였고, 2012. 7. 2","민법 제168조 제1호 , 제170조","대법원 2014. 6. 26. 선고 2013다45716 판결 , 대법원 2020. 3. 26. 선고 2018다221867 판결 (공2020상, 815)","부동산, 아파트, 매매, 매수, 매도, 매매계약, 매매대금, 계약금, 중도금, 잔금, 소유권이전, 등기",전문 원문: https://www.law.go.kr/LSW/precInfoP.do?precSeq=599855,civil_sale_effect,민법 제568조 매매의 효력,civil_sale_effect|민법 제568조 매매의 효력
552,CASE_1982_00552,81도2767,무고·사기미수·사문서위조,대법원,1982-03-09,형사,판결,상고심,파기환송,확인서발급 신청에 대한 이의신청과 사기죄의 실행의 착수 여부 (소극),부동산소유권이전등기등에관한특별조치법에 의거하여 임야의 사실상의 양수자가 확인서발급 신청을 하자 피고인이 위조된 계약서 사본을 첨부하여 위 임야의 소유자라고 허위 주장하여 이의신청을 한 결과 위 확인서발급신청이 기각되었다 하더라도 위 임야를 편취하려는 기망행위에 나아간 것이라고 보기 어렵다.,"형법 제347조 , 부동산소유권이전등기에관한특별조치법 제10조 , 제11조",없음,"부동산, 임야, 농지, 매수, 소유권이전, 등기, 사기, 기망, 편취, 허위, 위조, 기각",전문 원문: https://www.law.go.kr/LSW/precInfoP.do?precSeq=96422,criminal_fraud,형법 제347조 사기죄,criminal_fraud|형법 제347조 사기죄; civil_fraud_duress|민법 제110조 사기·강박에 의한 의사표시; civil_sale_effect|민법 제568조 매매의 효력
553,CASE_2017_00553,2013다8960,매매대금,대법원,2017-06-15,민사,판결,상고심,상고기각,"[1] 부당이득의 수익자가 ‘악의’라는 점에 대한 증명책임의 소재(=이를 주장하는 측) / 여기서 ‘악의’의 의미 및 부당이득반환의무의 발생요건에 해당하는 사실이 있음을 인식하는 것만으로 ‘악의의 수익자’로 볼 수 있는지 여부 (소극) [2] 처분문서에 나타난 법률행위의 해석 방법 [3] 甲 주식회사가 상가를 신축 및 증축하여 분양하는 사업을 하기 위하여 신탁회사인 乙 주식회사와 분양관리신탁계약 및 대리사무계약을 체결하고, 그 후 丙 등 수분양자들과 분양계약을 체결하면서 분양계약서에 ‘乙 주식회사가 사업부지 신탁등기 및 분양수입금 등의 자금관리를 담당하며, 그 외 매...","고이유(상고이유서 제출기간이 지난 후에 제출된 상고이유보충서 등 서면들의 기재는 상고이유를 보충하는 범위 내에서)에 대하여 가. 상고이유 제1점에 대하여 (1) 부당이득의 경우에 악의의 수익자는 그 받은 이익에 이자를 붙여 반환하고 손해가 있으면 이를 배상하여야 하는데(민법 제748조 제2항), 부당이득의 수익자가 악의라는 점에 대하여는 이를 주장하는 측에서 증명책임을 진다. 여기서 ‘악의’는, 민법 제749조 제2항에서 악의로 의제하는 경우 등은 별론으로 하고, 자신의 이익 보유가 법률상 원인 없는 것임을 인식하는 것을 말하고, 그 이익의 보유를 법률상 원인이 없는 것이 되도록 하는 사정, 즉 부당이득반환의무의 발생요건에 해당하는 사실","[1] 민법 제748조 제2항 , 제749조 [2] 민법 제105조 [3] 민법 제105조 [4] 민사소송법 제208조 , 제423조","[1] 대법원 2010. 1. 28. 선고 2009다24187, 24194 판결(공2010상, 398) / [2] 대법원 2000. 10. 6. 선고 2000다27923 판결 (공2000하, 2284), 대법원 2011. 10. 27. 선고 2011다53645, 53652 판결(공2011하, 2436) / [4] 대법원 2002. 12. 26. 선고 2002다56116 판결(공2003상, 488), 대법원 2008. 7. 10. 선고 2006재다218 판결 (공2008하, 1146), 대법원 20...","부동산, 상가, 토지, 건물, 매매, 매도, 매매대금, 대금반환, 분양, 분양대금, 분양계약, 등기",전문 원문: https://www.law.go.kr/LSW/precInfoP.do?precSeq=186352,civil_sale_effect,민법 제568조 매매의 효력,civil_sale_effect|민법 제568조 매매의 효력
554,CASE_2023_00554,2022다260586,손해배상(기),대법원,2023-02-02,민사,판결,상고심,파기,"상가건물 임대차보호법에 따른 임대인의 권리금 회수기회 방해로 인한 손해배상책임의 법적 성질(=상가건물 임대차보호법이 요건, 배상범위 및 소멸시효를 특별히 규정한 법정책임) 및 그 손해배상채무의 지체책임이 발생하는 시기(=임대차 종료일 다음 날)","상가건물 임대차보호법(이하 ‘상가임대차법’이라고 한다)이 보호하고자 하는 권리금의 회수기회란 임대차 종료 당시를 기준으로 하여 임차인이 임대차 목적물인 상가건물에서 영업을 통해 창출한 유·무형의 재산적 가치를 신규임차인으로부터 회수할 수 있는 기회를 의미한다. 이러한 권리금 회수기회를 방해한 임대인이 부담하게 되는 손해배상액은 임대차 종료 당시의 권리금을 넘지 않도록 규정되어 있는 점, 임대인에게 손해배상을 청구할 권리의 소멸시효 기산일 또한 임대차가 종료한 날인 점 등 상가임대차법 규정의 입법 취지, 보호법익, 내용이나 체계를 종합하면, 임대인의 권리금 회수기회 방해로 인한 손해배상책임은 상가임대차법이 그 요건, 배상범위 및 소멸시효를 특별히 규정한 법정책임이고, 그 손...","상가건물 임대차보호법 제10조의3 , 제10조의4 제1항 , 제3항 , 제4항 , 민법 제387조 제1항",없음,"상가, 건물, 임대차, 보증금, 임대인, 임차인, 임대차계약, 계약금, 중도금, 잔금, 손해배상, 기각",전문 원문: https://www.law.go.kr/LSW/precInfoP.do?precSeq=233883,civil_lease_definition,민법 제618조 임대차의 의의,civil_nonperformance_damages|민법 제390조 채무불이행 손해배상; civil_sale_effect|민법 제568조 매매의 효력; civil_lease_definition|민법 제618조 임대차의 의의
555,CASE_2015_00555,2014나40765,소유권이전등기말소등기등,서울고등법원,2015-07-09,민사,판결,2심,항소기각,"지방법원 여주지원 2014. 7. 24. 선고 2013가합3582 판결 【변론종결】 2015. 6. 18. 【주 문】 1. 제1심판결 중 피고 1에 대한 부분을 취소한다. 2. 원고의 피고 1에 대한 소를 각하한다. 3. 피고 2(대판 : 소외인)의 항소를 기각한다. 4. 원고와 피고 1 사이의 소송총비용은 원고가 부담하고, 원고와 피고 2 사이의 항소비용은 피고 2가 부담한다. 【청구취지 및 항소취지】 청구취지 원고에게, 피고 1은 별지 목록 기재 각 부동산에 관한 수원지방법원 이천등기소 2009. 6. 8. 접수 제26260호로 마친 소유권이전등기의 말소등기절차를","‘이 사건 토지’라 한다)와 이천시 (주소 1 생략) 토지, (주소 2 생략) 토지(이하, ‘사찰부지’라하고, 토지별로 구분하여 지칭할 때는 번지로 특정한다)를 매수하여 2001년 무렵 이 사건 토지 지상에 별지 목록 제2항 기재 건물을 신축하여 △△사(이하, ‘이 사건 사찰’이라 하고, 그 건물을 ‘이 사건 사찰건물’이라 한다)라고 이름 지었으며, 피고 2 명의로 위 각 토지에 대한 소유권이전등기와 이 사건 사찰건물에 대한 소유권보존등기를 마쳤다. 나. 피고 2는 이 사건 사찰건물을 신축하고, 이 사건 사찰을 운영하면서 많은 채무를 부담하게 되었는데, 이를 해결하기 위하여 2009. 5. 무렵 원고와 사이에 원고가 이 사건 사찰과 관련",원문 참조,없음,"부동산, 토지, 건물, 매매, 매수, 매매대금, 소유권이전, 소유권보존, 등기, 근저당, 저당권, 담보",전문 원문: https://www.law.go.kr/LSW/precInfoP.do?precSeq=207609,civil_sale_effect,민법 제568조 매매의 효력,civil_sale_effect|민법 제568조 매매의 효력
556,CASE_2021_00556,2017다230963,대지권지분이전등기등,대법원,2021-05-27,민사,판결,상고심,"원심판결 중 손해배상청구 부분을 파기하고, 이 부분 사건을 서울고등법원에 환송한다.","[1] 당사자 사이에 계약의 해석을 둘러싸고 다툼이 있어 계약 내용에 관한 서면에 나타난 당사자의 의사해석이 문제 되는 경우, 그 해석의 방법 [2] 아파트를 신축ㆍ분양하는 甲 주식회사 등이 수분양자인 乙 등에게 아파트의 전유부분에 대한 소유권이전등기는 해주었으나 대지권이전등기는 해주지 않자, 乙 등이 등기 지연에 따른 손해배상을 구한 사안에서, 분양계약의 해석상 甲 회사 등의 소유권이전등기 관련 의무는 대지권을 포함한 해당 아파트 건물 전체를 대상으로 하고, 늦어도 한국토지주택공사가 매매를 원인으로 甲 회사 등에 위 아파트 대지에 관한 소유권이전등기를 마쳐준 시점...","[1] 계약의 해석은 계약 내용을 명확하게 확정하는 것으로서 당사자 사이에 계약의 해석을 둘러싸고 다툼이 있어 계약 내용에 관한 서면에 나타난 당사자의 의사해석이 문제 되는 경우에는 문언의 내용, 약정이 이루어진 동기와 경위, 약정으로 달성하려는 목적, 당사자의 진정한 의사 등을 종합적으로 고찰하여 논리와 경험의 법칙에 따라 합리적으로 해석하여야 한다. [2] 아파트를 신축ㆍ분양하는 甲 주식회사 등이 수분양자인 乙 등에게 아파트의 전유부분에 대한 소유권이전등기는 해주었으나 대지권이전등기는 해주지 않자, 乙 등이 등기 지연에 따른 손해배상을 구한 사안에서, 분양계약의 해석상 甲 회사 등의 소유권이전등기 관련 의무는 전유부분만을 대상으로 하는 것이 아니라 대지권을 포함한 해당...","[1] 민법 제105조 [2] 민법 제105조 [3] 민법 제390조 , 제393조 , 제569조","[1] 대법원 2018. 2. 13. 선고 2017다275447 판결 (공2018상, 563) / [3] 대법원 2008. 12. 24. 선고 2006다25745 판결 (공2009상, 82)","부동산, 주택, 아파트, 토지, 건물, 대지권, 매매, 매수, 매도, 계약금, 중도금, 잔금",전문 원문: https://www.law.go.kr/LSW/precInfoP.do?precSeq=216709,civil_sale_effect,민법 제568조 매매의 효력,civil_nonperformance_damages|민법 제390조 채무불이행 손해배상; civil_sale_effect|민법 제568조 매매의 효력
557,CASE_2015_00557,2015나22024,소유권이전등기,부산고법(창원),2015-12-17,민사,판결,2심,청구기각,"공익법인인 甲 재단법인과 乙 지방자치단체가 교육관광시설 구축사업을 시행하기 위하여 체결한 업무협약에서 사업 완료 후 조성된 시설 및 건축물의 소유권을 무상으로 乙 지방자치단체에 기부채납하기로 하였는데, 甲 법인의 설립자 겸 대표자의 아들인 丙 소유의 토지 지상에 문화 및 집회시설이 건축되어 사업이 완료된 후 乙 지방자치단체가 甲 법인을 상대로 증여를 원인으로 한 부동산 소유권이전등기절차의 이행을 구한 사안에서, 甲 법인의 소유권이전등기의무는 이행불능이 되었다고 한 사례","공익법인인 甲 재단법인과 乙 지방자치단체가 교육관광시설 구축사업을 시행하기 위하여 체결한 업무협약에서 사업 완료 후 조성된 시설 및 건축물의 소유권을 무상으로 乙 지방자치단체에 기부채납하기로 하였는데, 甲 법인의 설립자 겸 대표자의 아들인 丙 소유의 토지 지상에 문화 및 집회시설이 건축되어 사업이 완료된 후 乙 지방자치단체가 甲 법인을 상대로 증여를 원인으로 한 부동산 소유권이전등기절차의 이행을 구한 사안에서, 丙이 부동산을 甲 법인에 매각하거나 기부할 의사가 없고 丙에게 매각이나 기부를 강제할 정당한 근거나 수단이 없으며, 甲 법인의 정관에 따르면 甲 법인이 기부에 의하거나 무상으로 취득한 재산은 특별히 감독청의 승인을 얻지 않는 한 기본재산이 되는데 공익법인의 기본재산...","공익법인의 설립·운영에 관한 법률 제7조 제1항 제1호 , 제11조 , 공익법인의 설립·운영에 관한 법률 시행령 제16조 , 제17조 제1항 , 공유재산 및 물품 관리법 제7조 , 민법 제390조 , 제546조 , 제554조",없음,"부동산, 토지, 건물, 매수, 소유권이전, 소유권보존, 등기, 강박, 사기, 기망, 손해배상, 기각",전문 원문: https://www.law.go.kr/LSW/precInfoP.do?precSeq=187763,civil_fraud_duress,민법 제110조 사기·강박에 의한 의사표시,civil_fraud_duress|민법 제110조 사기·강박에 의한 의사표시; civil_nonperformance_damages|민법 제390조 채무불이행 손해배상; civil_sale_effect|민법 제568조 매매의 효력
558,CASE_2019_00558,2017다15553,배당이의,대법원,2019-04-11,민사,판결,상고심,상고기각,부동문자로 인쇄된 근저당권설정계약서의 문언과 달리 담보책임의 범위를 제한하여야 하는 경우,"수 있다. 가. 피고는 2009. 3. 10. 주식회사 안성(이하 ‘안성’이라 한다)으로부터 진주시 (주소 생략)○○빌딩(이하 ‘○○빌딩’이라 한다) 101호를 임차보증금 3억 원에 임차하였다. 원고는 2009. 4. 14. 안성의 임차보증금 반환채무를 담보하기 위하여 그 소유의 부동산(이하 ‘이 사건 부동산’이라 한다)에 관하여 채무자 안성, 근저당권자 피고, 채권최고액 3억 9,000만 원으로 된 근저당권설정등기를 마쳤다(이하 ‘이 사건 제1근저당권’이라 한다). 피고는 안성을 상대로 창원지방법원 진주지원 2009차2768호와 2009차2769호로 임차보증금의 반환과 대여금 등의 지급을 구하는 지급명령을 신청하였고, 2009. 8경","민법 제105조 , 제357조 , 제360조","대법원 1990. 7. 10. 선고 89다카12152 판결 (공1990, 1684), 대법원 1994. 11. 25. 선고 94다8969 판결 (공1995상, 83)","부동산, 보증금, 임차보증금, 등기, 근저당, 저당권, 담보, 경매, 배당, 배당요구, 배당이의, 기각",전문 원문: https://www.law.go.kr/LSW/precInfoP.do?precSeq=225105,civil_lease_definition,민법 제618조 임대차의 의의,civil_lease_definition|민법 제618조 임대차의 의의
559,CASE_2016_00559,2016노744,특정경제범죄가중처벌등에관한법률위반(사기)(예비적죄명사기)·사기·사문서위조·위조사문서행사·공정증서원본불실기재·불실기재공정증서원본행사·횡령,서울고등법원,2016-08-17,형사,판결,2심,무죄,"호 인】 변호사 김태선(국선) 【원심판결】 수원지방법원 2016. 2. 16. 선고 2014고합693 판결 【주 문】 원심판결 중 유죄 부분과 공소외 7에 대한 사기의 점에 관한 무죄 부분을 파기한다. 피고인을 징역 3년에 처한다. 2010. 12. 3.자 특정경제범죄가중처벌등에관한법률위반(사기)의 점, 2010. 12. 29.자 사기의 점에 관한 검사의 항소를 기각한다. 【이 유】 1. 항소이유의 요지 가. 피고인 원심의 형량(징역 2년 6월)은 너무 무거워 부당하다. 나. 검사 1) 사실오인 및 법리오해 가) 2010. 12. 3.자 특정경제범죄가중처벌등에관한법률","인 원심의 형량(징역 2년 6월)은 너무 무거워 부당하다. 나. 검사 1) 사실오인 및 법리오해 가) 2010. 12. 3.자 특정경제범죄가중처벌등에관한법률위반(사기)의 점과 2010. 12. 29.자 사기의 점에 관하여 (1) 피해자 공소외 2, 공소외 4는 당시 모두 70세를 넘은 고령으로 평생 농업에 종사하여 와 저당권·지상권 등에 대한 지식이 부족한 상태에서 공소외 1, 피고인 등으로부터 토지를 사겠다는 제안을 받고서 토지에 대한 처분의 의사로 근저당권이나 지상권을 설정하여 준 것이다. 따라서 근저당권이나 지상권 설정에 대한 피해자들의 처분의사가 있었다고 보아야 한다. (2) 그럼에도 원심이, 피해자 공소외 2, 공소외 4가 피고",원문 참조,없음,"부동산, 주택, 토지, 임야, 매매, 매도, 매매대금, 계약금, 잔금, 토지거래허가, 등기, 근저당",전문 원문: https://www.law.go.kr/LSW/precInfoP.do?precSeq=203792,aggravated_economic_crime,특정경제범죄 가중처벌 등에 관한 법률 제3조,aggravated_economic_crime|특정경제범죄 가중처벌 등에 관한 법률 제3조; criminal_fraud|형법 제347조 사기죄; embezzlement_breach_of_trust|형법 제355조·제356조 횡령·배임; civil_sale_effect|민법 제568조 매매의 효력
560,CASE_2023_00560,2022나91909,임대차보증금,수원지방법원,2023-10-18,민사,판결,2심,일부인용,"30.부터 2023. 10. 18.까지는 연 5%의, 그 다음날부터 다 갚는 날까지는 연 12%의 각 비율로 계산한 돈을 지급하라. 나. 원고의 나머지 청구를 기각한다. 2. 소송 총비용 중 1/3은 원고가, 나머지는 피고가 각 부담한다. 3. 제1의 가.항은 가집행 할 수 있다. 【청구취지 및 항소취지】 1. 청구취지 피고는 원고에게 30,000,000원 및 이에 대하여 2021. 1. 28.부터 다 갚는 날까지 연 12%의 비율로 계산한 돈을 지급하라. 2. 항소취지 원고 : 제1심판결 중 아래에서 추가로 지급을 명하는 금액에 해당하는 원고 패소 부분을 취소한다","1. 기초사실 가. 원고는 2018. 12. 24. 피고로부터 인천 남동구 (주소 생략)(이하 ‘이 사건 점포’라 한다)를 임대차기간 2018. 12. 31.부터 2020. 12. 30.까지, 임대차보증금 30,000,000원, 차임 매월 1,800,000원(매월 말일 지급, 부가가치세 별도)으로 정하여 임차하는 임대차계약(이하 ‘이 사건 임대차계약’이라 한다)을 체결하였다. 원고는 그 무렵 피고에게 임대차보증금 30,000,000원을 지급하고 이 사건 점포를 인도받았다. 나. 이 사건 임대차계약의 특약사항 중 이 사건과 관련된 내용은 아래와 같다. - 계약일 기준 현 시설물 상태의 계약임.- 계약",원문 참조,없음,"상가, 건물, 임대차, 보증금, 임차권, 임대차계약, 등기, 임차권등기, 기각, 반환, 취소",전문 원문: https://www.law.go.kr/LSW/precInfoP.do?precSeq=241149,civil_lease_definition,민법 제618조 임대차의 의의,civil_lease_definition|민법 제618조 임대차의 의의
561,CASE_2015_00561,2014나6537,임대차보증금반환,전주지방법원,2015-09-03,민사,판결,2심,항소기각,"9.부터 2015. 9. 3.까지는 연 5%의, 그 다음 날부터 다 갚는 날까지는 연 20%의 각 비율로 계산한 금원을 초과하여 지급을 명한 피고 2 패소부분을 취소하고, 그 취소부분에 해당하는 원고의 청구를 기각한다. 2. 원고의 피고 1에 대한 항소 및 피고 2의 나머지 항소를 모두 기각한다. 3. 원고와 피고 1 사이에 생긴 항소비용은 원고가, 원고와 피고 2 사이에 생긴 소송총비용 중 3/4는 원고가, 1/4은 피고 2가 각 부담한다. 【청구취지 및 항소취지】 1. 청구취지 피고들은 제1심 공동피고 소외 3, 소외 4와 연대하여 원고에게 50,000,000원","원고가 ○○○○로부터 ○○○○ 소유인 별지 목록 기재 건물(이하 ‘이 사건 건물’이라고 한다) 1층 중 121.97㎡(이하 ‘이 사건 임차건물’이라고 한다)를 보증금 50,000,000원(월 차임 없음), 임대차기간 24개월(단 계약기간 만료시 자동연장 하기로 하는 특약조항을 두었다)로 정하여 임차하기로 하는 내용의 임대차계약을 체결하였다. 나. 원고는 위 가.항 기재 임대차계약 체결 당시 ○○○○의 대표이사였던 제1심 공동피고 소외 4가 대표이사직을 사임하고, 피고 2가 대표이사로 취임하여 2002. 10. 21. 위 사임 및 취임등기가 마쳐지자, 같은 날 ○○○○과 사이에 이 사건 임차건물에 관하여 임대차기간을 36개월로 정하는 외",원문 참조,없음,"부동산, 상가, 건물, 임대차, 보증금, 임차권, 임대인, 임대차계약, 매매, 매수, 소유권이전, 등기",전문 원문: https://www.law.go.kr/LSW/precInfoP.do?precSeq=213711,civil_lease_definition,민법 제618조 임대차의 의의,civil_sale_effect|민법 제568조 매매의 효력; civil_lease_definition|민법 제618조 임대차의 의의
562,CASE_2012_00562,2011다84335,소유권이전등기,대법원,2012-11-29,민사,판결,상고심,상고기각,"[1] 임대의무기간이 지난 공공건설 임대주택을 임대사업자의 부도, 파산 등 이유로 2008. 3. 21. 법률 제8966호로 전부 개정된 임대주택법 제21조 제2항 에 따라 분양전환하는 경우, 임대사업자가 유주택자인 임차인에게도 임대주택을 우선 분양전환할 의무가 있는지 여부 (적극) [2] 공공건설 임대아파트의 임대사업자인 甲 주식회사가 부도 후 파산선고까지 받았는데도 임차인들의 분양전환 요구에 응하지 않자, 임차인대표자회의가 관할 구청장한테서 직접 분양전환승인을 받아 임대사업자에게 승인된 분양전환가격에 따른 임대아파트 매도를 청구한 사안에서, 甲 회사의 파산관재인은...","[1] 2008. 3. 21. 법률 제8966호로 전부 개정된 임대주택법(이하 ‘법’이라 한다) 제21조 제1항 은, 임대사업자가 임대의무기간이 지난 후 주택법 제16조 에 따라 사업계획승인을 받아 건설한 주택 중 주택법 제60조 에 따라 국민주택기금의 자금을 지원받아 건설하거나 공공사업으로 조성된 택지에 건설하는 임대주택(이하 ‘공공건설 임대주택’이라 한다)을 분양전환하는 경우에는 같은 항 제1호 내지 제5호 의 어느 하나에 해당하는 임차인에게 우선 분양전환하여야 한다고 규정하면서 그 중 국가기관 또는 법인인 임차인( 제5호 )을 제외한 나머지 임차인의 경우 모두 분양전환 당시 ‘무주택자’일 것을 요구하고 있고, 제2항 은 "" 제1항 에도 불구하고 임대사업자의 부도, 파...","[1] 구 임대주택법(2009. 3. 25. 법률 제9541호로 개정되기 전의 것) 제21조 제1항 , 제2항 [2] 구 임대주택법(2009. 3. 25. 법률 제9541호로 개정되기 전의 것) 제21조 제2항 , 제5항 , 제8항 [3] 채무자 회생 및 파산에 관한 법률 제423조 [4] 채무자 회생 및 파산에 관한 법률 제335조 [5] 민법 제105조 , 제536조 , 신탁법 제98조 제6호 , 구 임대주택법(2009. 3. 25. 법률 제9541호로 개정되기 전의 것) 제21조 제2항 ,...",없음,"부동산, 주택, 아파트, 토지, 건물, 임차인, 매매, 매수, 매도, 매매계약, 매매대금, 소유권이전",전문 원문: https://www.law.go.kr/LSW/precInfoP.do?precSeq=166966,civil_lease_definition,민법 제618조 임대차의 의의,civil_sale_effect|민법 제568조 매매의 효력; civil_lease_definition|민법 제618조 임대차의 의의
563,CASE_2023_00563,"2022다246610, 246627",부당이득금·보증금반환,대법원,2023-09-27,민사,판결,상고심,상고기각,임차권등기가 마쳐진 주택을 임차한 임차인에게도 소액임차보증금에 관한 최우선변제권을 제외한 대항력과 우선변제권을 인정할 수 있는지 여부 (적극),"상고이유를 판단한다. 1. 원심은, 이 사건 임대차계약은 기간 만료로 종료되었지만 임차인인 피고(반소원고, 이하 ‘피고’라 한다)는 임대인으로부터 임대차보증금을 반환받지 못하였으므로, 피고와 임대인 사이에 이 사건 주택에 관한 임대차관계는 주택임대차보호법 제4조 제2항 에 따라 임대차기간 이후에도 존속되고 있고, 피고는 주택임대차보호법상의 대항력과 우선변제권을 겸유하고 있는 임차인으로서 우선변제권을 선택하여 이 사건 경매절차에서 배당요구를 하였으나 배당을 전혀 받지 못하였으므로, 경매절차에서 이 사건 주택을 매수한 원고(반","주택임대차보호법 제3조의3 제6항 , 제4조 제2항 , 제8조",없음,"주택, 임대차, 보증금, 임차권, 임대인, 임차인, 주택임대차, 임대차계약, 임차보증금, 매수, 등기, 경매",전문 원문: https://www.law.go.kr/LSW/precInfoP.do?precSeq=240307,civil_lease_definition,민법 제618조 임대차의 의의,civil_sale_effect|민법 제568조 매매의 효력; civil_lease_definition|민법 제618조 임대차의 의의
564,CASE_2019_00564,2018나112992,계약금등반환청구,대전지방법원,2019-10-31,민사,판결,2심,일부인용,"1. 31.부터 2019. 10. 31.까지 연 5%, 그 다음날부터 다 갚는 날까지 연 15%의 각 비율로 계산한 돈을 지급하라. 나. 원고의 나머지 청구를 기각한다. 2. 소송 총비용 중 40%는 원고가, 나머지는 피고가 각 부담한다. 3. 제1의 가항은 가집행할 수 있다. 【청구취지 및 항소취지】 제1심판결을 취소한다. 피고는 원고에게 20,000,000원 및 이에 대하여 이 사건 지급명령부본 송달 다음날부터 다 갚는 날까지 연 15%의 비율로 계산한 돈을 지급하라(원고는 제1심에서는 피고의 귀책사유로 인한 계약해제를 원인으로 기지급한 계약금 2,000만 원과","1. 기초사실 가. 원고는 2017. 8. 10. 피고와 사이에 피고 소유의 토지를 매수하기로 하는 내용의 부동산매매계약(이하 ‘이 사건 매매계약’이라고 한다)을 체결하였다. 이 사건 매매계약의 내용 중 일부는 아래와 같다. 1. 부동산의 표시 충남 청양군 (지번 생략) 대 1,074㎡(이하 ‘제1토지’라 한다)?2. 계약내용 총액 4,875만 원 계약금 2,000만 원 잔금 2,875만 원제7조(채무불이행과 손해배상) 임대인 또는 임차인이 본 계약상의 내용에 대하여 불이행이 있을 경우 그 상대방은 불이행한 자에 대하여 서면으로 최고하고 계약을 해제할 수 있다.",원문 참조,없음,"부동산, 토지, 임대인, 임차인, 매매, 매수, 매도, 매매계약, 계약금, 잔금, 기망, 손해배상",전문 원문: https://www.law.go.kr/LSW/precInfoP.do?precSeq=211357,civil_fraud_duress,민법 제110조 사기·강박에 의한 의사표시,civil_fraud_duress|민법 제110조 사기·강박에 의한 의사표시; civil_nonperformance_damages|민법 제390조 채무불이행 손해배상; civil_sale_effect|민법 제568조 매매의 효력; civil_lease_definition|민법 제618조 임대차의 의의
565,CASE_2012_00565,2011가합111447,근저당권말소,서울중앙지방법원,2012-04-10,민사,판결,1심,청구기각,김재식 외 1인) 【피 고】 주식회사 국민은행 (소송대리인 법무법인 율촌 담당변호사 강철식) 【변론종결】 2012. 3. 16. 【주 문】 1. 원고의 청구를 기각한다. 2. 소송비용은 원고가 부담한다. 【청구취지】 피고는 원고에게 별지 목록 기재 각 부동산에 관하여 대전지방법원 천안지원 아산등기소 2009. 1. 2. 접수 제213호로 마친 근저당설정등기의 말소등기절차를 이행하라. 【이 유】 1. 기초사실 가. 이 사건 아파트에 대한 입주자모집공고 우민종합건설 주식회사(이하 ‘우민종합건설’이라 한다)는 아산시 (주소 생략) 외 2필지 지상에 3개동 245세대의 △,"1. 기초사실 가. 이 사건 아파트에 대한 입주자모집공고 우민종합건설 주식회사(이하 ‘우민종합건설’이라 한다)는 아산시 (주소 생략) 외 2필지 지상에 3개동 245세대의 △△△△△아파트(이하 ‘이 사건 아파트’라 한다)를 신축·분양하는 사업(이하 ‘이 사건 시행사업’이라 한다)의 시행자 겸 시공사로서, 위 아파트의 준공 이전인 2006. 7. 18. 아산시장으로부터 이 사건 아파트에 관한 입주자모집공고 승인을 받아 같은 날 입주자모집공고를 하였다. 나. 이 사건 주택분양보증계약, 주택분양신탁계약 및 양도약",원문 참조,없음,"부동산, 주택, 아파트, 토지, 건물, 보증금, 계약금, 중도금, 소유권이전, 소유권보존, 분양, 분양계약",전문 원문: https://www.law.go.kr/LSW/precInfoP.do?precSeq=176209,civil_lease_definition,민법 제618조 임대차의 의의,civil_sale_effect|민법 제568조 매매의 효력; civil_lease_definition|민법 제618조 임대차의 의의
566,CASE_2015_00566,2015나301340,소유권이전등기,대구지방법원,2015-09-11,민사,판결,2심,항소기각,"1심판결】 대구지방법원 포항지원 2015. 2. 3. 선고 2013가단300305 판결 【변론종결】 2015. 8. 26. 【주 문】 1. 피고들의 항소를 모두 기각한다. 2. 항소비용은 피고들이 부담한다. 【청구취지 및 항소취지】 1. 청구취지 원고에게, 가. 피고 1은 별지 제1, 7목록 기재 각 부동산에 관하여, 나. 피고 2는 별지 제2, 4목록 기재 각 부동산에 관하여, 다. 피고 3은 별지 제3목록 기재 부동산에 관하여, 라. 피고 4는 별지 제6목록 기재 부동산에 관하여, 각 진정명의회복을 원인으로 한 소유권이전등기절차를 이행하라. 2. 항소취지 제1심","1. 기초사실 가. 원고는 2002. 1. 20.경 평소 알고 지내던 소외 4로부터 경매물건으로 나와 있는 포항시 (지번 1 생략) 답 3,008㎡와 (지번 2 생략) 답 883㎡ 2필지 토지를 공동 투자하여 원고 명의로 낙찰 받아 그 지상에 빌라를 신축 분양하여 이익금을 분배하자는 동업 제의를 받고, 2002. 2. 23. 대구지방법원 포항지원 2001타경11797호 임의경매절차에서 원고와 소외 4가 각 9,400만 원씩을 갹출하여 위 2필지 토지를 원고 명의로 낙찰 받은 다음 2002. 2. 26. 위 2필지 토지에 관하여 원고 명의로 소유권이전등기를 경료하",원문 참조,없음,"부동산, 주택, 토지, 건물, 빌라, 매매, 소유권이전, 소유권보존, 분양, 등기, 근저당, 저당권",전문 원문: https://www.law.go.kr/LSW/precInfoP.do?precSeq=197883,civil_sale_effect,민법 제568조 매매의 효력,civil_sale_effect|민법 제568조 매매의 효력
567,CASE_1977_00567,76노604,임야소유권이전등기에관한특별조치법위반피고사건,광주고법,1977-01-20,형사,판결,2심,무죄,가. 종중재산을 수탁받은 자가 수탁재산을 매도하는 경우 매수자에 대한 사기죄의 성부 나. 공소시효가 완성된 공소사실에 대하여 무죄판결을 할 수 있는지 여부,가. 종중재산을 명의신탁 받은 자가 그 수탁재산을 처분하였다 하더라도 그 매수자에 대한 관계에 있어서 사기죄를 인정할 수 없다. 나2. 공소시효가 완성된후 제기된 공소사실에 대해서는 그 공소사실이 범죄로 되지 아니한다거나 또는 범죄사실의 증명이 없는 경우라도 그 실체에 들어가 무죄의 선고를 할 것이 아니라 면소의 판결을 해야한다.,"형사소송법 제347조 , 제326조",1970.9.29. 선고 70도1668 판결,"부동산, 토지, 임야, 매매, 매수, 매도, 매매대금, 소유권이전, 소유권보존, 등기, 명의신탁, 명의수탁",전문 원문: https://www.law.go.kr/LSW/precInfoP.do?precSeq=74345,civil_sale_effect,민법 제568조 매매의 효력,civil_sale_effect|민법 제568조 매매의 효력
568,CASE_1998_00568,97도2487,특정경제범죄가중처벌등에관한법률위반(사기),대법원,1998-08-21,형사,판결,상고심,파기환송,[1] 공소사실이나 범죄사실의 동일성 여부의 판단 기준 [2] 사전분양으로 인한 주택건설촉진법위반죄의 공소사실과 아파트를 건축하여 분양할 의사와 능력 없이 분양계약자들로부터 분양대금을 상습적으로 편취하였다는 내용의 특정경제범죄가중처벌등에관한법률위반(사기)죄의 공소사실 사이에 동일성이 없다고 본 사례,[1] 공소사실이나 범죄사실의 동일성 여부는 사실의 동일성이 갖는 법률적 기능을 염두에 두고 피고인의 행위와 그 사회적인 사실관계를 기본으로 하되 그 규범적 요소도 고려에 넣어 판단하여야 한다. [2] 사전분양으로 인한 주택건설촉진법위반죄의 공소사실과 아파트를 건축하여 분양할 의사와 능력 없이 분양계약자들로부터 분양대금을 상습적으로 편취하였다는 내용의 특정경제범죄가중처벌등에관한법률위반(사기)죄의 공소사실 사이에 동일성이 없다고 본 사례.,[1] 형사소송법 제298조 [2] 형사소송법 제298조,"[1] 대법원 1994. 3. 22. 선고 93도2080 전원합의체 판결 (공1994상, 1368), 대법원 1996. 6. 28. 선고 95도1270 판결 (공1996하, 2424), 대법원 1998. 6. 26. 선고 97도3297 판결(공1998하, 2044)","주택, 아파트, 계약금, 분양, 분양대금, 분양계약, 공정증서원본불실기재, 사기, 기망, 편취, 위조, 배임",전문 원문: https://www.law.go.kr/LSW/precInfoP.do?precSeq=116974,aggravated_economic_crime,특정경제범죄 가중처벌 등에 관한 법률 제3조,aggravated_economic_crime|특정경제범죄 가중처벌 등에 관한 법률 제3조; criminal_fraud|형법 제347조 사기죄; embezzlement_breach_of_trust|형법 제355조·제356조 횡령·배임; civil_fraud_duress|민법 제110조 사기·강박에 의한 의사표시; civil_sale_effect|민법 제568조 매매의 효력
570,CASE_2011_00570,2011도1651,특정경제범죄가중처벌등에관한법률위반(사기)·사기·특정경제범죄가중처벌등에관한법률위반(배임),대법원,2011-06-30,형사,판결,상고심,상고기각,"[1] 공소사실이나 범죄사실의 동일성 여부 판단 기준 [2] 피고인에 대하여 유죄판결이 확정된 ‘아파트 사전분양’으로 인한 구 주택건설촉진법 위반죄 범죄사실과 ‘아파트를 건축·분양할 의사나 능력 없이 피해자들을 기망하여 분양대금을 편취하였다’는 내용의 특정경제범죄 가중처벌 등에 관한 법률 위반(사기) 공소사실 사이에 동일성이 있다거나, 두 죄가 1죄 내지 상상적 경합관계에 있다고 할 수 없다고 본 원심판단을 정당하다고 한 사례 [3] 법원이 공소장변경절차를 거치지 아니하고 공소사실과 다른 사실을 인정하기 위한 요건 [4] 피고인들이 특정경제범죄 가중처벌 등에 관한 법...","[1] 공소사실이나 범죄사실의 동일성 여부는 사실의 동일성이 갖는 법률적 기능을 염두에 두고 피고인의 행위와 사회적인 사실관계를 기본으로 하되 규범적 요소도 고려하여 판단하여야 한다. [2] 피고인에 대하여 유죄판결이 확정된 ‘아파트 사전분양’으로 인한 구 주택건설촉진법(2003. 5. 29. 법률 제6916호 주택법으로 전부 개정되기 전의 것) 위반죄 범죄사실과 ‘아파트를 건축하여 분양할 의사나 능력 없이 피해자들을 기망하여 분양대금을 편취하였다’는 내용의 특정경제범죄 가중처벌 등에 관한 법률 위반(사기) 공소사실 사이에 동일성이 있다고 보기 어렵고, 또한 두 죄는 행위 태양이나 보호법익에 비추어 1죄 내지 상상적 경합관계에 있다고 볼 수도 없으므로, 피고인이 구 주택건...","[1] 형사소송법 제298조 제1항 [2] 형법 제40조 , 제347조 제1항 , 특정경제범죄 가중처벌 등에 관한 법률 제3조 제1항 제2호 , 구 주택건설촉진법(2003. 5. 29. 법률 제6916호 주택법으로 전부 개정되기 전의 것) 제44조 (현행 주택법 제32조 참조), 제51조 제5호의2 (현행 주택법 제97조 제7호 참조), 형사소송법 제298조 제1항 , 제326조 제1호 [3] 형사소송법 제254조 , 제298조 [4] 형법 제355조 제2항 , 특정경제범죄 가중처벌 등에 관한 법...","[1] 대법원 1994. 3. 22. 선고 93도2080 전원합의체 판결 (공1994상, 1368), 대법원 1998. 8. 21. 선고 97도2487 판결 (공1998하, 2365), 대법원 2011. 4. 28. 선고 2009도12249 판결(공2011상, 1089) / [3] 대법원 1990. 11. 13. 선고 90도153 판결 (공1991, 130), 대법원 2003. 6. 13. 선고 2003도1060 판결 (공2003하, 1573), 대법원 2010. 4. 29. 선고 2010도241...","부동산, 주택, 아파트, 토지, 매매, 매수, 매도, 중도금, 소유권이전, 분양, 분양대금, 등기",전문 원문: https://www.law.go.kr/LSW/precInfoP.do?precSeq=154221,aggravated_economic_crime,특정경제범죄 가중처벌 등에 관한 법률 제3조,aggravated_economic_crime|특정경제범죄 가중처벌 등에 관한 법률 제3조; criminal_fraud|형법 제347조 사기죄; embezzlement_breach_of_trust|형법 제355조·제356조 횡령·배임; civil_fraud_duress|민법 제110조 사기·강박에 의한 의사표시; civil_sale_effect|민법 제568조 매매의 효력
571,CASE_2010_00571,2010가합3689,손해배상등,서울동부지법,2010-11-24,민사,판결,1심,청구기각,"신축 주상복합건물의 입주예정자협의회장이 중도금 납부거부를 선동하고 허위사실에 기한 형사고소를 하여 정당한 분양업무를 방해하였음을 이유로 건축주들이 손해배상을 구한 사안에서, 위 중도금 납부거부 유도행위 및 고소행위는 자유시장경제질서의 허용한계 내에 있는 것으로서 위법하다고 볼 수 없다고 한 사례","신축 주상복합건물의 입주예정자협의회장이 중도금 납부거부를 선동하고 허위사실에 기한 형사고소를 하여 정당한 분양업무를 방해하였음을 이유로 건축주들이 손해배상을 구한 사안에서, 입주예정자들이 분양가의 적절성에 대하여 충분히 의문을 제기할 수 있는 상황에서 이루어진 위 중도금 납부거부 유도 및 형사고소는 그 목적의 정당성을 수긍할 수 있고 그러한 행위가 사회통념상 용인할 수 없는 방법이라고 단정할 수 없으므로, 위 중도금 납부거부 유도행위 및 고소행위는 자유시장경제질서의 허용한계 내에 있는 것으로서 위법하다고 볼 수 없다고 한 사례.",민법 제750조,없음,"주택, 건물, 중도금, 잔금, 분양, 분양대금, 분양계약, 고소, 편취, 허위, 손해배상, 불법행위",전문 원문: https://www.law.go.kr/LSW/precInfoP.do?precSeq=147677,civil_sale_effect,민법 제568조 매매의 효력,civil_nonperformance_damages|민법 제390조 채무불이행 손해배상; civil_sale_effect|민법 제568조 매매의 효력
572,CASE_1974_00572,73노1544,임야소유권이전등기에관한법률위반·공정증서원본불실기재·동행사·사기피고사건,서울고법,1974-09-24,형사,판결,2심,항소기각,임야소유권이전등기에 관한 특별조치법 위반과 사기죄의 법리,사기죄는 기망자가 처분권한이 있는 피해자나 제3자를 기망하여 착오에 빠뜨리게 한 후 동 피해자나 제3자가 이러한 착오로 인하여 재산의 처분을 하게 되고 그로서 기망자가 피기망자로부터 일정한 재물을 편취 또는 불법이득을 함으로서 성립되는 것이므로 소유자가 아닌 자가 허위의 보증서 및 확인서를 사위의 방법으로 발급 받아 등기의 원인이 되는 법률상 근거를 얻어 그것을 이용하여 자기명의의 소유권이전등기를 경료하였다면 이는 임야 소유권이전등기에 관한 해당 법률위반죄가 됨은 몰라도 사기죄가 성립되지 아니한다.,"임야소유권이전등기등에관한특별조치법 제13조 , 제5조 , 형법 제347조","1966.10.18. 선고 66도806 판결(판례카아드 3646호, 3788호 판결요지집 형법 제347조(21,22)1354면)","부동산, 임야, 소유권이전, 소유권보존, 등기, 공정증서원본불실기재, 사기, 기망, 편취, 허위, 무죄, 기각",전문 원문: https://www.law.go.kr/LSW/precInfoP.do?precSeq=235793,criminal_fraud,형법 제347조 사기죄,criminal_fraud|형법 제347조 사기죄; civil_fraud_duress|민법 제110조 사기·강박에 의한 의사표시; civil_sale_effect|민법 제568조 매매의 효력
573,CASE_2002_00573,2001노688,특정경제범죄가중처벌등에관한법률위반(배임)·사기미수·위증·무고,광주고법,2002-03-21,형사,판결,2심,무죄,약한 의미의 양도담보의 담보권자가 정산절차를 거치지 아니한 채 담보부동산을 제3자에게 처분한 경우 배임죄를 구성한다고 한 사례,"채권자가 채권담보의 목적으로 부동산에 가등기를 경료하였다가 그 후 변제기까지 변제를 받지 못하게 되어 그 가등기에 기하여 소유권이전의 본등기를 경료한 경우, 피해자와 사이에 피해자가 변제기에 채무를 변제하지 아니하면 위 부동산의 소유권이 확정적으로 채권자에게 귀속된다는 명시적 특약이 없는 한, 그 본등기는 정산절차가 필요한 이른바 약한 의미의 양도담보라고 할 것이므로, 채권자가 위 부동산에 관한 정산절차를 거치기 이전에 제3자에게 위 부동산에 관하여 가등기를 설정한 행위는 배임죄를 구성한다고 한 사례.","[1] 형법 제355조 제2항 , 민법 제372조 , 가등기담보등에관한법률 제1조 , 제2조","대법원 1995. 2. 17. 선고 94다38113 판결(공1995상, 1416) , 대법원 1996. 7. 30. 선고 95다11900 판결(공1996하, 2625) , 대법원 1996. 11. 15. 선고 96다31116 판결(공1997상, 9)","부동산, 토지, 매매, 매도, 매매대금, 소유권이전, 등기, 가등기, 담보, 사기, 기망, 편취",전문 원문: https://www.law.go.kr/LSW/precInfoP.do?precSeq=71594,aggravated_economic_crime,특정경제범죄 가중처벌 등에 관한 법률 제3조,aggravated_economic_crime|특정경제범죄 가중처벌 등에 관한 법률 제3조; criminal_fraud|형법 제347조 사기죄; embezzlement_breach_of_trust|형법 제355조·제356조 횡령·배임; civil_fraud_duress|민법 제110조 사기·강박에 의한 의사표시; civil_sale_effect|민법 제568조 매매의 효력
574,CASE_2012_00574,2010다28604,손해배상(기),대법원,2012-05-17,민사,판결,상고심,"원심판결 중 피고 패소부분을 파기하고, 이 부분 사건을 서울고등법원에 환송한다.","[1] 물권적 청구권의 이행불능으로 인한 전보배상청구권이 인정되는지 여부 (소극) [2] 국가 명의로 소유권보존등기가 경료된 토지의 일부 지분에 관하여 甲 등 명의의 소유권이전등기가 경료되었는데, 乙이 등기말소를 구하는 소를 제기하여 국가는 乙에게 원인무효인 등기의 말소등기절차를 이행할 의무가 있고 甲 등 명의의 소유권이전등기는 등기부취득시효 완성을 이유로 유효하다는 취지의 판결이 확정되자, 乙이 국가를 상대로 손해배상을 구한 사안에서, 소유권보존등기 말소등기절차 이행의무의 이행불능으로 인한 손해배상책임을 인정한 원심판결에는 법리오해 등 위법이 있다고 한 사례","[1] [다수의견] 소유자가 자신의 소유권에 기하여 실체관계에 부합하지 아니하는 등기의 명의인을 상대로 그 등기말소나 진정명의회복 등을 청구하는 경우에, 그 권리는 물권적 청구권으로서의 방해배제청구권( 민법 제214조 )의 성질을 가진다. 그러므로 소유자가 그 후에 소유권을 상실함으로써 이제 등기말소 등을 청구할 수 없게 되었다면, 이를 위와 같은 청구권의 실현이 객관적으로 불능이 되었다고 파악하여 등기말소 등 의무자에 대하여 그 권리의 이행불능을 이유로 민법 제390조 상의 손해배상청구권을 가진다고 말할 수 없다. 위 법규정에서 정하는 채무불이행을 이유로 하는 손해배상청구권은 계약 또는 법률에 기하여 이미 성립하여 있는 채권관계에서 본래의 채권이 동일성을 유지하면서 그...","[1] 민법 제214조 , 제390조 [2] 민법 제214조 , 제390조 , 민사소송법 제203조","[1] 대법원 2008. 8. 21. 선고 2007다17161 판결(변경), 대법원 2009. 6. 11. 선고 2008다53638 판결(변경)","토지, 임야, 매매, 매도, 소유권이전, 소유권보존, 등기, 손해배상, 불법행위, 기각, 파기, 무효",전문 원문: https://www.law.go.kr/LSW/precInfoP.do?precSeq=163906,civil_sale_effect,민법 제568조 매매의 효력,civil_nonperformance_damages|민법 제390조 채무불이행 손해배상; civil_sale_effect|민법 제568조 매매의 효력
575,CASE_2021_00575,2017다243723,손해배상(기),대법원,2021-07-29,민사,판결,상고심,파기환송,"[1] 중개업자가 일방 당사자의 의뢰로 중개대상물의 매매 등을 알선하는 경우가 공인중개사법 제2조 제1호 에서 정한 ‘중개’에 포함되는지 여부 (적극) [2] 공인중개사법 등 관련 법령에서 정한 한도를 초과하는 부동산 중개보수 약정의 효력(=한도를 초과하는 범위 내에서 무효) [3] 공인중개사가 중개대상물에 대한 계약이 완료되지 않을 경우에도 중개행위에 상응하는 보수를 지급하기로 약정할 수 있는지 여부 (적극) 및 이때 보수액을 산정하는 구체적인 기준을 정하지 않은 경우, 보수를 정하는 방법 / 이러한 보수는 계약이 완료되었을 경우에 적용되었을 부동산 중개보수 제한에...","[1] 공인중개사법은 ‘중개’의 개념에 관하여 제2조 제1호 에서 “ 제3조 의 규정에 의한 중개대상물에 대하여 거래당사자 간의 매매ㆍ교환ㆍ임대차 기타 권리의 득실ㆍ변경에 관한 행위를 알선하는 것”이라고 정하고 있다. 이러한 중개에는 중개업자가 거래의 쌍방 당사자로부터 중개 의뢰를 받은 경우뿐만 아니라 일방 당사자의 의뢰로 중개대상물의 매매 등을 알선하는 경우도 포함된다. [2] 공인중개사법 제32조 제1항 본문은 “개업 공인중개사는 중개업무에 관하여 중개의뢰인으로부터 소정의 보수를 받는다.”라고 정하고 있고, 제32조 제4항 과 같은 법 시행규칙 제20조 제1항 , 제4항 은 중개대상물별로 공인중개사가 중개업무에 관하여 중개의뢰인으로부터 받을 수 있는 보수의 한도를 정하...","[1] 공인중개사법 제2조 제1호 [2] 공인중개사법 제32조 제1항 , 제4항 , 공인중개사법 시행규칙 제20조 제1항 , 제4항 [3] 공인중개사법 제32조 제1항 , 제4항 , 공인중개사법 시행규칙 제20조 제1항 , 제4항 [4] 공인중개사법 제14조 제2항 , 제3항 , 제32조 제1항 , 제4항 , 공인중개사법 시행규칙 제20조 제1항 , 제4항 , 공인중개사의 매수신청대리인 등록 등에 관한 규칙 제17조 제1항 , 국세징수법 제66조 제1항 , 제71조 제1항 , 제82조 제1항 ,...","[1] 대법원 1995. 9. 29. 선고 94다47261 판결 (공1995하, 3600) / [2] 대법원 2007. 12. 20. 선고 2005다32159 전원합의체 판결 (공2008상, 99) / [4] 대법원 2007. 4. 12. 선고 2005다40853 판결","부동산, 중개대상물, 임대차, 매매, 매수, 공인중개, 중개업자, 손해배상, 파기, 취소, 무효",전문 원문: https://www.law.go.kr/LSW/precInfoP.do?precSeq=217379,realtor_prohibited_acts,공인중개사법 제33조 금지행위,civil_nonperformance_damages|민법 제390조 채무불이행 손해배상; civil_sale_effect|민법 제568조 매매의 효력; civil_lease_definition|민법 제618조 임대차의 의의; realtor_prohibited_acts|공인중개사법 제33조 금지행위
576,CASE_2020_00576,2014도9907,특정경제범죄가중처벌등에관한법률위반(배임),대법원,2020-04-29,형사,판결,상고심,파기환송,"[1] 배임죄의 주체인 ‘타인의 사무를 처리하는 자’의 의미 [2] 피고인이 甲 새마을금고로부터 특정 토지 위에 건물을 신축하는 데 필요한 공사자금을 대출받으면서 이를 담보하기 위하여 乙 신탁회사를 수탁자, 甲 금고를 우선수익자, 피고인을 위탁자 겸 수익자로 한 담보신탁계약 및 자금관리대리사무계약을 체결하였고 계약 내용에 따라 건물이 준공된 후 乙 회사에 신탁등기를 이행하여 甲 금고의 우선수익권을 보장할 임무가 있음에도 이에 위배하여 丙 앞으로 건물의 소유권보존등기를 마쳐줌으로써 甲 금고에 재산상 손해를 가하였다고 하여 특정경제범죄 가중처벌 등에 관한 법률 위반(배임...","[1] 배임죄는 타인의 사무를 처리하는 자가 그 임무에 위배하는 행위로써 재산상의 이익을 취득하거나 제3자로 하여금 이를 취득하게 하여 사무의 주체인 타인에게 손해를 가할 때 성립하므로 범죄의 주체는 타인의 사무를 처리하는 지위에 있어야 한다. 여기에서 ‘타인의 사무를 처리하는 자’라고 하려면, 타인의 재산관리에 관한 사무의 전부 또는 일부를 타인을 위하여 대행하는 경우와 같이 당사자 관계의 전형적·본질적 내용이 통상의 계약에서의 이익대립관계를 넘어서 그들 사이의 신임관계에 기초하여 타인의 재산을 보호 또는 관리하는 데에 있어야 한다. 이익대립관계에 있는 통상의 계약관계에서 채무자의 성실한 급부이행에 의해 상대방이 계약상 권리의 만족 내지 채권의 실현이라는 이익을 얻게 되...","[1] 형법 제355조 제2항 [2] 형법 제355조 제2항 , 구 특정경제범죄 가중처벌 등에 관한 법률(2016. 1. 6. 법률 제13719호로 개정되기 전의 것) 제3조 제1항 제2호","[1] 대법원 2011. 1. 20. 선고 2008도10479 전원합의체 판결 (공2011상, 482), 대법원 2014. 8. 21. 선고 2014도3363 전원합의체 판결 (공2014하, 1923), 대법원 2015. 3. 26. 선고 2015도1301 판결 (공2015상, 666), 대법원 2020. 2. 20. 선고 2019도9756 전원합의체 판결(공2020상, 723)","부동산, 토지, 건물, 소유권보존, 분양, 등기, 담보, 배임, 파기",전문 원문: https://www.law.go.kr/LSW/precInfoP.do?precSeq=211399,aggravated_economic_crime,특정경제범죄 가중처벌 등에 관한 법률 제3조,aggravated_economic_crime|특정경제범죄 가중처벌 등에 관한 법률 제3조; embezzlement_breach_of_trust|형법 제355조·제356조 횡령·배임; civil_sale_effect|민법 제568조 매매의 효력
577,CASE_1995_00577,94도3297,공문서변조·공정증서원본불실기재·배임수재·배임증재·사기·사문서위조·업무상배임·업무상횡령·주택건설촉진법위반·특정경제범죄가중처벌등에관한법률위반(배임)·특정경제범죄가중처벌등에관한법률위반(횡령),대법원,1995-02-17,형사,판결,상고심,상고기각,"가. 포괄1죄에 있어서의 공소사실의 특정 정도 나. 항소심 법원이 공소장 변경을 허가한 경우, 피고인의 제1심판결 받을 기회를 박탈하여 헌법상 재판받을 권리를 침해한 위법이 있다고 할 수 있는지여부 다. 배임죄에 있어서 ""손해""의 의의 라. 주택조합 아파트 건립 예정 부지에 관한 등기명의가 주택공급 건설회사앞으로 경료되어 있던 상태에서 그 회사 이사의 1회의 임무위배행위로 다른회사 앞으로 이전등기가 경료된 경우, 그 피해가 각 주택조합원들에게 돌아가게 된다 하더라도 단순1죄가 성립하는지 여부","가. 포괄1죄에 있어서는 그 1죄의 일부를 구성하는 개개의 행위에 대하여 구체적으로 특정되지 아니하더라도 그 전체 범행의 시기와 종기, 범행방법, 범행횟수 또는 피해액의 합계 및 피해자나 상대방을 명시하면 이로써 그 범죄사실은 특정된다. 나. 변경된 공소사실이 당초의 공소사실과 기본적 사실관계에서 동일하다고 보는 이상 설사 그것이 새로운 공소의 추가적 제기와 다를 바 없다고 하더라도, 현행법상 형사항소심의 구조가 오로지 사후심으로서의 성격만을 가지고 있는 것은 아니어서 공소장의 변경은 항소심에서도 할 수 있는 것이므로 이를 허가한 항소심 법원의 조처에 피고인의 제1심판결을 받을 기회를 박탈하여 헌법 제27조 제1항 의 법률에 의한 재판을 받을 권리를 침해한 위법이 있다고...","가. 형사소송법 제254조 나. 제370조 다.라. 형법 제356조 다. 제355조 라. 특정경제범죄가중처벌등에관한법률 제3조 제1항 , 형법 제37조","가. 대법원 1989. 5. 23. 선고 89도570 판결(공1989,1037) , 1990. 6. 26. 선고 90도833 판결(공1990,1639) , 1992. 9. 14. 선고 92도1532 판결(공1992,2932) / 나. 대법원 1967. 3. 7. 선고 66도1749 판결(집15①형39) , 1981. 8. 20. 선고 81도698 판결(공1981,14303) , 1986. 7. 8. 선고 86도621 판결(공1986,1065) / 다. 대법원 1984. 10. 8. 선고 84도13...","주택, 아파트, 상가, 토지, 매수, 계약금, 중도금, 소유권이전, 분양, 지역주택조합, 조합원, 납입금",전문 원문: https://www.law.go.kr/LSW/precInfoP.do?precSeq=111589,aggravated_economic_crime,특정경제범죄 가중처벌 등에 관한 법률 제3조,aggravated_economic_crime|특정경제범죄 가중처벌 등에 관한 법률 제3조; criminal_fraud|형법 제347조 사기죄; embezzlement_breach_of_trust|형법 제355조·제356조 횡령·배임; civil_sale_effect|민법 제568조 매매의 효력
578,CASE_2019_00578,2018가단249746,부동산중개수수료청구,서울남부지법,2019-11-27,민사,판결,1심,1. 원고의 피고들에 대한 청구를 모두 기각한다. 2. 소송비용은 원고가 부담한다.,"甲, 乙 등이 공동으로 소유하는 부동산에 관하여 임대차 중개행위를 하던 공인중개사 丙이 당시 미국에 머물고 있던 甲에게 위 부동산을 매물로 내놓자는 요청을 하여 승낙을 얻은 다음, 위 부동산의 일부를 임차하여 교수연구실로 사용하고 있는 丁 대학병원 측에 매도의사를 알리는 등 중개행위를 하고 있었는데, 甲과 乙이 귀국하여 丁 병원 측에 직접 매도의사를 전달하고, 그 후 甲, 乙 등이 丁 병원을 운영하는 戊 학교법인과 戊 법인이 예전부터 자주 중개의뢰를 해오던 공인중개사의 중개에 따라 위 부동산에 관한 매매계약을 체결하자, 丙이 甲, 乙 등을 상대로 공인중개사법 제32조...","甲, 乙 등이 공동으로 소유하는 부동산에 관하여 임대차 중개행위를 하던 공인중개사 丙이 당시 미국에 머물고 있던 甲에게 위 부동산을 매물로 내놓자는 요청을 하여 승낙을 얻은 다음, 위 부동산의 일부를 임차하여 교수연구실로 사용하고 있는 丁 대학병원 측에 매도의사를 알리는 등 중개행위를 하고 있었는데, 甲과 乙이 귀국하여 丁 병원 측에 직접 매도의사를 전달하고, 그 후 甲, 乙 등이 丁 병원을 운영하는 戊 학교법인과 戊 법인이 예전부터 자주 중개의뢰를 해오던 공인중개사의 중개에 따라 위 부동산에 관한 매매계약을 체결하자, 丙이 甲, 乙 등을 상대로 공인중개사법 제32조 및 신의성실의 원칙에 따른 중개수수료의 지급을 구한 사안이다. 丙이 甲으로부터 위 부동산을 매물로 내놓는...","민법 제2조 , 공인중개사법 제2조 제1호 , 제25조 , 제26조 , 제32조 , 공인중개사법 시행규칙 제20조 제1항 , 제4항",없음,"부동산, 건물, 중개대상물, 임대차, 임차인, 매매, 매수, 매도, 매매계약, 매매대금, 계약금, 중도금",전문 원문: https://www.law.go.kr/LSW/precInfoP.do?precSeq=225735,realtor_prohibited_acts,공인중개사법 제33조 금지행위,civil_sale_effect|민법 제568조 매매의 효력; civil_lease_definition|민법 제618조 임대차의 의의; realtor_prohibited_acts|공인중개사법 제33조 금지행위
579,CASE_2022_00579,2020다226452,손해배상등,대법원,2022-05-26,민사,판결,상고심,상고기각,"甲 등이 지정업종을 ‘피트니스센터’로 정하여 건물의 한 점포를 분양받아 피트니스센터 용도로 임대하였다가 다른 한 점포를 합쳐 한의원, 사무실 등 용도로 임대하였고, 그 후 다시 乙 주식회사에 피트니스센터 용도로 임대하였는데, 위 건물의 관리주체인 丙 등이 위 건물에서 피트니스센터를 운영하던 丙의 독점 영업권을 침해한다는 이유로 위 점포에 대한 전기 공급을 차단한 사안에서, 甲 등이 위 점포를 한의원과 사무실 등의 용도로 임대하였거나 丙이 위 건물에서 피트니스센터 영업을 하는 것에 대해 이의를 제기한 사실이 없다고 하더라도, 그것만으로 甲 등이 보유하고 있던 지정업종...","이유를 판단한다. 1. 사안 개요 원심판결 이유와 기록에 따르면 다음 사실을 알 수 있다. 가. 이 사건 건물의 관리규약 제3조 제1항은 ‘이 사건 건물 상가를 분양받은 구분소유자 등은 분양계약서에 명시된 지정업종 등을 준수할 의무가 있고, 타 업종 전환 시 상가대표자회의 의결을 거쳐 관리단의 승인을 얻어야 한다.’고 정하고 있다. 원고들은 분양계약서상 지정업종을 ‘피트니스센터’로 정하여 이 사건 건물 (호수 1 생략)을 분양받았다. 나. 원고들은 그들이 소유하던 이 사건 건물 (호수 2 생략)~(호수 3 생략)을 피트니스센터 용도로 임대하였다가 폐업으로 임대차가 종료하자, 이 사건 건물 (호수 1 생략)과 (호수 4 생략)(이하 두 호",민법 제750조,없음,"상가, 건물, 임대차, 임대차계약, 분양, 분양계약, 손해배상, 불법행위, 기각, 해제",전문 원문: https://www.law.go.kr/LSW/precInfoP.do?precSeq=235465,civil_lease_definition,민법 제618조 임대차의 의의,civil_nonperformance_damages|민법 제390조 채무불이행 손해배상; civil_sale_effect|민법 제568조 매매의 효력; civil_lease_definition|민법 제618조 임대차의 의의
580,CASE_2015_00580,2015노236,강제집행면탈,창원지법,2015-05-13,형사,판결,2심,항소기각,"피고인 甲이 乙에게 丙의 소송비용을 빌려달라고 하여 돈을 송금받았는데, 그 후 丙이 사기 등으로 고소를 당하고 피고인 甲 소유의 부동산에 관한 가압류 결정문을 송달받아 乙에게서 강제집행을 당할 우려가 있게 되자, 피고인 丁, 戊와 공모하여 그들을 채권자로 하는 허위의 채무를 부담하고 근저당권을 설정하여 강제집행을 면탈하였다는 내용으로 기소된 사안에서, 피고인들에게 유죄를 선고한 제1심판결을 정당하다고 한 사례","피고인 甲이 乙에게 丙의 소송비용을 빌려달라고 하여 돈을 송금받았는데, 그 후 丙이 사기 등으로 고소를 당하고 피고인 甲 소유의 부동산에 관한 가압류 결정문을 송달받아 乙에게서 강제집행을 당할 우려가 있게 되자, 피고인 丁, 戊와 공모하여 그들을 채권자로 하는 허위의 채무를 부담하고 근저당권을 설정하여 강제집행을 면탈하였다는 내용으로 기소된 사안에서, 관련 민사사건에서 乙은 피고인 甲을 상대로 대여금 반환을 구하는 소를 제기한 다음 피고인 甲이 丙과 공동불법행위를 저질렀다고 하면서 손해배상금의 지급을 구하는 예비적 청구를 추가하였다가 대여금 반환 청구는 철회하였는데, 제1심법원이 피고인 甲의 乙에 대한 공동불법행위 책임을 인정하는 판결을 선고하였고, 그 후 항소심에서 피고...","형법 제30조 , 제327조 , 민사집행법 제276조 제1항 , 제2항",없음,"부동산, 건물, 매매, 소유권이전, 등기, 근저당, 저당권, 담보, 경매, 배당, 배당요구, 고소",전문 원문: https://www.law.go.kr/LSW/precInfoP.do?precSeq=178214,civil_sale_effect,민법 제568조 매매의 효력,civil_nonperformance_damages|민법 제390조 채무불이행 손해배상; civil_sale_effect|민법 제568조 매매의 효력
581,CASE_2011_00581,2010다98771,손해배상(기),대법원,2011-04-28,민사,판결,상고심,상고기각,"[1] 보증계약의 성립 요건인 보증의사의 존부에 관한 판단 방법 [2] 등기권리자와 등기의무자 쌍방으로부터 등기절차 위임을 받은 법무사와의 위임계약을 등기의무자의 일방적 의사표시로 해제할 수 있는지 여부 (소극) [3] 등기권리자와 등기의무자 쌍방으로부터 위임받은 등기절차가 마쳐지기 전에 등기의무자로부터 동일한 등기목적 부동산에 관하여 제3자에게로 등기절차를 경료하여 달라는 요청을 받은 경우, 법무사가 등기권리자의 수임자로서 요청을 거부하거나 최소한 그 사실을 등기권리자에게 알려줄 위임계약상 의무를 부담하는지 여부 (적극) [4] 등기권리자 甲과 등기의무자 乙 쌍방으...","여 그 판시와 같은 사실을 인정한 다음 갑 제2호증은 피고 1이 원고와 소외인 등으로부터 위임받은 바에 따라 이 사건 건물 중 2, 3층의 주택 4세대에 관하여 등기의무자로부터 모든 서류를 제출받아 이상 없이 이전등기가 경료되도록 책임을 다하겠다는 취지로 작성된 것으로 해석함이 상당하고, 소외인 등의 원고에 대한 소유권이전등기의무의 이행을 보증하는 의미로 볼 수는 없다는 취지로 판단하였다. 위 법리와 기록에 비추어 살펴보면, 원심의 판단은 정당한 것으로 수긍이 가고, 거기에 상고이유로 주장하는 바와 같은 법리오해나 채증법칙 위반 등의 위법이 없다. 2. 예비적 청구에 관한 상고이유에 대하여 가. 불법행위로 인한 손해배상 청구에 관하여 원","[1] 민법 제105조 , 제428조 [2] 민법 제689조 제1항 [3] 민법 제689조 제1항 [4] 민법 제689조 제1항","[1] 대법원 1998. 12. 8. 선고 98다39923 판결 (공1999상, 105), 대법원 2009. 10. 29. 선고 2009다52571 판결 / [2] 대법원 1987. 6. 23. 선고 85다카2239 판결 (공1987, 1202) / [3] 대법원 2001. 2. 27. 선고 2000다39629 판결 (공2001상, 772)","부동산, 주택, 토지, 건물, 매매, 소유권이전, 소유권보존, 분양, 등기, 가등기, 근저당, 저당권",전문 원문: https://www.law.go.kr/LSW/precInfoP.do?precSeq=158475,civil_sale_effect,민법 제568조 매매의 효력,civil_nonperformance_damages|민법 제390조 채무불이행 손해배상; civil_sale_effect|민법 제568조 매매의 효력
582,CASE_2023_00582,2021다249810,부당이득금[토지보상법에 따른 지장물 보상을 한 사업시행자가 현금청산대상자에 대하여 이전대상 건물 및 토지의 점유로 인한 부당이득반환을 구하는 사건],대법원,2023-08-18,민사,판결,상고심,파기환송,"[1] 타인 소유의 토지 위에 권원 없이 건물을 소유하는 자는 그 자체로 법률상 원인 없이 타인에게 토지 차임 상당의 손해를 주고 있는 것인지 여부 (원칙적 적극) [2] 간접점유에서 점유매개관계를 이루는 임대차계약 등이 종료된 이후에도 직접점유자가 목적물을 점유한 채 이를 반환하지 않고 있는 경우, 간접점유의 점유매개관계가 단절되는지 여부 (소극) [3] ‘도시 및 주거환경정비법’에 따른 정비사업의 시행자가 지장물에 관하여 ‘공익사업을 위한 토지 등의 취득 및 보상에 관한 법률’ 제75조 제1항 단서 제1호 또는 제2호 에 따라 지장물의 가격으로 보상한 경우, 지장...","[1] 사회통념상 건물은 그 부지를 떠나서는 존재할 수 없으므로 건물의 부지가 된 토지는 그 건물의 소유자가 점유하는 것으로 볼 것이고, 이 경우 건물의 소유자가 현실적으로 건물이나 그 부지를 점거하고 있지 아니하고 있더라도 건물의 소유를 위하여 그 부지를 점유한다고 볼 수 있다. 따라서 타인 소유의 토지 위에 권원 없이 건물을 소유하는 자는 그 자체로써 건물 부지가 된 토지를 점유하고 있는 것이므로 특별한 사정이 없는 한 법률상 원인 없이 타인의 재산으로 인하여 토지의 차임에 상당하는 이익을 얻고 이로 인하여 타인에게 동액 상당의 손해를 주고 있다고 할 것이다. [2] 민법상 간접점유를 인정하기 위해서는 간접점유자와 직접점유를 하는 자 사이에 일정한 법률관계, 즉 점유매...","[1] 민법 제192조 , 제741조 , 제750조 [2] 민법 제194조 [3] 도시 및 주거환경정비법 제65조 제1항 , 공익사업을 위한 토지 등의 취득 및 보상에 관한 법률 제43조 , 제75조 제1항 제1호 , 제2호 , 공익사업을 위한 토지 등의 취득 및 보상에 관한 법률 시행규칙 제33조 제4항 [4] 도시 및 주거환경정비법 제81조 제1항 제2호 , 공익사업을 위한 토지 등의 취득 및 보상에 관한 법률 제16조 , 제34조 , 제40조 , 제78조 제6항 , 민법 제750조 [5] 도...","[1] 대법원 2022. 9. 29. 선고 2018다243133, 243140 판결(공2022하, 2169) / [2] 대법원 2019. 8. 14. 선고 2019다205329 판결 (공2019하, 1735) / [3] 대법원 2022. 11. 17. 선고 2022다242342 판결 (공2023상, 35) / [4] 대법원 2021. 6. 30. 선고 2019다207813 판결 (공2021하, 1364), 대법원 2021. 8. 19. 선고 2021다215039 판결","주택, 토지, 건물, 임대차, 보증금, 임차권, 임차인, 임대차계약, 소유권이전, 등기, 손해배상, 파기",전문 원문: https://www.law.go.kr/LSW/precInfoP.do?precSeq=236795,civil_lease_definition,민법 제618조 임대차의 의의,civil_nonperformance_damages|민법 제390조 채무불이행 손해배상; civil_sale_effect|민법 제568조 매매의 효력; civil_lease_definition|민법 제618조 임대차의 의의
584,CASE_2024_00584,2024다249378,구상금,대법원,2024-10-25,민사,판결,상고심,파기환송,"[1] 주택 임차인이 법인인 경우, 임차주택의 양수인이 임대인의 지위를 당연히 승계한다는 내용의 주택임대차보호법 제3조 제4항 이 적용되는지 여부 (원칙적 소극) / 임대인이 법인을 임차인으로 하는 주택을 양도한 경우, 임대인의 법인에 대한 임대차보증금 반환채무가 소멸하는지 여부 (원칙적 소극) [2] 부동산 매수인이 매매목적물에 관한 임대차보증금 반환채무 등을 인수하는 한편 그 채무액을 매매대금에서 공제하기로 약정한 경우, 위 인수가 면책적 채무인수라고 볼 수 있는지 여부 (원칙적 소극) / 부동산 매도인과 매수인 사이에 임대차보증금 반환채무를 면책적으로 인수하는...","동□□□호(이하 ‘이 사건 □□□호’라 한다), 같은 동 ◇◇◇호(이하 ‘이 사건 ◇◇◇호’라 하고, 이들 부동산을 통틀어 ‘이 사건 부동산’이라 한다)를 각각 임대차보증금 86,000,000원, 임대차기간 2017. 7. 10.부터 2019. 7. 31.까지로 정하여 임차하는 내용의 임대차계약을 체결하였다(이하 ‘이 사건 임대차계약’이라 한다). 나. 원고는 진흥원과 이 사건 임대차계약 종료 시 임대인의 이 사건 부동산에 관한 임대차보증금 반환채무를 보증하는 내용의 전세보증금 반환보증약정(이하 ‘이 사건 보증약정’이라 한다)을 체결하고, 2017. 7. 25. 각각 보증금액 86,000,000원, 보증기간 2017. 7. 25.부터 2","[1] 주택임대차보호법 제3조 [2] 주택임대차보호법 제3조 , 민법 제454조 , 제455조","[1] 대법원 2002. 9. 24. 선고 2002다36228 (공2002하, 2538), 대법원 2003. 7. 25. 선고 2003다2918 판결 (공2003하, 1846) / [2] 대법원 2015. 5. 29. 선고 2012다84370 판결 (공2015하, 852), 대법원 2024. 6. 13. 선고 2024다215542 판결 (공2024하, 1091)","부동산, 주택, 임차주택, 임대차, 전세, 보증금, 임대인, 임차인, 전세권, 주택임대차, 임대차계약, 매매",전문 원문: https://www.law.go.kr/LSW/precInfoP.do?precSeq=605157,civil_lease_definition,민법 제618조 임대차의 의의,civil_nonperformance_damages|민법 제390조 채무불이행 손해배상; civil_sale_effect|민법 제568조 매매의 효력; civil_lease_definition|민법 제618조 임대차의 의의
585,CASE_1983_00585,83도823,사기·사문서위조·사문서위조행사·위증·무고,대법원,1983-09-13,형사,판결,상고심,상고기각,가. 아파트를 임대한 소유자가 소유권을 상실한 경우와 기망행위 나. 피고인의 처의 증언의 신빙성 다. 아파트 전매인이 전매시 전매인에게 아파트분양회사 대표이사가 그 분양업무와 관련하여 유죄판결받은 사실의 고지의무 유무,"가. 피고인이 아파트를 소외인으로부터 매수하여 피해자에게 임대한 것이 소외인의 동아파트 취득에 관한 분쟁이 발생하기 전이라면 설사 소외인에 대한 아파트분양이 무효이어서 피고인이 소유권을 취득할 수 없게 되었다 하더라도 그 임대행위를 가리켜 무권리자의 기망행위라고 볼 수는 없다. 나. 피고인의 처의 증언이라 하여 항상 신빙성이 없다고 단정할 수는 없다. 다. 부작위에 의한 사기에 있어서 고지의무는 일반거래의 경험칙상 상대방이 그 사실을 알았더라면 당해 법률행위를 하지 않았을 것이 명백한 경우에 신의칙에 비추어 인정되는 것이므로, 아파트 전매인이 전매시 아파트 분양회사의 대표이사가 그 분양업무와 관련된 형사사건으로 유죄판결을 받은 바 있다고 하여도, 그 범죄내용이 전매인의 위...",가.다. 형법 제347조 나. 형사소송법 제308조,없음,"아파트, 전세, 보증금, 월세, 매매, 매수, 매도, 매매계약, 분양, 공정증서원본불실기재, 사기, 기망",전문 원문: https://www.law.go.kr/LSW/precInfoP.do?precSeq=141203,criminal_fraud,형법 제347조 사기죄,criminal_fraud|형법 제347조 사기죄; civil_fraud_duress|민법 제110조 사기·강박에 의한 의사표시; civil_sale_effect|민법 제568조 매매의 효력; civil_lease_definition|민법 제618조 임대차의 의의
586,CASE_2014_00586,2014도3363,배임,대법원,2014-08-21,형사,판결,상고심,파기환송,"[1] 채권 담보 목적으로 부동산에 관한 대물변제예약을 체결한 채무자가 대물로 변제하기로 한 부동산을 제3자에게 처분한 경우, 배임죄가 성립하는지 여부 (소극) [2] 채무자인 피고인이 채권자 甲에게 차용금을 변제하지 못할 경우 자신의 어머니 소유 부동산에 대한 유증상속분을 대물변제하기로 약정한 후 유증을 원인으로 위 부동산에 관한 소유권이전등기를 마쳤음에도 이를 제3자에게 매도함으로써 甲에게 손해를 입혔다고 하여 배임으로 기소된 사안에서, 피고인이 ‘타인의 사무를 처리하는 자’의 지위에 있다고 볼 수 없는데도, 이와 다른 전제에서 유죄를 인정한 원심판결에 법리오해의...","[1] [다수의견] (가) 채무자가 채권자에 대하여 소비대차 등으로 인한 채무를 부담하고 이를 담보하기 위하여 장래에 부동산의 소유권을 이전하기로 하는 내용의 대물변제예약에서, 약정의 내용에 좇은 이행을 하여야 할 채무는 특별한 사정이 없는 한 ‘자기의 사무’에 해당하는 것이 원칙이다. (나) 채무자가 대물변제예약에 따라 부동산에 관한 소유권을 이전해 줄 의무는 예약 당시에 확정적으로 발생하는 것이 아니라 채무자가 차용금을 제때에 반환하지 못하여 채권자가 예약완결권을 행사한 후에야 비로소 문제가 되고, 채무자는 예약완결권 행사 이후라도 얼마든지 금전채무를 변제하여 당해 부동산에 관한 소유권이전등기절차를 이행할 의무를 소멸시키고 의무에서 벗어날 수 있다. 한편 채권자는 당해...",[1] 형법 제355조 제2항 [2] 형법 제355조 제2항,[1] 대법원 2000. 12. 8. 선고 2000도4293 판결(폐기),"부동산, 전세, 전세권, 매매, 매도, 매매계약, 소유권이전, 등기, 근저당, 저당권, 담보, 배임",전문 원문: https://www.law.go.kr/LSW/precInfoP.do?precSeq=187492,embezzlement_breach_of_trust,형법 제355조·제356조 횡령·배임,embezzlement_breach_of_trust|형법 제355조·제356조 횡령·배임; civil_sale_effect|민법 제568조 매매의 효력; civil_lease_definition|민법 제618조 임대차의 의의
587,CASE_2011_00587,2010나2887,배당이의,청주지방법원,2011-02-11,민사,판결,2심,항소기각,"】 【제1심판결】 청주지방법원 제천지원 2010. 5. 19. 선고 2009가단4745 판결 【변론종결】 2010. 11. 30. 【주 문】 1. 원고의 항소를 기각한다. 2. 항소비용은 원고가 부담한다. 【청구취지 및 항소취지】 제1심 판결을 취소한다. 청주지방법원 제천지원 2008타경4772호 부동산임의경매 사건에 관하여 위 법원이 2009. 12. 7. 작성한 배당표 중 원고에 대한 배당액 0원을 55,546,956원으로, 피고에 대한 배당액 204,901,882원을 149,354,926원으로 각 경정한다. 【이 유】 1. 기초사실 아래의 사실은 당사자 사이에","인정할 수 있다. 가. 제천시 봉양읍 원박리 (지번 생략) 임야 305,653㎡(이하 ‘이 사건 토지’라 한다)에 관하여 2006. 8. 16. 소외 1 명의의 소유권이전등기가 경료되었고, 같은 날 피고 명의의 소유권이전청구권가등기(이하 ‘이 사건 가등기’라 한다)가 경료되었다. 이후 이 사건 토지 중 272,728.5/305,653 지분에 관하여 주식회사 금강산림조합(이하 ‘금강산림조합’이라 한다) 명의의 소유권이전등기가 경료되었고, 원고는 2007. 2. 2. 금강산림조합의 지분을 가압류하였다. 나. 이 사건 토지의 근저당권자인 소외 2의 신청에 의하여 진행된 청주지방법원 제천지원 2008타경4772호 부동산임의경매절차에서, 경매법원",원문 참조,없음,"부동산, 토지, 임야, 매매, 매매대금, 소유권이전, 등기, 가등기, 근저당, 저당권, 담보, 경매",전문 원문: https://www.law.go.kr/LSW/precInfoP.do?precSeq=157540,civil_sale_effect,민법 제568조 매매의 효력,civil_sale_effect|민법 제568조 매매의 효력; civil_lease_definition|민법 제618조 임대차의 의의
588,CASE_1994_00588,"92노8088,93초5233",사기등피고사건,서울형사지법,1994-01-13,형사,판결,2심,항소기각,"타인 소유의 부동산을 매도할 당시 매수인인 피해자에게 소유권을 이전시켜 줄 수 없으리라는 사정을 예견하였거나, 적어도 소유권을 이전시켜 줄 수 있으리라는 확신 없이 그러한 사실을 고지하지 아니한 채 매매계약을 체결한 사안에서 편취의 범의를 인정한 사례","변호인의 항소이유의 요지는 피고인은 이 사건 부동산의 소재지인 전북 부안군 행안면 역리 지역이 부동산거래 신고지역인 사실을 알지 못하였던 관계로 이 사건 부동산 매매계약 당시 그 신고를 배제하거나 참탈할 의사가 없었으므로 피고인에게 신고 없이 부동산 거래계약을 체결한다는 범의가 없었음에도 원심은 사실을 오인하였거나 범의에 관한 법리를 오해한 나머지 피고인에 대한 이 사건 국토이용관리법위반의 점에 대한 공소사실을 유죄로 인정함으로써 판결에 영향을 미친 위법을 범하였다는 것이고, 검사의 항소이유의 요지는 이 사건에 나타난 적법한 증거들에 의하면 피고인에 대한 이 사건 사기 및 사문서위조, 동행사의 공소사실은 그 증명이 충분함에도 불구하고 원",형법 제347조 제1항,없음,"부동산, 토지, 매매, 매수, 매도, 매매계약, 계약금, 중도금, 잔금, 소유권이전, 등기, 인감증명",전문 원문: https://www.law.go.kr/LSW/precInfoP.do?precSeq=223075,criminal_fraud,형법 제347조 사기죄,criminal_fraud|형법 제347조 사기죄; civil_sale_effect|민법 제568조 매매의 효력
589,CASE_1965_00589,65누151,매매계약취소처분취소,대법원,1965-11-30,행정,판결,상고심,원판결을 파기하고 사건을 서울고등법원으로 환송한다.,귀속재산의 이중 매매와 행정처분의 취소사유,귀속재산을 이중으로 매각한 행정처분은 먼저 매각한 사람의 권리를 침해하는 위법한 행정처분으로 언제든지 취소할 수 있다.,귀속재산처리법 제35조,없음,"부동산, 임야, 매매, 매수, 매매계약, 등기, 강박, 사기, 파기, 취소",전문 원문: https://www.law.go.kr/LSW/precInfoP.do?precSeq=152731,civil_sale_effect,민법 제568조 매매의 효력,civil_sale_effect|민법 제568조 매매의 효력
590,CASE_1957_00590,4289행상97,행정처분취소,대법원,1957-05-17,민사,판결,상고심,상고기각,귀속재산처리법 제12조 와 점포,귀속재산처리법 제12조 에 의하면 동일 가족에 속하는자 중 어느 일원이 매수할 귀속주택 또는 대지를 중심으로 12미이내의 지역에 주택을 소유하고 있는 경우에는 그 가족에 속하는 자는 귀속주택 또는 대지를 매수할 수 없다 할것이나 점포소유자에게는 여사한 제한이 없다고 해석할 것이다,귀속재산처리법 제12조,없음,"부동산, 주택, 건물, 임대차, 임대차계약, 매수, 등기, 협박, 공갈, 상해, 고소, 기각",전문 원문: https://www.law.go.kr/LSW/precInfoP.do?precSeq=86276,civil_lease_definition,민법 제618조 임대차의 의의,civil_sale_effect|민법 제568조 매매의 효력; civil_lease_definition|민법 제618조 임대차의 의의
591,CASE_2010_00591,2009나118718,수분양권확인,서울고등법원,2010-11-26,민사,판결,2심,청구기각,1. 제1심 판결의 예비적 청구 중 원고들에 대한 피고 비산동대림지역주택조합 패소부분을 취소한다. 당심에서 교환적으로 변,"1. 인정사실 이 부분에 설시할 이유는 아래 항을 추가하는 것 외에는 제1심 판결문 “1. 인정사실”과 같다( 민사소송법 제420조 본문). 자. 이 사건 각 아파트에는 2008. 10. 27. 피고 조합 명의의 소유권보존등기와 동시에 수원지방법원 안양지원 안양등기소 접수 제82546호로 구 주택법(2009. 1. 30. 법률 제9366호로 개정되기 전의 것) 제40조 에 따른 금지사항 부기등기(""이 주택은 부동산등기법에 따라 소유권보존등기를 마친 주택으로서 입주예정자의 동의를 얻지 아니하고는 당해 주택에 대하여 양도 또는 제한물권을 설정하거나 압류·가압류·가처분 등 소유권에 제한을 가하는 일체의 행위를 할 수 없음""이라고 기재되어 있",원문 참조,없음,"부동산, 주택, 아파트, 매수, 소유권이전, 소유권보존, 분양, 분양대금, 분양계약, 지역주택조합, 조합원, 분양권",전문 원문: https://www.law.go.kr/LSW/precInfoP.do?precSeq=171740,civil_sale_effect,민법 제568조 매매의 효력,civil_sale_effect|민법 제568조 매매의 효력
592,CASE_2021_00592,2017다291319,배당이의,대법원,2021-01-14,민사,판결,상고심,상고기각,"[1] 구 주택건설촉진법에 따라 주택건설사업계획의 승인을 받은 재건축조합에 대하여 관리처분계획의 인가와 이를 기초로 한 이전고시에 관한 조항 등 구 도시 및 주거환경정비법의 절차나 방식에 관한 규정들이 배제되는지 여부 (적극) [2] 재건축조합이 구 주택건설촉진법 제44조의3 제5항 에 의하여 준용되는 구 도시재개발법 제33조 내지 제45조 에 정한 관리처분계획 인가 및 이에 따른 분양처분 고시 등의 절차를 거치지 아니한 채 조합원에게 신 주택이나 대지가 분양된 경우, 구 주택이나 대지에 관한 소유권이 신 주택이나 대지에 관한 소유권으로 강제적으로 교환ㆍ변경되어 공용...","[1] 구 도시 및 주거환경정비법(2017. 2. 8. 법률 제14567호로 전부 개정되기 전의 것, 이하 ‘구 도시정비법’이라고 한다) 부칙(2002. 12. 30.) 제7조 제1항은 ‘사업시행방식에 관한 경과조치’라는 표제로 ""종전 법률에 의하여 사업계획의 승인이나 사업시행인가를 받아 시행 중인 것은 종전의 규정에 의한다.""라고 규정하고 있으므로, 종전 법률인 구 주택건설촉진법(2002. 12. 30. 법률 제6852호로 개정되기 전의 것)에 따라 주택건설사업계획의 승인을 받은 재건축조합에 대하여는 구 도시정비법에 의한 재건축사업의 시행방식인 관리처분계획의 인가와 이를 기초로 한 이전고시에 관한 조항 등은 물론 그 밖의 세부적인 구 도시정비법의 절차나 방식에 관한 규정...","[1] 구 주택건설촉진법(2002. 12. 30. 법률 제6852호로 개정되기 전의 것) 제33조 제1항 (현행 주택법 제15조 제1항 참조), 구 도시 및 주거환경정비법(2017. 2. 8. 법률 제14567호로 전부 개정되기 전의 것) 제48조 (현행 제74조 참조), 제54조 제2항 (현행 제86조 제2항 참조), 부칙(2002. 12. 30.) 제7조 제1항 [2] 구 주택건설촉진법(2002. 12. 30. 법률 제6852호로 개정되기 전의 것) 제44조의3 제5항 (현행 도시 및 주거환경...","[1][2] 대법원 2011. 4. 14. 선고 2010다96072 판결 (공2011상, 911) / [1] 대법원 2010. 1. 28. 선고 2009다78368 판결 (공2010상, 419) / [2] 대법원 2009. 6. 23. 선고 2008다1132 판결 (공2009하, 1177) / [3] 대법원 1995. 8. 22. 선고 94다12722 판결 (공1995하, 3232), 대법원 1997. 6. 10. 자 97마814 결정 (공1997하, 2253), 대법원 2008. 3. 13. 선...","부동산, 주택, 아파트, 토지, 건물, 대지권, 매수, 소유권이전, 소유권보존, 공유지분, 분양, 분양계약",전문 원문: https://www.law.go.kr/LSW/precInfoP.do?precSeq=214255,civil_sale_effect,민법 제568조 매매의 효력,civil_sale_effect|민법 제568조 매매의 효력; civil_lease_definition|민법 제618조 임대차의 의의
593,CASE_2009_00593,2009도5780,부동산실권리자명의등기에관한법률위반·공정증서원본불실기재,대법원,2009-10-15,형사,판결,상고심,원심판결 중 피고인에 대한 부분을 파기하고 이 부분 사건을 광주지방법원 본원 합의부에 환송한다.,등기의무자 명의의 소유권이전등기가 원인무효임을 알면서 그로부터 가장매수하고 이를 원인으로 소유권이전등기를 경료한 경우 공정증서원본불실기재 및 동행사죄의 성립 여부 (소극),"상고이유를 본다. 1. 부동산 실권리자명의 등기에 관한 법률 위반의 점 원심은 그 채용 증거를 종합하여 그 판시와 같은 사실들을 인정한 다음, 그 사실들에 그 채용 증거들에 의하여 인정되는 여러 사정, 즉 이 사건 모든 부동산의 등기에 피고인이 실질적으로 관여하였고 공소외 1, 2 등이 단독으로 등기이전 절차를 진행한 적이 없는 점, 피고인의 어머니인 공소외 1은 해남군 토지 35필지를 경매로 매수할 당시 공소외 3으로부터 금원을 차용하였다고 주장하나, 공소외 3은 공소외 1을 본 적도 없다고 진술하는 점, 공소외 2가","형법 제228조 , 제229조","대법원 1991. 9. 24. 선고 91도1164 판결 (공1991, 2641)","부동산, 토지, 매매, 매수, 매도, 매매대금, 잔금, 소유권이전, 등기, 담보, 명의신탁, 부동산실권리자",전문 원문: https://www.law.go.kr/LSW/precInfoP.do?precSeq=142814,civil_sale_effect,민법 제568조 매매의 효력,civil_sale_effect|민법 제568조 매매의 효력
594,CASE_2010_00594,2009도10139,사문서위조·위조사문서행사·사기,대법원,2010-01-28,형사,판결,상고심,파기환송,"[1] 공범관계에 있는 공동피고인에 대하여 검사 이외의 수사기관이 작성한 피의자신문조서의 증거능력 [2] 공동피고인이 위조된 부동산임대차계약서를 담보로 제공하고 피해자로부터 돈을 빌려 편취할 것을 계획하면서 피고인에게 미리 전화를 하여 임대인 행세를 하여달라고 부탁하였고, 피고인은 임대인인 것처럼 행세하여 전세금액 등을 확인한 사안에서, 피고인의 행위는 위조사문서행사에 있어서 기능적 행위지배의 공동정범 요건을 갖추었다고 한 사례","[1] 형사소송법 제312조 제3항 은 검사 이외의 수사기관이 작성한 당해 피고인에 대한 피의자신문조서를 유죄의 증거로 하는 경우뿐만 아니라, 검사 이외의 수사기관이 작성한 당해 피고인과 공범관계에 있는 다른 피고인이나 피의자에 대한 피의자신문조서를 당해 피고인에 대한 유죄의 증거로 채택할 경우에도 적용된다. 따라서 당해 피고인과 공범관계에 있는 공동피고인에 대하여 검사 이외의 수사기관이 작성한 피의자신문조서는 그 공동피고인의 법정진술에 의하여 성립의 진정이 인정되더라도 당해 피고인이 공판기일에서 그 조서의 내용을 부인하면 증거능력이 부정된다. [2] 공동피고인이 위조된 부동산임대차계약서를 담보로 제공하고 피해자로부터 돈을 빌려 편취할 것을 계획하면서 피해자가 계약서상의...","[1] 형사소송법 제312조 제3항 [2] 형법 제30조 , 제234조 , 제347조 , 형사소송법 제308조","[1] 대법원 2004. 7. 15. 선고 2003도7185 전원합의체 판결 (공2004하, 1393), 대법원 2009. 7. 9. 선고 2009도2865 판결 (공2009하, 1386), 대법원 2009. 10. 15. 선고 2009도1889 판결 (공2009하, 1910)","부동산, 임대차, 전세, 전세금, 임대인, 임대차계약, 담보, 사기, 편취, 위조, 무죄, 파기",전문 원문: https://www.law.go.kr/LSW/precInfoP.do?precSeq=215521,criminal_fraud,형법 제347조 사기죄,criminal_fraud|형법 제347조 사기죄; civil_lease_definition|민법 제618조 임대차의 의의
595,CASE_2024_00595,2022다291313,건물인도,대법원,2024-01-04,민사,판결,상고심,파기환송,"[1] 확정판결에 기한 강제집행절차가 적법하게 진행되어 종료된 후에 그 강제집행이 권리남용에 해당하여 허용될 수 없다는 등의 사유를 들어 강제집행에 따른 효력 자체를 다투는 것이 허용되는지 여부 (소극) [2] 甲 은행이 임차인인 乙과의 대출약정에 근거하여 임대인인 丙을 대위하여 乙을 상대로 건물의 인도를 청구하였고, 이에 따라 乙로 하여금 丙에게 건물의 인도를 명하는 종전 판결이 내려져 확정되었는데, 甲 은행의 신청에 따라 종전 확정판결을 집행권원으로 하여 건물에 대한 부동산인도집행이 종료되었음에도 乙이 이를 무단으로 점유하자 丙이 소유권에 기한 방해배제청구권의 행...","[1] 확정판결에 의한 권리라 하더라도 신의에 좇아 성실히 행사되어야 하고 판결에 기한 집행이 권리남용이 되는 경우에는 허용되지 않으므로, 집행채무자는 청구이의의 소에 의하여 집행의 배제를 구할 수 있으나, 확정판결은 소송당사자를 기속하는 것이므로 재심의 소에 의하여 취소되거나 청구이의의 소에 의하여 집행력이 배제되지 아니한 채 확정판결에 기한 강제집행절차가 적법하게 진행되어 종료되었다면 강제집행에 따른 효력 자체를 부정할 수는 없고, 강제집행이 이미 종료된 후 다시 확정판결에 기한 강제집행이 권리남용에 해당하여 허용될 수 없다는 등의 사유를 들어 강제집행에 따른 효력 자체를 다투는 것은 확정판결의 기판력에 저촉되어 허용될 수 없다. [2] 甲 은행이 임차인인 乙과의 대출...","[1] 민사소송법 제216조 , 민법 제2조 , 민사집행법 제24조 , 제44조 [2] 민법 제192조 제2항 , 제214조 , 민사소송법 제216조 , 민사집행법 제24조 , 제44조","[1] 대법원 1984. 7. 24. 선고 84다카572 판결 (공1984, 1479), 대법원 2001. 11. 13. 선고 99다32899 판결 (공2002상, 29), 대법원 2007. 6. 28. 선고 2006다64009 판결","부동산, 주택, 토지, 건물, 임대차, 보증금, 임차권, 임대인, 임차인, 임대차계약, 기각, 파기",전문 원문: https://www.law.go.kr/LSW/precInfoP.do?precSeq=239233,civil_lease_definition,민법 제618조 임대차의 의의,civil_lease_definition|민법 제618조 임대차의 의의
596,CASE_2022_00596,2021가소111108,임대차보증금,수원지방법원 안양지원,2022-09-22,민사,판결,1심,일부인용,"1. 28.부터 2022. 9. 22.까지는 연 5%, 그 다음날부터 다 갚는 날까지는 연 12%의 각 비율로 계산한 돈을 지급하라. 2. 원고의 나머지 청구를 기각한다. 3. 소송비용 중 30%는 원고가, 나머지는 피고가 각 부담한다. 4. 제1항은 가집행할 수 있다. 【청구취지】 피고는 원고에게 30,000,000원 및 이에 대하여 2021. 1. 28.부터 다 갚는 날까지 연 12%의 비율로 계산한 돈을 지급하라. 【이 유】 1. 임대차계약의 종료 시기에 관한 판단 가. 원고의 주장 원고는 상가건물임대차보호법(이하 ‘상가임대차법’이라고 한다)상 임차인이 임대차계",1. 임대차계약의 종료 시기에 관한 판단 가. 원고의 주장 원고는 상가건물임대차보호법(이하 ‘상가임대차법’이라고 한다)상 임차인이 임대차계약의 갱신거절 통지를 할 수 있는 시기에 제한이 없으므로 임차인인 원고의 2020. 12. 29.자 계약종료 통지에 따라 이 사건 임대차계약은 2020. 12. 30. 기간만료로 종료되었다. 나. 판단 1) 관련 규정 상가임대차법은 임대차계약의 갱신과 관련하여 다음과 같은 규정을 두고 있다. 제10조(계약갱신 요구 등) ① 임대인은 임차인이 임대차기,원문 참조,없음,"주택, 상가, 건물, 임대차, 보증금, 임대인, 임차인, 주택임대차, 상가건물임대차, 임대차계약, 담보, 허위",전문 원문: https://www.law.go.kr/LSW/precInfoP.do?precSeq=241165,civil_lease_definition,민법 제618조 임대차의 의의,civil_lease_definition|민법 제618조 임대차의 의의
597,CASE_2019_00597,2017다202968,매매대금반환,대법원,2019-10-18,민사,판결,상고심,상고기각,"토지이용규제 기본법 제5조 제3호 에서 정한 ‘다른 법령의 위임에 따라 총리령, 부령 및 자치법규에 규정된 지역·지구 등’은 국토교통부장관이 그 명칭과 근거 법령을 관보에 고시하여야만 지역·지구 등으로서 효력이 있는지 여부 (적극) 및 시장·군수·구청장은 위 지역·지구 등의 명칭과 근거 법령이 국토교통부장관 고시에 포함되어 있어 해당 지역·지구 등의 지정행위가 유효한 경우에만 중앙행정기관의 장 또는 지방자치단체의 장의 통보에 따라 이를 국토이용정보체계에 등재할 의무가 있는지 여부 (적극)","토지이용규제 기본법(이하 ‘토지이용규제법’이라 한다)은 토지이용규제의 투명성을 확보하여 국민의 토지이용상의 불편을 줄이고 국민경제의 발전에 이바지함을 목적으로 한다( 제1조 ). 토지이용규제법 제2조 제1호 는 ‘지역·지구·구역·권역·단지·도시·군계획시설 등 명칭에 관계없이 개발행위를 제한하거나 토지이용과 관련된 인허가 등을 받도록 하는 등 토지의 이용 및 보전에 관한 제한을 하는 일단의 토지로서 제5조 각호 에 규정된 것’을 ‘지역·지구 등’으로 정의하는데, 제5조 제3호 는 ‘다른 법령의 위임에 따라 총리령, 부령 및 자치법규에 규정된 지역·지구 등’은 국토교통부장관이 이를 관보에 고시하지 않으면 신설할 수 없다고 정하고 있다. 이에 따라 국토교통부장관은 ‘토지이용규제...","토지이용규제 기본법 제1조 , 제2조 제1호 , 제5조 제3호 , 제8조 제8항 , 제9항 , 제9조 제1항",없음,"부동산, 토지, 중개대상물, 매매, 매수, 매매계약, 매매대금, 소유권이전, 대금반환, 공인중개, 확인·설명, 등기",전문 원문: https://www.law.go.kr/LSW/precInfoP.do?precSeq=225641,realtor_prohibited_acts,공인중개사법 제33조 금지행위,civil_sale_effect|민법 제568조 매매의 효력; realtor_prohibited_acts|공인중개사법 제33조 금지행위
598,CASE_2013_00598,2013다52622,소유권 이전등기 말소등,대법원,2013-10-11,민사,판결,상고심,상고기각,[1] 타인의 이름으로 계약을 체결한 행위자가 계약의 당사자가 되는 경우 [2] 부동산 이중매매에서 제2양수인의 행위가 공서양속에 반한다고 하기 위한 요건 및 판단 기준,"[1] 상대방과의 사이에 계약 체결의 행위를 하는 사람이 다른 사람 행세를 하여 그 타인의 이름을 사용하여 계약서 기타 계약에 관련된 서면 등이 작성되었다고 하더라도, 행위자와 상대방이 모두 행위자 자신이 계약의 당사자라고 이해한 경우, 또는 그렇지 아니하다고 하더라도 상대방의 입장에서 합리적으로 평가할 때 행위자 자신이 계약의 당사자가 된다고 보는 경우에는, 행위자가 계약의 당사자가 되고 그 계약의 효과는 행위자에게 귀속된다. [2] 어떠한 부동산에 관하여 소유자가 양도의 원인이 되는 매매 기타의 계약을 하여 일단 소유권 양도의 의무를 짐에도 다시 제3자에게 매도하는 등으로 같은 부동산에 관하여 소유권 양도의 의무를 이중으로 부담하고 나아가 그 의무의 이행으로, 그러나...",[1] 민법 제105조 [2] 민법 제103조,"[1] 대법원 1998. 3. 13. 선고 97다22089 판결 (공1998상, 1011) / [2] 대법원 2009. 9. 10. 선고 2009다34481 판결","부동산, 매매, 매수, 매도, 매매계약, 소유권이전, 등기, 배임, 기각, 무효",전문 원문: https://www.law.go.kr/LSW/precInfoP.do?precSeq=171477,civil_sale_effect,민법 제568조 매매의 효력,civil_sale_effect|민법 제568조 매매의 효력
599,CASE_2023_00599,2020다276914,임대차보증금,대법원,2023-06-29,민사,판결,상고심,파기환송,"[1] 대항력을 갖추지 못한 임차인의 경우, 임차주택이 다른 사람에게 이전되었더라도 임대인이 임차보증금 반환의무를 부담하는지 여부 (원칙적 적극) [2] 임차주택의 양수인에게 대항할 수 있는 임차권자라도 스스로 임대차관계의 승계를 원하지 않는 경우, 승계되는 임대차관계의 구속을 면할 수 있는지 여부 (적극)","의 개요 원심판결의 이유와 기록에 따르면 다음과 같은 사실을 알 수 있다. 가. 원고는 2016. 4. 4. 이 사건 주택의 소유자인 피고로부터 이 사건 주택을 보증금 185,000,000원, 임대차기간 2016. 4. 14.부터 2018. 4. 13.까지로 정하여 임차하면서(이하 ‘이 사건 임대차계약’이라 한다), 피고와 이 사건 임대차계약과 동일한 내용의 전세권설정계약도 체결하였다. 나. 원고는 2016. 4. 14. 피고에게 보증금을 모두 지급한 후 확정일자를 받고 주민등록법상 전입신고를 마쳤으며, 같은 날 이 사건 주택에 관하여 전세권설정등기도 마쳤다. 다. 이 사건 임대차계약기간이 종료되었음에도 피고가 보증금을 반환하지 않자,","[1] 주택임대차보호법 제3조 제4항 [2] 민법 제2조 , 주택임대차보호법 제3조 제4항","[2] 대법원 1996. 7. 12. 선고 94다37646 판결 (공1996하, 2458)","주택, 임차주택, 임대차, 전세, 보증금, 임차권, 임대인, 임차인, 전세권, 주택임대차, 임대차계약, 임차보증금",전문 원문: https://www.law.go.kr/LSW/precInfoP.do?precSeq=240589,civil_lease_definition,민법 제618조 임대차의 의의,civil_lease_definition|민법 제618조 임대차의 의의
600,CASE_2023_00600,2022다273018,유치권존재확인의소,대법원,2023-04-27,민사,판결,상고심,상고기각,"[1] 유치권의 피담보채권이 되기 위한 요건 및 법률과 관습법이 인정하지 않는 새로운 종류나 내용의 물권을 창설할 수 있는지 여부 (소극) [2] 인접한 구분건물 사이에 설치된 경계벽이 제거되어 각 구분건물이 구조상 및 이용상 독립성을 상실하였으나, 각 구분건물의 위치와 면적 등을 특정할 수 있고 사회통념상 그것이 복원을 전제로 한 일시적인 것으로서 복원이 용이한 경우, 그 구분건물에 관한 등기의 효력 (유효) [3] 甲 주식회사가 구분등기가 마쳐진 4개 호실 중 1개 호실을 임차하면서 임대인과 ‘임대차계약이 종료된 경우에 임대인은 임차인에게 임차인이 위 부동산에 관...","[1] 유치권은 점유하는 물건으로써 유치권자의 피담보채권에 대한 우선적 만족을 확보하여 주는 법정담보물권이다. 민법 제320조 제1항 은 “타인의 물건 또는 유가증권을 점유한 자는 그 물건이나 유가증권에 관하여 생긴 채권이 변제기에 있는 경우에는 변제를 받을 때까지 그 물건 또는 유가증권을 유치할 권리가 있다.”라고 규정하고 있으므로, 유치권의 피담보채권은 ‘그 물건에 관하여 생긴 채권’이어야 한다. 민법 제185조 는 “물권은 법률 또는 관습법에 의하는 외에는 임의로 창설하지 못한다.”라고 정하여 물권법정주의를 선언하고 있다. 물권법의 강행법규성에 따라 법률과 관습법이 인정하지 않는 새로운 종류나 내용의 물권을 창설하는 것은 허용되지 않는다. [2] 인접한 구분건물 사이...","[1] 민법 제185조 , 제320조 제1항 [2] 집합건물의 소유 및 관리에 관한 법률 제1조 , 제1조의2 , 민법 제186조 , 제215조 [3] 민법 제185조 , 제186조 , 제215조 , 제320조 제1항 , 제626조 제2항 , 집합건물의 소유 및 관리에 관한 법률 제1조 , 제1조의2","[1] 대법원 2012. 1. 26. 선고 2011다96208 판결 (공2012상, 312), 대법원 2021. 12. 30. 선고 2018다40235, 40242 판결(공2022상, 230), 대법원 2022. 6. 16. 선고 2018다301350 판결 (공2022하, 1356) / [2] 대법원 1999. 6. 2. 자 98마1438 결정 (공1999하, 1851), 대법원 2022. 12. 29. 자 2019마5500 결정(공2023상, 355)","부동산, 건물, 임대차, 보증금, 임대인, 임차인, 임대차계약, 소유권이전, 분양, 공인중개, 등기, 담보",전문 원문: https://www.law.go.kr/LSW/precInfoP.do?precSeq=234639,realtor_prohibited_acts,공인중개사법 제33조 금지행위,civil_sale_effect|민법 제568조 매매의 효력; civil_lease_definition|민법 제618조 임대차의 의의; realtor_prohibited_acts|공인중개사법 제33조 금지행위
601,CASE_2019_00601,2018가합717,영업금지등청구의소,전주지법,2019-08-22,민사,판결,1심,"1. 원고들의 주위적 피고 1, 피고 2에 대한 청구 및 원고 1의 예비적 피고 주식회사 암텍에 대한 청구를 모두 기각한다....","甲 주식회사가 신축 상가의 1층에 위치한 점포를 약국으로 업종을 제한하여 乙에게 분양하면서 ‘최초 임대분양 시 위 점포 이외에는 약국으로 분양 및 임대하지 않는다’는 내용이 포함된 분양계약서를 작성하였고, 현재 丙이 위 점포를 乙로부터 임차하여 약국을 운영하고 있는데, 그 후 甲 회사가 乙 소유 점포 바로 옆에 위치한 미분양 점포를 업종제한에 관한 내용이 기재되지 않은 매매계약서를 작성하여 丁에게 매도하고, 丁도 위 점포를 업종제한에 관한 내용이 기재되지 않은 임대차계약서를 작성하여 戊에게 임대하여, 戊가 그곳에서 약국을 운영하자, 乙과 丙이 주위적으로는 丁과 戊를...","甲 주식회사가 신축 상가의 1층에 위치한 점포를 약국으로 업종을 제한하여 乙에게 분양하면서 ‘최초 임대분양 시 위 점포 이외에는 약국으로 분양 및 임대하지 않는다’는 내용이 포함된 분양계약서를 작성하였고, 현재 丙이 위 점포를 乙로부터 임차하여 약국을 운영하고 있는데, 그 후 甲 회사가 乙 소유 점포 바로 옆에 위치한 미분양 점포를 업종제한에 관한 내용이 기재되지 않은 매매계약서를 작성하여 丁에게 매도하고, 丁도 위 점포를 업종제한에 관한 내용이 기재되지 않은 임대차계약서를 작성하여 戊에게 임대하여, 戊가 그곳에서 약국을 운영하자, 乙과 丙이 주위적으로는 丁과 戊를 상대로 영업금지 등을 구하고, 예비적으로는 甲 회사를 상대로 업종제한 약정 위반에 따른 손해배상을 구한 사안...","민법 제105조 , 제390조",없음,"상가, 임대차, 보증금, 임차인, 임대차계약, 매매, 매수, 매도, 매매계약, 소유권이전, 소유권보존, 분양",전문 원문: https://www.law.go.kr/LSW/precInfoP.do?precSeq=209637,civil_lease_definition,민법 제618조 임대차의 의의,civil_nonperformance_damages|민법 제390조 채무불이행 손해배상; civil_sale_effect|민법 제568조 매매의 효력; civil_lease_definition|민법 제618조 임대차의 의의
602,CASE_2011_00602,2008도10479,배임,대법원,2011-01-20,형사,판결,상고심,상고기각,"[1] 매도인이 매수인으로부터 중도금을 수령한 이후에 매매목적물인 ‘동산’을 제3자에게 양도하는 행위가 배임죄에 해당하는지 여부 (소극) [2] 피고인이 ‘인쇄기’를 甲에게 양도하기로 하고 계약금 및 중도금을 수령하였음에도 이를 자신의 채권자 乙에게 기존 채무 변제에 갈음하여 양도함으로써 재산상 이익을 취득하고 甲에게 동액 상당의 손해를 입혔다는 배임의 공소사실에 대하여, 이를 무죄로 선고한 원심판단을 수긍한 사례","[1] [다수의견] (가) 매매와 같이 당사자 일방이 재산권을 상대방에게 이전할 것을 약정하고 상대방이 그 대금을 지급할 것을 약정함으로써 그 효력이 생기는 계약의 경우( 민법 제563조 ), 쌍방이 그 계약의 내용에 좇은 이행을 하여야 할 채무는 특별한 사정이 없는 한 ‘자기의 사무’에 해당하는 것이 원칙이다. (나) 매매의 목적물이 동산일 경우, 매도인은 매수인에게 계약에 정한 바에 따라 그 목적물인 동산을 인도함으로써 계약의 이행을 완료하게 되고 그때 매수인은 매매목적물에 대한 권리를 취득하게 되는 것이므로, 매도인에게 자기의 사무인 동산인도채무 외에 별도로 매수인의 재산의 보호 내지 관리 행위에 협력할 의무가 있다고 할 수 없다. 동산매매계약에서의 매도인은 매수인에...","[1] 형법 제355조 제2항 , 민법 제563조 [2] 형법 제355조 제2항","[1] 대법원 1975. 12. 23. 선고 74도2215 판결 (공1976, 8956), 대법원 1979. 11. 27. 선고 76도3962 전원합의체 판결 (공1980, 12431), 대법원 1981. 7. 28. 선고 81도966 판결 (공1981, 14222), 대법원 1983. 2. 8. 선고 81도3137 판결 (공1983, 528), 대법원 1998. 11. 10. 선고 98도2526 판결 (공1998하, 2903), 대법원 1999. 4. 15. 선고 97도666 전원합의체 판결 (...","부동산, 매매, 매수, 매도, 매매계약, 계약금, 중도금, 소유권이전, 등기, 담보, 배임, 무죄",전문 원문: https://www.law.go.kr/LSW/precInfoP.do?precSeq=166332,embezzlement_breach_of_trust,형법 제355조·제356조 횡령·배임,embezzlement_breach_of_trust|형법 제355조·제356조 횡령·배임; civil_sale_effect|민법 제568조 매매의 효력
603,CASE_2016_00603,"2015나2011258(본소), 2015나2011265(반소)",소유권이전등기·소유권이전등기,서울고등법원,2016-12-14,민사,판결,2심,항소기각,". 선고 2012가합12825(본소), 2013가합31908(반소) 판결 【변론종결】 2016. 11. 16. 【주 문】 1. 제1심판결 중 본소에 관한 부분을 취소하고, 그 취소 부분에 해당하는 원고(반소피고) 및 원고들의 청구를 모두 기각한다. 2. 피고(반소원고)의 반소에 관한 항소를 모두 기각한다. 3. 소송총비용 중 본소로 인한 부분은 원고(반소피고) 및 원고들이, 반소로 인한 부분은 피고(반소원고)가 각 부담한다. 【청구취지 및 항소취지】 본소 청구취지 피고(반소원고, 이하 ‘피고’라고만 한다)는 원고(반소피고, 이하 ‘원고’라고만 한다) 및 원고들에게 별","건 토지’라 하고, 제2항을 ‘이 사건 건물’이라 한다)에 관한 소유권을 취득하였다. 2) 피고는 1994. 5. 9. 성남시 (주소 1 생략)(이하 ‘이 사건 아파트’라고 한다)에 관한 소유권을 취득하였다. 다. 이 사건 증여증서의 작성 피고는 1992. 1.경 다음과 같은 내용의 증여증서(이하 ‘이 사건 증여증서’라 한다)를 작성하여 원고(반소피고)에게 주었다. 증여증서이 사건 토지, 건물 전부를 원고(반소피고), 원고 1, 원고 2, 원고 3 상기 4인에게 증여한다.단, 내가 생전시에 관리는 내가 하기로 한다.1992년 1월 피고 라. 이 사건 증여계약서의 작성과 이 사건 건물에 대한 소유권이전등기 피고는 1992. 4. 14. 다",원문 참조,없음,"부동산, 아파트, 토지, 건물, 보증금, 임대인, 소유권이전, 등기, 고소, 위조, 횡령, 기각",전문 원문: https://www.law.go.kr/LSW/precInfoP.do?precSeq=220377,civil_lease_definition,민법 제618조 임대차의 의의,civil_sale_effect|민법 제568조 매매의 효력; civil_lease_definition|민법 제618조 임대차의 의의
604,CASE_2011_00604,2009나19857,소유권이전등기,부산고등법원,2011-08-23,민사,판결,2심,"1. 제1심 판결을 다음과 같이 변경한다. 가. 피고 파산채무자 평창토건 주식회사의 파산관재인은, 별지 1. 원고 명단 기재...","1. 제1심 판결을 다음과 같이 변경한다. 가. 피고 파산채무자 평창토건 주식회사의 파산관재인은, 별지 1. 원고 명단 기재 원고들로부터 별지 4.의 ‘평형별 분양대금’ 란 기재 각 금원을 수령함과 동시에 위 원고들에게, (1) 별지 3.의 ‘임차부동산’ 란 기재 각 부동산에 관하여 2009. 1. 30.자 매매를 원인으로 한 소유권이전등기절차를 이행하고, (2) 울산 북구 명촌동 진장·명촌토지구획정리사업지구 내 115블럭 1-1롯트 38,214㎡ 중 별지 3.의 ‘대지지분’ 란 기재 각 지분에 관하여 2009. 1. 30.자 매매를 원인으로 한 진장·명촌지구토지구",년 3월경 국민주택기금의 자금을 지원받아 울산 북구 명촌동 진장·명촌토지구획정리사업지구 내 115블록 1-1롯트에 건축할 예정이던 건설임대주택인 평창리비에르 3차아파트 827세대(이하 ‘평창 3차아파트’라 한다)에 관하여 아래와 같은 내용의 분양전환 조건을 붙여 입주자 모집공고를 하였다. 〈임대주택 분양전환 조건〉 ·분양전환시기(임대기간) : 최초 입주지정 기간 종료일이 속하는 월의 다음달 1일부터 5년 이후 ·당해 주택에 대한 수선 보수의 범위 : 외부도장 ·산정기준 : 건설교통부(공공 임대주택건설 및 관리지침)에 의거 건설원가와 감정평가가격의 산술 평균으로 함. ·분양전환 가격은 임대주택의 건축비 및 택지비를 기준으로 분양전환 당시에,원문 참조,없음,"부동산, 주택, 아파트, 토지, 임대차, 보증금, 임차인, 임대차계약, 매매, 매수, 매매계약, 소유권이전",전문 원문: https://www.law.go.kr/LSW/precInfoP.do?precSeq=167949,civil_lease_definition,민법 제618조 임대차의 의의,civil_sale_effect|민법 제568조 매매의 효력; civil_lease_definition|민법 제618조 임대차의 의의
606,CASE_2022_00606,2020나13227,소유권이전등기,대전고등법원,2022-02-24,민사,판결,2심,항소기각,"이문원) 【제1심판결】 대전지방법원 2020. 6. 24. 선고 2019가합101025 판결 【변론종결】 2021. 12. 2. 【주 문】 1. 피고의 항소를 기각한다. 2. 항소비용은 피고가 부담한다. 【청구취지 및 항소취지】 1. 청구취지 주위적으로, 피고는 원고로부터 63,220,000원을 지급받음과 동시에 원고에게 별지1 목록 기재 부동산에 관하여 2019. 2. 18. 자 매매를 원인으로 한 소유권이전등기절차를 이행하고, 예비적으로, 원고의 회생채무자 정기산업 주식회사에 대한 회생채권은 정기산업 주식회사에게 63,220,000원을 지급함과 동시에 위 부동산","같은 내용의 ‘세종시 △△△△△(5년 공공임대) 입주자모집공고(이하 ’이 사건 입주자모집공고‘라 한다)’를 게시하였다. □ 임대기간: 5년, 임대기간 종료 후 분양전환되는 주택임(단 임대주택법 시행령 제13조 제2항 제3호에 의거 임대의무기간 2분의 1 경과하여 임대사업자와 임차인이 합의시 분양전환 가능)□ 분양전환시기: 최초 입주지정기간 종료일이 속하는 월의 다음달 1일부터 5년 이후 - 임대주택법 시행령 제13조 제2항 제3호에 의거 임대개시 후 해당 주택의 임대의무기간이 2분의 1이 지나 임대사업자와 임차인이 해당 임대주택의 분양전환 합의하는 경우 분양전환 가능□ 우선 분양전환 대상자: 임대주택법 제21조 제1항에 따라 입주일 이",원문 참조,없음,"부동산, 주택, 아파트, 임대차, 보증금, 임차권, 임차인, 임대차계약, 매매, 매수, 소유권이전, 소유권보존",전문 원문: https://www.law.go.kr/LSW/precInfoP.do?precSeq=234285,civil_lease_definition,민법 제618조 임대차의 의의,civil_sale_effect|민법 제568조 매매의 효력; civil_lease_definition|민법 제618조 임대차의 의의
607,CASE_2013_00607,2011다5813,건물명도,대법원,2013-06-27,민사,판결,상고심,상고기각,"[1] 약정에 의하여 부동산 인도를 청구하는 경우, 간접점유자를 상대로 청구할 수 있는지 여부 (적극) 및 다른 사람의 직접점유로 인하여 간접점유자의 인도의무 이행이 불가능한 경우에도 마찬가지인지 여부 (소극) [2] 이중매매를 사회질서에 반하는 법률행위로서 무효라고 하기 위한 요건 및 같은 법리가 이중으로 임대차계약을 체결한 경우에도 적용되는지 여부 (적극)","생략) 대 603.2㎡ 지하 1층, 지상 9층 건물(이하 ‘이 사건 건물’이라고 한다) 중 지상 1, 2층(이하 ‘이 사건 임대 부분’이라 한다)을 원고들에게 임대차보증금 1억 원, 차임 월 1,000만 원으로 정하여 임대하는 내용의 임대차계약을 체결하고(이하 ‘이 사건 임대차계약’이라고 한다), 같은 날 원고들로부터 계약금으로 1,500만 원을 받았다. (2) 이 사건 임대차계약에 의하면, 피고는 원고들 이전의 종전 임차인으로부터 이 사건 임대 부분을 명도받은 다음날 새로운 임차인인 원고들에게 이 사건 임대 부분을 인도하고, 원고들은 같은 날 임대차보증금 잔액 8,500만 원을 피고에게 지급하기로 되어 있다. (3) 피고는 2009.","[1] 민법 제194조 [2] 민법 제103조 , 제618조","[1] 대법원 1983. 5. 10. 선고 81다187 판결 (공1983, 960), 대법원 1991. 4. 23. 선고 90다19695 판결 (공1991, 1464), 대법원 2003. 1. 24. 선고 2000다22850 판결 (공2003상, 685) / [2] 대법원 1989. 11. 28. 선고 89다카14295, 14301 판결 (공1990, 144), 대법원 2009. 9. 10. 선고 2009다23283 판결 (공2009하, 1632)","부동산, 건물, 임대차, 보증금, 임대인, 임차인, 임대차계약, 임차보증금, 매매, 매수, 매도, 매매계약",전문 원문: https://www.law.go.kr/LSW/precInfoP.do?precSeq=171966,civil_lease_definition,민법 제618조 임대차의 의의,civil_sale_effect|민법 제568조 매매의 효력; civil_lease_definition|민법 제618조 임대차의 의의
608,CASE_2015_00608,2014도10086,업무상횡령·사기·사기미수[강제집행절차를 통한 소송사기 사건],대법원,2015-02-12,형사,판결,상고심,파기환송,"강제집행절차를 통한 소송사기에서 실행의 착수 시기(=집행절차의 개시신청을 한 때 또는 진행 중인 집행절차에 배당신청을 한 때) / 부동산에 관한 소유권이전등기청구권에 대한 강제집행절차에서, 소송사기의 실행의 착수 시기(=허위 채권에 기한 공정증서를 집행권원으로 하여 채무자의 소유권이전등기청구권에 대하여 압류신청을 한 때)","강제집행절차를 통한 소송사기는 집행절차의 개시신청을 한 때 또는 진행 중인 집행절차에 배당신청을 한 때에 실행에 착수하였다고 볼 것이다. 민사집행법 제244조 에서 규정하는 부동산에 관한 권리이전청구권에 대한 강제집행은 그 자체를 처분하여 대금으로 채권에 만족을 기하는 것이 아니고, 부동산에 관한 권리이전청구권을 압류하여 청구권의 내용을 실현시키고 부동산을 채무자의 책임재산으로 귀속시킨 다음 다시 부동산에 대한 경매를 실시하여 매각대금으로 채권에 만족을 기하는 것이다. 이러한 경우 소유권이전등기청구권에 대한 압류는 당해 부동산에 대한 경매의 실시를 위한 사전 단계로서의 의미를 가지나, 전체로서의 강제집행절차를 위한 일련의 시작행위라고 할 수 있으므로, 허위 채권에 기한 공...","형법 제347조 , 민사집행법 제244조",없음,"부동산, 토지, 소유권이전, 등기, 경매, 배당, 사기, 허위, 횡령, 무죄, 파기, 무효",전문 원문: https://www.law.go.kr/LSW/precInfoP.do?precSeq=192608,embezzlement_breach_of_trust,형법 제355조·제356조 횡령·배임,criminal_fraud|형법 제347조 사기죄; embezzlement_breach_of_trust|형법 제355조·제356조 횡령·배임
609,CASE_2008_00609,2006가합11797,납골당사용권확인,인천지법,2008-01-24,민사,판결,1심,청구기각,"[1] 납골당 분양계약과 그에 따라 교부된 봉안증서의 법적 성질 [2] 봉안증서의 양수를 원인으로 한 납골당 사용권은 일종의 채권이므로, 그 양도양수로 채무자에게 대항하기 위하여는 양도의 통지나 채무자의 승낙이 필요하다고 한 사례","[1] 분양자가 수분양자에게 납골당을 전속적으로 점유·사용할 수 있는 권한을 수여하는 것을 내용으로 하는 납골당 분양계약은 채권계약이므로 계약의 당사자만을 구속하고, 또한 당사자 사이의 의사합치에 의하여 성립하는 낙성계약이어서 분양계약을 체결하면서 증서를 작성·교부하였다 하여도 그 증서는 하나의 증거증권에 불과한 것이므로, 그 증서가 전전 유통된 경우 채권양도의 대항요건을 갖추지 못하는 한 분양자 등 제3자를 구속하지는 않는다고 봄이 상당하며, 이는 납골당에 대한 대물변제약정을 하고 봉안증서를 교부해 준 경우에도 마찬가지로 보아야 한다. [2] 봉안증서의 양수를 원인으로 한 납골당 사용권은 일종의 채권이므로, 그 양도양수로 채무자에게 대항하기 위하여는 양도의 통지나 채무자...",[1] 민법 제105조 [2] 민법 제450조,없음,"토지, 건물, 중도금, 잔금, 소유권보존, 분양, 분양계약, 등기, 담보, 고소, 사기, 기각",전문 원문: https://www.law.go.kr/LSW/precInfoP.do?precSeq=70992,civil_fraud_duress,민법 제110조 사기·강박에 의한 의사표시,civil_fraud_duress|민법 제110조 사기·강박에 의한 의사표시; civil_sale_effect|민법 제568조 매매의 효력
610,CASE_2014_00610,2013다74769,소유권말소등기,대법원,2014-07-10,민사,판결,상고심,파기환송,"[1] 채권자가 채무자를 상대로 채권자대위권의 피보전채권에 기한 이행청구의 소를 제기하여 승소판결이 확정된 경우, 제3채무자가 그 청구권의 존재를 다툴 수 있는지 여부 (소극) [2] 부당이득의 반환청구가 금지되는 사유로 민법 제746조 에 규정한 ‘불법원인’의 의미 및 부동산 실권리자명의 등기에 관한 법률에 위배되어 무효인 명의신탁약정에 기하여 마쳐진 타인 명의의 등기가 불법원인급여에 해당하는지 여부 (소극) [3] 토지거래 허가구역 지정기간 중에 허가구역 안의 토지에 관하여 토지거래허가를 받지 아니하고 토지거래계약을 체결한 후 허가구역의 지정이 해제된 경우, 그...","2700, 82717 판결 등 참조). 이 부분 상고이유 주장의 요지는, 원고와 원고보조참가인(이하 ‘참가인’이라 한다) 사이의 이 사건 약정은 원고가 참가인의 사기범행을 묵인·방조함으로써 이에 가담하여 체결된 것이어서 반사회적 법률행위에 해당하여 무효일 뿐만 아니라, 참가인에게 이 사건 약정에 기한 ‘공동개발지분협약서’를 작성할 권한이 없고 위 문서의 진정성립이 인정되지도 아니하며 그에 따른 조건이 성취되었는지 분명하지도 아니하여, 이 사건 약정에 의한 원고의 채권이 인정될 수 없다는 것으로서, 결국 원고가 채권자대위권의 행사로써 보전하고자 하는 참가인에 대한 채권의 존재를 다투는 취지이다. 그런데 기록에 의하면, 이 사건 제1심법원에","[1] 민법 제404조 [2] 민법 제103조 , 제746조 , 부동산 실권리자명의 등기에 관한 법률 제1조 , 제2조 제1호 , 제3조 제1항 , 제4조 [3] 국토의 계획 및 이용에 관한 법률 제118조 제1항 , 제6항 , 민사소송법 제248조 [소의 제기]","[1] 대법원 1998. 3. 27. 선고 96다10522 판결 (공1998상, 1151), 대법원 2007. 5. 10. 선고 2006다82700, 82717 판결 (공2007상, 857) / [2] 대법원 1983. 11. 22. 선고 83다430 판결 (공1984, 94), 대법원 2003. 11. 27. 선고 2003다41722 판결 (공2004상, 19) / [3] 대법원 1999. 6. 17. 선고 98다40459 전원합의체 판결 (공1999하, 1398)","부동산, 토지, 임야, 매매, 매수, 매매계약, 매매대금, 소유권이전, 토지거래허가, 등기, 근저당, 저당권",전문 원문: https://www.law.go.kr/LSW/precInfoP.do?precSeq=175523,civil_sale_effect,민법 제568조 매매의 효력,civil_sale_effect|민법 제568조 매매의 효력
611,CASE_1991_00611,90르132,이혼등,부산고법,1991-01-18,기타,판결,2심,항소기각,"가. 약혼단계에서의 부정이 민법 제840조 제1호 소정의 재판상 이혼사유에 해당하는지 여부 나. 약혼기간 중 다른 남자와 정교하여 임신한 후 부의 자식을 임신한 것처럼 속여 동거생활을 하고, 출산한 딸을 이혼 후 부의 친생자로 출생신고하게 한 행위 등이 그 이혼의 파탄경위 등에 비추어 같은 조 제6호 소정의 판결상 이혼사유에 해당하지 아니한다고 본 사례","가. 약혼 후 혼인신고 전에 다른 남자와 정교관계를 가진 것은 민법 제840조 제1호 소정의 재판상 이혼사유에 해당하지 아니한다. 나. 피청구인이 약혼기간 중 다른 남자와 정교하여 임신한 후 청구인의 자식을 임신한 것처럼 속여 동거생활을 하고, 출산한 딸을 혼인 후 청구인의 친생자로 출생신고하게 하였으며 청구인 소유부동산의 전세금과 임대료 등을 임의로 소비하고, 그 부동산에 관하여 임의로 청구인 명의로 임대계약을 체결한 사실이 있다 하더라도, 재일교포인 청구인이 35세 연하의 피청구인과 이혼한 이후 피청구인에 대하여 폭행 기타 심히 부당한 대우를 함으로써 그 이혼이 파탄에 이르게 된 점 등에 비추어 보면, 피청구인의 위와 같은 행위가 같은 조 제6호 소정의 재판상 이혼사유...","민법 제840조 제1호 , 같은조 제6호","대법원 1991.9.13.선고 91므85, 92 판결(공1991,2536)","부동산, 건물, 임대차, 전세, 보증금, 전세금, 월세, 임대차계약, 등기, 가등기, 고소, 위조",전문 원문: https://www.law.go.kr/LSW/precInfoP.do?precSeq=119097,civil_lease_definition,민법 제618조 임대차의 의의,civil_lease_definition|민법 제618조 임대차의 의의
612,CASE_1997_00612,96고합416,"특정경제범죄가중처벌등에관한법률위반(사기),폭력행위등처벌에관한법률위반,사기,부정수표단속법위반,미수",인천지법,1997-08-27,형사,판결,1심,유죄(징역형),"분양대행업자가 건축주에게 건축주 소유의 대지에 분양대행업자 명의의 근저당권을 설정해 주면 건축비를 대여하여 주겠다고 속여 채권최고액이 부동산 시가를 초과하는 근저당권을 설정한 경우, 피고인이 취득한 재산상 이익이 부동산 시가로 한정되는지 여부 (적극)","분양대행업자가 건축주에게 건축주 소유의 대지에 분양대행업자 명의의 제1순위 근저당권을 설정해 주면 건축자금을 대여하여 주겠다고 속여 담보가치 상당의 재산상 이익을 취득한 사안에서, 타인을 기망하여 그 소유의 부동산에 근저당권을 설정하게 하여 그 담보가치 상당액의 재산상 이익을 취득한 경우에도 그 부동산에 대한 근저당권의 채권최고액이 그 시가를 초과하는 경우에는 적어도 시가 상당액을 재산상 이익으로 보아 시가 상당액이 50억 미만인 당해 사건에 있어서는 특정경제범죄가중처벌등에관한법률 제3조 제1항 제2호를 적용하여야 한다.","특정경제범죄가중처벌등에관한법률 제3조 제1항 제2호 , 형법 제347조 제1항","대법원 1990. 10. 16. 선고 90도1815 판결(공1990, 2354)","부동산, 토지, 건물, 보증금, 매매, 매매계약, 소유권이전, 분양, 분양계약, 등기, 가등기, 근저당",전문 원문: https://www.law.go.kr/LSW/precInfoP.do?precSeq=120572,aggravated_economic_crime,특정경제범죄 가중처벌 등에 관한 법률 제3조,aggravated_economic_crime|특정경제범죄 가중처벌 등에 관한 법률 제3조; criminal_fraud|형법 제347조 사기죄; civil_fraud_duress|민법 제110조 사기·강박에 의한 의사표시; civil_sale_effect|민법 제568조 매매의 효력; civil_lease_definition|민법 제618조 임대차의 의의
613,CASE_2022_00613,2022다202498,손해배상(기)[임대인의 철거·재건축계획의 고지행위에 관하여 종전 임차인이 권리금 회수방해를 원인으로 한 손해배상을 청구한 사건],대법원,2022-08-11,민사,판결,상고심,"원심판결 중 피고 패소 부분을 파기하고, 이 부분 사건을 서울중앙지방법원에 환송한다.","[1] 상가건물 임대차보호법 제10조의4 에서 정한 권리금 회수 방해로 인한 손해배상책임이 성립하기 위해서는 임차인이 구체적인 인적사항을 제시하면서 신규 임차인이 되려는 자를 임대인에게 주선하였어야 하는지 여부 (원칙적 적극) / 임대인이 정당한 사유 없이 임차인이 주선할 신규 임차인이 되려는 자와 임대차계약을 체결할 의사가 없음을 확정적으로 표시한 경우, 임차인이 실제로 신규 임차인을 주선하지 않았더라도 임대인에게 권리금 회수 방해로 인한 손해배상을 청구할 수 있는지 여부 (적극) [2] 임대인이 신규 임차인이 되려는 사람과 임대차계약 체결을 위한 협의 과정에서 철...","[1] 상가건물 임대차보호법(이하 ‘상가임대차법’이라 한다) 제10조의3 , 제10조의4 의 문언과 내용, 입법 취지 등을 종합하면, 임차인이 구체적인 인적사항을 제시하면서 신규 임차인이 되려는 자를 임대인에게 주선하였음에도 임대인이 상가임대차법 제10조의4 제1항 에서 정한 기간에 이러한 신규 임차인이 되려는 자에게 권리금을 요구하는 등 위 제1항 각호 의 어느 하나에 해당하는 행위를 함으로써 임차인이 신규 임차인으로부터 권리금을 회수하는 것을 방해한 때에는 임대인은 임차인이 입은 손해를 배상할 책임이 있다. 특히, 임대차계약이 종료될 무렵 신규 임차인의 주선과 관련해서 임대인과 임차인이 보인 언행과 태도, 이를 둘러싼 구체적 사정 등을 종합적으로 살펴볼 때, 임대인이...","[1] 상가건물 임대차보호법 제10조의3 , 제10조의4 [2] 상가건물 임대차보호법 제10조 제1항 , 제10조의3 , 제10조의4","[1] 대법원 2019. 7. 4. 선고 2018다284226 판결 (공2019하, 1519), 대법원 2019. 7. 10. 선고 2018다239608 판결 (공2019하, 1533)","상가, 건물, 임대차, 보증금, 임대인, 임차인, 월세, 임대차계약, 손해배상, 파기",전문 원문: https://www.law.go.kr/LSW/precInfoP.do?precSeq=228551,civil_lease_definition,민법 제618조 임대차의 의의,civil_nonperformance_damages|민법 제390조 채무불이행 손해배상; civil_lease_definition|민법 제618조 임대차의 의의
614,CASE_2008_00614,2006나67772,분양금감액,서울고등법원,2008-01-18,민사,판결,2심,일부인용,"05가합39148 판결 【변론종결】 2007. 10. 26. 【주 문】 1. 제1심 판결 중 아래 제2항에서 각 지급을 명하는 금액에 해당하는 원고들 패소부분을 취소한다. 2. 피고는 원고들에게 별지2. 목록 인용금액란 기재 각 금액 및 이에 대하여 2005. 1. 1.부터 2008. 1. 18.까지는 연 5%, 그 다음날부터 완제일까지는 연 20%의 각 비율로 계산한 돈을 지급하라. 3. 원고들의 나머지 항소를 각 기각한다. 4. 소송총비용의 50%는 원고들이, 나머지 50%는 피고가 각 부담한다. 5. 제2항은 가집행할 수 있다. 【청구취지 및 항소취지】 제1심","분에 관하여 이 법원이 설시할 내용은 제1심 판결의 “1. 기초사실”란 기재와 같으므로, 민사소송법 제420조 에 의하여 이를 인용한다. 2. 채무불이행에 따른 손해배상청구 이 부분에 관하여 이 법원이 설시할 내용은 제1심 판결의 “2. 판단”란 기재와 같으므로, 민사소송법 제420조 에 의하여 이를 인용한다. 3. 계약취소에 따른 대금반환청구 가. 사기로 인한 계약취소 주장에 대한 판단 (1) 원고들의 주장 피고는 ① 이 사건 오피스텔에 관하여 행한 분양광고 및 분양안내서 등을 통하여 원고들에게 이 사건 오피스텔과 신공항 여객터미널 사이에 2005년 말까지 PMS가 완공될 예정이라고 기망하였고, ② 건물임차권 분양계약인 이 사건 분양계",원문 참조,없음,"아파트, 오피스텔, 건물, 임차권, 중도금, 대금반환, 분양, 분양계약, 담보, 사기, 기망, 허위",전문 원문: https://www.law.go.kr/LSW/precInfoP.do?precSeq=139667,civil_fraud_duress,민법 제110조 사기·강박에 의한 의사표시,civil_fraud_duress|민법 제110조 사기·강박에 의한 의사표시; civil_nonperformance_damages|민법 제390조 채무불이행 손해배상; civil_sale_effect|민법 제568조 매매의 효력
615,CASE_2020_00615,2019나17962,대지권지분이전등기청구의소,수원고등법원,2020-09-10,민사,판결,2심,항소기각,"수원지방법원 성남지원 2019. 8. 29. 선고 2018가합410236 판결 【변론종결】 2020. 7. 23. 【주 문】 1. 피고의 항소를 기각한다. 2. 항소비용 중 보조참가로 인한 부분은 피고 보조참가인들이, 나머지 부분은 피고가 각각 부담한다. 【청구취지 및 항소취지】 1. 청구취지 피고는 원고에게 성남시 (주소 생략) 대 1,098㎡ 중 별지 2 목록 기재 각 지분에 관하여 2018. 11. 22. 별지 1 목록 기재 각 부동산의 각 전유부분 취득을 원인으로 한 각 지분이전등기절차를 이행하라. 2. 항소취지 제1심판결을 취소한다. 원고의","1. 기초사실 가. 토지에 관한 소유권변동 및 신탁등기 1) 주식회사 투세븐디벨로프(이하 ‘채무자 회사’라고 한다)는 2002. 5. 13. 소외인으로부터 성남시 (주소 생략) 대 1,098㎡(이하 ‘이 사건 토지’라고 한다)를 매수하여 2002. 9. 18. 위 매매를 원인으로 한 소유권이전등기를 마쳤다. 2) 채무자 회사는 2002. 9. 17. 피고와 이 사건 토지에 관하여 우선수익자를 주식회사 한솔상호저축은행으로, 수익자를 채무자 회사로 하는 부동산담보신탁계약을 체결하고, 2002. 9. 18. 피고에게 위 신탁을 원인으",원문 참조,없음,"부동산, 아파트, 상가, 토지, 건물, 대지권, 매매, 매수, 매도, 소유권이전, 소유권보존, 분양",전문 원문: https://www.law.go.kr/LSW/precInfoP.do?precSeq=220065,civil_sale_effect,민법 제568조 매매의 효력,civil_sale_effect|민법 제568조 매매의 효력
616,CASE_2020_00616,2016다245142,지료청구,대법원,2020-06-04,민사,판결,상고심,상고기각,"[1] 집합건물의 분양자가 전유부분의 소유권은 구분소유자들에게 모두 이전하면서 대지는 일부 지분에 대해서만 소유권이전등기를 하고 나머지 지분을 그 명의로 남겨 둔 경우, 분양자 또는 보유지분을 양수한 양수인이 구분소유자들에 대하여 대지에 관한 공유지분권을 주장할 수 있는지 여부 (한정 적극) [2] 분양대금을 완납하였으나 분양자 측의 사정으로 소유권이전등기를 마치지 못한 수분양자도 구 집합건물의 소유 및 관리에 관한 법률 제20조 에 정한 ‘구분소유자’에 준하는 것으로 볼 수 있는지 여부 (적극) 및 복수의 구분소유자 또는 이에 준하는 수분양자가 있는 경우 전유부분과...","[1] 집합건물의 부지 전체에 대하여 대지권이 성립한 이후에는 구분소유자의 대지사용권은 규약으로 달리 정한 경우가 아니면 전유부분과 분리하여 처분할 수 없으므로( 집합건물의 소유 및 관리에 관한 법률 제20조 ), 집합건물의 분양자가 전유부분의 소유권은 구분소유자들에게 모두 이전하면서도 대지는 일부 지분에 대해서만 소유권이전등기를 하고 나머지 지분을 그 명의로 남겨 둔 경우에 분양자 또는 보유지분을 양수한 양수인이 구분소유자들에 대하여 공유지분권을 주장할 수 있으려면, 전유부분과 대지사용권을 분리처분할 수 있도록 규약이나 공정증서에서 달리 정하였다는 등 특별한 사정이 있어야 한다. [2] 구 집합건물의 소유 및 관리에 관한 법률(2010. 3. 31. 법률 제10204호로...","[1] 집합건물의 소유 및 관리에 관한 법률 제20조 [2] 구 집합건물의 소유 및 관리에 관한 법률(2010. 3. 31. 법률 제10204호로 개정되기 전의 것) 제3조 제3항 , 제20조 제2항 , 제4항","[1] 대법원 2013. 11. 14. 선고 2013다33577 판결 (공2013하, 2210), 대법원 2018. 12. 28. 선고 2018다219727 판결 (공2019상, 381) / [2] 대법원 2005. 12. 16.자 2004마515 결정 (공2005상, 219)","건물, 대지권, 소유권이전, 공유지분, 분양, 분양대금, 분양계약, 등기, 손해배상, 기각, 파기, 부당이득",전문 원문: https://www.law.go.kr/LSW/precInfoP.do?precSeq=226377,civil_sale_effect,민법 제568조 매매의 효력,civil_nonperformance_damages|민법 제390조 채무불이행 손해배상; civil_sale_effect|민법 제568조 매매의 효력
617,CASE_2022_00617,2021다272346,손해배상(기)[권리금회수기회 방해를 원인으로 손해배상을 구하는 사건],대법원,2022-01-14,민사,판결,상고심,상고기각,"상가건물 임대차보호법 제10조의4 제2항 제3호 에서 정한 ‘임대차 목적물인 상가건물을 1년 6개월 이상 영리목적으로 사용하지 아니한 경우’의 의미 및 종전 소유자인 임대인이 임대차 종료 후 상가건물을 영리목적으로 사용하지 아니한 기간이 1년 6개월에 미치지 못하는 사이에 상가건물의 소유권이 변동된 경우, 위 조항에 따른 정당한 사유를 인정하기 위한 요건","상가건물 임대차보호법 제10조의4 제2항 제3호 에서 정하는 ‘임대차 목적물인 상가건물을 1년 6개월 이상 영리목적으로 사용하지 아니한 경우’는 임대인이 임대차 종료 후 임대차 목적물인 상가건물을 1년 6개월 이상 영리목적으로 사용하지 아니하는 경우를 말하고, 위 조항에 따른 정당한 사유가 있다고 하기 위해서는 임대인이 임대차 종료 시 그러한 사유를 들어 임차인이 주선한 자와 신규 임대차계약 체결을 거절하고, 실제로도 1년 6개월 동안 상가건물을 영리목적으로 사용하지 않아야 한다. 이때 종전 소유자인 임대인이 임대차 종료 후 상가건물을 영리목적으로 사용하지 아니한 기간이 1년 6개월에 미치지 못하는 사이에 상가건물의 소유권이 변동되었더라도, 임대인이 상가건물을 영리목적으로...","상가건물 임대차보호법 제10조의4 제1항 제4호 , 제2항 제3호 , 제3항","대법원 2021. 11. 25. 선고 2019다285257 판결 (공2022상, 93)","부동산, 상가, 건물, 임대차, 보증금, 임대인, 임차인, 임대차계약, 임차보증금, 매매, 매수, 매도",전문 원문: https://www.law.go.kr/LSW/precInfoP.do?precSeq=221869,civil_lease_definition,민법 제618조 임대차의 의의,civil_nonperformance_damages|민법 제390조 채무불이행 손해배상; civil_sale_effect|민법 제568조 매매의 효력; civil_lease_definition|민법 제618조 임대차의 의의
618,CASE_2006_00618,2005노1858,특정경제범죄가중처벌등에관한법률위반(사기)·특정경제범죄가중처벌등에관한법률위반(배임)·특정경제범죄가중처벌등에관한법률위반(횡령)·업무상배임·업무상횡령·업무방해·부동산실권리자명의등기에관한법률위반·강제집행면탈·예금자보호법위반,서울고등법원,2006-02-14,형사,판결,2심,무죄,"피고인 1, 2에 대한 원심판결 중 자료제출거부로 인한 예금자보호법위반의 점과 피해자 대한종합금융 주식회사에 대한 특정경제범죄가중처벌등에관한법률위반(사기)의 점 및 피고인 1에 대한 공소외 4 주식회사에의 대출로 인한 특정경제범죄가중처벌등에관한법률위반(배임)의 점에 관한 각 무죄부분을 제외한 나머지 부분을 모두 파기한다. 피고인 1을 징역 3년에, 피고인 2를 징역 2년 6월에 각 처한다. 피고인 1, 2에 대한 원심판결 선고 전의 구금일수 1일씩을 위 각 형에 산입한다. 다만, 이 판결 확정일부터 피고인 1에 대하여는 4년간, 피고인 2에 대하여는 3년","명 생략)그룹빌딩 내에 설치된 예금보험공사 특별조사단 사무실에서 조사를 받도록 부탁한 일이 있을 뿐 조사를 거부한 일이 없다. (나) 원심 판시 범죄사실 제2항 사기의 점에 대하여 ① 공소외 1 주식회사의 1995, 1996회계연도 재무제표와 공소외 2 주식회사의 1995회계연도 재무제표를 작성함에 있어서 금융비용을 재고자산의 취득원가로 계상한 것은 기업의 실질을 제대로 반영하는 것으로서 이를 분식회계로 볼 수 없고 따라서 사기죄의 기망행위가 있었다고 볼 수 없다. ② 대한보증보험 등 금융기관에서 대출 및 회사채 지급보증 여부를 심사함에 있어 재무제표에 기재된 부채와 금융비용의 증감 여부를 기본적으로 살펴보게 되는바, 대한보증보험 등 금",원문 참조,없음,"부동산, 주택, 토지, 매매, 매도, 매매대금, 등기, 근저당, 저당권, 담보, 부동산실권리자, 사기",전문 원문: https://www.law.go.kr/LSW/precInfoP.do?precSeq=78286,aggravated_economic_crime,특정경제범죄 가중처벌 등에 관한 법률 제3조,aggravated_economic_crime|특정경제범죄 가중처벌 등에 관한 법률 제3조; criminal_fraud|형법 제347조 사기죄; embezzlement_breach_of_trust|형법 제355조·제356조 횡령·배임; civil_fraud_duress|민법 제110조 사기·강박에 의한 의사표시; civil_sale_effect|민법 제568조 매매의 효력
619,CASE_2018_00619,2016다252898,전세금반환등,대법원,2018-04-10,민사,판결,상고심,상고기각,"[1] 부진정연대채무에서 채권자가 채무자 중 누구에게든지 채무 범위 내에서 이행을 청구할 수 있는지 여부 (적극) 및 채권자의 채권 만족에 이른 것으로 볼 수 있는 변제 등의 사유 외에 한 채무자에게 생긴 사유가 다른 채무자에게 효력이 있는지 여부 (소극) [2] 금액이 다른 채무가 서로 부진정연대 관계에 있을 때 다액채무자가 일부 변제를 하는 경우, 변제로 먼저 소멸하는 부분(=다액채무자가 단독으로 채무를 부담하는 부분)","[1] 부진정연대채무는 여러 채무자가 같은 내용의 채무에 대하여 각자 독립하여 채권자에게 전부 이행할 의무를 부담하는 다수당사자의 법률관계로서, 연대채무에 비해서 채권자의 지위가 강화되어 있다. 채권자는 채무자 중 누구에게든지 채무 범위 내에서 이행을 청구할 수 있고, 한 채무자에게 생긴 사유는 채권자의 채권 만족에 이른 것으로 볼 수 있는 변제 등과 같은 사유 외에는 다른 채무자에게 효력이 없다. [2] 금액이 서로 다른 채무가 서로 부진정연대 관계에 있을 때 다액채무자가 일부 변제를 하는 경우 변제로 먼저 소멸하는 부분은 다액채무자가 단독으로 채무를 부담하는 부분으로 보아야 한다. 이러한 결론이 부진정연대채무자들의 자력, 변제 순서, 이들 사이의 구상관계와 무관하게 채...","[1] 민법 제413조 , 제414조 [2] 민법 제413조","[2] 대법원 2018. 3. 22. 선고 2012다74236 전원합의체 판결 (공2018상, 688)","부동산, 주택, 건물, 다가구, 임대차, 전세, 보증금, 전세금, 임차권, 임대차계약, 매도, 공인중개",전문 원문: https://www.law.go.kr/LSW/precInfoP.do?precSeq=194900,realtor_prohibited_acts,공인중개사법 제33조 금지행위,civil_sale_effect|민법 제568조 매매의 효력; civil_lease_definition|민법 제618조 임대차의 의의; realtor_prohibited_acts|공인중개사법 제33조 금지행위
620,CASE_2005_00620,2005노338,사기,울산지법,2005-10-14,형사,판결,2심,무죄,주택의 임대인이 임대차계약을 체결함에 있어 자신의 재산상태 등을 고지하지 않은 것이 사기죄에서 말하는 기망에 해당하는지 여부 (한정 소극),"주택의 전세계약 내지 임대차계약에 있어서, 임대인은 임차인에게 임차목적물인 주택을 점유하여 사용·수익하게 하고, 임차인은 임차보증금을 지급하거나, 차임 등을 지급하는 것을 본질로 하고, 이러한 임대차계약이 종료된 경우에는 임대인의 임차보증금반환의무와 임차인의 임차목적물반환의무는 동시이행의 관계에 있으며, 특히 주거용건물의 주택임대차에 관하여는 인도받은 임차주택의 점유, 주민등록법상의 전입신고, 확정일자 등을 기초로 주택임대차보호법상 대항력, 우선변제권 등을 보장하고 있어, 특별히 임차목적물에 설정된 근저당권 등으로 인하여 임차인이 그러한 사정을 알았더라면 임대차계약을 체결하지 않았을 정도의 내용으로 부동산의 거래상 신의칙상 요구되는 사항을 적극적으로 속이거나 이를 고지하지...",형법 제347조 제1항,없음,"부동산, 주택, 토지, 건물, 다가구, 빌라, 주거용건물, 임차주택, 임대차, 전세, 보증금, 전세금",전문 원문: https://www.law.go.kr/LSW/precInfoP.do?precSeq=228055,criminal_fraud,형법 제347조 사기죄,criminal_fraud|형법 제347조 사기죄; civil_fraud_duress|민법 제110조 사기·강박에 의한 의사표시; civil_lease_definition|민법 제618조 임대차의 의의
621,CASE_2013_00621,2012나16428,소유권이전등기말소등,부산지방법원,2013-06-14,민사,판결,2심,청구기각,"13. 5. 3. 【주 문】 1. 당심에서 추가된 원고들의 청구를 포함하여 피고에 대한 제1심 판결을 다음과 같이 변경한다. 가. 원고 1의 피고에 대한 청구를 기각한다. 나. 피고는 제1심 공동피고 1(대법원판결의 소외 2)에게 별지 목록 제1, 2항 기재 각 부동산에 관하여 창원지방법원 2010. 10. 6. 접수 제62325호로 마친 각 소유권이전등기의 말소등기절차를 이행하라. 다. 피고는 원고 2에게 별지 목록 제3항 기재 각 건물을 인도하라. 2. 원고 1과 피고 사이에 생긴 소송총비용은 원고 1이, 원고 2와 피고 사이에 생긴 소송총비용은 피고가 각 부담한","1. 이 법원의 심판범위 원고 1, 2는 제1심 공동피고 1을 상대로는 소유권이전등기 청구를, 피고를 상대로는 소유권이전등기말소등기 청구를 하였는데, 제1심 법원은 원고 1의 제1심 공동피고 1, 피고에 대한 청구를 모두 인용하고, 원고 2의 제1심 공동피고 1, 피고에 대한 청구는 모두 기각하였다. 이에 대해 피고만 항소하였으므로, 원칙적으로 원고 1의 피고에 대한 청구의 당부만이 이 법원의 심판대상이 될 것이나, 이 사건과 같이 원고측 예비적 공동소송의 경우 판결의 내용이 공동소송인 사이에 서로 모순되는 것을 회피하기 위하여 공동소송인 모두에 대",원문 참조,없음,"부동산, 토지, 건물, 매매, 매수, 매도, 매매계약, 매매대금, 계약금, 잔금, 소유권이전, 등기",전문 원문: https://www.law.go.kr/LSW/precInfoP.do?precSeq=172133,civil_sale_effect,민법 제568조 매매의 효력,civil_sale_effect|민법 제568조 매매의 효력
622,CASE_2023_00622,"2023다201218, 201225",보증금반환·건물인도,대법원,2023-05-18,민사,판결,상고심,파기환송,"주택의 소유자는 아니지만 적법한 임대권한을 가진 임대인과 임대차계약을 체결한 경우, 주택임대차보호법이 적용되는지 여부 (적극) 및 매매계약의 이행으로 매매목적물을 인도받은 매수인으로부터 매매계약이 해제되기 전에 매매목적물인 주택을 임차하여 주택임대차보호법 제3조 제1항 에 따른 대항요건을 갖춘 임차인은 매매계약의 해제에도 불구하고 자신의 임차권을 새로운 소유자에게 대항할 수 있는지 여부 (적극)","상고이유를 판단한다. 1. 주택임대차보호법이 적용되는 임대차에 반드시 임차인과 주택의 소유자인 임대인 사이에 임대차계약이 체결된 경우로 한정된다고 할 수는 없고, 주택의 소유자는 아니지만 주택에 관하여 적법하게 임대차계약을 체결할 수 있는 권한을 가진 임대인과 사이에 임대차계약이 체결된 경우도 포함된다 ( 대법원 1995. 10. 12. 선고 95다22283 판결 등 참조). 매매계약의 이행으로 매매목적물을 인도받은 매수인은 그 물건을 사용·수익할 수 있는 지위에서 타인에게 적법하게 임대할 수 있다 (대법","민법 제548조 제1항 , 주택임대차보호법 제3조 제1항 , 제4항","대법원 1971. 3. 31. 선고 71다309, 310 판결(집19-1, 민300), 대법원 1995. 10. 12. 선고 95다22283 판결 (공1995하, 3733), 대법원 2003. 8. 22. 선고 2003다12717 판결 (공2003하, 1921), 대법원 2008. 4. 10. 선고 2007다38908, 38915 판결 (공2008하, 1107), 대법원 2009. 1. 30. 선고 2008다65617 판결","주택, 토지, 건물, 다세대, 임대차, 보증금, 임차권, 임대인, 임차인, 주택임대차, 임대차계약, 매매",전문 원문: https://www.law.go.kr/LSW/precInfoP.do?precSeq=239743,civil_lease_definition,민법 제618조 임대차의 의의,civil_sale_effect|민법 제568조 매매의 효력; civil_lease_definition|민법 제618조 임대차의 의의
623,CASE_2007_00623,2005도9922,국토의계획및이용에관한법률위반·부동산등기특별조치법위반(예비적죄명:공정증서원본불실기재),대법원,2007-11-30,형사,판결,상고심,파기환송,"[1] 부동산등기 특별조치법 제8조 제2호 , 제6조 위반죄가 성립하기 위하여 당해 부동산소유권이전계약이 유효하여야 하는지 여부 (적극) [2] 토지거래 허가구역 안의 토지에 관한 매매계약이 처음부터 토지거래허가를 잠탈할 목적으로 체결된 경우, 부동산등기 특별조치법 제8조 제2호 , 제6조 위반죄가 성립하지 않는다고 한 사례 [3] 토지거래 허가구역 안의 토지에 관하여 실제로는 매매계약을 체결하고서도 처음부터 토지거래허가를 잠탈하려는 목적으로 등기원인을 ‘증여’로 하여 소유권이전등기를 경료한 경우, 공정증서원본불실기재죄에 해당한다고 한 사례","[1] 부동산등기 특별조치법 제8조 제2호 는 같은 법 제6조 의 규정에 위반한 때를 처벌한다고 규정하고 있고, 같은 법 제6조 는 같은 법 제2조 의 규정에 의하여 소유권이전등기를 신청하여야 할 자가 그 등기를 신청함에 있어서 등기신청서에 등기원인을 허위로 기재하여 신청하여서는 아니 된다고 규정하여, 그 범죄 주체를 ‘ 제2조 에 의하여 등기를 신청하여야 할 자’로 제한하고 있으며, 같은 법 제2조 제1항 은 부동산의 소유권 이전을 내용으로 하는 계약을 체결한 자는 일정 기간 이내에 소유권이전등기를 신청하여야 하되, 그 계약이 취소·해제되거나 무효인 경우에는 그러하지 아니하다고 규정하고 있는바, 위 각 규정을 종합해 보면 같은 법 제8조 제2호 , 제6조 위반죄가 성립하...","[1] 부동산등기 특별조치법 제2조 , 제6조 , 제8조 제2호 [2] 부동산등기 특별조치법 제6조 , 제8조 제2호 , 국토의 계획 및 이용에 관한 법률 제118조 [3] 형법 제228조 제1항 , 국토의 계획 및 이용에 관한 법률 제118조","[1][2] 대법원 2006. 3. 24. 선고 2005도10033 판결 / [1] 대법원 2005. 12. 22. 선고 2005도6557 판결 (공2006상, 199)","부동산, 토지, 매매, 매수, 매도, 매매계약, 소유권이전, 토지거래허가, 등기, 부동산등기특별조치법, 공정증서원본불실기재, 허위",전문 원문: https://www.law.go.kr/LSW/precInfoP.do?precSeq=85435,civil_sale_effect,민법 제568조 매매의 효력,civil_sale_effect|민법 제568조 매매의 효력
624,CASE_2015_00624,2014나6341,임대차보증금,대구지방법원,2015-11-04,민사,판결,2심,항소기각,"일) 【제1심판결】 대구지방법원 김천지원 2014. 3. 19. 선고 2013가단6274 판결 【변론종결】 2015. 8. 26. 【주 문】 1. 원고의 항소를 기각한다. 2. 당심에서 추가된 원고의 예비적 청구에 따라, 피고는 원고에게 115,500,000원 및 이에 대하여 2014. 11. 13.부터 다 갚는 날까지 연 20%의 비율로 계산한 돈을 지급하라. 3. 당심 소송비용은 피고가 부담한다. 4. 제2항은 가집행할 수 있다. 【청구취지 및 항소취지】 제1심 판결을 취소한다. 주위적으로, 피고는 원고에게 150,000,000원 및 그 중 50,000,000원에","등을 통한 금전거래가 있었고, 위 기간 동안 피고는 ① 2006. 12. 16. 구미시 (주소 1 생략) 건물 중 피고 지분을 원고에게 1억 6,500만 원에 매도하고 그 대금을 완납 받았다는 내용의 부동산매매계약서를 작성하여 원고에게 교부해 주었고, ② 2009. 12. 30. 원고의 딸인 소외 1에게 피고 명의의 모든 재산을 유증한다는 내용의 유언공정증서를 작성해 주었으며, ③ 2010. 12. 3. 3억 원의 차용증서를 작성하여 원고에게 교부해 주었고, ④ 2011. 6. 25. 피고 명의의 김천시 (주소 2 생략) 토지 및 그 지상 축사에 채권최고액 3억 원, 채무자 피고, 근저당권자 원고로 하는 2순위 근저당권을 설정해 주었다",원문 참조,없음,"부동산, 주택, 아파트, 상가, 토지, 건물, 임대차, 전세, 보증금, 임대인, 전세권, 임대차계약",전문 원문: https://www.law.go.kr/LSW/precInfoP.do?precSeq=206243,civil_lease_definition,민법 제618조 임대차의 의의,civil_lease_definition|민법 제618조 임대차의 의의
625,CASE_2008_00625,2007다54979,소유권말소등기,대법원,2008-10-23,민사,판결,상고심,파기환송,"[1] 일방 당사자의 계약위반을 이유로 상대방이 계약을 해제한 경우, 계약을 위반한 당사자도 계약해제의 효과를 주장할 수 있는지 여부 (적극) [2] 쌍무계약에서 일방 당사자가 자신의 채무를 이행할 의사가 없음을 명백히 표시한 경우 상대방이 자신의 채무의 이행제공이나 최고 없이 계약을 해제할 수 있는지 여부 (적극)","2002다6753 판결 등 참조). 원심판결 이유에 의하면, 원심은 그 채택 증거를 종합하여, 원고들은 1997. 11. 19. 이 사건 부동산을 소외 1에게 매도하였고, 피고가 대표이사로 있는 소외 2 주식회사는 1998. 3. 30. 소외 1로부터 위 계약상의 매수인 지위를 양수한 다음 1998. 5. 18. 원고들과 사이에 이 사건 부동산을 592,900,000원에 매수하는 이 사건 계약을 체결한 사실, 이 사건 계약은 소외 2 주식회사가 이 사건 부동산에 임대아파트를 신축할 목적으로 체결한 것으로서, 계약금을 제외한 잔금 전액을 관할 관청으로부터 신축허가를 받은 날로부터 6개월 이내에 지급하되 소외 2 주식회사의 소유권이전등기청","[1] 민법 제2조 , 제545조 , 제548조 [2] 민법 제2조 , 제544조","[1] 대법원 2001. 6. 29. 선고 2001다21441, 21458 판결 (공2001하, 1735) / [2] 대법원 1993. 6. 25. 선고 93다11821 판결 (공1993하, 2111), 대법원 2005. 8. 19. 선고 2004다53173 판결 (공2005하, 1498), 대법원 2007. 9. 20. 선고 2005다63337 판결 (공2007하, 1626)","부동산, 주택, 아파트, 토지, 농지, 매매, 매수, 매도, 계약금, 잔금, 소유권이전, 등기",전문 원문: https://www.law.go.kr/LSW/precInfoP.do?precSeq=124954,civil_sale_effect,민법 제568조 매매의 효력,civil_nonperformance_damages|민법 제390조 채무불이행 손해배상; civil_sale_effect|민법 제568조 매매의 효력
626,CASE_2012_00626,2011나9075,진정명의회복을위한소유권이전등기등,부산고법,2012-09-04,민사,판결,2심,항소기각,"甲 장학회를 설립한 乙이 5·16 군사쿠데타 직후에 수립된 군사혁명정부의 강압에 의하여 장학회의 기본재산 조성을 위하여 매수한 토지를 국가에 헌납한 사안에서, 민법 제146조 에서 정한 취소권의 제척기간 경과로 증여계약이 확정적으로 유효하게 되었다고 한 사례","甲 장학회를 설립한 乙이 5·16 군사쿠데타 직후에 수립된 군사혁명정부의 강압에 의하여 장학회의 기본재산을 조성하기 위하여 매수한 토지를 국가에 헌납한 사안에서, 乙의 위와 같은 증여 의사표시는 강박에 의하여 이루어진 것으로 볼 수 있으므로 乙과 상속인들은 이를 이유로 증여 의사표시를 취소할 수 있으나, 乙과 국가 사이의 위 토지에 관한 증여계약은 乙이나 상속인들이 민법 제146조 에서 정한 제척기간이 경과하도록 취소하지 아니하여 확정적으로 유효하게 되었으므로, 국가 명의의 위 토지에 관한 소유권이전등기는 실체관계에 부합하는 등기로서 유효하다고 한 사례.","민법 제110조 , 제144조 , 제146조",없음,"토지, 매수, 소유권이전, 등기, 명의신탁, 명의수탁, 강박, 기각, 반환, 취소",전문 원문: https://www.law.go.kr/LSW/precInfoP.do?precSeq=166433,civil_fraud_duress,민법 제110조 사기·강박에 의한 의사표시,civil_fraud_duress|민법 제110조 사기·강박에 의한 의사표시; civil_sale_effect|민법 제568조 매매의 효력
627,CASE_2007_00627,2007도2714,사문서위조·위조사문서행사·공정증서원본불실기재·불실기재공정증서원본행사,대법원,2007-06-28,형사,판결,상고심,상고기각,"사문서위조나 공정증서원본불실기재가 성립한 후 피해자의 동의 또는 추인이 있는 경우, 이미 성립한 범죄에 영향이 있는지 여부 (소극)","심판결 이유에 의하면, 원심은 그 채용증거들에 의하여 그 판시와 같은 사실을 인정한 다음, 피고인이 이 사건 건물 중 1세대분에 대한 공소외인의 지분에 관하여만 소유권이전등기절차 등에 필요한 권한을 위임받았음에도 불구하고 공소외인의 승낙 없이 이 사건 건물 4세대 전체에 대한 공소외인 지분에 관한 매매계약서 및 위임장을 각 위조한 다음 그와 같은 내용의 등기를 경료하게 하였다는 공소사실을 충분히 인정할 수 있다고 판단하여 유죄를 인정한 제1심판결을 유지하였는바, 관련 증거들을 기록과 대조하여 살펴보면 위와 같은 원심의 사실인정과 판단은 정당하다. 원심판결에는 상고이유에서 주장하는 바와 같은 심리미진 또는 채증법칙 위배로 인한 위법이 없으","형법 제228조 , 제231조","대법원 1998. 4. 14. 선고 98도16 판결 (공1998상, 1419), 대법원 1999. 5. 14. 선고 99도202 판결 (공1999상, 1215), 대법원 2001. 11. 9. 선고 2001도3959 판결 (공2002상, 108)","부동산, 건물, 매매, 매매계약, 소유권이전, 등기, 공정증서원본불실기재, 사기, 위조, 기각, 불실기재, 권리관계",전문 원문: https://www.law.go.kr/LSW/precInfoP.do?precSeq=68800,civil_sale_effect,민법 제568조 매매의 효력,civil_sale_effect|민법 제568조 매매의 효력
628,CASE_1997_00628,96다48282,건물소유권이전등기,대법원,1997-06-13,민사,판결,상고심,파기환송,[1] 이사회가 일반적·구체적으로 대표이사에게 위임하지 않은 업무로서 일상 업무에 속하지 아니한 중요한 업무에 대하여 이사회에게 그 의사결정권한이 있는지 여부 (적극) [2] 대표이사가 이사회의 결의를 요하는 대외적 거래행위에 관하여 적법한 이사회 결의 없이 한 행위의 효력,"[1] 법률 또는 정관 등의 규정에 의하여 주주총회 또는 이사회의 결의를 필요로 하는 것으로 되어 있지 아니한 업무 중 이사회가 일반적·구체적으로 대표이사에게 위임하지 않은 업무로서 일상 업무에 속하지 아니한 중요한 업무에 대하여는 이사회에게 그 의사결정권한이 있다. [2] 약정 내용이 정관 등에 의하여 또는 대표이사의 일상 업무에 속하지 아니한 중요한 업무에 해당하여 이사회의 결의를 거쳐야 할 사항인데 대표이사가 이를 거치지 아니하고 그와 같은 약정을 한 경우, 약정 당시 약정의 상대방이 이사회의 결의가 없었음을 알았거나 알 수 있었다면 그 약정은 회사에 대하여 효력이 없다.","[1] 상법 제393조 제1항 [2] 상법 제209조 , 제389조 제3항 , 제393조","[1] 대법원 1997. 6. 13. 선고 96다48039 판결 / [2] 대법원 1993. 6. 25. 선고 93다13391 판결(공1993하, 2117) , 대법원 1996. 1. 26. 선고 94다42754 판결(공1996상, 722)","부동산, 오피스텔, 임야, 건물, 매매, 매수, 매도, 매매계약, 소유권이전, 분양, 분양대금, 분양계약",전문 원문: https://www.law.go.kr/LSW/precInfoP.do?precSeq=197006,civil_sale_effect,민법 제568조 매매의 효력,civil_sale_effect|민법 제568조 매매의 효력
629,CASE_2020_00629,2018나2048756,소유권이전등기 등,서울고등법원,2020-02-06,민사,판결,2심,항소기각,1. 피고의 항소를 기각한다. 2. 항소비용은 피고가 부담한다. 3. 제1심 판결의 주문 제1의 가,"유 기재와 같으므로, 민사소송법 제420조 본문 에 의하여 이를 그대로 인용한다(이하에서 사용하는 약어의 의미는 제1심 판결에서와 같다). ○ 제4쪽 제7행의 “취소청구”를 “무효확인 청구”로, 각주 1)의 “취소를”을 “무효확인을”으로 각 고쳐 쓴다. ○ 제5쪽 제8행의 “2016. 11. 21.”을 “2016. 11. 22.”로 고쳐 쓴다. ○ 제5쪽 제12행의 “전부 개정되기 전의 것”을 “전부 개정되기 전의 것, 이하 ‘구 도시정비법’이라 한다”로 고쳐 쓴다. ○ 제5쪽 제16~18행을 다음과 같이 고쳐 쓴다. 『2016. 11. 21.을 기준으로 이 사건 재건축사업으로 인하여 발생할 것으로 예상되는 개발이익을 포함한 이 사건 각",원문 참조,없음,"부동산, 주택, 아파트, 상가, 토지, 건물, 매매, 매도, 매매계약, 매매대금, 소유권이전, 분양",전문 원문: https://www.law.go.kr/LSW/precInfoP.do?precSeq=214661,civil_sale_effect,민법 제568조 매매의 효력,civil_sale_effect|민법 제568조 매매의 효력
630,CASE_2015_00630,2012가합3779,소유권이전등기등,수원지방법원 평택지원,2015-06-03,민사,판결,1심,"1. 가. 피고 2는 원고 2에게 별지 부동산목록 제2항 기재 아파트에 관하여, ⑴ 68,765,782원을 분양대금으로 정한...","소송대리인 법무법인 지평 담당변호사 박보영 외 2인) 【변론종결】 2015. 4. 8. 【주 문】 1. 가. 피고 2는 원고 2에게 별지 부동산목록 제2항 기재 아파트에 관하여, ⑴ 68,765,782원을 분양대금으로 정한 원고 2의 매수청약의 의사표시에 대하여 승낙의 의사표시를 하고, ⑵ 원고 2로부터 68,765,782원을 지급받음과 동시에 이 판결 확정일자 매매를 원인으로 소유권이전등기절차를 이행하라. 나. 피고 7은 원고 7로부터 71,263,791원을 지급받음과 동시에 원고 7에게 별지 부동산목록 제7항 기재 아파트에 관하여 2010. 1. 21.자 합의를",". 가. 피고 주식회사 반석주택(이하 ‘피고 반석주택’이라 한다)은 2002. 3. 21. 홍익종합개발 주식회사로부터 안성시 (주소 생략) 임야 23,720㎡를 매수하여, 임대사업자로서 위 토지 지상에 공공건설 임대주택인 14~15층의 4개동 474세대[공급면적이 88.233㎡(27평형)인 174세대, 98.415㎡(30A평형)인 270세대, 98.473㎡(30B평형)인 30세대로 구성되어 있는데, 이하 각 ‘27평형, 30A평형, 30B평형’이라 한다] 규모의 □□□□□□ 임대아파트(이하 ‘이 사건 임대사업아파트’라 한다)를 건축하였다. 나. 피고 반석주택은 2002. 6. 17. 피고 안성시로부터 입주자모집 공고 승인을 받고 이 사건",원문 참조,없음,"부동산, 주택, 아파트, 토지, 임야, 임대목적물, 임대차, 임차인, 임대차계약, 매매, 매수, 매도",전문 원문: https://www.law.go.kr/LSW/precInfoP.do?precSeq=218431,civil_lease_definition,민법 제618조 임대차의 의의,civil_sale_effect|민법 제568조 매매의 효력; civil_lease_definition|민법 제618조 임대차의 의의
631,CASE_2019_00631,2017두49560,증여세부과처분취소,대법원,2019-05-30,행정,판결,상고심,파기환송,"[1] 구 상속세 및 증여세법 제40조 제1항 에서 정한 ‘인수인’의 의미 및 단순한 투자 목적으로 전환사채 등을 취득하는 자가 이에 해당하는지 여부 (원칙적 소극) [2] 甲 주식회사가 乙 주식회사가 발행한 신주인수권부사채를 모두 취득하여 위 사채에서 분리된 신주인수권을 乙 회사의 최대주주인 丙에게 양도하였고, 이후 丙이 신주인수권을 행사하여 乙 회사의 주식을 교부받았는데, 과세관청이 丙이 신주인수권을 행사하여 이익을 얻었다고 보아 丙에게 증여세를 결정·고지한 사안에서, 제반 사정에 비추어 甲 회사는 구 상속세 및 증여세법 제40조 제1항 에서 정하고 있는 인수인에...","[1] 구 상속세 및 증여세법(2011. 12. 31. 법률 제11130호로 개정되기 전의 것, 이하 ‘구 상증세법’이라 한다) 제40조 제1항 은 “전환사채, 신주인수권부사채(신주인수권증권이 분리된 경우에는 신주인수권증권을 말한다) 또는 그 밖의 주식으로 전환·교환하거나, 주식을 인수할 수 있는 권리가 부여된 사채(이하 ‘전환사채 등’이라 한다)를 인수·취득·양도하거나, 전환사채 등에 의하여 주식으로의 전환·교환 또는 주식의 인수를 함으로써 다음 각호의 어느 하나에 해당하는 이익을 얻은 경우에는 그 이익에 상당하는 금액을 그 이익을 얻은 자의 증여재산가액으로 한다.”라고 정하면서, 제1호 (나)목 과 제2호 (나)목 에서 ‘전환사채 등을 발행한 법인의 최대주주나 그와 특...","[1] 구 상속세 및 증여세법(2011. 12. 31. 법률 제11130호로 개정되기 전의 것) 제40조 제1항 제1호 (나)목 , 제2호 (나)목 , 구 자본시장과 금융투자업에 관한 법률(2013. 5. 28. 법률 제11845호로 개정되기 전의 것) 제9조 제7항 , 제8항 , 제9항 , 제11항 제1호 (현행 제9조 제11항 참조), 제12항 [2] 구 상속세 및 증여세법(2011. 12. 31. 법률 제11130호로 개정되기 전의 것) 제40조 제1항 , 구 자본시장과 금융투자업에 관한 법...",없음,"매수, 매도, 횡령, 배임, 기각, 파기, 취소",전문 원문: https://www.law.go.kr/LSW/precInfoP.do?precSeq=207537,civil_sale_effect,민법 제568조 매매의 효력,civil_sale_effect|민법 제568조 매매의 효력
632,CASE_2013_00632,2011나82454,분양대금반환,서울고등법원,2013-05-30,민사,판결,2심,일부인용,"1. 당심에서 확장 및 추가된 원고들의 청구를 포함하여 제1심판결 중 원고들에 대한 부분을 다음과 같이 변경한다. 가. 원고들의 주위적 청구를 모두 기각한다. 나. 원고들의 제1 예비적 청구에 기하여, 원고들에게, 1) 피고 주식회사 리얼스페이스는 별지1 “분양계약 내역표”의 “납부한 분양대금”란 기재 각 금원 및 이에 대하여 같은 표의 “최종납입일”란 기재 각 일자부터 다 갚는 날까지 연 6%의 비율에 의한 금원을 지급하고, 2) 피고 케이비부동산신탁 주식회사는 원고들로부터 별지2 “등기현황표”의 “목적 부동산”란 기재 각 부동산에 관하여 수원지방법원","주식회사 리얼스페이스(이하 ‘피고 리얼스페이스’라고 한다)는 용인시 수지구 (주소 생략) 소재의 ○○○○○○○센터(이하 ‘이 사건 상가’라고 한다)를 건축하여 분양한 시행사이고, 피고 케이비부동산신탁 주식회사(이하 ‘피고 케이비신탁’이라고 한다)는 피고 리얼스페이스로부터 이 사건 상가의 부지인 용인시 수지구 (주소 생략) 주차장 5,582.10㎡(이하 ‘이 사건 상가 부지’라고 한다)를 신탁받은 수탁자이다. 나. 피고 리얼스페이스와 피고 케이비신탁은 2008. 12. 17. 이 사건 상가 부지에 관하여 다음과 같은 내용의 대리사무계약 및 분양관리 신탁계약을 각 체결하였다. 그 주요내용은 다음과 같다. [대리사무계약] 제3조 (역할 및",원문 참조,없음,"부동산, 상가, 건물, 매수, 매도, 소유권이전, 소유권보존, 대금반환, 공유지분, 분양, 분양대금, 분양계약",전문 원문: https://www.law.go.kr/LSW/precInfoP.do?precSeq=193314,civil_sale_effect,민법 제568조 매매의 효력,civil_sale_effect|민법 제568조 매매의 효력
633,CASE_2008_00633,2008도3766,특정경제범죄가중처벌등에관한법률위반(배임)·배임미수,대법원,2008-07-10,형사,판결,상고심,상고기각,"매도인이 부동산을 제3자에게 이중매매하고 소유권이전청구권 보전을 위한 가등기를 마쳐 준 경우, 배임죄를 구성하는지 여부 (적극)","상고이유를 본다. 1. 배임죄에 있어서 재산상 손해를 가한 때라 함은 현실적인 손해를 가한 경우뿐 아니라 재산상 손해발생의 위험을 초래한 경우도 포함하는바, 부동산의 매도인으로서 매수인에 대하여 그 앞으로의 소유권이전등기절차에 협력할 의무 있는 자가 그 임무에 위배하여 같은 부동산을 매수인 이외의 제3자에게 이중으로 매도하고 제3자 앞으로 소유권이전청구권 보전을 위한 가등기를 마쳐 주었다면, 이는 매수인에게 손해발생의 위험을 초래하는 행위로서 배임죄를 구성한다( 대법원 1983. 6. 14. 선고 81",형법 제355조 제2항,"대법원 1988. 12. 13. 선고 88도750 판결 (공1989, 125)","부동산, 임야, 매매, 매수, 매도, 계약금, 잔금, 소유권이전, 등기, 가등기, 배임, 기각",전문 원문: https://www.law.go.kr/LSW/precInfoP.do?precSeq=64930,aggravated_economic_crime,특정경제범죄 가중처벌 등에 관한 법률 제3조,aggravated_economic_crime|특정경제범죄 가중처벌 등에 관한 법률 제3조; embezzlement_breach_of_trust|형법 제355조·제356조 횡령·배임; civil_sale_effect|민법 제568조 매매의 효력
634,CASE_2024_00634,2023가단5029570,소유권말소등기,서울중앙지방법원,2024-05-08,민사,판결,1심,1. 이 사건 소의 주위적 청구 중 채권자대위청구 부분을 각하한다. 2. 원고의 나머지 주위적 청구 및 예비적 청구를 각 기각...,"결】 2024. 3. 27. 【주 문】 1. 이 사건 소의 주위적 청구 중 채권자대위청구 부분을 각하한다. 2. 원고의 나머지 주위적 청구 및 예비적 청구를 각 기각한다. 3. 소송비용은 원고가 부담한다. 【청구취지】 주위적으로, 피고 2는 피고 1에게 별지 목록 기재 부동산(이하 ‘이 사건 아파트’라 한다)에 관하여 서울중앙지방법원 등기국 1996. 10. 24. 접수 제39786호로 마친 소유권이전등기의, 같은 등기국 2022. 4. 4. 접수 제50487호로 마친 소유권이전등기의 각 말소등기절차를 이행하고, 이 사건 아파트가 원고의 소유임을 확인한다. 예비적으로","이라 한다)의 누나이고, 피고 2는 망인의 배우자이다. ○ 피고 1은 1993. 6. 3. 소외 롯데건설 주식회사(이하 ‘소외 회사’라 한다)와 사이에 이 사건 아파트에 관하여 대금 354,000,000원의 분양계약을 체결하였다. ○ 원고는 1993. 12. 16. 망인 명의를 빌려 피고 1로부터 이 사건 아파트에 관한 분양권을 대금 107,200,000원(= 피고 1이 기납부한 분양대금 106,200,000원 + 프리미엄 1,000,000원)에 매수하고(이하 ‘이 사건 매매계약’이라 한다), 1993. 12. 23. 소외 회사의 승인을 받아 위 분양계약상 수분양자 지위를 포괄적으로 승계하였다. ○ 소외 회사는 1996. 8. 26. 이",원문 참조,없음,"부동산, 아파트, 임대차, 임차인, 임대차계약, 매매, 매수, 매도, 매매계약, 소유권이전, 소유권보존, 분양",전문 원문: https://www.law.go.kr/LSW/precInfoP.do?precSeq=608247,civil_lease_definition,민법 제618조 임대차의 의의,civil_sale_effect|민법 제568조 매매의 효력; civil_lease_definition|민법 제618조 임대차의 의의
635,CASE_1992_00635,92노4682,폭력행위등처벌에관한법률위반등,서울형사지법,1992-10-27,형사,판결,2심,무죄,사실혼관계에 있는 여자 명의로 되어 있는 부동산에 관하여 명의신탁해지를 원인으로 하는 소유권이전등기청구의 소를 제기한 경우 명의신탁사실이 인정되지 않지만 피고인이 그 재산형성에 어느 정도 기여하였다고 보이는 점 등을 고려하여 볼 때 소송사기의 범의를 인정하기 어렵다고 한 사례,"와 같이 그 판시의 피해자를 상대로 소송을 제기한 것은 피고인이 사실을 다소 잘못 인식하였거나 법률적 평가를 그르침에 기인한 것이었을 뿐 그 판시와 같이 법원을 기망하여 위 피해자의 부동산을 편취하려는 범의를 가지고 있었던 것은 아니었고, 또한 피고인은 원심 판시와 같이 공소외인 등과 공동하여 위 피해자등에게 상해를 입힌 사실이 전혀 없었음에도 불구하고 원심은 피고인이 각 그 판시의 범죄를 저질렀다고 사실을 그릇 인정하거나 사기죄의 법리를 오해한 나머지 피고인에게 유죄를 선고함으로써 판결에 영향을 미친 위법을 범하였고, 둘째, 원심의 형량이 너무 무거워서 부당하다는 데 있다. 그러므로 먼저 위 폭력행위의 점에 관한 사실오인의 항소이유에","형법 제352조 , 제347조 제1항",없음,"부동산, 주택, 아파트, 매수, 소유권이전, 등기, 명의신탁, 폭력행위, 상해, 사기, 기망, 편취",전문 원문: https://www.law.go.kr/LSW/precInfoP.do?precSeq=227489,criminal_fraud,형법 제347조 사기죄,criminal_fraud|형법 제347조 사기죄; civil_fraud_duress|민법 제110조 사기·강박에 의한 의사표시; civil_sale_effect|민법 제568조 매매의 효력
636,CASE_2007_00636,"2006나673,2006나680(병합)",근저당권설정등기등·사해행위취소,광주고등법원,2007-03-29,민사,판결,2심,일부인용,"주 문】 1. 제1심 판결을 아래와 같이 변경한다. 가. 별지 부동산목록 기재 4 부동산에 관하여 소외 2 주식회사와 피고 사이에 2005. 9. 22. 체결된 매매계약은 4억 원의 한도 내에서 이를 취소한다. 나. 피고는 원고에게 4억 원 및 이에 대하여 이 판결 확정 다음날부터 다 갚는 날까지 연 5%의 비율에 의한 돈을 지급하라. 다. 원고의 나머지 청구를 기각한다. 2. 소송총비용 중 60%는 원고가, 40%는 피고가 부담한다. 【청구취지 및 항소취지】 1. 청구취지 별지 부동산목록 기재 4 부동산(이하 ‘이 사건 건물’이라고 한다)에 관하여 소외 2 주식회사","이다)는 2003. 11. 5. 소외 1 유한회사 및 그 대표이사인 소외 5와의 사이에, 소외 1 유한회사가 원고에 대하여 현재 및 장래에 부담하는 모든 채무를 담보하기 위해 소외 1 유한회사 소유의 별지 부동산목록 기재 3 부동산, 소외 5 소유의 별지 부동산목록 기재 1, 2 부동산(이하 위 각 부동산을 모두 합하여 ‘이 사건 토지’라고 한다)에 관하여 채권최고액이 16억 원인 근저당권설정계약을 체결하고, 같은 날 이 사건 토지에 관하여 채권최고액을 16억 원, 채무자를 소외 1 유한회사, 근저당권자를 원고로 하는 근저당권설정등기를 마쳤다. 나. 그 후 원고는 소외 1 유한회사와의 사이에 2건의 여신거래약정을 체결하고 1억 5천만 원",원문 참조,없음,"부동산, 토지, 임야, 건물, 매매, 매매계약, 매매대금, 계약금, 중도금, 잔금, 소유권이전, 소유권보존",전문 원문: https://www.law.go.kr/LSW/precInfoP.do?precSeq=143359,civil_sale_effect,민법 제568조 매매의 효력,civil_sale_effect|민법 제568조 매매의 효력
637,CASE_2005_00637,2005나15897,소유권이전등기,서울고등법원,2005-12-27,민사,판결,2심,항소기각,"서울중앙지방법원 2005. 1. 11. 선고 2003가합12859 판결 【변론종결】 2005. 11. 29. 【주 문】 1. 원고들의 항소를 모두 기각한다. 2. 항소비용은 원고들의 부담으로 한다. 【청구취지 및 항소취지】 제1심 판결을 취소한다. 피고는 소외 1 주식회사(주소 : 생략, 이하 ‘ 소외 1 회사’라고 한다)에게 별지 2 목록 기재 각 토지(이하 ‘이 사건 부동산’이라고 한다) 중 각 1/2 지분에 관하여 서울지방법원 2002. 12. 5. 접수 제95954호로 마친 소유권이전등기의 말소등기절차를 이행하라. 【이 유】 1. 기초사실 다음","이를 인정할 수 있다. 가. 원래 소외 3 주식회사와 그 대표이사 소외 2의 소유이던 이 사건 부동산에 관하여 서울지방법원 96타경 (번호 생략)호로 부동산임의경매절차가 진행되었는데, 소외 1 회사의 대표이사 소외 5는 이 사건 부동산을 낙찰받아 그 지상에 공동주택을 건축하는 등의 개발계획을 세우고 2001년 11월 초경 피고에게 경매물건인 이 사건 부동산을 시세보다 저렴한 금액으로 낙찰받을 수 있다고 말하면서 투자할 것을 제의하였다. 나. 위 제의를 받아들인 피고는 2001. 11. 7.경 소외 1 회사와 사이에, 이 사건 부동산을 1/2 지분씩 공동으로 낙찰받아 매수하되, 그 소유 명의는 소외 1 회사로 하고 피고가 먼저 입찰보증금",원문 참조,없음,"부동산, 주택, 오피스텔, 토지, 건물, 보증금, 매매, 매수, 매매대금, 잔금, 소유권이전, 소유권보존",전문 원문: https://www.law.go.kr/LSW/precInfoP.do?precSeq=78299,civil_lease_definition,민법 제618조 임대차의 의의,civil_sale_effect|민법 제568조 매매의 효력; civil_lease_definition|민법 제618조 임대차의 의의
638,CASE_2017_00638,2015다252501,채무부존재확인,대법원,2017-03-15,민사,판결,상고심,파기환송,"[1] 채무자 회생 및 파산에 관한 법률 제144조 제1항 에서 회생절차개시 이후에도 회생절차에 의하지 아니한 상계를 일정한 범위에서 허용한 취지와 채무가 기한부인 때에도 상계가 가능하도록 한 취지 및 채무가 기한부인 경우 회생채권자가 신고기간 만료 전에 기한의 이익을 포기하고 상계할 수 있는지 여부 (적극) [2] 채무자 회생 및 파산에 관한 법률 제145조 제4호 본문에서 회생절차가 개시된 회생채무자의 채무자가 지급의 정지, 회생절차개시의 신청 등의 존재를 알고 회생채권을 취득한 경우 회생채권을 자동채권으로 하는 상계를 제한한 취지와 이에 대한 예외로 같은 조 제...","[1] 채무자 회생 및 파산에 관한 법률(이하 ‘채무자회생법’이라고 한다) 제144조 제1항 은 ""회생채권자 또는 회생담보권자가 회생절차개시 당시 채무자에 대하여 채무를 부담하는 경우 채권과 채무의 쌍방이 신고기간 만료 전에 상계할 수 있게 된 때에는 회생채권자 또는 회생담보권자는 그 기간 안에 한하여 회생절차에 의하지 아니하고 상계할 수 있다. 채무가 기한부인 때에도 같다.""라고 규정하여, 회생절차개시 이후라도 회생절차에 의하지 아니한 상계를 하는 것을 일정한 범위에서 허용하고 있다. 이는 회생채권자와 회생채무자 상호 간에 상대방에 대한 채권·채무를 가지고 있는 경우에는 상계함으로써 상쇄할 수 있다는 당사자의 기대를 보호하고자 하는 것이다. 또한 채무가 기한부인 때에도...","[1] 채무자 회생 및 파산에 관한 법률 제144조 제1항 , 민법 제152조 , 제153조 , 제492조 [2] 채무자 회생 및 파산에 관한 법률 제145조 제2호 (나)목 , 제4호 , 민법 제492조 [3] 민법 제152조 , 제153조 , 제492조 제1항 , 제493조 제1항 , 제618조 [4] 채무자 회생 및 파산에 관한 법률 제144조 제1항 , 제145조 제2호 (나)목 , 제4호 , 민법 제152조 , 제153조 , 제492조 제1항 , 제493조 제1항 , 제618조","[2] 대법원 2014. 9. 24. 선고 2013다200513 판결 / [3] 대법원 2002. 12. 10. 선고 2002다52657 판결 (공2003상, 361), 대법원 2016. 7. 27. 선고 2015다230020 판결(공2016하, 1228), 대법원 2016. 11. 25. 선고 2016다211309 판결 (공2017상, 22)","부동산, 건물, 임대목적물, 임대차, 보증금, 임대인, 임차인, 임대차계약, 담보, 손해배상, 파기, 반환",전문 원문: https://www.law.go.kr/LSW/precInfoP.do?precSeq=184534,civil_lease_definition,민법 제618조 임대차의 의의,civil_nonperformance_damages|민법 제390조 채무불이행 손해배상; civil_lease_definition|민법 제618조 임대차의 의의
639,CASE_2006_00639,2006노509,특정경제범죄가중처벌등에관한법률위반(사기){인정된죄명:특정경제범죄가중처벌등에관한법률위반(사기)사기미수}·공정증서원본불실기재·불실기재공정증서원본행사,서울고등법원,2006-08-07,형사,판결,2심,유죄(징역형),"외 1인 【원심판결】 서울중앙지방법원 2006. 3. 10. 선고 2005고합1038, 2006고합83(병합) 판결 【주 문】 원심판결 중 피고인에 대한 부분을 파기한다. 피고인을 징역 3년에 처한다. 원심판결 선고 전의 구금일수 153일을 피고인에 대한 위 형에 산입한다. 【이 유】 1. 항소이유의 요지 가. 피고인 (1) 사실오인 피고인은 성명불상자가 공소외 4를 사칭하고 있다는 사실을 모르는 상태에서 공소외 2 등에게 변호사를 소개한 사실은 있으나, 원심이 유죄로 인정한 판시 범행들을 공소외 2 등과 공모하거나 그 범행에 가담하여 이익을 분배받기로 약정한 사실이","원심의 형량(징역 2년 6월)은 너무 무거워 부당하다. 나. 검사: 법리오해 성명모용소송의 경우 그 판결의 효력이 피모용자에게 미치는 점, 원고가 피고의 주소를 허위로 기재하여 취득한 승소판결 이른 바 ‘사위판결’의 효력에 관하여 대법원은 당연무효가 아니라는 태도를 취하고 있는 점, 소송사기의 실행의 착수시점이 ‘법원에 대한 소제기 시점’인 점, 사기죄의 구성요건인 재산상 이익은 반드시 법률상 유효할 필요가 없고 외형상 존재하면 충분한 점 등에 비추어 볼 때 피고인에 대한 이 사건 공소사실 중 피해자 공소외 4에 대한 특정경제범죄가중처벌등에관한법률위반(사기)의 점에 관하여는 그 범죄의 성립이 인정되거나 최소한 사기미수죄라도 성립한다고 할",원문 참조,없음,"부동산, 토지, 임야, 매매, 매수, 매매계약, 소유권이전, 등기, 담보, 공정증서원본불실기재, 사기, 기망",전문 원문: https://www.law.go.kr/LSW/precInfoP.do?precSeq=77954,aggravated_economic_crime,특정경제범죄 가중처벌 등에 관한 법률 제3조,aggravated_economic_crime|특정경제범죄 가중처벌 등에 관한 법률 제3조; criminal_fraud|형법 제347조 사기죄; civil_fraud_duress|민법 제110조 사기·강박에 의한 의사표시; civil_sale_effect|민법 제568조 매매의 효력
640,CASE_2007_00640,2002다73333,보증채무금,대법원,2007-01-26,민사,판결,상고심,상고기각,"[1] 건설공제조합이 발행한 하자보수보증서에, 구 공동주택관리규칙 제11조 제1항 [별표 3]에 정해진 1년 또는 2년, 3년의 하자보수책임기간에 관계없이 모든 하자에 대한 보증기간이 3년으로 기재된 경우, 보증대상이 되는 하자의 범위 [2] 구 공동주택관리규칙 제11조 제1항 [별표 3]에 정해진 하자보수책임기간에 불구하고 사업주체가 사용검사권자에게 하자보수보증기간 및 하자담보책임기간이 3년으로 기재된 하자보수보증서를 제출하였다는 사정만으로 사업주체와 하자보수청구권자 사이에 모든 하자에 대한 보수책임기간을 3년으로 연장하기로 약정한 것이라고 볼 수 있는지 여부 (소...","는 2년, 3년으로 한정된다. 나아가 구 주택건설촉진법 제38조 제15항 은 “ 제14항 의 규정에 의한 사업주체와 건축주는 대통령령이 정하는 바에 따라 하자보수보증금을 예치하여야 한다.”고 규정하고 있고, 구 공동주택관리령 제17조 제1항 은 “공동주택 등을 건설·공급하는 자는 사용검사권자가 지정하는 금융기관에 사용검사권자의 명의로 하자보수보증금을 예치하고, 그 예치증서는 사용검사신청서를 제출할 때에 사용검사권자에게 함께 제출하여야 한다.”, 같은 조 제4항 은 “ 제1항 의 규정에 의한 하자보수보증금은 현금 또는 은행의 지급보증서, 입주자대표회의 또는 그 위임을 받은 자를 피보험자로 하는 이행보증보험증권, 건설공제조합법에 의하여 건설","[1] 구 주택건설촉진법(2003. 5. 29. 법률 제6916호 주택법으로 전문 개정되기 전의 것) 제38조 제14항 (현행 주택법 제46조 제1항 참조), 제15항 (현행 주택법 제46조 제2항 참조), 구 공동주택관리령(1994. 12. 23. 대통령령 제14447호로 개정되기 전의 것) 제16조 제1항 (현행 주택법 제46조 제1항 참조), 제17조 제1항 (현행 주택법 시행령 제60조 제1항 참조), 제4항 (현행 주택법 시행령 제60조 제4항 참조), 구 공동주택관리규칙(1994. 11...","[1][5] 대법원 2002. 2. 8. 선고 99다69662 판결 (공2002상, 650) / [5] 대법원 2002. 5. 14. 선고 2002다4597 판결 / [6] 대법원 1991. 4. 23. 선고 91다4478 판결 ((공1991, 1475)","주택, 보증금, 담보, 기각, 파기, 취소",전문 원문: https://www.law.go.kr/LSW/precInfoP.do?precSeq=143444,civil_lease_definition,민법 제618조 임대차의 의의,civil_nonperformance_damages|민법 제390조 채무불이행 손해배상; civil_lease_definition|민법 제618조 임대차의 의의
641,CASE_2013_00641,"2012다1146, 1153",부당이득금반환등·부당이득반환등,대법원,2013-09-26,민사,판결,상고심,상고기각,"[1] 甲이 乙 은행 등과 체결한 키코(KIKO) 통화옵션계약이 불공정행위인지 문제 된 사안에서, 통화옵션계약이 불공정행위에 해당하지 않는다고 한 원심판단의 결론을 정당하다고 한 사례 [2] 계약의 일방 당사자가 일정한 형식의 계약서를 미리 마련하여 두었으나 계약서상 특정 조항에 관하여 개별적인 교섭을 거친 경우, 그 조항이 약관의 규제에 관한 법률의 규율대상이 되는지 여부 (소극) 및 개별적인 교섭의 존재를 인정하기 위한 요건 [3] 甲이 乙 은행 등과 체결한 키코(KIKO) 통화옵션계약이 약관의 규제에 관한 법률의 규율대상인지 문제 된 사안에서, 통화옵션계약의 구...","[1] 甲이 乙 은행 등과 체결한 키코(KIKO) 통화옵션계약이 불공정행위인지 문제 된 사안에서, 위 계약의 구조는 환율 변동의 확률적 분포를 고려하여 쌍방의 기대이익을 대등하게 한 것이므로 계약 체결 후 시장환율이 당초 예상과 달리 변동함으로써 결과적으로 쌍방의 이익에 불균형이 생겼다 하더라도 그 때문에 계약 자체가 현저하게 불공정하게 체결되었다고 볼 수 없다는 등 이유로 통화옵션계약이 불공정행위에 해당하지 않는다고 한 원심판단의 결론을 정당하다고 한 사례. [2] 계약의 일방 당사자가 일정한 형식에 의하여 미리 계약서를 마련하여 두었다가 이를 상대방에게 제시하여 그 내용대로 계약을 체결하는 경우에도 특정 조항에 관하여 상대방과 개별적인 교섭을 거침으로써 상대방이 자신의...","[1] 민법 제104조 [2] 약관의 규제에 관한 법률 제2조 제1호 , 제4조 [3] 약관의 규제에 관한 법률 제2조 제1호 , 제4조 [4] 민법 제109조 , 제110조 [5] 민법 제2조 , 제750조 [6] 민법 제2조 , 제750조 [7] 민법 제2조 , 제750조 [8] 민법 제393조 , 제396조 , 제763조","[2] 대법원 2008. 7. 10. 선고 2008다16950 판결 (공2008하, 1154), 대법원 2010. 9. 9. 선고 2009다105383 판결(공2010하, 1884) / [6] 대법원 2003. 7. 11. 선고 2001다11802 판결 (공2003하, 1699), 대법원 2010. 11. 11. 선고 2010다55699 판결 (공2010하, 2257) / [8] 대법원 2007. 10. 25. 선고 2006다16758, 16765 판결(공2007하, 1806)","계약금, 사기, 기망, 횡령, 배임, 손해배상, 불법행위, 기각, 반환, 부당이득, 무효, 고지의무",전문 원문: https://www.law.go.kr/LSW/precInfoP.do?precSeq=192254,civil_fraud_duress,민법 제110조 사기·강박에 의한 의사표시,civil_fraud_duress|민법 제110조 사기·강박에 의한 의사표시; civil_nonperformance_damages|민법 제390조 채무불이행 손해배상; civil_sale_effect|민법 제568조 매매의 효력
642,CASE_2022_00642,2022누34502,조합원지위확인,서울고법,2022-09-22,행정,판결,2심,항소기각,"甲 주택재개발정비사업조합의 조합설립인가 후에 사업구역 내에 있는 빌라의 한 동 전체 세대를 소유하고 있던 乙 종중으로부터 한 세대를 양수한 丙이 분양신청기간 내에 甲 조합에 분양신청을 하였으나, 甲 조합이 조합설립인가 당시 전체 세대를 乙 종중 1인이 소유하고 있었던 이상 조합설립인가 후 이를 양수한 丙 에게는 조합원 지위가 없다고 보아 이를 전제로 한 관리처분계획(안)을 수립, 의결하고 시장이 이를 인가·고시한 사안에서, 위 관리처분계획에 법적 근거 없이 자신을 조합원에서 제외한 하자가 있어 위법하다는 丙의 주장이 이유 없다고 한 사례","甲 주택재개발정비사업조합의 조합설립인가 후에 사업구역 내에 있는 빌라의 한 동 전체 세대를 소유하고 있던 乙 종중으로부터 한 세대를 양수한 丙이 분양신청기간 내에 甲 조합에 분양신청을 하였으나, 甲 조합이 조합설립인가 당시 전체 세대를 乙 종중 1인이 소유하고 있었던 이상 조합설립인가 후 이를 양수한 丙에게는 조합원 지위가 없다고 보아 이를 전제로 한 관리처분계획(안)을 수립, 의결하고 시장이 이를 인가·고시한 사안이다. 도시 및 주거환경정비법(이하 ‘도시정비법’이라 한다) 제39조 제1항 제3호 에 따라 대표조합원을 선임해야 하는 경우에 대표조합원 외의 토지 등 소유자에게 분양신청권이 인정되는지에 관하여 명시적인 규정을 두고 있지 않으나, 투기세력의 유입을 차단하고 기존...","도시 및 주거환경정비법 제39조 제1항 , 제2항",없음,"부동산, 주택, 토지, 건물, 빌라, 소유권보존, 공유지분, 분양, 조합원, 등기, 기각, 취소",전문 원문: https://www.law.go.kr/LSW/precInfoP.do?precSeq=232725,civil_sale_effect,민법 제568조 매매의 효력,civil_sale_effect|민법 제568조 매매의 효력
643,CASE_2020_00643,"2018나80636(본소), 2018나80643(반소)",소유권이전등기,수원지방법원,2020-04-14,민사,판결,2심,항소기각,"수원지방법원 2018. 9. 6. 선고 2016가단517690 판결 【변론종결】 2020. 3. 24. 【주 문】 1. 피고(반소원고)의 항소를 기각한다. 2. 항소비용은 피고(반소원고)가 부담한다. 【청구취지 및 항소취지】 1. 청구취지 본소: 피고(반소원고, 이하 ‘피고’라고만 한다)는 원고(반소피고, 이하 ‘원고’라고만 한다)에게 화성시 (주소 1 생략) 대 577㎡ 중 별지 1 도면 표시 1, 2 ,3, 4, 5, 9, 1의 각 점을 차례로 연결한 선내 부분 147㎡에 관하여 2012. 9. 26.자 약정을 원인으로 한 소유권이전등기절차를 이행","1. 인정사실 가. 매매계약 및 도급계약의 체결 1) 원고를 대리한 이연 주식회사(이하 ‘이 사건 회사’라고 한다)는 2012. 9. 26. 피고와 사이에 다음과 같은 내용의 매매계약(이하 ‘이 사건 매매계약’이라고 한다)을 체결하였다. 제1조 부동산의 표시 화성시 (주소 1 생략) 번지 전용면적 430㎡(약 130평), 공유면적 33㎡(약 10평), 분양면적 463㎡(약 140평) 매매금액 170,000,000원제2조 매매금액 지불방법 계약금 87,000,000원(건축복합 포함), 중도금, 잔금",원문 참조,없음,"부동산, 주택, 토지, 임야, 매매, 매매계약, 매매대금, 계약금, 중도금, 잔금, 소유권이전, 소유권보존",전문 원문: https://www.law.go.kr/LSW/precInfoP.do?precSeq=214723,civil_sale_effect,민법 제568조 매매의 효력,civil_sale_effect|민법 제568조 매매의 효력
644,CASE_2014_00644,2013다91672,양수금,대법원,2014-10-27,민사,판결,상고심,"원심판결 중 피고 패소 부분을 파기하고, 이 부분 사건을 대구지방법원 본원 합의부에 환송한다.","저당권이 설정된 전세권의 존속기간이 만료된 경우, 저당권자가 전세금의 지급을 구하는 방법 / 전세권저당권자가 전세금반환채권에 대하여 물상대위권을 행사한 경우, 전세권설정자가 전세권자에 대한 반대채권으로 전세권저당권자에게 상계로써 대항할 수 있는지 여부 (한정 적극)","전세권을 목적으로 한 저당권이 설정된 경우, 전세권의 존속기간이 만료되면 전세권의 용익물권적 권능이 소멸하기 때문에 더 이상 전세권 자체에 대하여 저당권을 실행할 수 없게 되고, 저당권자는 저당권의 목적물인 전세권에 갈음하여 존속하는 것으로 볼 수 있는 전세금반환채권에 대하여 압류 및 추심명령 또는 전부명령을 받거나 제3자가 전세금반환채권에 대하여 실시한 강제집행절차에서 배당요구를 하는 등의 방법으로 물상대위권을 행사하여 전세금의 지급을 구하여야 한다. 전세권저당권자가 위와 같은 방법으로 전세금반환채권에 대하여 물상대위권을 행사한 경우, 종전 저당권의 효력은 물상대위의 목적이 된 전세금반환채권에 존속하여 저당권자가 전세금반환채권으로부터 다른 일반채권자보다 우선변제를 받을...","민법 제342조 , 제370조 , 제498조","대법원 1999. 9. 17. 선고 98다31301 판결 (공1999하, 2178)","건물, 임대차, 전세, 보증금, 전세금, 임대인, 임차인, 전세권, 임대차계약, 등기, 근저당, 저당권",전문 원문: https://www.law.go.kr/LSW/precInfoP.do?precSeq=176271,civil_lease_definition,민법 제618조 임대차의 의의,civil_lease_definition|민법 제618조 임대차의 의의
645,CASE_2007_00645,2005다42750,사해행위취소등,대법원,2007-10-12,민사,판결,상고심,상고기각,양도담보계약에 따른 소유권이전등기청구권을 보전하기 위하여 처분금지가처분등기만을 경료한 상태에서는 목적 부동산에 대한 우선변제권을 확보하지 못한다고 한 사례,"가. 채무초과 여부에 관하여 원심은, 아이티건설 주식회사(이하 ‘아이티건설’이라 한다)와 피고 사이에 이 사건 각 건물에 관하여 2002. 11. 1. 체결한 근저당권설정계약(이하 ‘이 사건 근저당권설정계약’이라 한다)이 사해행위에 해당함을 주장하면서 그 사해행위의 취소와 원상회복을 구하는 원고들의 주위적 청구에 대하여, 그 판시와 같이 이 사건 근저당권설정계약 당시 아이티건설이 채무초과의 상태에 있었다는 점에 대한 입증이 부족하다는 이유로 위 청구를 배척하였다. 기록에 나타난 제반 증거와 심리 경과에 비추어 살펴보면, 원심의 위와 같은 인정 및 판단은 수긍이 되고, 거기에 상고이유에서 주장하는 바와 같은 심리미진, 채증법칙 위배 등의","민법 제372조 , 가등기담보 등에 관한 법률 제1조",없음,"부동산, 건물, 소유권이전, 등기, 가등기, 근저당, 저당권, 담보, 배임, 기각, 취소, 무효",전문 원문: https://www.law.go.kr/LSW/precInfoP.do?precSeq=68997,civil_sale_effect,민법 제568조 매매의 효력,civil_sale_effect|민법 제568조 매매의 효력
646,CASE_2017_00646,2017다212194,배당이의,대법원,2017-08-29,민사,판결,상고심,파기환송,"[1] 주택임대차보호법 제3조 제1항 에서 정한 대항요건인 ‘주택의 인도’의 의미 [2] 주택임대차보호법상 임차인에게 우선변제권이 인정되기 위하여 계약 당시 임차보증금이 전액 지급되어 있을 것을 요하는지 여부 (소극) 및 임차인이 임대인에게 임차보증금의 일부만을 지급하고 주택임대차보호법 제3조 제1항 에서 정한 대항요건과 임대차계약증서상의 확정일자를 갖춘 다음 나머지 보증금을 나중에 지급한 경우, 대항요건과 확정일자를 갖춘 때를 기준으로 임차보증금 전액에 대해서 우선변제권이 있는지 여부 (원칙적 적극)","[1] 주택에 관하여 임대차계약을 체결한 임차인이 주택의 인도와 주민등록을 마친 때에는 그 다음 날부터 제3자에 대하여 대항력이 생긴다. 이 경우 전입신고를 한 때에 주민등록이 된 것으로 본다( 주택임대차보호법 제3조 제1항 ). 또한 위와 같은 대항요건과 임대차계약증서상의 확정일자를 갖춘 임차인은 민사집행법에 따른 경매를 할 때 임차주택(대지를 포함한다)의 환가대금에서 후순위권리자나 그 밖의 채권자보다 우선하여 보증금을 변제받을 권리가 있다( 같은 법 제3조의2 제2항 ). 여기에서 ‘주택의 인도’는 임차목적물인 주택에 대한 점유의 이전을 말한다. 이때 점유는 사회통념상 어떤 사람의 사실적 지배에 있다고 할 수 있는 객관적 관계를 가리키는 것으로서, 사실상의 지배가 있다...","[1] 주택임대차보호법 제3조 제1항 , 제3조의2 제2항 [2] 주택임대차보호법 제3조 제1항 , 제3조의2 제2항","[1] 대법원 2003. 11. 14. 선고 2001다78867 판결, 대법원 2005. 9. 30. 선고 2005다24677 판결","주택, 아파트, 건물, 임차주택, 임대차, 전세, 보증금, 전세금, 임대인, 임차인, 전세권, 주택임대차",전문 원문: https://www.law.go.kr/LSW/precInfoP.do?precSeq=185576,civil_lease_definition,민법 제618조 임대차의 의의,civil_lease_definition|민법 제618조 임대차의 의의
647,CASE_2023_00647,"2022나12992(본소), 2022나13001(반소)",토지인도·매매대금,제주지방법원,2023-11-13,민사,판결,2심,일부인용,"소) 판결 【변론종결】 2023. 9. 11. 【주 문】 1. 제1심판결의 반소청구 중 아래에서 지급을 명하는 금액을 초과하는 원고(반소피고) 2의 패소 부분을 취소하고, 그 취소 부분에 해당하는 피고(반소원고)의 반소청구를 기각한다. 원고(반소피고) 2는 피고(반소원고)에게 30,000,000원을 지급하라. 2. 원고(반소피고) 1의 본소청구에 대한 항소, 원고(반소피고) 2의 본소청구에 대한 나머지 항소, 피고(반소원고)의 반소청구에 대한 항소를 각 기각한다. 3. 소송 총비용은 본소 및 반소를 통틀어 각자 부담한다. 【청구취지 및 항소취지】 1. 청구취지 가.","1. 항소이유의 요지 가. 원고들 피고는 원고들과 이 사건 임대차계약을 체결하면서 지상물매수청구권을 포기하는 약정을 하였고, 위 지상물매수청구권 포기약정이 실질적으로 피고에게 불리하다고 할 수 없어 유효하므로, 피고는 지상물매수청구권을 행사할 수 없다. 설령 행사할 수 있다고 하더라도, 지상물매수청구권이 인정되는 공작물에는 ‘토지로부터 손쉽게 분리·철거 될 수 있어 사회경제적으로 큰 손실을 초래하지 않는 것’은 포함되지 않는데, 이 사건 건물은 다소 비용이 든다고 하더라도 이 사건 제1토지로부터 분리하여 적정한 가액으로 매각할 수 있는",원문 참조,없음,"주택, 토지, 건물, 임대차, 보증금, 임대차계약, 매매, 매수, 매매대금, 기각, 취소",전문 원문: https://www.law.go.kr/LSW/precInfoP.do?precSeq=240777,civil_lease_definition,민법 제618조 임대차의 의의,civil_sale_effect|민법 제568조 매매의 효력; civil_lease_definition|민법 제618조 임대차의 의의
648,CASE_2021_00648,2016다252560,소유권이전등기등,대법원,2021-09-30,민사,판결,상고심,상고기각,"[1] 구 임대주택법 제21조 제7항 에 따라 임대사업자가 임대주택을 제3자에게 매각하기 위하여는 임차인이 임대사업자로부터 분양전환승인에 따라 분양전환신청을 할 것을 적법하게 안내받거나 통보받아야 하는지 여부 (적극) [2] 법률행위의 당사자에게 일정한 의무를 부과하거나 일정한 행위를 금지하는 법규에서 이를 위반한 법률행위의 효력에 관하여 명확하게 정하지 않은 경우, 그 법률행위의 효력을 판단하는 방법 [3] 공공건설임대주택의 임대사업자의 우선분양전환의무에 관한 구 임대주택법 제21조 제1항 , 제2항 이 강행규정인지 여부 (적극) 및 이를 위반하여 임대사업자가 우선...","[1] 구 임대주택법(2014. 5. 28. 법률 제12704호로 개정되기 전의 것) 제21조 제7항 은 ‘임대사업자가 분양전환승인을 받은 다음에도 임차인이 6개월 이상 분양전환에 응하지 않은 경우에는 임대사업자가 해당 임대주택을 분양전환가격으로 국토교통부령으로 정하는 바에 따라 제3자에게 매각할 수 있다.’고 정하고 있다. 위 규정의 문언과 입법 취지 등을 고려하면, 분양전환승인일 이후로서 임차인이 임대사업자로부터 분양전환승인에 따라 분양전환신청을 할 것을 적법하게 안내받거나 통보받은 날부터 6개월이 지나도록 분양전환에 응하지 않은 경우에는 임차인의 우선분양전환권이 소멸하여 임대사업자가 해당 임대주택을 제3자에게 매각할 수 있으나, 그러한 요건을 갖추지 않은 경우에는 임...","[1] 구 임대주택법(2014. 5. 28. 법률 제12704호로 개정되기 전의 것) 제21조 제7항 (현행 공공주택 특별법 제50조의3 제4항 제2호 참조) [2] 민법 제105조 [3] 구 임대주택법(2014. 5. 28. 법률 제12704호로 개정되기 전의 것) 제21조 (현행 공공주택 특별법 제50조의3 참조), 제41조 제4항 제6호 (현행 공공주택 특별법 제57조의3 제7호 참조)","[1] 대법원 2014. 6. 26. 선고 2014다4880, 4897, 4903 판결 / [2] 대법원 2010. 12. 23. 선고 2008다75119 판결 (공2011상, 207), 대법원 2018. 10. 12. 선고 2015다256794 판결 (공2018하, 2078) / [3] 대법원 2012. 11. 29. 선고 2011다84335 판결 (공2013상, 21)","주택, 아파트, 보증금, 임차인, 매수, 소유권이전, 분양, 등기, 기각, 파기, 무효",전문 원문: https://www.law.go.kr/LSW/precInfoP.do?precSeq=218177,civil_lease_definition,민법 제618조 임대차의 의의,civil_sale_effect|민법 제568조 매매의 효력; civil_lease_definition|민법 제618조 임대차의 의의
649,CASE_1998_00649,97도1993,무고·사기,대법원,1998-02-27,형사,판결,상고심,상고기각,[1] 한 개의 종중이 내분으로 인하여 사실상 2개로 분파된 상태에서 별도의 종중총회가 개최되어 종중대표자로 선임된 자를 종중의 대표자로 볼 수 있는지 여부 (소극) [2] 사기죄의 성립을 인정한 원심판결을 수긍한 사례,"[1] 고유의 의미의 종중의 경우에는 종중이 종중원의 자격을 박탈한다든지 종중원이 종중을 탈퇴할 수 없는 것이어서 공동선조의 후손들은 종중을 양분하는 것과 같은 종중분열을 할 수 없는 것이고, 따라서 한 개의 종중이 내분으로 인하여 사실상 2개로 분파된 상태에서 별도의 종중총회가 개최되어 종중대표자로 선임된 자는 그 분파의 대표자일 뿐 종중의 대표자로 볼 수는 없다. [2] 사실상 분열된 종중의 일파가 소유관계가 불분명한 종중재산에 대하여 처분금지가처분신청을 하면서 그 보증금으로 공탁한 공탁금을 그 의사에 반하여 다른 분열된 종중의 일파가 가처분취하서를 제출하여 처분금지가처분등기를 말소하게 하고 공탁금을 회수한 경우, 사기죄가 성립한다고 본 원심판결을 수긍한 사례.",[1] 민법 제276조 [2] 형법 제347조,"[1] 대법원 1983. 2. 8. 선고 80다1194 판결 (공1983, 485), 대법원 1996. 10. 11. 선고 95다34330 판결 (공1996하, 3295)","부동산, 상가, 임야, 보증금, 매매, 매수, 소유권이전, 등기, 담보, 명의수탁, 사기, 기각",전문 원문: https://www.law.go.kr/LSW/precInfoP.do?precSeq=116410,criminal_fraud,형법 제347조 사기죄,criminal_fraud|형법 제347조 사기죄; civil_sale_effect|민법 제568조 매매의 효력; civil_lease_definition|민법 제618조 임대차의 의의
650,CASE_2016_00650,2015나5347,소유권말소등기,부산고등법원,2016-07-07,민사,판결,2심,일부인용,"1.부터 각 2016. 7. 7.까지는 연 5%의, 그 다음날부터 다 갚는 날까지는 연 15%로 계산한 돈을 지급하라. 다. 원고의 피고들에 대한 나머지 청구를 기각한다. 2. 소송총비용 중 1/5은 원고가, 나머지는 피고들이 각 부담한다. 3. 제1의 가, 나항은 가집행할 수 있다. 【청구취지 및 항소취지】 1. 청구취지 원고에게, 피고들은 공동하여 177,436,600원 및 이에 대하여 2012. 3. 15.부터 이 사건 소장부본 송달일까지는 연 5%의, 그 다음날부터 다 갚는 날까지는 연 20%로 계산한 돈을 지급하고, 피고 2는 12,000,000원 및 그 중","제1심 판결 이유 해당 부분 기재와 같으므로 민사소송법 제420조 본문에 의하여 이를 그대로 인용한다. 2. 당사자의 주장 가. 원고의 주장 피고 2가 원고가 명의신탁한 이 사건 부동산을 임의로 매도하여 횡령하고 원고로부터 1,200만 원을 편취하였으므로 이에 대한 불법행위책임이 있고, 피고 2의 처인 피고 1은 자신의 명의로 이 사건 부동산에 관한 소유권이전등기를 마치고 피고 2가 위 부동산을 소외인에게 처분하는 데 협조하는 등 피고 2의 횡령행위에 가담하였으므로 이에 대한 공동불법행위책임이 있다. 나. 피고들의 주장 1) 피고 2의 주장 원고가 급히 이 사건 부동산을 처분해야 하는 사정이 있어 원고로부터 시세보다 저렴한 1억 5,0",원문 참조,없음,"부동산, 임대차, 보증금, 임대차계약, 매매, 매수, 매도, 매매계약, 매매대금, 소유권이전, 등기, 근저당",전문 원문: https://www.law.go.kr/LSW/precInfoP.do?precSeq=217119,civil_lease_definition,민법 제618조 임대차의 의의,civil_nonperformance_damages|민법 제390조 채무불이행 손해배상; civil_sale_effect|민법 제568조 매매의 효력; civil_lease_definition|민법 제618조 임대차의 의의
651,CASE_2007_00651,"2006나89277(본소),2006나89284(반소)",건물명도·소유권이전등기,서울고등법원,2007-05-10,민사,판결,2심,항소기각,"06. 8. 22. 선고 2006가합8226(본소), 2006가합8233(반소) 판결 【변론종결】 2007. 4. 5. 【주 문】 1. 원고(반소피고)의 항소를 기각한다. 2. 항소비용은 원고(반소피고)의 부담으로 한다. 【청구취지 및 항소취지】 1. 본소 청구취지 및 항소취지 : 제1심 판결을 취소한다. 피고(반소원고, 이하 ‘피고’라 한다)는 원고(반소피고, 이하 ‘원고’라 한다)에게 별지 목록 기재 부동산을 인도하라. 2. 반소 청구취지 : 원고는 소외 1(제1심 공동피고)에게 별지 목록 기재 부동산(이하 ‘이 사건 아파트’라 한다)에 관하여 원고와 소외 3 사","의 1, 2, 을 제1, 2호증의 각 기재에 변론 전체의 취지를 보태어보면 인정할 수 있다. 가. 원고는 2002. 9. 4. 소외 3에게 장차 신축될 이 사건 아파트를 분양하였는데, 그 분양계약(이하 ‘이 사건 분양계약’이라 한다)의 주요 내용은 다음과 같다. ⑴ 분양대금(제1조) 분양대금은 5억 9,900만 원으로 하되, 매수인은 매도인에게 계약시에 계약금 5,990만 원, 2002. 9. 23.부터 2003. 6. 23.까지 모두 7회에 걸쳐 중도금을 분할하여 5,990만 원씩 합계 4억 1,930만 원, 입주지정일에 잔금 1억 1,980만 원을 각 납부한다. ⑵ 중도금 대출(제7조) ㈎ 매수인이 중도금 대출을 원하는 경우, 매도인",원문 참조,없음,"부동산, 주택, 아파트, 건물, 임대차, 전세, 보증금, 임대인, 임차인, 전세권, 주택임대차, 임대차계약",전문 원문: https://www.law.go.kr/LSW/precInfoP.do?precSeq=65160,civil_lease_definition,민법 제618조 임대차의 의의,civil_sale_effect|민법 제568조 매매의 효력; civil_lease_definition|민법 제618조 임대차의 의의
652,CASE_2007_00652,2005도7288,특정경제범죄가중처벌등에관한법률위반(사기),대법원,2007-04-19,형사,판결,상고심,상고기각,"부동산을 편취한 경우에 특정경제범죄 가중처벌 등에 관한 법률 제3조 의 적용을 전제로 그 부동산의 가액을 산정함에 있어, 부동산의 시가 상당액에서 근저당권 등에 의한 부담에 상당하는 금액을 공제하여야 하는지 여부 (적극)","[다수의견] (가) 형법 제347조 의 사기죄는 사람을 기망하여 재물의 교부를 받거나 재산상의 이익을 취득하거나 제3자로 하여금 재물의 교부를 받게 하거나 재산상의 이익을 취득하게 함으로써 성립하고, 그 교부받은 재물이나 재산상 이익의 가액이 얼마인지는 문제되지 아니하는 데 비하여, 사기로 인한 특정경제범죄 가중처벌 등에 관한 법률 위반죄에 있어서는 편취한 재물이나 재산상 이익의 가액이 5억 원 이상 또는 50억 원 이상이라는 것이 범죄구성요건의 일부로 되어 있고 그 가액에 따라 그 죄에 대한 형벌도 가중되어 있으므로, 이를 적용함에 있어서는 편취한 재물이나 재산상 이익의 가액을 엄격하고 신중하게 산정함으로써, 범죄와 형벌 사이에 적정한 균형이 이루어져야 한다는 죄형균형...","특정경제범죄 가중처벌 등에 관한 법률 제3조 제1항 , 형법 제347조",대법원 2003. 9. 5. 선고 2003도1859 판결(변경),"부동산, 임대차, 전세, 임차권, 전세권, 잔금, 등기, 가등기, 근저당, 저당권, 담보, 공갈",전문 원문: https://www.law.go.kr/LSW/precInfoP.do?precSeq=216469,aggravated_economic_crime,특정경제범죄 가중처벌 등에 관한 법률 제3조,aggravated_economic_crime|특정경제범죄 가중처벌 등에 관한 법률 제3조; criminal_fraud|형법 제347조 사기죄; civil_fraud_duress|민법 제110조 사기·강박에 의한 의사표시; civil_sale_effect|민법 제568조 매매의 효력; civil_lease_definition|민법 제618조 임대차의 의의
653,CASE_2005_00653,2005가합527,손해배상(기),춘천지법,2005-09-09,민사,판결,1심,원고승소,"[1] 타인의 권리의 매매에 있어서 원소유자가 매도인을 상대로 제기한 소유권이전등기의 말소청구소송에서 매도인의 패소가 확정된 경우, 선의의 매수인에 대한 매도인의 손해배상액 산정의 기준시기 [2] 강박에 의한 계약의 취소에 있어서 선의의 제3자인 매수인이 선의의 제3자 주장을 하지 아니하고 소유권이전등기가 말소된 후 매도인을 상대로 하자담보책임을 물을 수 있는지 여부 (적극)","[1] 일반적으로 타인의 권리의 매매에 있어 원소유자가 매도인을 상대로 한 소유권이전등기의 말소등기절차이행청구의 소송에서 매도인의 패소로 확정되었다면 사회거래관념상 매수인에 대한 매도인의 목적부동산에 대한 소유권이전등기의 이행은 불능상태에 이르렀다고 볼 것이며, 이 경우에 있어 선의의 매수인에 대한 매도인의 손해배상의 산정은 원칙적으로 매도인이 매매의 목적이 된 권리를 취득하여 이전함이 불능하게 된 때의 시가를 표준으로 하여 결정하여야 한다. [2] 부동산의 매매계약에서 매도인은 매수인에게 소유권이전등기의무를 부담하고 이미 매수인들 앞으로 소유권이전등기를 넘겨 준 경우에는 매도인이 이들 등기가 말소되지 아니하고 유효하게 존속하도록 하여야 할 의무를 부담하는 것이고, 민법...","[1] 민법 제569조 , 제570조 [2] 민법 제110조 제3항 , 제569조 , 제570조","[1] 대법원 1980. 3. 11. 선고 80다117 판결(공1980, 12712) , 대법원 1981. 6. 9. 선고 80다417 판결(공1981, 14051) , 대법원 1981. 7. 7. 선고 80다3122 판결(공1981, 14165) , 대법원 1993. 4. 9. 선고 92다25946 판결(공1993상, 1358)","부동산, 토지, 매매, 매수, 매도, 매매계약, 소유권이전, 등기, 담보, 명의신탁, 강박, 손해배상",전문 원문: https://www.law.go.kr/LSW/precInfoP.do?precSeq=70167,civil_fraud_duress,민법 제110조 사기·강박에 의한 의사표시,civil_fraud_duress|민법 제110조 사기·강박에 의한 의사표시; civil_nonperformance_damages|민법 제390조 채무불이행 손해배상; civil_sale_effect|민법 제568조 매매의 효력
654,CASE_2002_00654,"2002고단111, 2002고단719(병합)",사기(인정된죄명:사기미수)·공정증서원본불실기재·불실기재공정증서원본행사·위증,대전지법 홍성지원,2002-08-08,형사,판결,1심,무죄,"법원의 주택임차권등기명령에 기하여 주택임차권 기입등기가 이루어진 경우, 공정증서원본불실기재죄 및 동행사죄가 성립하는지 여부 (소극)","비록 허위의 내용으로 주택임차권등기를 신청하고 그에 따라 법원의 주택임차권등기명령에 기하여 주택임차권 기입등기가 이루어졌다 하더라도, 등기부에의 불실기재가 법원의 촉탁에 의하여 이루어진 이상 공정증서원본불실기재죄는 성립하지 않는다.","[1] 형법 제228조 제1항 , 제229조","대법원 1983. 12. 27. 선고 83도2442 판결 (공1984, 285)","부동산, 주택, 건물, 임대차, 전세, 보증금, 임차권, 임대인, 임차인, 주택임대차, 임대차계약, 임차보증금",전문 원문: https://www.law.go.kr/LSW/precInfoP.do?precSeq=190013,criminal_fraud,형법 제347조 사기죄,criminal_fraud|형법 제347조 사기죄; civil_lease_definition|민법 제618조 임대차의 의의
655,CASE_2021_00655,2020다257999,건물명도(인도),대법원,2021-12-30,민사,판결,상고심,상고기각,"[1] 당사자가 주로 채권담보의 목적으로 전세권을 설정하면서 동시에 목적물을 인도하지 않았더라도, 장차 전세권자가 목적물을 사용·수익하는 것을 완전히 배제하는 것이 아닌 한 전세권이 유효한지 여부 (적극) 및 기존의 채권으로 전세금 지급을 갈음할 수 있는지 여부 (적극) / 임대차계약에 따른 임대차보증금반환채권을 담보할 목적으로 임차인과 임대인 사이의 합의에 따라 임차인 명의로 전세권설정등기를 마친 경우, 전세권설정등기의 효력 (유효) [2] 임대인과 임차인이 임대차계약에 따른 임대차보증금반환채권을 담보할 목적으로 전세권을 설정하기 위하여 전세권설정계약을 체결한 경우...","상고이유를 판단한다. 1. 임대차보증금반환채권 담보 목적의 전세권에 관한 법리 가. 전세권이 용익물권적 성격과 담보물권적 성격을 모두 갖추고 있고, 목적물의 인도는 전세권의 성립 요건이 아닌 점 등에 비추어 볼 때, 당사자가 주로 채권담보의 목적으로 전세권을 설정하였고, 그 설정과 동시에 목적물을 인도하지 않은 경우라 하더라도, 장차 전세권자가 목적물을 사용·수익하는 것을 완전히 배제하는 것이 아니라면 그 전세권의 효력을 부인할 수는 없다. 전세금의 지급은 전세권 성립의 요소가 되는 것이지만 그렇다고 하여","[1] 민법 제303조 제1항 [2] 민법 제108조 , 제303조 제1항 , 제371조 , 제618조","[1] 대법원 1995. 2. 10. 선고 94다18508 판결 (공1995상, 1293) / [2] 대법원 2005. 9. 28. 선고 2005다8323, 8330 판결(공2005하, 1677), 대법원 2008. 3. 13. 선고 2006다29372, 29389 판결 (공2006상, 503), 대법원 2013. 2. 15. 선고 2012다49292 판결 (공2013상, 469)","건물, 임대차, 전세, 보증금, 전세금, 임대인, 임차인, 전세권, 임대차계약, 임차보증금, 등기, 근저당",전문 원문: https://www.law.go.kr/LSW/precInfoP.do?precSeq=231519,civil_lease_definition,민법 제618조 임대차의 의의,civil_lease_definition|민법 제618조 임대차의 의의
656,CASE_2022_00656,2017다257067,부당이득금반환,대법원,2022-08-25,민사,판결,상고심,파기환송,집합건물의 구분소유자가 아닌 대지 공유자가 대지 공유지분권에 기초하여 적정 대지지분을 가진 구분소유자를 상대로 대지의 사용·수익에 따른 부당이득반환을 청구할 수 있는지 여부 (소극),"공유자는 공유물 전부를 지분의 비율로 사용·수익할 수 있으므로 공유토지의 일부를 배타적으로 점유하면서 사용·수익하는 공유자는 그가 보유한 공유지분의 비율에 관계없이 다른 공유자에 대하여 부당이득반환의무를 부담한다. 그런데 일반 건물에서 대지를 사용·수익할 권원이 건물의 소유권과 별개로 존재하는 것과는 달리, 집합건물의 경우에는 대지사용권인 대지지분이 구분소유권의 목적인 전유부분에 종속되어 일체화되는 관계에 있으므로, 집합건물 대지의 공유관계에서는 이와 같은 민법상 공유물에 관한 일반 법리가 그대로 적용될 수 없고, 이는 대지 공유자들 중 구분소유자 아닌 사람이 있더라도 마찬가지이다. 집합건물에서 전유부분 면적 비율에 상응하는 적정 대지지분을 가진 구분소유자는 그 대지 전부...","집합건물의 소유 및 관리에 관한 법률 제2조 제5호 , 제6호 , 제7조 , 제8조 , 제12조 제1항 , 제20조 , 제21조 제1항 , 제22조 , 민법 제262조 제2항 , 제263조 , 제267조 , 제741조","대법원 2001. 12. 11. 선고 2000다13948 판결(공2002상, 251)(변경) , 대법원 2011. 7. 14. 선고 2009다76522, 76539 판결(변경)","부동산, 토지, 건물, 대지권, 전세, 임차권, 전세권, 매도, 공유지분, 등기, 파기, 반환",전문 원문: https://www.law.go.kr/LSW/precInfoP.do?precSeq=231759,civil_lease_definition,민법 제618조 임대차의 의의,civil_sale_effect|민법 제568조 매매의 효력; civil_lease_definition|민법 제618조 임대차의 의의
657,CASE_2012_00657,2012도9603,사기미수·위증,대법원,2012-11-15,형사,판결,상고심,상고기각,"피담보채권인 공사대금 채권을 실제와 달리 허위로 부풀려 유치권에 의한 경매를 신청한 경우, 소송사기죄의 실행의 착수에 해당하는지 여부 (적극)","유치권에 의한 경매를 신청한 유치권자는 일반채권자와 마찬가지로 피담보채권액에 기초하여 배당을 받게 되는 결과 피담보채권인 공사대금 채권을 실제와 달리 허위로 크게 부풀려 유치권에 의한 경매를 신청할 경우 정당한 채권액에 의하여 경매를 신청한 경우보다 더 많은 배당금을 받을 수도 있으므로, 이는 법원을 기망하여 배당이라는 법원의 처분행위에 의하여 재산상 이익을 취득하려는 행위로서, 불능범에 해당한다고 볼 수 없고, 소송사기죄의 실행의 착수에 해당한다.","형법 제27조 , 제347조 제1항 , 제352조 , 민법 제322조 제1항 , 민사집행법 제274조 제1항",대법원 2011. 6. 15. 자 2010마1059 결정,"부동산, 토지, 빌라, 매도, 담보, 경매, 배당, 배당요구, 사기, 기망, 편취, 허위",전문 원문: https://www.law.go.kr/LSW/precInfoP.do?precSeq=166496,criminal_fraud,형법 제347조 사기죄,criminal_fraud|형법 제347조 사기죄; civil_fraud_duress|민법 제110조 사기·강박에 의한 의사표시; civil_sale_effect|민법 제568조 매매의 효력
658,CASE_2021_00658,2019나108778,임대차보증금,대전지방법원,2021-07-23,민사,판결,2심,일부인용,"선고 2017가단224118 판결 【변론종결】 2021. 4. 23. 【주 문】 1. 제1심판결 중 다음에서 지급을 명하는 금액에 해당하는 원고들 패소 부분을 취소한다. 2. 피고는 원고들에게 각 3,815,463원 및 이에 대하여 2017. 12. 5.부터 2021. 7. 23.까지 연 5%의, 그 다음 날부터 다 갚는 날까지 연 12%의 각 비율로 계산한 돈을 지급하라. 3. 원고들의 나머지 항소를 각 기각한다. 4. 소송총비용 중 9/10은 원고들이, 나머지는 피고가 각 부담한다. 5. 제2항은 가집행할 수 있다. 【청구취지 및 항소취지】 제1심판결을 취소한다","건물 1, 2층 및 별관(이하 ‘이 사건 건물’이라고 한다)에서 운영하고 있던 식당을 그대로 인수하여 운영하기 위하여, 원고들과 소외 1은 2016. 8. 2. 임대인인 피고와 사이에, 임차인을 ‘원고들과 소외 1’, 임대차보증금 2억 원, 월 차임 1,400만 원, 임대차기간 2016. 8. 17.부터 2018. 8. 21.까지로 정한 임대차계약(이하 ‘이 사건 임대차계약’이라 한다)을 체결하였는데, 이 사건 임대차계약의 특약사항 중 주요 내용은 아래와 같다. 4. 사업자등록, 인, 허가, 시설 등에 대한 일체의 사항은 임차인의 부담과 책임으로 한다.5. 임차인은 퇴거 시 사업자등록, 인허가 등의 폐지, 이전, 말소, 변경 및 시설물의",원문 참조,없음,"부동산, 아파트, 건물, 임대차, 보증금, 임대인, 임차인, 임대차계약, 매수, 매도, 잔금, 소유권이전",전문 원문: https://www.law.go.kr/LSW/precInfoP.do?precSeq=234557,civil_lease_definition,민법 제618조 임대차의 의의,civil_sale_effect|민법 제568조 매매의 효력; civil_lease_definition|민법 제618조 임대차의 의의
659,CASE_2012_00659,2011도15179,사기·배임미수,대법원,2012-01-26,형사,판결,상고심,파기환송,[1] 부동산 이중매매에서 매도인이 제1의 매매계약을 일방적으로 해제할 수 없는 처지에 있었다는 사정을 제2의 매수인에게 고지하지 아니한 것이 사기죄의 기망행위에 해당하는지 여부 (소극) 및 부동산 이중양도담보의 경우에도 동일한 법리가 적용되는지 여부 (적극) [2] 배임죄에서 손해액을 잘못 산정한 것이 위법한지 여부 (적극) 및 매도인이 부동산 매도 후 부동산에 양도담보계약을 체결하고 제3자에게 돈을 차용한 경우 매수인이 입은 손해액(=양도담보권에 의하여 담보되는 피담보채무 상당액) [3] 배임죄에서 ‘본인에게 손해를 가한 때’의 의미 및 위임받은 사무가 소유권이전...,"상고이유를 판단한다. 1. 각 사기의 점에 대하여 부동산을 매매함에 있어서 매도인이 매수인에게 매매와 관련된 어떤 구체적인 사정을 고지하지 아니함으로써, 장차 매매의 효력이나 매매에 따르는 채무의 이행에 장애를 가져와 매수인이 매매목적물에 대한 권리를 확보하지 못할 위험이 생길 수 있음을 알면서도, 매수인에게 그와 같은 사정을 고지하지 아니한 채 매매계약을 체결하고 매매대금을 교부받는 한편, 매수인이 그와 같은 사정을 고지받았더라면 매매계약을 체결하지 아니하거나 매매대금을 지급하지 아니하였을 것임이 경험칙상",[1] 형법 제347조 제1항 [2] 형법 제355조 제2항 [3] 형법 제355조 제2항,"[1] 대법원 2007. 7. 12. 선고 2007도1370 판결, 대법원 2008. 5. 8. 선고 2008도1652 판결 / [2] 대법원 1999. 4. 13. 선고 98도4022 판결 (공1999상, 956) / [3] 대법원 2007. 7. 26. 선고 2007도3882 판결 (공2007하, 1421), 대법원 2011. 6. 30. 선고 2011도1651 판결 (공2011하, 1574)","부동산, 상가, 건물, 매매, 매수, 매도, 매매계약, 매매대금, 계약금, 중도금, 소유권이전, 등기",전문 원문: https://www.law.go.kr/LSW/precInfoP.do?precSeq=164758,embezzlement_breach_of_trust,형법 제355조·제356조 횡령·배임,criminal_fraud|형법 제347조 사기죄; embezzlement_breach_of_trust|형법 제355조·제356조 횡령·배임; civil_fraud_duress|민법 제110조 사기·강박에 의한 의사표시; civil_sale_effect|민법 제568조 매매의 효력
660,CASE_2019_00660,2017다48003,건물등철거,대법원,2019-10-31,민사,판결,상고심,"원심판결의 피고들 패소 부분 중 건물철거 및 토지인도 청구 부분을 파기하고, 이 부분 사건을 수원지방법원에 환송한다.","대지 소유자가 건축업자에게 대지를 매도하고 건축업자는 대지 소유자 명의로 건축허가를 받아 다세대주택을 신축하여 분양대금 중 일부로 매매대금을 지급하되 지급을 담보하기 위하여 신축 주택에 관하여 대지 소유자 명의로 소유권보존등기를 마치기로 약정한 경우, 대지 소유자가 그 소유의 토지에 관하여 건축업자로 하여금 건물을 신축하는 데 사용하도록 승낙한 것인지 여부 (적극) 및 이에 따라 건축업자가 다세대주택을 신축하여 제3자에게 분양한 경우, 대지 소유자가 대지에 관한 매매계약이 해제되었음을 이유로 제3자에 대하여 철거를 구하는 것이 신의성실의 원칙에 반하는지 여부 (적극)","1. 피고 2, 피고 3의 상고이유 제1, 3점에 관하여 원심은 그 판시와 같은 이유를 들어, 이 사건 다세대주택 6동을 신축·분양한 소외인이 원고로부터 그 부지인 이 사건 각 대지를 매수하였으나 매매대금을 지급하지 아니하였고, 소외인으로부터 위 다세대주택의 각 구분건물을 분양 또는 대물변제받은 사람들(이하 ‘이 사건 최초 수분양자 등’이라고 한다)이 다시 원고와 대지사용권을 취득하기 위한 약정을 체결하였지만 매매대금을 지급하지 아니하여 그 약정이 해제되었으므로, 이 사건 최초 수분양자 등은 대지사용권을 취득하지 못하였고 그에 따라 「집합건물의 소유 및 관리에 관한 법률」(이하 ‘집합건물법’이라고 한다)","민법 제2조 , 제548조","대법원 1991. 9. 24. 선고 91다9756, 9763 판결 (공1991, 2596), 대법원 2003. 4. 11. 선고 2003다2154, 2161, 2178, 2185, 2192, 2208, 2215, 2222 판결","주택, 토지, 건물, 다세대, 매매, 매수, 매도, 매매계약, 매매대금, 잔금, 소유권보존, 분양",전문 원문: https://www.law.go.kr/LSW/precInfoP.do?precSeq=210855,civil_sale_effect,민법 제568조 매매의 효력,civil_sale_effect|민법 제568조 매매의 효력
661,CASE_2021_00661,2019다285257,손해배상(기)[권리금 회수기회 보호의무의 예외 조항인 ‘상가건물을 1년 6개월 이상 영리목적으로 사용하지 아니한 경우’의 의미가 문제된 사건],대법원,2021-11-25,민사,판결,상고심,파기환송,구 상가건물 임대차보호법 제10조의4 제2항 제3호 에서 정한 ‘임대차 목적물인 상가건물을 1년 6개월 이상 영리목적으로 사용하지 아니한 경우’의 의미 및 임대인이 다른 사유로 신규 임대차계약 체결을 거절한 후 사후적으로 1년 6개월 동안 상가건물을 영리목적으로 사용하지 않았다는 사정만으로 위 조항에 따른 정당한 사유로 인정할 수 있는지 여부 (소극),"구 상가건물 임대차보호법(2018. 10. 16. 법률 제15791호로 개정되기 전의 것, 이하 ‘구 상가임대차법’이라 한다) 제10조의4 의 문언과 체계, 입법 목적과 연혁 등을 종합하면, 구 상가임대차법 제10조의4 제2항 제3호 에서 정하는 ‘임대차 목적물인 상가건물을 1년 6개월 이상 영리목적으로 사용하지 아니한 경우’는 임대인이 임대차 종료 후 임대차 목적물인 상가건물을 1년 6개월 이상 영리목적으로 사용하지 아니하는 경우를 의미하고, 위 조항에 따른 정당한 사유가 있다고 보기 위해서는 임대인이 임대차 종료 시 그러한 사유를 들어 임차인이 주선한 자와 신규 임대차계약 체결을 거절하고, 실제로도 1년 6개월 동안 상가건물을 영리목적으로 사용하지 않아야 한다. 그렇지...","구 상가건물 임대차보호법(2018. 10. 16. 법률 제15791호로 개정되기 전의 것) 제10조의4 제1항 제4호 , 제2항 제3호 , 제3항",없음,"상가, 건물, 임대차, 보증금, 임대인, 임차인, 임대차계약, 손해배상, 파기",전문 원문: https://www.law.go.kr/LSW/precInfoP.do?precSeq=219767,civil_lease_definition,민법 제618조 임대차의 의의,civil_nonperformance_damages|민법 제390조 채무불이행 손해배상; civil_lease_definition|민법 제618조 임대차의 의의
662,CASE_2006_00662,2004가합69128,대금반환,서울중앙지방법원,2006-09-12,민사,판결,1심,1. 원고들의 피고들에 대한 청구를 모두 기각한다. 2. 소송비용은 원고들의 부담으로 한다.,"피고 1 주식회사 외 1 (소송대리인 변호사 최세모외 6인) 【변론종결】 2006. 7. 18. 【주 문】 1. 원고들의 피고들에 대한 청구를 모두 기각한다. 2. 소송비용은 원고들의 부담으로 한다. 【청구취지】 피고들은 연대하여 원고들에게 별지 제2목록 ‘원고별 청구금액’란 기재 각 해당 금액 및 그 중 같은 목록 ‘분양대금’란 기재 각 해당 금액에 대하여는 같은 목록 ‘분양대금 납부완료일’란 기재 각 해당 일자부터, 같은 목록 ‘개발비’란 기재 각 해당 금액에 대하여는 같은 목록 ‘개발비 납부완료일’란 기재 각 해당 일자부터 이 사건 소장 부본 송달일","1. 기초사실 가. 이 사건 상가 신축 및 분양사업의 경위 (1) 피고들은 2001. 5.경 서울 종로구 돈의동 (지번 생략) 외 12필지 지상에 지상 9층, 지하 7층 규모의 ‘●●● 플러스’ 상가(이하, 이 사건 상가라고 한다)를 신축하여 분양하는 사업을 공동으로 시행하기로 하는 사업약정을 체결하면서 피고 1 주식회사는 그 소유의 서울 종로구 돈의동 (지번 생략) 외 12필지 토지를 이 사건 상가 부지로 제공하고 그 대가로 이 사건 상가 지하 1층 내지 지하 4층 및 지상 1층 일부(전용면적 97.76평)의 소유권을",원문 참조,없음,"부동산, 상가, 토지, 건물, 매수, 계약금, 중도금, 잔금, 대금반환, 공유지분, 분양, 분양대금",전문 원문: https://www.law.go.kr/LSW/precInfoP.do?precSeq=220623,civil_sale_effect,민법 제568조 매매의 효력,civil_sale_effect|민법 제568조 매매의 효력
663,CASE_2012_00663,2012도635,사기·부동산실권리자명의등기에관한법률위반·국가보안법위반(찬양·고무등)·남북교류협력에관한법률위반·강제집행면탈,대법원,2012-05-09,형사,판결,상고심,무죄,"[1] 남북교류협력에 관한 법률 제27조 제1항 제2호 에서 정한 ‘거짓이나 그 밖의 부정한 방법으로 북한 방문승인을 받은 자’ 또는 구 남북교류협력에 관한 법률 제27조 제1항 제4호 에서 정한 ‘사위 기타 부정한 방법으로 북한 방문증명서를 발급받은 자’의 의미 [2] 피고인이 개성시 관광 희망자들의 북한 방문승인 신청서에 직업을 ‘개성공업지구 내 업체 사원’으로 허위 기재하게 하여 북한 방문승인 또는 방문증명서를 받아내 남북교류협력에 관한 법률 위반으로 기소된 사안에서, 위 행위가 부정한 방법으로 북한 방문승인 또는 방문증명서를 받은 경우에 해당한다는 이유로, 피...",[1] 남북교류협력에 관한 법률 제27조 제1항 제2호 의 ‘거짓이나 그 밖의 부정한 방법으로 제9조 제1항 에 따른 승인을 받은 자’ 또는 구 남북교류협력에 관한 법률(2009. 1. 30. 법률 제9357호로 개정되기 전의 것) 제27조 제1항 제4호 의 ‘사위 기타 부정한 방법으로 제9조 제1항 의 규정에 의한 증명서를 발급받은 자’란 정상적인 절차에 의해서는 북한 방문승인 또는 방문증명서를 발급받을 수 없는데도 위계 기타 사회통념상 부정이라고 인정되는 행위로서 방문승인이나 방문증명서 발급에 관한 의사결정에 영향을 미칠 수 있는 행위를 하여 방문승인 등을 받은 자를 뜻한다. [2] 피고인이 자신이 근무하던 甲 조경업체가 개성공업지구 내에서 조경공사를 하게 되어 그 직...,"[1] 구 남북교류협력에 관한 법률(2009. 1. 30. 법률 제9357호로 개정되기 전의 것) 제9조 제1항 , 제27조 제1항 제4호 (현행 제27조 제1항 제2호 참조), 남북교류협력에 관한 법률 제9조 제1항 , 제27조 제1항 제2호 [2] 남북교류협력에 관한 법률 제9조 제1항 , 제27조 제1항 제2호 [3] 국가보안법 제7조 제1항 [4] 국가보안법 제7조 제1항","[3] 대법원 1999. 9. 3. 선고 99도2317 판결 (공1999하, 2140), 대법원 2003. 9. 23. 선고 2001도4328 판결 (공2003하, 2118), 대법원 2008. 4. 17. 선고 2003도758 전원합의체 판결 (공2008상, 718)","부동산, 토지, 매매, 매수, 매매대금, 등기, 부동산실권리자, 사기, 기망, 편취, 허위, 무죄",전문 원문: https://www.law.go.kr/LSW/precInfoP.do?precSeq=163729,criminal_fraud,형법 제347조 사기죄,criminal_fraud|형법 제347조 사기죄; civil_fraud_duress|민법 제110조 사기·강박에 의한 의사표시; civil_sale_effect|민법 제568조 매매의 효력
664,CASE_2006_00664,2005도9402,공정증서원본불실기재·불실기재공정증서원본행사,대법원,2006-03-10,형사,판결,상고심,파기환송,"[1] 공정증서원본 등에 기재된 사항이 부존재하거나 외관상 존재한다고 하더라도 무효에 해당하는 하자가 있는 경우, 공정증서원본불실기재죄의 성부 (적극) [2] 부동산 매수인이 매도인과 사이에 부동산의 소유권이전에 관한 물권적 합의가 없는 상태에서, 소유권이전등기신청에 관한 대리권이 없이 단지 소유권이전등기에 필요한 서류를 보관하고 있을 뿐인 법무사를 기망하여 매수인 명의의 소유권이전등기를 신청하게 한 경우, 공정증서원본불실기재죄를 구성한다고 한 사례","[1] 형법 제228조 제1항 이 규정하는 공정증서원본불실기재죄는 특별한 신빙성이 인정되는 공문서에 대한 공공의 신용을 보장함을 보호법익으로 하는 범죄로서 공무원에 대하여 진실에 반하는 허위신고를 하여 공정증서원본 또는 이와 동일한 전자기록 등 특수매체기록에 실체관계에 부합하지 아니하는 불실의 사실을 기재 또는 등록하게 함으로써 성립하는 것이므로, 공정증서원본 등에 기재된 사항이 존재하지 아니하거나 외관상 존재한다고 하더라도 무효에 해당하는 하자가 있다면 그 기재는 불실기재에 해당한다. [2] 부동산 매수인이 매도인과 사이에 부동산의 소유권이전에 관한 물권적 합의가 없는 상태에서, 소유권이전등기신청에 관한 대리권이 없이 단지 소유권이전등기에 필요한 서류를 보관하고 있을 뿐...",[1] 형법 제228조 제1항 [2] 형법 제228조 제1항,"[1] 대법원 2003. 7. 25. 선고 2002도638 판결, 대법원 2005. 8. 25. 선고 2005도4910 판결","부동산, 매매, 매수, 매도, 매매계약, 매매대금, 계약금, 중도금, 잔금, 소유권이전, 등기, 근저당",전문 원문: https://www.law.go.kr/LSW/precInfoP.do?precSeq=216167,criminal_fraud,형법 제347조 사기죄,criminal_fraud|형법 제347조 사기죄; civil_fraud_duress|민법 제110조 사기·강박에 의한 의사표시; civil_sale_effect|민법 제568조 매매의 효력
665,CASE_2023_00665,2023다209045,소유권이전등기,대법원,2023-06-01,민사,판결,상고심,상고기각,임대차기간을 영구로 정한 임대차계약이 허용되는지 여부 (원칙적 적극) / 임차인은 언제라도 영구 임대차기간에 관한 권리를 포기할 수 있는지 여부 (적극) 및 이때 임대차계약은 임차인에게 기간의 정함이 없는 임대차가 되는지 여부 (적극),"구 민법(2016. 1. 6. 법률 제13710호로 삭제되기 전의 것) 제651조 에서는 ‘석조, 석회조, 연와조 또는 이와 유사한 견고한 건물 기타 공작물의 소유를 목적으로 하는 토지임대차 및 식목, 채염을 목적으로 하는 토지임대차’를 제외한 임대차의 존속기간을 20년으로 제한하고 있었으나, 헌법재판소는 2013. 12. 26. 위 조항의 입법 취지가 불명확하고, 과잉금지원칙을 위반하여 계약의 자유를 침해한다는 이유로 헌법에 위반된다는 결정을 선고하였다. 결국 민법 제619조 에서 처분능력, 권한 없는 자의 단기임대차의 경우에만 임대차기간의 최장기를 제한하는 규정만 있을 뿐, 민법상 임대차기간이 영구인 임대차계약의 체결을 불허하는 규정은 없다. 소유자가 소유권의 핵심적...","민법 제185조 , 제211조 , 제619조 , 제635조 , 구 민법(2016. 1. 6. 법률 제13710호로 삭제) 제651조","대법원 2001. 6. 29. 선고 99다64438 판결, 대법원 2017. 6. 19. 선고 2017다211528, 211535 판결(공2017하, 1531), 헌법재판소 2013. 12. 26. 선고 2011헌바234 전원재판부 결정(헌공207, 104)","토지, 건물, 임대차, 임차권, 임대인, 임차인, 임대차계약, 매매, 매매계약, 소유권이전, 등기, 기각",전문 원문: https://www.law.go.kr/LSW/precInfoP.do?precSeq=235013,civil_lease_definition,민법 제618조 임대차의 의의,civil_sale_effect|민법 제568조 매매의 효력; civil_lease_definition|민법 제618조 임대차의 의의
666,CASE_2021_00666,2018다214210,계약금반환등,대법원,2021-07-15,민사,판결,상고심,파기환송,"[1] 채무자가 계약을 이행하지 않을 의사를 명백히 표시한 경우, 채권자는 이행기 전이라도 이행의 최고 없이 채무자의 이행거절을 이유로 계약을 해제하거나 손해배상을 청구할 수 있는지 여부 (적극) 및 이때 채무자가 계약을 이행하지 않을 의사를 명백히 표시하였는지 판단하는 기준 [2] 甲과 乙이 오피스텔을 임차하는 계약을 체결하면서 특약사항으로 甲이 乙에게 바닥 난방공사를 해주기로 정하였는데, 甲이 바닥 난방공사 대신 카펫이나 전기패널 등 다른 방식으로 난방을 할 것을 제안하자, 乙이 甲에게 “최종적으로 바닥 공사는 카펫과 전기패널 아니면 공사 안 되는 거죠?”라고 확...",[1] 민법 제390조 는 ‘채무불이행과 손해배상’이라는 제목으로 “채무자가 채무의 내용에 좇은 이행을 하지 아니한 때에는 채권자는 손해배상을 청구할 수 있다. 그러나 채무자의 고의나 과실없이 이행할 수 없게 된 때에는 그러하지 아니하다.”라고 정하여 채무불이행에 관한 일반조항주의를 채택하고 있다. 민법 제544조 는 ‘이행지체와 해제’라는 제목으로 “당사자 일방이 그 채무를 이행하지 아니하는 때에는 상대방은 상당한 기간을 정하여 그 이행을 최고하고 그 기간 내에 이행하지 아니한 때에는 계약을 해제할 수 있다. 그러나 채무자가 미리 이행하지 아니할 의사를 표시한 경우에는 최고를 요하지 아니한다.”라고 정하고 있다. 채무자가 채무의 이행을 지체하고 있는 상태에서 이행거절의사...,"[1] 민법 제390조 , 제543조 , 제544조 , 제551조 [2] 민법 제390조 , 제543조 , 제544조 , 제551조","[1] 대법원 1992. 9. 14. 선고 92다9463 판결 (공1992, 2872), 대법원 2005. 8. 19. 선고 2004다53173 판결 (공2005하, 1498), 대법원 2006. 11. 9. 선고 2004다22971 판결 , 대법원 2011. 2. 10. 선고 2010다77385 판결 (공2011상, 558)","오피스텔, 임대차, 임대인, 임차인, 임대차계약, 계약금, 잔금, 손해배상, 파기, 반환, 해제",전문 원문: https://www.law.go.kr/LSW/precInfoP.do?precSeq=216943,civil_lease_definition,민법 제618조 임대차의 의의,civil_nonperformance_damages|민법 제390조 채무불이행 손해배상; civil_sale_effect|민법 제568조 매매의 효력; civil_lease_definition|민법 제618조 임대차의 의의
667,CASE_2022_00667,2018다205209,부당이득금,대법원,2022-08-25,민사,판결,상고심,파기환송,"이미 소멸한 근저당권에 기하여 임의경매가 개시되고 매각이 이루어진 경우, 그 경매의 효력 (무효) 및 민사집행법 제267조 는 경매개시결정이 있은 뒤에 담보권이 소멸하였음에도 경매가 계속 진행되어 매각된 경우에만 적용되는지 여부 (적극)","[다수의견] 종래 대법원은 민사집행법 제267조 가 신설되기 전에도 실체상 존재하는 담보권에 기하여 경매개시결정이 이루어졌으나 그 후 경매 과정에서 담보권이 소멸한 경우에는 예외적으로 공신력을 인정하여, 경매개시결정에 대한 이의 등으로 경매절차가 취소되지 않고 매각이 이루어졌다면 경매는 유효하고 매수인이 소유권을 취득한다고 해석해 왔다. 대법원은 민사집행법 제267조 가 신설된 후에도 같은 입장을 유지하였다. 즉, 민사집행법 제267조 는 경매개시결정이 있은 뒤에 담보권이 소멸하였음에도 경매가 계속 진행되어 매각된 경우에만 적용된다고 보는 것이 대법원의 일관된 입장이다. 위와 같은 현재의 판례는 타당하므로 그대로 유지되어야 한다. (1) 임의경매의 정당성은 실체적으로 유효...",민사집행법 제267조,"대법원 1964. 10. 13. 선고 64다588 전원합의체 판결 (집12-2, 민139), 대법원 1980. 10. 14. 선고 80다475 판결 (공1980, 13317), 대법원 1999. 2. 9. 선고 98다51855 판결, 대법원 2012. 1. 12. 선고 2011다68012 판결","부동산, 매수, 등기, 근저당, 저당권, 담보, 경매, 배당, 파기, 반환, 부당이득, 취소",전문 원문: https://www.law.go.kr/LSW/precInfoP.do?precSeq=231763,civil_sale_effect,민법 제568조 매매의 효력,civil_sale_effect|민법 제568조 매매의 효력
668,CASE_2005_00668,2005도4915,특정경제범죄가중처벌등에관한법률위반(배임){일부인정된죄명:특정경제범죄가중처벌등에관한법률위반(배임)방조)},대법원,2005-10-28,형사,판결,상고심,상고기각,"[1] 주식회사의 대표이사가 임무에 위배하여 주주 또는 회사 채권자에게 손해가 될 행위를 한 경우, 그 행위에 대하여 이사회 또는 주주총회의 결의가 있었다는 이유만으로 배임죄의 죄책을 면할 수 있는지 여부 (소극) [2] 1인 회사의 주주가 자신의 개인채무를 담보하기 위하여 회사 소유의 부동산에 대하여 근저당권설정등기를 마쳐 주어 배임죄가 성립한 이후에 그 부동산에 대하여 새로운 담보권을 설정해 주는 행위가 별도의 배임죄를 구성하는지 여부 (적극) [3] 배임적 거래행위의 상대방에게 배임행위의 공범의 죄책을 묻기 위한 요건 [4] 1인 회사의 주주가 개인적 거래에 수...","[1] 회사의 대표이사는 이사회 또는 주주총회의 결의가 있더라도 그 결의내용이 회사 채권자를 해하는 불법한 목적이 있는 경우에는 이에 맹종할 것이 아니라 회사를 위하여 성실한 직무수행을 할 의무가 있으므로 대표이사가 임무에 배임하는 행위를 함으로써 주주 또는 회사 채권자에게 손해가 될 행위를 하였다면 그 회사의 이사회 또는 주주총회의 결의가 있었다고 하여 그 배임행위가 정당화될 수는 없다. [2] 배임죄는 재산상 이익을 객체로 하는 범죄이므로, 1인 회사의 주주가 자신의 개인채무를 담보하기 위하여 회사 소유의 부동산에 대하여 근저당권설정등기를 마쳐 주어 배임죄가 성립한 이후에 그 부동산에 대하여 새로운 담보권을 설정해 주는 행위는 선순위 근저당권의 담보가치를 공제한 나머지...","[1] 형법 제355조 제2항 [2] 형법 제355조 제2항 [3] 형법 제32조 , 제355조 제2항 [4] 형법 제32조 , 제355조 제2항","[1] 대법원 1989. 10. 13. 선고 89도1012 판결 (공1989, 1719), 대법원 2000. 5. 26. 선고 99도2781 판결 (공2000하, 1575) / [3] 대법원 1975. 6. 10. 선고 74도2455 판결","부동산, 건물, 매매, 매수, 매도, 매매계약, 매매대금, 소유권이전, 대금반환, 등기, 가등기, 근저당",전문 원문: https://www.law.go.kr/LSW/precInfoP.do?precSeq=84123,aggravated_economic_crime,특정경제범죄 가중처벌 등에 관한 법률 제3조,aggravated_economic_crime|특정경제범죄 가중처벌 등에 관한 법률 제3조; embezzlement_breach_of_trust|형법 제355조·제356조 횡령·배임; civil_sale_effect|민법 제568조 매매의 효력
669,CASE_2006_00669,2005고합1038,특정경제범죄가중처벌등에관한법률위반(사기)·부정수표단속법위반·공정증서원본불실기재·불실기재공정증서원본행사·사기·공문서위조,서울중앙지방법원,2006-03-10,형사,판결,1심,무죄,"죄에 대하여, 153일을 피고인 2에 대하여 위 각 형에 산입한다. 이 사건 공소사실 중 피고인들의 피해자 공소외 4에 대한 특정경제범죄가중처벌등에관한법률위반(사기)의 점과 피고인 1에 대한 부정수표단속법위반의 점은 각 무죄. 【이 유】 【범죄사실】 1. 피고인 1은 2001. 11. 29. 전주지방법원에서 사기죄로 징역 1년에 집행유예 2년을 선고받고 같은 해 12. 7. 그 판결이 확정된 자인바, 가. 2001. 8. 하순경 서울 영등포구 영등포동 소재 영등포로타리 부근의 “작은마을” 다방에서 피고인 1은 당시 사기 등으로 지명수배 중인 공소외 13에게 주민등록","1. 피고인 1은 2001. 11. 29. 전주지방법원에서 사기죄로 징역 1년에 집행유예 2년을 선고받고 같은 해 12. 7. 그 판결이 확정된 자인바, 가. 2001. 8. 하순경 서울 영등포구 영등포동 소재 영등포로타리 부근의 “작은마을” 다방에서 피고인 1은 당시 사기 등으로 지명수배 중인 공소외 13에게 주민등록증을 위조해 주겠다면서 공소외 13의 사진을 달라고 하고, 공소외 13은 자신의 사진 1장을 피고인 1에게 건네주고, 피고인 1은 공소외 13의 사진을 공소외 14에게 건네주어, 주민등록증을 위조하여 행사하기로 마음먹고,",원문 참조,없음,"부동산, 임야, 건물, 매매, 매수, 매도, 매매계약, 계약금, 잔금, 소유권이전, 등기, 공정증서원본불실기재",전문 원문: https://www.law.go.kr/LSW/precInfoP.do?precSeq=77963,aggravated_economic_crime,특정경제범죄 가중처벌 등에 관한 법률 제3조,aggravated_economic_crime|특정경제범죄 가중처벌 등에 관한 법률 제3조; criminal_fraud|형법 제347조 사기죄; civil_sale_effect|민법 제568조 매매의 효력
670,CASE_2018_00670,2016도19308,배임,대법원,2018-12-13,형사,판결,상고심,파기환송,"[1] 부동산 매매계약에서 중도금이 지급되는 등 계약이 본격적으로 이행되는 단계에 이른 경우, 그때부터 매도인은 배임죄에서 말하는 ‘타인의 사무를 처리하는 자’에 해당하는지 여부 (적극) 및 그러한 지위에 있는 매도인이 매수인에게 계약 내용에 따라 부동산의 소유권을 이전해 주기 전에 부동산을 제3자에게 처분하여 등기를 하는 행위가 배임죄를 구성하는지 여부 (적극) / 서면으로 부동산 증여의 의사를 표시한 증여자가 ‘타인의 사무를 처리하는 자’에 해당하는지 여부 (적극) 및 그가 수증자에게 증여계약에 따라 부동산의 소유권을 이전하지 않고 부동산을 제3자에게 처분하여 등...","[1] 부동산 매매계약에서 중도금이 지급되는 등 계약이 본격적으로 이행되는 단계에 이른 때에는 계약이 취소되거나 해제되지 않는 한 매도인은 매수인에게 부동산의 소유권을 이전할 의무에서 벗어날 수 없다. 이러한 단계에 이른 때에 매도인은 매수인에게 매수인의 재산보전에 협력하여 재산적 이익을 보호·관리할 신임관계에 있게 되고, 그때부터 배임죄에서 말하는 ‘타인의 사무를 처리하는 자’에 해당한다고 보아야 한다. 그러한 지위에 있는 매도인이 매수인에게 계약 내용에 따라 부동산의 소유권을 이전해 주기 전에 부동산을 제3자에게 처분하여 등기를 하는 행위는 매수인의 부동산 취득이나 보전에 지장을 초래하는 행위로서 배임죄가 성립한다. 이러한 법리는 서면에 의한 부동산 증여계약에도 마찬가...","[1] 형법 제355조 제2항 , 민법 제555조 , 제565조 [2] 형법 제355조 제2항 , 민법 제555조","[1] 대법원 2018. 5. 17. 선고 2017도4027 전원합의체 판결 (공2018하, 1203)","부동산, 매매, 매수, 매도, 매매계약, 중도금, 소유권이전, 등기, 근저당, 저당권, 담보, 배임",전문 원문: https://www.law.go.kr/LSW/precInfoP.do?precSeq=204239,embezzlement_breach_of_trust,형법 제355조·제356조 횡령·배임,embezzlement_breach_of_trust|형법 제355조·제356조 횡령·배임; civil_sale_effect|민법 제568조 매매의 효력
671,CASE_1992_00671,91도3223,국토이용관리법위반,대법원,1992-03-31,형사,판결,상고심,상고기각,"가. 국토이용관리법 제31조의2 소정의 벌칙적용대상인 ""허가 없이 토지 등의 거래계약을 체결하는 행위""의 의미 나. 토지 매수 후 매매대금을 완급하지도 않은 상태에서 다시 타인에게 전매하여 대금을 일부 수령한 경우 후자의 매매계약을 체결한 행위가 ""가""항에 해당한다고 본 사례.","가. 국토이용관리법 제31조의2 소정의 벌칙적용대상인 ""허가 없이 토지 등의 거래계약을 체결하는 행위""라 함은 처음부터 같은 법 제21조의3 제1항 소정의 허가를 배제하거나 잠탈하는 내용의 거래계약을 체결하는 행위를 가리키고, 허가받을 것을 전제로 한 거래계약을 체결하는 것은 여기에 해당하지 않는다. 나. 토지를 매수할 때부터 국토이용관리법상의 허가를 받은 일이 없고, 매수 후 매매대금을 완급하지도 않은 상태에서 다시 타인에게 전매하여 그 매매대금 중 일부를 수령한 경우, 후자의 매매계약은 위와 같은 매매의 경위에 비추어 처음부터 국토이용관리법상의 허가를 배제한 거래계약으로서 허가받을 것을 전제로 한 계약이라고 볼 수 없다고 한 사례.","국토이용관리법 제31조의2 , 제21조의3 제1항","가. 대법원 1991.12.24. 선고 90다12243 전원합의체 판결(공1992,642) , 1992.1.21. 선고 91도2912 판결(공1992,961)","부동산, 토지, 매매, 매수, 매도, 매매계약, 매매대금, 사기, 기망, 기각, 무효",전문 원문: https://www.law.go.kr/LSW/precInfoP.do?precSeq=121833,criminal_fraud,형법 제347조 사기죄,criminal_fraud|형법 제347조 사기죄; civil_fraud_duress|민법 제110조 사기·강박에 의한 의사표시; civil_sale_effect|민법 제568조 매매의 효력
672,CASE_2011_00672,2011노858,사기·부동산실권리자명의등기에관한법률위반·국가보안법위반(찬양·고무등)·남북교류협력에관한법률위반·강제집행면탈,의정부지방법원,2011-12-16,형사,판결,2심,무죄,". 4. 27. 선고 2009고단2130, 3183(병합), 2010고단1021(병합), 1497(병합) 판결 【주 문】 원심판결 중 피고인에 대한 유죄 부분을 파기한다. 피고인을 징역 1년 6월에 처한다. 원심판결 중 무죄 부분에 대한 검사의 항소를 기각한다. 【이 유】 1. 항소이유의 요지 가. 피고인의 항소이유 1) 사실오인 내지 법리오해 주장 가) 사기 부분 피고인이 피해자 공소외 3으로부터 지급받은 이 사건 공소사실 기재 금원에는 파주시 법원읍 금곡리 (지번 1 생략), (지번 2 생략)(이하 ‘이 사건 토지’라 한다)에 관한 약정금뿐만 아니라 다른 토지의","1. 항소이유의 요지 가. 피고인의 항소이유 1) 사실오인 내지 법리오해 주장 가) 사기 부분 피고인이 피해자 공소외 3으로부터 지급받은 이 사건 공소사실 기재 금원에는 파주시 법원읍 금곡리 (지번 1 생략), (지번 2 생략)(이하 ‘이 사건 토지’라 한다)에 관한 약정금뿐만 아니라 다른 토지의 매매대금 등도 포함되어 있었고, 피고인은 파주시청에 군사시설 보호구역 작전성 검토 협의신청서를 제출하는 등 이 사건 토지에 관한 군사시설 보호구역 작전성 협의에서 관할부대장의 동의를 받아 지목을 변경할 의사와 능력이 있었으므로, 피고인은 이 사건 토지에 관한 약정 당시",원문 참조,없음,"부동산, 토지, 매매, 매수, 매도, 매매대금, 중도금, 등기, 부동산실권리자, 사기, 기망, 편취",전문 원문: https://www.law.go.kr/LSW/precInfoP.do?precSeq=186727,criminal_fraud,형법 제347조 사기죄,criminal_fraud|형법 제347조 사기죄; civil_fraud_duress|민법 제110조 사기·강박에 의한 의사표시; civil_sale_effect|민법 제568조 매매의 효력
673,CASE_2021_00673,2021다248503,임대료등,대법원,2021-11-11,민사,판결,상고심,상고기각,"[1] 당사자가 표시한 문언에 의하여 그 객관적인 의미가 명확하게 드러나지 않는 경우, 법률행위를 해석하는 방법 / 이러한 법리가 소송 당사자 사이에 재판상 화해가 성립한 후 그 화해조항의 해석에 관하여 다툼이 있는 경우나 화해권고결정에 대해 이의신청기간 내에 이의신청이 없어 재판상 화해와 같은 효력을 가지는 경우에도 마찬가지로 적용되는지 여부 (적극) [2] 점포의 임대인 甲이 임차인 乙을 상대로 제기한 선행소송에서 내려져 확정된 화해권고결정의 조항 중 임대차가 종료되는 경우 甲이 반환하여야 하는 임대차보증금에서 공제되는 ‘제세공과금 상당액’에 점포에 관한 관리비가...","사건 소송의 경과 원심판결 이유와 기록에 의하면, 다음과 같은 사실을 알 수 있다. 가. 피고는 2014. 2. 28. 원고로부터 원고 소유인 이 사건 점포를 임대차보증금 2,000만 원, 월차임 220만 원(부가가치세 별도, 매월 20일 후불 지급), 임대차기간 2014. 3. 20.부터 2016. 3. 20.까지로 정하여 임차하였다(이하 원고와 피고 사이의 임대차계약을 ‘이 사건 임대차계약’이라고 한다). 나. 이 사건 임대차계약은 임대차기간 만료 후 갱신되었는데, 원고는 2018. 3. 28. 피고를 상대로 피고의 차임 연체를 원인으로 하여 이 사건 점포 인도 등 청구의 소를 제기하였다(서울북부지방법원 2018가단5307, 이하","[1] 민법 제105조 , 민사소송법 제220조 , 제225조 , 제226조 , 제231조 [2] 민법 제105조 , 민사소송법 제231조","[1] 대법원 2005. 5. 27. 선고 2004다60065 판결 (공2005하, 1031), 대법원 2013. 2. 28. 선고 2012다98225 판결","상가, 임대차, 보증금, 임대인, 임차인, 임대차계약, 담보, 손해배상, 기각, 파기, 반환, 부당이득",전문 원문: https://www.law.go.kr/LSW/precInfoP.do?precSeq=223419,civil_lease_definition,민법 제618조 임대차의 의의,civil_nonperformance_damages|민법 제390조 채무불이행 손해배상; civil_lease_definition|민법 제618조 임대차의 의의
674,CASE_2016_00674,"2015가합3796, 2016가합114",건물명도·손해배상(기),대구지법,2016-09-01,민사,판결,1심,일부인용,"상가건물을 임차하여 약국을 운영하는 甲이 임대차계약이 종료되기 전 신규임차인이 되려는 乙이 약국을 임차할 수 있도록 주선하고 권리금을 받기로 하는 권리금계약을 체결하였으나, 건물의 소유자인 丙이 임대차계약에 관한 협의 과정에서 乙에게 약사자격증명서, 가족관계증명서, 예금잔고증명서, 약국운영 계획서 등의 제출을 요구하는 한편 기존의 월 차임보다 40% 넘게 인상된 액수를 계약 조건으로 제시하여 협의가 결렬되자, 甲이 임대차계약 종료 후 상가건물 임대차보호법 제10조의4 에 따라 丙을 상대로 손해배상을 구한 사안에서, 丙의 손해배상책임을 인정한 사례","상가건물을 임차하여 약국을 운영하는 甲이 임대차계약이 종료되기 전 신규임차인이 되려는 乙이 약국을 임차할 수 있도록 주선하고 권리금을 받기로 하는 권리금계약을 체결하였으나, 건물의 소유자인 丙이 임대차계약에 관한 협의 과정에서 乙에게 약사자격증명서, 가족관계증명서, 예금잔고증명서, 약국운영 계획서 등의 제출을 요구하는 한편 기존의 월 차임보다 40% 넘게 인상된 액수를 계약 조건으로 제시하여 협의가 결렬되자, 甲이 임대차계약 종료 후 상가건물 임대차보호법 제10조의4 에 따라 丙을 상대로 손해배상을 구한 사안에서, 제반 사정에 비추어 丙은 직접 약국을 운영할 의사로 신규임차인이 되려는 乙에게 통상적인 임대차계약의 체결 과정에서 요구되는 것보다 무리한 조건을 제시함으로써 甲...",상가건물 임대차보호법 제10조의4,없음,"상가, 건물, 임대차, 보증금, 임대인, 임차인, 월세, 임대차계약, 매매, 매수, 매매계약, 매매대금",전문 원문: https://www.law.go.kr/LSW/precInfoP.do?precSeq=183476,civil_lease_definition,민법 제618조 임대차의 의의,civil_nonperformance_damages|민법 제390조 채무불이행 손해배상; civil_sale_effect|민법 제568조 매매의 효력; civil_lease_definition|민법 제618조 임대차의 의의
675,CASE_2002_00675,2000다47361,소유권이전등기등,대법원,2002-12-27,민사,판결,상고심,상고기각,"[1] 법률행위의 성립 과정에서 강박이라는 불법적 방법이 사용됨에 불과한 경우, 그 법률행위가 민법 제103조 소정의 반사회질서의 법률행위로서 무효인지 여부 (소극) [2] 비진의의사표시에 있어서의 '진의'의 의미 및 표의자가 강박에 의하여 증여의 의사표시를 한 경우 비진의의사표시에 해당하는지 여부 (소극) [3] 채무불이행의 성립요건인 '위법성'의 의미 [4] 강박에 의하여 원고에게 부동산에 관한 증여의 의사표시를 한 피고가 그 취소권을 행사하지 않은 채 그 부동산을 제3자에게 이중양도하고 취소권의 제척기간 마저 도과하여 버린 후 그 이중양도계약에 기하여 제3자에게...","[1] 민법 제103조 에 의하여 무효로 되는 반사회질서 행위는 법률행위의 목적인 권리·의무의 내용이 선량한 풍속 기타 사회질서에 위반되는 경우뿐 아니라 그 내용 자체는 반사회질서적인 것이 아니라고 하여도 법률적으로 이를 강제하거나 법률행위에 반사회질서적인 조건 또는 금전적 대가가 결부됨으로써 반사회질서적 성질을 띠게 되는 경우 및 표시되거나 상대방에게 알려진 법률행위의 동기가 반사회질서적인 경우를 포함하나, 이상의 각 요건에 해당하지 아니하고 단지 법률행위의 성립과정에 강박이라는 불법적 방법이 사용된 데에 불과한 때에는 강박에 의한 의사표시의 하자나 의사의 흠결을 이유로 효력을 논의할 수는 있을지언정 반사회질서의 법률행위로서 무효라고 할 수는 없다. [2] 비진의의사표시...","[1] 민법 제103조 , 제110조 [2] 민법 제107조 , 제110조 [3] 민법 제390조 [4] 민법 제110조 , 제146조 , 제390조 [5] 민사소송법 제216조 [6] 민사소송법 제202조 , 제340조 , 제341조 [7] 민법 제396조 [8] 민법 제166조 , 제390조 , 제568조 , 민사집행법 제300조","[1] 대법원 1992. 11. 27. 선고 92다7719 판결 (공1993상, 242), 대법원 1999. 7. 23. 선고 96다21706 판결 (공1999하, 1705), 대법원 2002. 9. 10. 선고 2002다21509 판결 (공2002하, 2428) / [2] 대법원 1993. 7. 16. 선고 92다41528, 41535 판결(공1993하, 2283) / [5] 대법원 1995. 3. 24. 선고 94다46114 판결 (공1995상, 1728), 대법원 1999. 12. 10. 선...","부동산, 주택, 아파트, 임야, 매매, 매도, 매매계약, 매매대금, 소유권이전, 등기, 강박, 손해배상",전문 원문: https://www.law.go.kr/LSW/precInfoP.do?precSeq=82257,civil_fraud_duress,민법 제110조 사기·강박에 의한 의사표시,civil_fraud_duress|민법 제110조 사기·강박에 의한 의사표시; civil_nonperformance_damages|민법 제390조 채무불이행 손해배상; civil_sale_effect|민법 제568조 매매의 효력
676,CASE_2022_00676,2021다210720,임대차보증금,대법원,2022-03-17,민사,판결,상고심,파기환송,"[1] 매도인이 악의인 계약명의신탁의 명의수탁자로부터 명의신탁의 목적물인 주택을 임차하여 주택임대차보호법 제3조 제1항 의 대항요건을 갖춘 임차인이, 명의수탁자의 소유권이전등기가 말소됨으로써 등기명의를 회복한 매도인과 그로부터 다시 소유권이전등기를 마친 명의신탁자에 대하여 자신의 임차권을 대항할 수 있는지 여부 (적극) 및 이 경우 소유권이전등기를 마친 명의신탁자가 주택임대차보호법 제3조 제4항 에 따라 임대인의 지위를 승계하는지 여부 (적극) [2] 임차인이 임대인을 상대로 제기한 보증금반환소송의 변론종결 후 임대부동산을 양수한 자가 민사소송법 제218조 제1항 에...","[1] 매도인이 악의인 계약명의신탁에서 명의수탁자로부터 명의신탁의 목적물인 주택을 임차하여 주택 인도와 주민등록을 마침으로써 주택임대차보호법 제3조 제1항 에 의한 대항요건을 갖춘 임차인은 ‘부동산 실권리자명의 등기에 관한 법률’ 제4조 제3항 의 규정에 따라 명의신탁약정 및 그에 따른 물권변동의 무효를 대항할 수 없는 제3자에 해당하므로 명의수탁자의 소유권이전등기가 말소됨으로써 등기명의를 회복하게 된 매도인 및 매도인으로부터 다시 소유권이전등기를 마친 명의신탁자에 대해 자신의 임차권을 대항할 수 있고, 이 경우 임차인 보호를 위한 주택임대차보호법의 입법 목적 및 임차인이 보증금반환청구권을 행사하는 때의 임차주택 소유자로 하여금 임차보증금반환채무를 부담하게 함으로써 임차인...","[1] 부동산 실권리자명의 등기에 관한 법률 제4조 , 주택임대차보호법 제3조 제1항 , 제4항 [2] 주택임대차보호법 제3조 제4항 , 민사소송법 제218조 제1항 , 민사집행법 제31조 , 제33조","[1] 대법원 2003. 8. 22. 선고 2003다12717 판결 (공2003하, 1921) / [2] 대법원 2002. 1. 30. 자 2001그35 결정","부동산, 주택, 아파트, 임차주택, 임대차, 보증금, 임차권, 임대인, 임차인, 주택임대차, 임대차계약, 임차보증금",전문 원문: https://www.law.go.kr/LSW/precInfoP.do?precSeq=227209,civil_lease_definition,민법 제618조 임대차의 의의,civil_lease_definition|민법 제618조 임대차의 의의
677,CASE_1985_00677,84다카890,양수금,대법원,1985-04-23,민사,판결,상고심,상고기각,부동산의 매매대금이 시세에 비하여 비싸다는 것과 신의칙위반 나. 토지매매에 있어서 시가에 관한 착오가 법률행위의 중요부분에 관한 착오에 해당하는지 여부 (소극),"민법 제2조 가 천명한 신의성실의 원칙은 사적자치의 원칙이 지배하는 특정개인간의 거래관계에 있어서 그 권리의 행사와 의무의 이행에 관하여 사회공동체의 일원으로서 상호간 신뢰를 저버리지 않는 성실성을 요구하는 것으로 부동산의 매매계약을 체결함에 있어서 그 매매대금이 시세에 비하여 비싸다는 것을 들어 신의칙에 반하는 것이라고 할 수는 없다. 나. 의사표시의 착오가 법률행위의 내용의 중요부분에 착오가 있는 이른바 요소의 착오이냐의 여부는 그 각 행위에 관하여 주관적, 객관적 표준에 쫓아 구체적 사정에 따라 가려져야 할 것이고 추상적, 일률적으로 이를 가릴 수는 없다고 할 것인 바, 토지매매에 있어서 시가에 관한 착오는 토지를 매수하려는 의사를 결정함에 있어 그 동기의 착오에 불...","민법 제2조 , 제109조",대법원 1984.4.10. 선고 81다239 판결,"부동산, 토지, 매매, 매수, 매도, 매매계약, 매매대금, 사기, 기망, 배임, 기각, 취소",전문 원문: https://www.law.go.kr/LSW/precInfoP.do?precSeq=100375,civil_fraud_duress,민법 제110조 사기·강박에 의한 의사표시,civil_fraud_duress|민법 제110조 사기·강박에 의한 의사표시; civil_sale_effect|민법 제568조 매매의 효력
678,CASE_2017_00678,2016다248431,건물명도,대법원,2017-04-07,민사,판결,상고심,상고기각,"주택 경매절차의 매수인이 매각물건명세서에 기재되어 공시된 내용을 기초로 권리신고 및 배당요구를 한 주택임차인의 배당순위가 1순위 근저당권자보다 우선한다고 신뢰하여 임차보증금반환채무를 인수하지 않는다는 전제 아래 매수가격을 정하여 낙찰을 받아 주택에 관한 소유권을 취득한 경우, 주택임차인이 1순위 근저당권자에게 무상거주확인서를 작성해 준 사실이 있어 임차보증금을 배당받지 못하게 되었다는 사정을 들어 매수인에게 주택임대차보호법상 대항력을 주장할 수 있는지 여부 (소극)","주택임대차보호법에 따른 주택임차인의 대항력 발생일과 임대차계약서상 확정일자가 모두 당해 주택에 관한 1순위 근저당권 설정일보다 앞서는 경우, 주택임차인은 특별한 사정이 없는 한 대항력뿐 아니라 1순위 근저당권자보다 선순위의 우선변제권도 가지므로, 그 주택에 관하여 개시된 경매절차에서 배당요구종기 이전에 배당요구를 하였다면 1순위 근저당권자보다 우선하는 배당순위를 가진다. 한편 집행법원은 부동산에 관한 경매절차에서 부동산의 표시, 부동산의 점유자와 점유의 권원, 점유할 수 있는 기간, 차임 또는 보증금에 관한 관계인의 진술 등의 사항을 적은 매각물건명세서를 작성한 다음 그 사본을 비치하여 누구든지 볼 수 있도록 하여야 한다( 민사집행법 제105조 ). 이는 경매대상부동산의...","민법 제2조 , 민사집행법 제88조 , 제105조 , 주택임대차보호법 제3조 , 제3조의2 , 제3조의5","대법원 1995. 11. 22.자 95마1197 결정 (공1996상, 51), 대법원 2004. 11. 9.자 2004마94 결정 (공2005상, 65)","부동산, 주택, 건물, 임대차, 보증금, 임차권, 임대인, 임차인, 주택임대차, 임대차계약, 임차보증금, 매수",전문 원문: https://www.law.go.kr/LSW/precInfoP.do?precSeq=184689,civil_lease_definition,민법 제618조 임대차의 의의,civil_sale_effect|민법 제568조 매매의 효력; civil_lease_definition|민법 제618조 임대차의 의의
679,CASE_2004_00679,2001다1775,소유권이전등기말소,대법원,2004-01-29,민사,판결,상고심,상고기각,[1] 동(洞)이 법인 아닌 사단으로서 당사자능력이 있다고 인정한 사례 [2] 대표자가 존재하지 않던 자연부락이 대표자의 선출을 위한 주민총회를 소집함에 있어서 자연부락의 범위와 경계가 일치하는 행정구역의 동장들이 그들의 공동 명의로 한 소집통지의 효력과 그 대표자 선출의 적법 여부 (적극),"[1] 이태원리(里)의 행정구역 내에 거주하는 주민들이 그들의 공동편익과 복지를 위하여 주민 전부를 구성원으로 한 공동체로서 이태원동(洞)을 구성하고 행정구역과 동일한 명칭을 사용하면서 일정한 재산을 공부상 그 이름으로 소유하여 온 이상 이태원동은 법인 아닌 사단으로서의 당사자능력이 있다고 한 사례. [2] 종전에 규약이나 대표자 선임에 관한 관습이 존재하지 않고 대표자조차 선임되어 있지 않던 동(洞)이 대표자의 선출을 위한 주민총회를 소집함에 있어서 자연부락의 범위가 행정구역상의 경계와 일치하는 관계로 편의상 동이 속한 행정구역의 동장들이 그들의 공동 명의로 소집통지를 하였다면 그 소집통지의 효력을 쉽사리 부정할 수 없을 것이고, 따라서 그 소집통지에 의하여 동을 구성하...","[1] 민법 제31조 , 제275조 , 민사소송법 제52조 [2] 민법 제31조 , 제275조 , 민사소송법 제52조","[1] 대법원 1999. 1. 29. 선고 98다33512 판결 (공1999상, 371)","부동산, 소유권이전, 등기, 가등기, 명의신탁, 명의수탁, 허위, 배임, 기각, 무효",전문 원문: https://www.law.go.kr/LSW/precInfoP.do?precSeq=83056,civil_sale_effect,민법 제568조 매매의 효력,civil_sale_effect|민법 제568조 매매의 효력
680,CASE_1982_00680,81도1702,사기ㆍ공정증서원본불실기재ㆍ공정증서원본불실기재행사,대법원,1982-01-12,형사,판결,상고심,상고기각,"사망자를 상대로 한 판결에 기한, 실체관계에 부합하는 소유권이전등기와 공정증서원본부실기재죄의 성부 (소극)",피고인이 사망한 부동산등기 명의인을 상대로 매매를 원인으로 하는 소유권이전등기절차 이행청구의 소를 제기하여 의제자백에 의한 승소판결을 받고 이에 기하여 피고인 명의로 소유권이전등기를 경료하였다고 하여도 동 등기가 실체적 권리관계에 부합하는 유효한 등기라면 그 등기원인이 다르다 하여도 형사상 부실의 등기라고 할 수 없다.,형법 제228조,없음,"부동산, 토지, 매매, 소유권이전, 등기, 공정증서원본불실기재, 사기, 편취, 무죄, 기각, 불실기재, 권리관계",전문 원문: https://www.law.go.kr/LSW/precInfoP.do?precSeq=96293,criminal_fraud,형법 제347조 사기죄,criminal_fraud|형법 제347조 사기죄; civil_sale_effect|민법 제568조 매매의 효력
681,CASE_2002_00681,2001다7940,소유권이전등기,대법원,2002-07-12,민사,판결,상고심,상고기각,[1] 국·공유재산을 매각할 때 매매계약 체결 당시의 시가를 참작하여 당해 재산의 예정가격을 결정하도록 규정한 국유재산법 제34조 및 같은법시행령 제37조 제1항이 효력규정인지 여부 (소극) [2] 매매계약의 성립요건으로서 목적물과 대금의 특정 정도,"[1] 국·공유재산을 매각할 때 매매계약 체결 당시의 시가를 참작하여 당해 재산의 예정가격을 결정하여야 하고, 일정 금액 이상의 재산에 대하여는 2개 이상의 감정평가법인에게 평가를 의뢰하고 그 평가액을 산술평균한 금액을 예정가격으로 하도록 관계 법령에 규정되어 있다고 하더라도(국유재산법 제34조, 같은법시행령 제37조 제1항), 이러한 규정으로 인하여 잡종재산의 처분에 관한 매매계약의 사법상 효력에 영향을 미치는 것은 아니다. [2] 매매계약에 있어서 그 목적물과 대금은 반드시 계약체결 당시에 구체적으로 특정할 필요는 없고 이를 사후에라도 구체적으로 특정할 수 있는 방법과 기준이 정해져 있으면 족한 것이고, 이 경우 그 약정된 기준에 따른 대금액의 산정에 관하여 당사자 간...","[1] 국유재산법 제34조 , 국유재산법시행령 제37조 제1항 [2] 민법 제563조","[2] 대법원 1986. 2. 11. 선고 84다카2454 판결 (공1986, 437), 대법원 1993. 6. 8. 선고 92다49447 판결 (공1993하, 1999), 대법원 1997. 1. 24. 선고 96다26176 판결 (공1997상, 632)","부동산, 주택, 아파트, 토지, 매매, 매수, 매매계약, 매매대금, 소유권이전, 조합원, 등기, 강박",전문 원문: https://www.law.go.kr/LSW/precInfoP.do?precSeq=81706,civil_fraud_duress,민법 제110조 사기·강박에 의한 의사표시,civil_fraud_duress|민법 제110조 사기·강박에 의한 의사표시; civil_sale_effect|민법 제568조 매매의 효력
682,CASE_2015_00682,2015나5580,소유권이전등기,춘천지방법원 강릉지원,2015-10-06,민사,판결,2심,1. 제1심 판결을 취소한다. 2. 피고는 원고에게 별지 목록 기재 각 부동산에 관하여 진정명의회복을 원인으로 한 소유권이전등...,) 【제1심판결】 춘천지방법원 강릉지원 2015. 5. 27. 선고 2014가단203256 판결 【변론종결】 2015. 9. 8. 【주 문】 1. 제1심 판결을 취소한다. 2. 피고는 원고에게 별지 목록 기재 각 부동산에 관하여 진정명의회복을 원인으로 한 소유권이전등기절차를 이행하라. 3. 소송총비용은 피고가 부담한다. 【청구취지 및 항소취지】 1. 청구취지 가. 주위적 청구 : 주문 제2항 기재와 같다. 나. 예비적 청구 : 원고에게 별지 목록 기재 부동산 사용과 관련하여 피고에 대한 변상금 납부의무가 없음을 확인한다(원고는 당심에서 예비적 청구를 추가하였다). 2,하는 ‘향교재산’에 해당하는 것으로서 194호 법령 제4조에 따라 설립된 원고 재단의 기본재산에 속하게 되었다. 그럼에도 이 사건 부동산에 관하여는 피고 명의의 소유권보존등기가 마쳐져 있으므로 피고는 진정한 소유자인 원고에게 진정명의회복을 원인으로 한 소유권이전등기절차를 이행할 의무가 있다. 2) 피고 이 사건 부동산은 일제강점기 당시 국(國) 명의로 사정된 토지로서 본래 비법인재단인 삼척군 향교의 소유에 속하였던 재산이 아니었으므로 194호 법령에서 말하는 ‘향교재산’에 해당하지 아니한다. 따라서 이 사건 부동산은 194호 법령에 따라 원고 재단의 기본재산에 속하게 되었다고 볼 수 없으므로 원고의 이 사건 청구에 응할 수 없다. 나.,원문 참조,없음,"부동산, 토지, 건물, 매매, 소유권이전, 소유권보존, 등기, 담보, 사기, 취소",전문 원문: https://www.law.go.kr/LSW/precInfoP.do?precSeq=197882,civil_fraud_duress,민법 제110조 사기·강박에 의한 의사표시,civil_fraud_duress|민법 제110조 사기·강박에 의한 의사표시; civil_sale_effect|민법 제568조 매매의 효력
683,CASE_2003_00683,2002나982,소유권확인,대전고법,2003-07-11,민사,판결,2심,일부인용,아파트건축공사 대금채권의 소멸시효의 기산점,"도급계약의 보수는 특약이 없는 한 완성된 목적물의 인도를 요하지 아니하는 경우에는 그 일을 완성한 때에 그리고 완성된 목적물의 인도를 요하는 경우에는 그 인도와 동시에 지급을 요한다 할 것이므로, 수급인이 건물을 완공하여 도급인에게 이를 인도하여야 하는 경우 공사계약에 따른 공사대금채권은 특별한 사정이 없는 한 건물이 도급인에게 인도된 때에 그 이행기가 도래하고 그 때부터 소멸시효가 진행된다.","민법 제163조 제3호 , 제166조 제1항 , 제665조","대법원 1968. 5. 21. 선고 67다639 판결(집16-2, 민29)","부동산, 아파트, 토지, 건물, 보증금, 매수, 소유권이전, 소유권보존, 분양, 분양대금, 분양권, 등기",전문 원문: https://www.law.go.kr/LSW/precInfoP.do?precSeq=69567,civil_lease_definition,민법 제618조 임대차의 의의,civil_sale_effect|민법 제568조 매매의 효력; civil_lease_definition|민법 제618조 임대차의 의의
684,CASE_1984_00684,84노289,사기사건,광주지법,1984-06-01,형사,판결,2심,무죄,"임대인이 임차보증금을 증액하는 재임대차계약을 체결하고 그 증액된 보증금을 교부받음에 있어, 전임대차기간중에 임대차목적물위에 설정한 근저당권의 존재를 임차인에게 고지하지 아니한 행위가 사기죄를 구성하는지 여부","임대인이 임차보증금을 70만 원 증액하는 내용의 재임대차계약을 체결하고 그 70만 원을 교부받음에 있어서, 그 전임대차 기간중에 소외 은행으로부터 금 800만 원을 차용하면서 위 임차물상에 근저당권을 설정해준 후 위 재임대차계약까지의 이자와 원금중 200만 원을 변제해 왔다면, 위 재임대차계약 당시 임대인에게, 임차보증금을 반환해 줄 능력이나 의사가 없었다거나, 위 근저당권이 실행되도록 함으로써 임차인으로 하여금 임차물을 사용할 수 없도록 할 의사가 있었다고 보기 어렵고, 위와 같은 상황에서 임차인에게 근저당권설정된 사실을 고지아니한 행위가 어떤 기망행위라고도 볼 수 없다.","형법 제18조 , 제347조 제1항","1959. 12. 18. 선고 4292형상544 판결(요 형법 제347조(5) 1352면 카5721), 1960. 3. 30. 선고, 4292형상589 판결, 1979. 2. 13. 선고, 78도2211 판결, 1980. 7. 8. 선고, 79도2734 판결 (요추 Ⅱ 형법 제347조(5) 138면 공 640호 13052)","주택, 건물, 임대차, 전세, 보증금, 임대인, 임차인, 임대차계약, 임차보증금, 근저당, 저당권, 사기",전문 원문: https://www.law.go.kr/LSW/precInfoP.do?precSeq=75786,criminal_fraud,형법 제347조 사기죄,criminal_fraud|형법 제347조 사기죄; civil_fraud_duress|민법 제110조 사기·강박에 의한 의사표시; civil_lease_definition|민법 제618조 임대차의 의의
685,CASE_2006_00685,2005도4790,공정증서원본불실기재·불실기재공정증서원본행사,대법원,2006-01-13,형사,판결,상고심,파기환송,부동산에 관한 종중 명의의 등기에 있어서 허위의 종중 대표자 기재가 공정증서원본불실기재죄의 대상이 되는 불실의 기재에 해당하는지 여부 (적극),"형법 제228조 제1항 이 규정하는 공정증서원본불실기재죄는 특별한 신빙성이 인정되는 권리의무에 관한 공문서에 대한 공공의 신용을 보장함을 보호법익으로 하는 범죄로서 공무원에 대하여 진실에 반하는 허위신고를 하여 공정증서원본에 그 증명하는 사항에 관하여 실체관계에 부합하지 아니하는 불실의 사실을 기재하게 함으로써 성립하는 것인데, 부동산등기법이 1991. 12. 14. 법률 제4422호로 개정되면서 등기권리자가 법인 아닌 사단 또는 재단인 경우에는 그 대표자나 관리인의 성명과 주소를 첨기하도록 되었는바, 위와 같은 법의 개정취지는 법인의 경우에는 법인등기부가 있으므로 부동산등기부에 회사명칭만 기재하더라도 대표권자가 누구인지를 용이하게 파악할 수 있으나, 비법인사단·재단의 경...",형법 제228조 제1항,없음,"부동산, 토지, 소유권보존, 등기, 공정증서원본불실기재, 허위, 위조, 무죄, 파기, 불실기재, 처분권한",전문 원문: https://www.law.go.kr/LSW/precInfoP.do?precSeq=84262,criminal_fraud,형법 제347조 사기죄,criminal_fraud|형법 제347조 사기죄
686,CASE_2021_00686,"2020다263635, 263642",건물명도·권리금손해배상,대법원,2021-05-27,민사,판결,상고심,상고기각,"[1] 임차인이 임대차기간 중 3기 차임액에 이르도록 차임을 연체한 사실이 있는 경우, 계약갱신을 요구할 당시 차임연체액이 3기 차임액에 이르지 않게 되었더라도 임대인이 임차인의 계약갱신 요구를 거절할 수 있는지 여부 (적극) 및 그에 따라 권리금 회수기회 보호의무도 부담하지 않는지 여부 (적극) [2] 임대인이 임대차보증금에서 연체차임, 연체관리비 등을 공제하기 위하여는 이를 임대차보증금에서 공제한다는 주장을 하고, 임대차보증금에서 공제될 차임채권, 관리비채권 등의 발생 원인에 관하여 주장·증명을 하여야 하는지 여부 (적극) 및 그 발생한 채권이 변제 등의 이유로...","한다)의 부대상고이유를 판단한다. 1. 사실관계 원심판결 이유에 따르면 다음 사실을 알 수 있다. 원고는 2013. 4. 중순 원심 공동피고에게 이 사건 상가를 보증금 5,000만 원, 월 차임 110만 원(선불), 임대차기간 2013. 4. 14.부터 2016. 4. 13.까지로 정해 임대하였다(이하 ‘이 사건 임대차계약’이라 한다). 원심 공동피고는 계약일 무렵 원고에게 보증금 5,000만 원을 지급하고 원고로부터 이 사건 상가를 인도받았고, 그 무렵부터 아들인 피고를 통해 이 사건 상가를 점유·사용하고 있다. 이 사건 임대차계약이 묵시적으로 갱신되던 중 원고는 2018. 3. 7. 피고에게 임대차계약의 갱신을 거절한다고 통지했다.","[1] 구 상가건물 임대차보호법(2018. 10. 16. 법률 제15791호로 개정되기 전의 것) 제10조 제1항 제1호 , 제10조의4 제1항 , 제10조의8 [2] 민법 제618조 , 민사소송법 제288조","[1] 대법원 2014. 7. 24. 선고 2012다28486 판결 (공2014하, 1643) / [2] 대법원 2005. 9. 28. 선고 2005다8323, 8330 판결 (공2005하, 1677)","상가, 건물, 임대차, 보증금, 임차권, 임대인, 임차인, 임대차계약, 담보, 손해배상, 기각, 반환",전문 원문: https://www.law.go.kr/LSW/precInfoP.do?precSeq=219521,civil_lease_definition,민법 제618조 임대차의 의의,civil_nonperformance_damages|민법 제390조 채무불이행 손해배상; civil_lease_definition|민법 제618조 임대차의 의의
687,CASE_2016_00687,2015나2023077,임대차보증금,서울고등법원,2016-06-10,민사,판결,2심,항소기각,"4. 선고 2014가합504262 판결 【변론종결】 2016. 3. 18. 【주 문】 1. 제1심판결 중 다음에서 이행을 명하는 부분에 해당하는 원고 패소부분을 취소한다. 피고는 주식회사 토피아도봉어학원[000000-0000000, 서울 (주소 생략)]에 별지 목록 제1, 2항 기재 각 부동산에 관하여 서울북부지방법원 도봉등기소 2012. 12. 27. 접수 제85635호로 말소등기된 같은 등기소 2012. 3. 21. 접수 제16986호로 마친 근저당권설정등기의 회복등기절차를 이행하라. 2. 원고의 나머지 항소를 기각한다. 3. 소송총비용 중 2/3는 원고가, 나머","제1심 판결문 제3쪽 마지막 행의 “이 사건 각 부동산”을 “별지 목록 기재 각 부동산”으로 고쳐 쓴다. ○ 제1심 판결문 제4쪽 제3~4행의 “이 사건 제1 근저당권”을 “이 사건 삼성 근저당권”으로, 제6행의 “이 사건 제2 근저당권”을 “이 사건 우리은행 근저당권”으로 각 고쳐 쓴다. ○ 제1심 판결문 제5쪽 제5~13행을 다음과 같이 고쳐 쓴다. “바. 별지 목록 제1, 2항 기재 각 부동산에 관한 근저당권의 설정 및 말소 1) 토피아도봉어학원은 소외 1에 대한 이 사건 임대차계약에 기한 임대차보증금 18억 원의 반환채권을 담보하기 위하여 2012. 3. 21. 소외 1 소유의 별지 목록 제1, 2항 기재 각 부동산에 관하여 채",원문 참조,없음,"부동산, 건물, 임대차, 전세, 보증금, 임대인, 월세, 임대차계약, 등기, 근저당, 저당권, 담보",전문 원문: https://www.law.go.kr/LSW/precInfoP.do?precSeq=211491,civil_lease_definition,민법 제618조 임대차의 의의,civil_lease_definition|민법 제618조 임대차의 의의
689,CASE_2012_00689,2011나77575,사해행위 취소 등,서울고법,2012-10-11,민사,판결,2심,청구기각,"[1] 상계계약이 조정에 갈음하는 결정의 형식을 빌려 체결된 경우 사해행위취소권 행사의 대상이 될 수 있는지 여부 (적극) [2] 甲이 乙을 상대로 제기한 약정금청구소송에서 乙의 甲에 대한 전부금 상당 부당이득반환채권과 甲의 乙에 대한 채권을 상계하기로 하는 내용이 포함된 조정에 갈음하는 결정이 확정되었는데, 乙의 다른 일반채권자인 丙이 수익자인 甲을 상대로 조정에 갈음하는 결정의 형식을 빌려 체결된 상계계약의 취소와 그 원상회복으로서 전부금 상당 부당이득반환을 구한 사안에서, 상계계약이 사해행위에 해당한다는 이유로 이를 취소하면서, 丙이 甲을 상대로 전부금 상당 부...","[1] 채권자의 단독행위인 민법상 상계와 달리 상계계약은 상호 채무를 면제시키는 것을 내용으로 하는 계약으로서 채무자의 재산권을 목적으로 한 법률행위에 해당하는 점, 조정에 갈음하는 결정에 대하여 소정의 기간 내에 이의신청이 없으면 그 조정에 갈음하는 결정은 재판상의 화해와 동일한 효력이 있는 점, 소송행위가 동시에 실체법상의 법률행위로서의 성질을 가지는 경우, 예컨대 소송상 상계, 청구의 포기·인낙, 재판상 화해 등은 채권자취소권의 대상이 된다는 것이 통설적인 견해인 점 등을 종합적으로 고려하여 보면, 상계계약이 조정에 갈음하는 결정의 형식을 빌려 체결된 경우 그 상계계약도 사해행위취소권 행사의 대상이 될 수 있다. [2] 甲이 乙을 상대로 제기한 약정금청구소송에서 乙의...","[1] 민법 제406조 제1항 , 제492조 , 민사조정법 제30조 , 제34조 제4항 [2] 민법 제406조 제1항 , 제407조 , 제492조 , 민사조정법 제30조 , 제34조 제4항",없음,"부동산, 매매, 매매계약, 매매대금, 계약금, 잔금, 소유권이전, 등기, 근저당, 저당권, 담보, 경매",전문 원문: https://www.law.go.kr/LSW/precInfoP.do?precSeq=167385,civil_sale_effect,민법 제568조 매매의 효력,civil_sale_effect|민법 제568조 매매의 효력
690,CASE_2005_00690,2005노934,국토의계획및이용에관한법률위반·부동산등기특별조치법위반(예비적죄명:공정증서원본불실기재),대전지방법원,2005-12-01,형사,판결,2심,무죄,"석재 【변 호 인】 변호사 박호섭 【원심판결】 대전지방법원 2005. 4. 21. 선고 2005고단505 판결 【주 문】 1. 원심판결 중 피고인에 관한 부분을 파기한다. 2. 피고인을 벌금 7,000,000원에 처한다. 3. 피고인이 위 벌금을 납입하지 아니하는 경우 금 50,000원을 1일로 환산한 기간 피고인을 노역장에 유치한다. 4. 피고인에 대한 이 사건 공소사실 중 부동산등기특별조치법위반의 점에 대한 주위적 공소사실과 당심에서 추가된 공정증서원본불실기재의 점에 대한 예비적 공소사실은 각 무죄. 【이 유】 1. 항소이유의 요지 원심이 피고인에게 선고한 형은","무거워서 부당하다. 2. 직권판단 피고인의 양형부당 주장에 대하여 판단하기에 앞서 직권으로 본다. 가. 공소장 변경 검사는 당심에 이르러 이 사건 공소사실 중 부동산등기특별조치법위반의 점에 관한 공소사실을 주위적으로 유지하면서 예비적으로 공정증서원본불실기재의 점을 추가하는 내용으로 공소장변경신청을 하여 이 법원이 이를 허가한 결과, 이 법원의 심판대상이 원심과 달라졌으므로 이 점에서 원심판결 중 피고인에 관한 부분은 파기를 면할 수 없게 되었다. 나. 사실오인 내지 법리오해 아래 제3항에서 보는 바와 같이 피고인에게 부동산등기특별조치법위반의 죄책을 물을 수 없음에도 원심은 위 부분 공소사실을 유죄로 인정함으로써 사실을 오인하거나 법리를",원문 참조,없음,"부동산, 토지, 임야, 매매, 매수, 매도, 매매계약, 매매대금, 소유권이전, 토지거래허가, 등기, 부동산등기특별조치법",전문 원문: https://www.law.go.kr/LSW/precInfoP.do?precSeq=78661,civil_sale_effect,민법 제568조 매매의 효력,civil_sale_effect|민법 제568조 매매의 효력
691,CASE_2005_00691,2005노352,공정증서원본불실기재·불실기재공정증서원본행사,춘천지방법원,2005-11-18,형사,판결,2심,항소기각,"전문】 【피 고 인】 【항 소 인】 검사 【검 사】 진재선 【원심판결】 춘천지방법원 2005. 4. 21. 선고 2003고정108 판결 【주 문】 검사의 항소를 기각한다. 【이 유】 1. 항소이유의 요지 공소외 1의 수사기관 이래 원심법정에 이르기까지의 일관된 진술과 계약내용 등에 비추어볼 때, 공소외 1이 피고인에게 그 소유의 부동산을 매도하면서 잔금 1억 3,260만 원을 지급받지 아니한 상태에서 피고인의 선등기 요구에 묵시적으로 동의한 사실이 없음이 명백하고, 또한, 공소외 1이 소유권이전등기에 필요한 서류들을 법무사 사무실에 맡겨놓은 것을 기화로 피고인이 선등","1. 항소이유의 요지 공소외 1의 수사기관 이래 원심법정에 이르기까지의 일관된 진술과 계약내용 등에 비추어볼 때, 공소외 1이 피고인에게 그 소유의 부동산을 매도하면서 잔금 1억 3,260만 원을 지급받지 아니한 상태에서 피고인의 선등기 요구에 묵시적으로 동의한 사실이 없음이 명백하고, 또한, 공소외 1이 소유권이전등기에 필요한 서류들을 법무사 사무실에 맡겨놓은 것을 기화로 피고인이 선등기 합의가 있는 것처럼 법무사 사무실 직원을 기망하여 공소외 1의 의사에 반하여 소유권이전등기를 마친 것은 허위신고에 의한 불실의",원문 참조,없음,"부동산, 토지, 매매, 매수, 매도, 매매계약, 매매대금, 계약금, 중도금, 잔금, 소유권이전, 등기",전문 원문: https://www.law.go.kr/LSW/precInfoP.do?precSeq=77458,criminal_fraud,형법 제347조 사기죄,criminal_fraud|형법 제347조 사기죄; civil_fraud_duress|민법 제110조 사기·강박에 의한 의사표시; civil_sale_effect|민법 제568조 매매의 효력
692,CASE_2018_00692,2016도11337,배임(일부인정된죄명:배임미수),대법원,2018-10-04,형사,판결,상고심,파기환송,"부동산 매매계약에서 중도금이 지급되는 등 계약이 본격적으로 이행되는 단계에 이른 경우, 그때부터 매도인은 배임죄에서 말하는 ‘타인의 사무를 처리하는 자’에 해당하는지 여부 (적극) 및 그러한 지위에 있는 매도인이 매수인에게 계약 내용에 따라 부동산의 소유권을 이전해 주기 전에 그 부동산을 제3자에게 처분하고 제3자 앞으로 그 처분에 따른 등기를 마쳐 준 경우, 배임죄가 성립하는지 여부 (적극) / 이러한 법리는 부동산 교환계약에서도 마찬가지인지 여부 (적극)",상고이유를 판단한다. 1. 부동산 매매계약에서 계약금만 지급된 단계에서는 어느 당사자나 계약금을 포기하거나 그 배액을 상환함으로써 자유롭게 계약의 구속력에서 벗어날 수 있다. 그러나 중도금이 지급되는 등 계약이 본격적으로 이행되는 단계에 이른 때에는 계약이 취소되거나 해제되지 않는 한 매도인은 매수인에게 부동산의 소유권을 이전해 줄 의무에서 벗어날 수 없다. 따라서 이러한 단계에 이른 때에 매도인은 매수인에 대하여 매수인의 재산보전에 협력하여 재산적 이익을 보호·관리할 신임관계에 있게 된다. 그때부터 매도인은 배,"형법 제355조 제2항 , 민법 제565조 , 제596조","대법원 2018. 5. 17. 선고 2017도4027 전원합의체 판결 (공2018하, 1203)","부동산, 토지, 임야, 매매, 매수, 매도, 매매계약, 계약금, 중도금, 소유권이전, 등기, 고소",전문 원문: https://www.law.go.kr/LSW/precInfoP.do?precSeq=208881,embezzlement_breach_of_trust,형법 제355조·제356조 횡령·배임,embezzlement_breach_of_trust|형법 제355조·제356조 횡령·배임; civil_sale_effect|민법 제568조 매매의 효력
693,CASE_2017_00693,2016나50296,배당이의,광주지방법원,2017-01-13,민사,판결,2심,1. 제1심 판결을 취소한다. 2. 원고들의 청구를 모두 기각한다. 3. 소송총비용은 원고들이 부담한다.,"소인】 【제1심판결】 광주지방법원 2015. 12. 22. 선고 2015가단517111 판결 【변론종결】 2016. 11. 25. 【주 문】 1. 제1심 판결을 취소한다. 2. 원고들의 청구를 모두 기각한다. 3. 소송총비용은 원고들이 부담한다. 【청구취지 및 항소취지】 1. 청구취지 광주지방법원 2014타경12155호 부동산강제경매 사건에 관하여 위 법원이 2015. 7. 1. 작성한 배당표 중 피고에 대한 배당액 60,295,651원을 0원으로, 원고들에 대한 배당액 0원을 60,295,651원으로 각 경정한다. 2. 항소취지 주문 제1, 2항과 같다. 【이 유】","가. 광주 광산구 (주소 1 생략) 지상 철근콘크리트구조 (철근)콘크리트지붕 3층 단독주택(이하 ‘이 사건 주택’이라 한다)은 2012. 6. 13. 소외 1이 소유권보존등기를 마친 뒤 2012. 8. 21. 소외 2에게 소유권이전등기가 마쳐졌다. 나. 원고들은 2012. 7. 16. 당시 이 사건 주택의 소유자였던 소외 1로부터 이 사건 주택 101호를 임차하였는데(이하 ‘이 사건 임대차계약’이라 한다), 그 계약 내용은 임대차보증금을 6,500만 원으로 정하여 계약금 500만 원은 계약시에, 잔금 6,000만 원은 2012. 8. 16.에 지급하는 것이었고, 임대차기간에 관하여는 ‘임대인은 이 사건 주택을 2012. 8. 16.까지",원문 참조,없음,"부동산, 주택, 임대차, 전세, 보증금, 전세금, 임대인, 임차인, 전세권, 주택임대차, 임대차계약, 계약금",전문 원문: https://www.law.go.kr/LSW/precInfoP.do?precSeq=194822,civil_lease_definition,민법 제618조 임대차의 의의,civil_sale_effect|민법 제568조 매매의 효력; civil_lease_definition|민법 제618조 임대차의 의의
694,CASE_2015_00694,2014가단203256,소유권이전등기,춘천지방법원 강릉지원,2015-05-27,민사,판결,1심,청구기각,인 강원도향교재단 (소송대리인 변호사 홍지훈) 【피 고】 대한민국 (소송대리인 변호사 이용재) 【변론종결】 2015. 3. 25. 【주 문】 1. 원고의 청구를 기각한다. 2. 소송비용은 원고가 부담한다. 【청구취지】 피고는 원고에게 별지 목록 기재 각 부동산에 관하여 진정명의회복을 원인으로 한 소유권이전등기절차를 이행하라. 【이 유】 1. 기초사실 가. 조선총독부 임시토지조사국에 의하여 조사·작성된 토지조사부에는 국(國)이 분할 전 강원 삼척군 (주소 1 생략) 사사지(社寺地) 450평(이하 ‘분할 전 토지’라고 한다)을 사정받은 것으로 기재되어 있다. 나. 한편,"데, 피고는 1979. 9. 18. 별지 목록 제1항 기재 부동산에 관하여, 1986. 7. 11. 별지 목록 제2항 및 제3항 기재 각 부동산에 관하여 각 그 소유권보존등기를 마쳤다(이하 별지 목록 기재 각 부동산을 통틀어 ‘이 사건 부동산’이라고 한다). [인정근거] 다툼 없는 사실, 갑 1~3, 10, 11호증(가지번호 포함), 변론 전체의 취지 2. 쌍방의 주장 및 판단 가. 쌍방의 주장 (1) 원고의 주장 이 사건 부동산은 미군정법령 제194호(이하 ‘194호 법령’이라고 한다)에서 말하는 ‘향교재산’에 해당하는 것으로서 194호 법령 제4조에 따라 설립된 원고 재단의 기본재산에 속하게 되었다. 그럼에도 이 사건 부동산에 관하여",원문 참조,없음,"부동산, 토지, 건물, 소유권이전, 소유권보존, 등기, 사기, 기각",전문 원문: https://www.law.go.kr/LSW/precInfoP.do?precSeq=197793,civil_fraud_duress,민법 제110조 사기·강박에 의한 의사표시,civil_fraud_duress|민법 제110조 사기·강박에 의한 의사표시; civil_sale_effect|민법 제568조 매매의 효력
695,CASE_1999_00695,99가합6048,구상금등,서울지법,1999-11-10,민사,판결,1심,일부인용,"[1] 저당권이 설정되어 있는 부동산에 관하여 사해행위가 이루어진 후 그 저당권설정등기가 말소된 경우, 사해행위 취소의 범위와 원상회복의 방법 [2] 사해행위 취소소송에서 원물 반환 대신 가액 반환을 명하는 경우, 그 가액의 산정기준시(=사실심 변론종결시) [3] 사해행위 취소소송의 인용판결 확정 전에 수익자에게 지체책임이 발생하는지 여부 (소극)","[1] 어느 부동산의 증여계약이 사해행위일 때에 원칙으로는 위 증여계약을 취소하고 그에 따른 소유권이전등기의 말소 등 부동산 자체의 회복을 명하여야 하지만, 위 사해행위가 근저당권이 설정되어 있는 부동산에 관하여 근저당권자 이외의 자 사이에 이루어지고 그 후 변제 등으로 근저당권 설정등기가 말소된 때에는 그 부동산 자체의 회복을 명하는 것은 당초 담보로 파악되어 있지 않던 부분까지 회복시키는 것이 되어 공평에 반하는 결과를 가져오게 되므로, 이러한 경우에는 그 부동산의 가액에서 그 부동산으로 담보되고 있던 근저당권 등의 피담보채권액을 공제한 잔액의 범위에서만 위 증여계약을 취소하고 그 가액의 배상을 명할 수 있을 뿐이다. [2] 사해행위 취소소송에서 가액의 배상을 명할 경...",[1] 민법 제406조 [2] 민법 제406조 [3] 민법 제406조,"[1][2] 대법원 1998. 2. 13. 선고 97다6711 판결 (공1998상, 727), 대법원 1999. 9. 7. 선고 98다41490 판결 (공1999하, 2066) / [1] 대법원 1996. 10. 29. 선고 96다23207 판결 (공1996하, 3530), 대법원 1999. 11. 9. 선고 99다50101 판결 (공1999하, 2471)","부동산, 주택, 아파트, 임대차, 보증금, 소유권이전, 등기, 근저당, 저당권, 담보, 기각, 반환",전문 원문: https://www.law.go.kr/LSW/precInfoP.do?precSeq=120962,civil_lease_definition,민법 제618조 임대차의 의의,civil_nonperformance_damages|민법 제390조 채무불이행 손해배상; civil_lease_definition|민법 제618조 임대차의 의의
696,CASE_2009_00696,2007가합15934,소유권말소등기,서울동부지방법원,2009-03-13,민사,판결,1심,1. 가. 피고 2는 원고 금호동지역주택조합에게 별지 제1목록 기재 각 부동산에 관하여 서울동부지방법원 2003. 12. 22...,"1. 가. 피고 2는 원고 금호동지역주택조합에게 별지 제1목록 기재 각 부동산에 관하여 서울동부지방법원 2003. 12. 22. 접수 제101451호로 마친 소유권이전등기의, 원고 금호동지역주택조합과 원고 금호동롯데2지역주택조합에게 별지 제","2의 각 기재에 변론 전체의 취지를 종합하여 인정할 수 있고, 반증이 없다. 가. 피고 2는 대표이사로 있는 윤산공영개발 주식회사(이하 ‘윤산개발’이라 한다)는 지역주택조합원들에게 아파트를 분양할 목적으로 1999. 2. 5. 금강제화 주식회사로부터 그 소유의 서울 성동구 금호동 4가 (지번 2 생략) 외 33필지의 토지 합계 8,957.5㎡를 매매대금 143억 6,100만 원에 매수하고, 금강제화 주식회사에 계약금 5억 원을 지급하였는데, 위 매매계약의 매수인 명의는 원고들로 하였다(당시 예화건설 주식회사가 윤산개발과 동업하기로 하고 위 매매계약에 참여하였었는데, 예화건설 주식회사는 곧 윤산개발로부터 투자금을 반환받고 공동사업에서 탈퇴",원문 참조,없음,"부동산, 주택, 아파트, 토지, 건물, 매매, 매수, 매도, 매매계약, 매매대금, 계약금, 중도금",전문 원문: https://www.law.go.kr/LSW/precInfoP.do?precSeq=218581,civil_sale_effect,민법 제568조 매매의 효력,civil_sale_effect|민법 제568조 매매의 효력
697,CASE_2005_00697,2005도3772,공정증서원본불실기재·불실기재공정증서원본행사,대법원,2005-10-28,형사,판결,상고심,상고기각,"[1] 교회가 분열된 경우에 교회재산의 귀속관계 [2] 교회의 교인들 간에 갈등이 심화되어 교회가 분열된 후에 일방의 교회가 타방의 교회를 배제한 채 소집·개최한 당회에서 교회 재산인 부동산을 총회유지재단에 증여하기로 하는 내용의 결의를 하고 등기공무원에게 위 결의에 따른 취지의 등기신청을 하여 위 부동산에 관하여 증여를 원인으로 한 소유권이전등기를 마친 사안에서, 위 당회의 결의가 그 소집 및 결의절차가 부적법하다는 이유로 공정증서원본불실기재죄 및 동행사죄가 성립한다고 한 원심의 판단을 수긍한 사례","[1] 일반적으로 하나의 교회가 두 개의 교회로 분열된 경우 교회의 장정 기타 일반적으로 승인된 규정에서 교회가 분열될 경우를 대비하여 미리 재산의 귀속에 관하여 정하여진 바가 없으면 교회의 법률적 성질이 권리능력 없는 사단인 까닭으로 종전 교회의 재산은 분열 당시 교인들의 총유에 속하고, 교인들은 각 교회활동의 목적 범위 내에서 총유권의 대상인 교회재산을 사용·수익할 수 있다. [2] 교회의 교인들 간에 갈등이 심화되어 교회가 분열된 후에 일방의 교회가 타방의 교회를 배제한 채 소집·개최한 당회에서 교회 재산인 부동산을 총회유지재단에 증여하기로 하는 내용의 결의를 하고 등기공무원에게 위 결의에 따른 취지의 등기신청을 하여 위 부동산에 관하여 증여를 원인으로 한 소유권이전...","[1] 민법 제275조 , 제276조 [2] 형법 제228조 , 제229조","[1] 대법원 1998. 7. 10. 선고 98도126 판결 (공1998하, 2174)","부동산, 소유권이전, 등기, 공정증서원본불실기재, 기각, 불실기재",전문 원문: https://www.law.go.kr/LSW/precInfoP.do?precSeq=84122,criminal_fraud,형법 제347조 사기죄,criminal_fraud|형법 제347조 사기죄
698,CASE_1966_00698,66다736,소유권 이전 등기,대법원,1966-07-05,민사,판결,상고심,상고기각,"가. 서울에서의 의료업을 주업으로 하는 자로서, 농지에 대한 자경목적이, 인정되지 않는사례 나. 과수원 매매에있어, 소재지 관서의 증명이, 필요 한지의 여부","가. 과수원매매에도 소재지관서의 증명이 있어야 유효하게 되는 것이다. 가. 농지매수의 자격은 매매당시의 기성농가이거나 매수당시 농지를 자경할 목적이 있음이 확인된 자임을 요한다.( 동법 제2조 76판결, 본집 76민 참조) 다. 계약금수령자의 배액상환에 의한 계약해제의 의사표시는 그와 아울러 그 배액의 이행의 제공이 있어야 계약해제의 효과가 발생한다.","농지개혁법 제2조 , 농지개혁법 제6조 1항 , 농지개혁법 제19조 2항",없음,"부동산, 토지, 임야, 농지, 매매, 매수, 매매계약, 계약금, 등기, 고소, 사기, 기망",전문 원문: https://www.law.go.kr/LSW/precInfoP.do?precSeq=158111,civil_fraud_duress,민법 제110조 사기·강박에 의한 의사표시,civil_fraud_duress|민법 제110조 사기·강박에 의한 의사표시; civil_sale_effect|민법 제568조 매매의 효력
699,CASE_1973_00699,73다114,가옥명도,대법원,1973-07-24,민사,판결,상고심,상고기각,미등기건물의 매수인이 불법점거자에 대하여 명도청구를 할수 있는지의 여부,건물을 신축하여 원시적으로 그 소유권을 취득한 자로부터 그 건물을 등기않은 채 매수한 자가 일단 매도인으로부터 그 건물을 인도받았다 하더라도 매도인은 장차 적법한 소유권이전등기를 하여줄 의무와 그 건물에 대한 완전한 권리행사를 함에 지장이 없도록 협력하여 줄 의무가 있다할 것이므로 매수인은 그 건물의 불법점거자에 대하여 매도인을 대위하여 명도청구를 할 수 있다 할 것이다.,민법 제186조,없음,"부동산, 주택, 임야, 건물, 임대차, 임대인, 임차인, 매매, 매수, 매도, 매매계약, 매매대금",전문 원문: https://www.law.go.kr/LSW/precInfoP.do?precSeq=207974,civil_lease_definition,민법 제618조 임대차의 의의,civil_sale_effect|민법 제568조 매매의 효력; civil_lease_definition|민법 제618조 임대차의 의의
700,CASE_2024_00700,2022다307294,소유권이전등기,대법원,2024-04-16,민사,판결,상고심,파기환송,"유언대용신탁 계약에서 위탁자 사망 전의 수익자를 위탁자로, 위탁자 사망 후의 유일한 수익자를 수탁자로 정한 경우, 위탁자 사망 후의 유일한 수익자를 수탁자로 정한 부분은 신탁법에 반하여 무효인지 여부 (적극) 및 이 경우 나머지 부분의 효력 (원칙적 유효) / 위탁자의 사망으로 유효한 생전 자익신탁 부분에 관한 신탁이 종료한 경우, 신탁 잔여재산의 귀속에 관한 법률관계","신탁법상 신탁이란 위탁자가 수탁자에게 처분한 신탁재산에 관하여 수탁자로 하여금 수익자의 이익을 위하여 관리, 운용 등을 하게 하는 것을 목적으로 하는 법률관계로서( 신탁법 제2조 ) 수탁자는 수익자의 이익을 위하여 신탁사무를 처리할 의무를 부담하게 되는데( 신탁법 제32조 , 제33조 ), 만약 수탁자가 동시에 수익자가 되면 수탁자는 자신의 이익을 위하여 신탁재산을 관리 또는 운용하는 결과가 되므로 사실상 위탁자가 수탁자에게 재산을 증여한 것과 다름없는 법률관계가 되고 신탁의 효력을 인정할 실익이 없게 된다. 신탁법 제36조 도 ""수탁자는 누구의 명의로도 신탁의 이익을 누리지 못한다. 다만, 수탁자가 공동수익자의 1인인 경우에는 그러하지 아니하다.""라고 규정하고 있는데,...","신탁법 제2조 , 제5조 , 제32조 , 제33조 , 제36조 , 제98조 제1호 , 제101조 제1항",없음,"부동산, 소유권이전, 등기, 파기, 무효",전문 원문: https://www.law.go.kr/LSW/precInfoP.do?precSeq=240645,civil_sale_effect,민법 제568조 매매의 효력,civil_sale_effect|민법 제568조 매매의 효력
701,CASE_2014_00701,"(청주)2013나20671(본소),(청주)2013나20688(반소),(청주)2014나940(재반소)",토지인도등청구의소·매매대금등반환·매매대금등반환,대전고등법원,2014-11-11,민사,판결,2심,일부인용,"지는 연 20%의 각 비율로 계산한 돈을 지급하라. 다. 원고(반소피고)의 본소청구와 피고(반소원고, 재반소피고)의 원고(반소피고)에 대한 나머지 반소청구를 각 기각한다. 2. 원고(반소피고)와 피고(반소원고, 재반소피고) 사이에 생긴 소송총비용은 본소 및 반소를 합하여 그 중 3분의 2는 원고(반소피고)가, 나머지는 피고(반소원고, 재반소피고)가 각 부담하고, 반소피고(재반소원고)와 피고(반소원고, 재반소피고) 사이에 생긴 소송총비용 중 반소로 인한 부분은 피고(반소원고, 재반소피고)가, 재반소로 인한 부분은 반소피고(재반소원고)가 각 부담한다. 3. 제1의 나.항","5, 7, 8, 9항 기재 각 토지와 이 사건 각 건설기계는 원고 회사 소유이고, 별지 토지목록 제6, 10항 기재 각 토지는 원고 2 소유이다. 나. 이 사건 매매계약의 체결 등 1) 반소피고(원고 회사의 사주로서 회장의 직함을 가지고 있었다)와 피고는 2012. 2.경 다음과 같은 내용의 매매계약서를 작성하였다(이하 ‘이 사건 매매계약’이라 한다). 이 사건 매매계약서의 매도인란에는 연대보증인으로 ‘대표이사 소외인’(원고 회사의 대표이사이다)라고 인쇄되어 있고 그 옆에 원고 회사 법인인감이 날인되어 있다. 계약물건 및 위치: 충주시 엄정면 (주소 생략)외 석산 내에 소재한 원고 회사 소유의 부동산 및 인·허가권에 대한 일체의 모든 사",원문 참조,없음,"부동산, 토지, 매매, 매수, 매도, 매매계약, 매매대금, 계약금, 중도금, 잔금, 소유권이전, 기각",전문 원문: https://www.law.go.kr/LSW/precInfoP.do?precSeq=179408,civil_sale_effect,민법 제568조 매매의 효력,civil_sale_effect|민법 제568조 매매의 효력
702,CASE_2006_00702,2005나7902,소유권이전등기등,서울고등법원,2006-07-19,민사,판결,2심,1. 제1심 판결을 취소한다. 2. 원고들의 청구를 각 기각한다. 3. 소송총비용은 원고들의 부담으로 한다.,"항소인】 【제1심판결】 서울중앙지방법원 2004. 11. 24. 선고 2003가합95236 판결 【변론종결】 2006. 6. 7. 【주 문】 1. 제1심 판결을 취소한다. 2. 원고들의 청구를 각 기각한다. 3. 소송총비용은 원고들의 부담으로 한다. 【청구취지 및 항소취지】 1. 청구취지 원고들에게 별지 목록 기재 부동산 중 각 1세대씩에 관하여 피고의 조합원과 동일한 분양가로 분양받을 권리가 있음을 확인한다. 2. 항소취지 제1심 판결을 취소하고, 원고들의 청구를 각 기각한다. 【이 유】 1. 인정사실 다음의 각 사실은 당사자들 사이에서 다툼이 없거나, 갑 제2,","사건 사업부지’라고 한다)상의 연립주택, 다가구주택 및 단독주택의 소유자들이 노후건물을 철거하고, 그 지상에 지하 2층, 지상 12층 규모의 별지 목록 기재의 아파트(이하 ‘신축아파트’라고 한다)를 재건축하기 위하여 2003. 4. 18. 창립총회를 거쳐 2003. 4. 25. 관할구청인 서초구청으로부터 조합설립인가를 받은 후 2003. 6. 30.경 위 구청으로부터 재건축사업(이하 ‘이 사건 재건축사업’이라 한다)에 관한 사업승인을 받은 재건축조합이다. (2) 원고들 및 소외 1, 2(이하에서는 원고들과 위 소외인들을 함께 칭할 때에는 ‘원고 등’이라 한다)는 이 사건 사업부지에 포함되어 있는 서울 서초구 서초동 (지번 생략) 대 3",원문 참조,없음,"부동산, 주택, 아파트, 건물, 다가구, 매수, 소유권이전, 공유지분, 분양, 조합가입, 조합원, 분양권",전문 원문: https://www.law.go.kr/LSW/precInfoP.do?precSeq=128282,civil_sale_effect,민법 제568조 매매의 효력,civil_sale_effect|민법 제568조 매매의 효력
703,CASE_1996_00703,94다34432,주식인도,대법원,1996-04-26,민사,판결,상고심,상고기각,"[1] 주식 매매계약 체결 당시 가격을 확정하지 않았으나 그 확정 방법과 기준을 정한 경우, 그 계약의 성립 여부 (적극) [2] 법률행위의 성립 과정에서 불법이 사용된 경우, 민법 제103조 해당 여부 (소극) [3] 재무부장관의 주거래은행에 대한 행정지도가 위헌이더라도, 이를 받아들인 주거래은행의 권유에 따라 성립된 주식 매매계약 자체는 반사회질서 행위가 아니라고 한 사례 [4] 당사자의 일방이 독점적·우월적 지위를 악용하여 부당한 이득을 취한 경우, 민법 제103조 해당 여부 (적극) [5] 장외 거래에서 형성된 부실기업의 주식가격과 달리 그 주식의 객관적 자산...","[1] 매매계약은 당사자 일방이 재산권을 상대방에게 이전할 것을 약정하고 상대방이 그 대금을 지급할 것을 약정하는 계약으로 매도인이 재산권을 이전하는 것과 매수인이 그 대가로서 금원을 지급하는 것에 관하여 쌍방 당사자의 합의가 이루어짐으로써 성립하는 것이므로, 특별한 사정이 없는 한 부실기업 인수를 위한 주식 매매계약의 체결시 '주식 및 경영권 양도 가계약서'와 '주식매매계약서'에 인수 회사의 대표이사가 각 서명날인한 행위는 주식 매수의 의사표시(청약)이고, 부실기업의 대표이사가 이들에 각 서명날인한 행위는 주식 매도의 의사표시(승낙)로서 두 개의 의사표시가 합치됨으로써 그 주식 매매계약은 성립하고, 이 경우 매매 목적물과 대금은 반드시 그 계약 체결 당시에 구체적으로 확...","[1] 민법 제563조 , 제568조 [2] 민법 제103조 , 민법 제563조 [3] 민법 제103조 , 민법 제563조 [4] 민법 제103조 , 민법 제563조 [5] 민법 제104조 , 민법 제563조 [6] 민법 제110조 , 민법 제563조 [7] 민법 제110조 , 민법 제563조","[2] 대법원 1984. 12. 11. 선고 84다카1402 판결(공1985, 163) , 대법원 1992. 11. 27. 선고 92다7719 판결(공1993상, 242) , 대법원 1994. 3. 11. 선고 93다40552 판결(공1994상, 1178) /[3] 대법원 1993. 3. 23. 선고 92다52238 판결(공1993상, 1279) /[7] 대법원 1979. 1. 16. 선고 78다1968 판결(공1979, 11758) , 대법원 1994. 12. 13. 선고 93다49482 판결(...","매매, 매수, 매도, 매매계약, 매매대금, 강박, 협박, 사기, 기각, 무효",전문 원문: https://www.law.go.kr/LSW/precInfoP.do?precSeq=198056,civil_fraud_duress,민법 제110조 사기·강박에 의한 의사표시,civil_fraud_duress|민법 제110조 사기·강박에 의한 의사표시; civil_sale_effect|민법 제568조 매매의 효력
704,CASE_2018_00704,"2016다219419, 219426",부당이득금·소유권이전등기,대법원,2018-06-28,민사,판결,상고심,상고기각,"[1] 구분소유가 성립하기 전의 집합건물의 대지에 관하여 대지사용권의 분리처분을 금지하는 집합건물의 소유 및 관리에 관한 법률 제20조 가 적용되는지 여부 (소극) [2] 1동의 건물에 대하여 구분소유가 성립하기 위한 요건 / 구분건물이 물리적으로 완성되기 전에 건축허가신청이나 분양계약 등을 통하여 구분의사가 객관적으로 표시된 경우, 구분행위의 존재를 인정할 수 있는지 여부 (적극) 및 이때 구분소유가 성립하는 시점(=구조와 형태 등이 1동의 건물로서 완성되고 구분행위에 상응하는 구분건물이 객관적·물리적으로 완성된 때) [3] 1동 건물의 대지에 관하여 구분소유자 외...","[1] 집합건물의 소유 및 관리에 관한 법률 제20조 에 따라 분리처분이 금지되는 대지사용권이란 구분소유자가 전유부분을 소유하기 위하여 건물의 대지에 대하여 가지는 권리로서, 구분소유의 성립을 전제로 한다. 따라서 구분소유가 성립하기 전에는 집합건물의 대지에 관하여 분리처분금지 규정이 적용되지 않는다. [2] 1동의 건물에 대하여 구분소유가 성립하기 위해서는 객관적·물리적인 측면에서 1동의 건물이 존재하고 구분된 건물부분이 구조상·이용상 독립성을 갖추어야 할 뿐 아니라 1동의 건물 중 물리적으로 구획된 건물부분을 각각 구분소유권의 객체로 하려는 구분행위가 있어야 한다. 여기서 구분행위는 건물의 물리적 형질을 변경하지 않고 건물의 특정 부분을 구분하여 별개의 소유권의 객체로...","[1] 집합건물의 소유 및 관리에 관한 법률 제2조 제6호 , 제20조 [2] 집합건물의 소유 및 관리에 관한 법률 제1조 , 제2조 제1호 , 제3호 [3] 집합건물의 소유 및 관리에 관한 법률 제2조 제6호 , 민법 제263조 , 제741조 [4] 집합건물의 소유 및 관리에 관한 법률 제2조 제6호 , 민법 제411조 , 제413조 , 제741조 [5] 집합건물의 소유 및 관리에 관한 법률 제1조 , 제2조 제1호 , 제3호 , 제6호 , 제20조 , 민법 제263조 , 제411조 , 제413...","[1] 대법원 2010. 5. 27. 선고 2010다6017 판결 (공2010하, 1265) / [2] 대법원 2013. 1. 17. 선고 2010다71578 전원합의체 판결 (공2013상, 298), 대법원 2015. 6. 24. 선고 2012다109538 판결 / [3] 대법원 2013. 3. 14. 선고 2011다58701 판결 (공2013상, 638) / [4] 대법원 1992. 6. 23. 선고 91다40177 판결 (공1992, 2242), 대법원 2001. 12. 11. 선고 2000...","오피스텔, 토지, 건물, 매수, 매도, 소유권이전, 공유지분, 분양, 분양계약, 등기, 근저당, 저당권",전문 원문: https://www.law.go.kr/LSW/precInfoP.do?precSeq=198837,civil_sale_effect,민법 제568조 매매의 효력,civil_sale_effect|민법 제568조 매매의 효력
705,CASE_2016_00705,"2015나30505(본소), 2016나6356(반소)",주식인도ㆍ매매대금,서울고등법원,2016-12-15,민사,판결,2심,일부인용,"고(반소원고)의 반소 제기에 따라 제1심 판결을 아래와 같이 변경한다. 가. 피고(반소원고)는 수원지방법원 안산지원 2016카단10061 주식양도청구권 가압류가 해제되는 것을 조건으로 원고(반소피고)로부터 1,207,942,422원을 지급받음과 동시에 원고(반소피고)에게 별지 제1목록 기재 주식에 관하여 양도의 의사표시를 하고 주식회사 오토월드에게 주식양도통지를 하라. 나. 원고(반소피고)는 피고(반소원고)로부터 별지 제2목록 제1항 기재 주식에 관한 양도의 의사표시 및 주식회사 오토월드에 대한 양도통지절차를 이행받음과 동시에 피고(반소원고)에게 1,836,909,5","소외 2가 14,940주(지분비율 18%)를 보유하고 있다], 소외 3은 원고 발행 주식 중 50%를 보유하면서 실질적으로 원고를 경영하는 사람이다(다만, 법인등기부등본에는 2007년경 소외 4가 원고의 대표이사로 등재되어 있다). 나. 원ㆍ피고 간 주식양도양수계약의 체결과 기업인수계약서 및 거래약정서의 작성 피고는 본인 및 소외 1, 소외 2의 대리인의 지위에서 2007. 7. 13. 원고를 대리한 소외 3과 사이에 피고, 소외 1, 소외 2가 보유한 오토월드의 주식 전체를 원고에게 양도하는 내용의 주식양도양수계약(이하 ‘이 사건 주식양도양수계약’이라 한다)을 체결하였는데, 이와 관련하여 같은 날 피고와 소외 3은 피고가 원고에게 오",원문 참조,없음,"보증금, 매매, 매매대금, 계약금, 중도금, 잔금, 등기, 담보, 기망, 기각, 취소, 해제",전문 원문: https://www.law.go.kr/LSW/precInfoP.do?precSeq=217583,civil_fraud_duress,민법 제110조 사기·강박에 의한 의사표시,civil_fraud_duress|민법 제110조 사기·강박에 의한 의사표시; civil_sale_effect|민법 제568조 매매의 효력; civil_lease_definition|민법 제618조 임대차의 의의
706,CASE_2000_00706,2000다11584,소유권이전등기말소등,대법원,2000-07-06,민사,판결,상고심,상고기각,"이미 제소전화해조서에 의하여 소유 명의자로부터 제3자 앞으로 소유권이전등기가 경료된 경우, 다른 소유권이전등기청구권 또는 소유권이전등기말소등기청구권자가 종전의 소유 명의자를 대위하여 제3자 명의의 소유권이전등기가 원인무효임을 이유로 그 등기 및 이에 기하여 경료된 다른 등기의 말소를 구하는 것이 제소전화해조서의 기판력에 저촉되는지 여부 (적극)","부동산 소유 명의자에 대하여 소유권이전등기청구권 또는 소유권이전등기말소등기청구권을 가지는 자가 아직 그 등기를 경료하지 않고 있는 사이에 위 부동산 소유 명의자가 제3자와 그 부동산에 관한 소유권이전등기절차를 이행하기로 하는 제소전화해를 하고 그 화해조서에 의하여 위 제3자 앞으로 소유권이전등기가 경료된 경우에는 그 화해조서가 당연무효이거나 준재심절차에 의하여 취소되지 않는 한 종전의 소유 명의자에 대하여 위 등기청구권을 가지는 자가 이를 보전하기 위하여 그를 대위하여 위 제3자 명의의 위 소유권이전등기가 원인무효임을 이유로 말소를 구하는 것은 화해조서의 기판력에 저촉되어 부적법하고, 나아가 위 제3자 명의의 위 소유권이전등기에 기하여 경료된 다른 등기의 말소를 구하는 것...","민법 제404조 , 민사소송법 제204조 , 제206조","대법원 1987. 10. 13. 선고 86다카2275 판결 (공1987, 1700), 대법원 1990. 12. 11. 선고 90다카24953 판결 (공1991, 468), 대법원 1992. 5. 22. 선고 92다3892 판결 (공1992, 1978), 대법원 1993. 2. 12. 선고 92다25151 판결 (공1993상, 966), 대법원 1996. 6. 25. 선고 96다8666 판결 (공1996하, 2305), 대법원 1999. 2. 24. 선고 97다46955 판결 (공1999상, 558...","부동산, 토지, 매매, 매매계약, 소유권이전, 공유지분, 등기, 가등기, 근저당, 저당권, 담보, 명의신탁",전문 원문: https://www.law.go.kr/LSW/precInfoP.do?precSeq=229223,civil_sale_effect,민법 제568조 매매의 효력,civil_sale_effect|민법 제568조 매매의 효력
707,CASE_2010_00707,2009가합6212,분양대금 반환등,수원지방법원,2010-01-29,민사,판결,1심,일부인용,"의 원고 10), 21(항소심 판결의 원고 17), 62, 82, 83, 95, 96, 97, 98의 각 청구 및 별지 제2목록 기재 원고들의 나머지 청구를 각 기각한다. 3. 소송비용 중 원고 22, 55, 56, 53, 54, 60, 63, 78, 81, 93, 94, 11, 21, 62, 82, 83, 95, 96, 97, 98과 피고 사이에 생긴 부분은 위 원고들이 부담하고, 별지 제2목록 기재 원고들과 피고 사이에 생긴 부분은 피고가 부담한다. 4. 제1항은 가집행할 수 있다. 【청구취지】 피고는 원고들에게 별지 제1목록 중 ‘청구금액’란 기재 해당 금원 및","이를 인정할 수 있다. 가. 당사자들의 지위 피고는 2006. 4. 18. 용인시장으로부터 용인시 기흥구 공세동 (지번 생략) 외 27필지상 공세지구 대주피오레 아파트 A단지(이하 ‘이 사건 아파트’라 한다)의 주택건설사업계획승인을 받아 2006. 6. 16.부터 이 사건 아파트 9개동(101동 내지 109동) 710세대를 분양중인 이 사건 아파트사업의 시행사이고, 원고들은 피고로부터 이 사건 아파트를 분양받은 수분양자들이다. 나. 분양계약의 체결 (1) 원고들은 피고와 사이에, 별지 제1목록 중 ‘계약일’란 기재 각 일자에 같은 목록 중 ‘동’, ‘호수’란 기재 이 사건 아파트의 각 세대를 같은 목록 중 ‘분양가’란 기재 각 금액에 분",원문 참조,없음,"주택, 아파트, 계약금, 중도금, 잔금, 분양, 분양대금, 분양계약, 분양권, 담보, 기각, 반환",전문 원문: https://www.law.go.kr/LSW/precInfoP.do?precSeq=170441,civil_sale_effect,민법 제568조 매매의 효력,civil_sale_effect|민법 제568조 매매의 효력
708,CASE_2024_00708,2023나11086,소유권이전등기말소청구등,서울고등법원(인천),2024-03-28,민사,판결,2심,1. 원고들의 항소와 이 법원에서 추가한 예비적 청구를 모두 기각한다. 2. 항소제기 이후의 소송비용은 원고들이 부담한다.,"2023. 2. 16. 선고 2021가합56588 판결 【변론종결】 2024. 3. 7. 【주 문】 1. 원고들의 항소와 이 법원에서 추가한 예비적 청구를 모두 기각한다. 2. 항소제기 이후의 소송비용은 원고들이 부담한다. 【청구취지 및 항소취지】 1. 청구취지 가. 주위적 청구취지 피고는, 원고 1에게 별지1 목록 기재 각 부동산에 관하여 인천지방법원 등기국 2021. 4. 12. 접수 제148138호로 마친 소유권이전등기의 말소등기절차를 이행하고, 원고 2, 원고 3, 원고 4에게 별지2 목록 기재 각 부동산에 관하여 인천지방법원 2021. 6. 2. 접수 제23",심판결문의 해당 부분(5쪽 7행부터 6쪽 1행까지) 기재와 같으므로 민사소송법 제420조 본문에 의하여 이를 그대로 인용한다. 나. 소멸시효 완성을 원인으로 한 소유권이전등기의 말소등기청구 1) 원고 1의 주장 피고는 이 사건 제1 선행판결이 확정된 후에도 별지1 목록 기재 각 부동산에 관하여 소유권이전등기를 하지 않고 있다가 2021년경에야 비로소 소유권이전등기를 마쳤다. 위와 같은 피고의 별지1 목록 기재 각 부동산에 관한 소유권이전등기는 이미 시효로 소멸되어 효력이 없는 이 사건 제1 선행판결에 의한 매매계약에 따른 원인무효의 등기이므로 말소되어야 한다. 2) 판단 재건축사업의 사업시행자가 주택재건축사업에 참가하지 않은 자에 대하여,원문 참조,없음,"부동산, 주택, 토지, 건물, 매매, 매도, 매매계약, 매매대금, 소유권이전, 소유권보존, 조합원, 등기",전문 원문: https://www.law.go.kr/LSW/precInfoP.do?precSeq=242055,civil_sale_effect,민법 제568조 매매의 효력,civil_sale_effect|민법 제568조 매매의 효력
709,CASE_1994_00709,94다29027,소유권이전등기,대법원,1994-10-25,민사,판결,상고심,파기환송,"각서의 효력을 인정할 수 없다는 당사자의 주장 속에는 불공정행위로서 무효라는 뜻도 포함되어 있음에도, 이에 대한 판단 없이 그 주장을 단순히 증거항변으로만 취급한 원심판결에 심리미진의 위법이 있다고 한 사례","피고가 무인한 각서에 대하여 위조라는 용어를 사용하면서도 각서에 동의할 수 없는 여러 사정을 들어 각서의 효력이 없다고 하고 있다면, 피고의 주장 속에는 그 각서에 의한 약정은 피고가 당시 궁박한 상태에서 경솔하게 행하여진 불공정행위로서 무효라는 뜻도 포함되어 있는 것으로 봄이 상당하다 할 것인데, 이에 대한 주장을 간과하고 피고의 주장을 각서에 대한 위조항변으로만 취급한 원심판결에 심리미진의 위법이 있다고 한 사례.","민법 제104조 , 민사소송법 제183조 , 제188조",없음,"부동산, 전세, 매매, 소유권이전, 등기, 근저당, 저당권, 강박, 위조, 파기, 반환, 무효",전문 원문: https://www.law.go.kr/LSW/precInfoP.do?precSeq=110932,civil_fraud_duress,민법 제110조 사기·강박에 의한 의사표시,civil_fraud_duress|민법 제110조 사기·강박에 의한 의사표시; civil_sale_effect|민법 제568조 매매의 효력; civil_lease_definition|민법 제618조 임대차의 의의
710,CASE_2021_00710,"2020다286102, 286119",건물명도(인도)·보증금반환,대법원,2021-04-01,민사,판결,상고심,상고기각,"[1] 임대차계약이 종료된 후 임대차보증금이 반환되지 않은 상태에서 임차인이 임대차목적물을 사용·수익하지 않고 점유만을 계속하고 있는 경우, 임대차목적물 인도 시까지의 관리비를 부담하는 자(=임대인) [2] 甲이 乙 주식회사와 상가건물 임대차계약을 체결한 다음 식당을 운영하다가 폐업하였고, 그 후 3기 이상의 차임 연체를 이유로 임대차계약이 해지되었으나 甲이 건물 인도 전까지 하루씩 두 차례 위 건물에서 丙 단체의 행사를 개최하였는데, 乙 회사가 甲을 상대로 건물 인도 시까지의 관리비 전부의 지급을 구한 사안에서, 甲은 임대차계약 종료 시까지의 관리비와 임대차계약 종...","않은 채 논리와 경험의 법칙을 위반하여 자유심증주의의 한계를 벗어나거나 동시이행항변권의 행사시기, 민사소송법 제146조에서 정한 적시제출주의, 불법점유로 인한 손해배상의무에 관한 법리오해, 판단누락 및 석명의무 위반 등의 잘못이 없다. 2. 피고의 상고이유에 관하여 가. 임대차계약이 종료된 경우 임대차보증금이 반환되지 않은 상태에서 임차인이 임대차목적물을 사용·수익하지 않고 점유만을 계속하고 있는 경우라면 임대차목적물 인도 시까지의 관리비는 임대인이 부담하여야 한다( 대법원 2005. 4. 29. 선고 2005다1711 판결 취지 참조). 나. 원심판결 이유와 기록에 의하면, 다음과 같은 사실을 알 수 있다. 1) 피고는 2017. 4","민법 제536조 , 민법 제618조 [2] 민법 제536조 , 민법 제618조 , 민법 제640조 , 상가건물 임대차보호법 제10조의8",[1] 대법원 2005. 4. 29. 선고 2005다1711 판결,"상가, 건물, 임대차, 보증금, 임대인, 임차인, 임대차계약, 손해배상, 기각, 파기, 반환",전문 원문: https://www.law.go.kr/LSW/precInfoP.do?precSeq=218749,civil_lease_definition,민법 제618조 임대차의 의의,civil_nonperformance_damages|민법 제390조 채무불이행 손해배상; civil_lease_definition|민법 제618조 임대차의 의의
711,CASE_2010_00711,2009도14427,특정경제범죄가중처벌등에관한법률위반(사기)·특정경제범죄가중처벌등에관한법률위반(배임),대법원,2010-04-29,형사,판결,상고심,상고기각,"[1] 부동산 이중매매에서 매도인이 선매수인에게 소유권이전의무를 이행한 경우, 후매수인에 대한 배임죄가 성립하는지 여부 (소극) [2] 부동산의 이중양도와 배임죄의 실행의 착수 시기","한 사실심의 전권에 속하는바, 원심판결 이유를 기록에 비추어 살펴보면, 원심이 그 판시와 같은 이유에서 피고인의 판시 특정경제범죄 가중처벌 등에 관한 법률 위반(사기)의 범죄사실을 유죄로 인정한 것은 정당하고, 거기에 상고이유의 주장과 같은 사실오인, 법리오해, 채증법칙 위반 등의 위법이 없다. 2. 검사의 상고이유에 대한 판단 부동산을 이중으로 매도한 경우에 매도인이 선매수인에게 소유권이전의무를 이행하였다고 하여 후매수인에 대한 관계에서 그가 임무를 위법하게 위배한 것이라고 할 수 없다( 대법원 1992. 12. 24. 선고 92도1223 판결 , 대법원 2009. 2. 26. 선고 2008도11722 판결 등 참조). 그리고 부동산","[1] 형법 제355조 제2항 [2] 형법 제355조 제2항 , 제359조","[1] 대법원 1992. 12. 24. 선고 92도1223 판결 (공1993상, 661), 대법원 2009. 2. 26. 선고 2008도11722 판결 (공2009상, 401) / [2] 대법원 1983. 10. 11. 선고 83도2057 판결 (공1983, 1683), 대법원 1984. 8. 21. 선고 84도691 판결 (공1984, 1584), 대법원 2003. 3. 25. 선고 2002도7134 판결 (공2003상, 1116)","부동산, 상가, 빌라, 매매, 매수, 매도, 계약금, 중도금, 소유권이전, 등기, 담보, 사기",전문 원문: https://www.law.go.kr/LSW/precInfoP.do?precSeq=145122,aggravated_economic_crime,특정경제범죄 가중처벌 등에 관한 법률 제3조,aggravated_economic_crime|특정경제범죄 가중처벌 등에 관한 법률 제3조; criminal_fraud|형법 제347조 사기죄; embezzlement_breach_of_trust|형법 제355조·제356조 횡령·배임; civil_sale_effect|민법 제568조 매매의 효력
712,CASE_1995_00712,"94다17000, 94다17017",약정금,대법원,1995-04-11,민사,판결,상고심,상고기각,불공정 법률행위에 해당된다고 본 사례,"갑이 대여금채권에 대한 대물변제조로 채무자 소유의 임야를 아들인 을의 명의로 양도받아 이를 다른 사람에게 매도하였는데, 병이 위 대물변제 전인 구민법 시대에 채무자로부터 위 임야를 매수하였다고 주장하면서 민사소송과 함께 형사고소를 제기하여 구속 및 거액의 손해배상 가능성을 내세워 위협함으로써 아무런 법률적인 소양도 없는 갑·을로부터 시가 2억 2천만 원 상당인 위 임야에 대하여 더 이상 권리주장을 하지 아니하는 대가로 금 7억 5천만 원을 받기로 약정을 맺었다면, 이는 병이 갑·을의 궁박한 사정을 알면서 이를 이용하여 위와 같은 배상을 받기로 한 것으므로, 위 합의는 민법 제104조의 불공정한 법률행위로서 무효라고 한 사례.",민법 제104조,"대법원 1980. 6. 24. 선고 80다558 판결, 1992. 4. 14. 선고 91다23660 판결(공1992,1562)","부동산, 주택, 상가, 임야, 건물, 매수, 매도, 계약금, 소유권이전, 등기, 가등기, 담보",전문 원문: https://www.law.go.kr/LSW/precInfoP.do?precSeq=199394,civil_sale_effect,민법 제568조 매매의 효력,civil_nonperformance_damages|민법 제390조 채무불이행 손해배상; civil_sale_effect|민법 제568조 매매의 효력
713,CASE_2018_00713,2016가합577431,주차방해금지등청구,서울중앙지법,2018-06-07,민사,판결,1심,"1. 피고 테헤란 아이파크 입주자대표회의는 서울 강남구 (주소 생략) 소재 테헤란 아이파크 아파트 단지 내 상가동 ○, △호...","아파트의 상가를 구분소유하던 甲 등이 위 아파트 재건축정비사업을 시행하고 있던 乙 주택재건축정비사업조합과 “상가용 지하주차장은 지정대수와 상관없이 아파트용 주차장을 공용으로 사용하기로 한다.”라는 내용을 합의하였는데, 재건축된 아파트의 丙 입주자대표회의가 아파트 단지에 신축된 상가를 분양받은 甲 등 및 상가 임차인들의 주차장 사용을 방해하자, 甲 등이 丙 입주자대표회의를 상대로 지하주차장 사용에 대한 방해행위의 금지를 구한 사안에서, 丙 입주자대표회의에게는 甲 등과 임차인들이 상가에 출퇴근 또는 방문하기 위하여 사용하거나 상가에 방문하는 사람이 사용하는 승용자동차,...","아파트의 상가를 구분소유하던 甲 등이 위 아파트 재건축정비사업을 시행하고 있던 乙 주택재건축정비사업조합과 “상가용 지하주차장은 지정대수와 상관없이 아파트용 주차장을 공용으로 사용하기로 한다.”라는 내용을 합의하였는데, 재건축된 아파트의 丙 입주자대표회의가 아파트 단지에 신축된 상가를 분양받은 甲 등 및 상가 임차인들의 주차장 사용을 방해하자, 甲 등이 丙 입주자대표회의를 상대로 지하주차장 사용에 대한 방해행위의 금지를 구한 사안이다. 지하주차장은 상가 및 아파트의 공용부분임이 인정되는데, 집합건물의 소유 및 관리에 관한 법률 제10조 , 제11조 에 따라 위 지하주차장은 상가 및 아파트 구분소유자 전원의 공유에 속하고, 따라서 상가의 구분소유자인 甲 등은 지하주차장을 용도...","집합건물의 소유 및 관리에 관한 법률 제10조 , 제11조 , 민법 제263조 , 제265조",없음,"부동산, 주택, 아파트, 상가, 건물, 임대차, 임차인, 임대차계약, 소유권이전, 소유권보존, 분양, 조합원",전문 원문: https://www.law.go.kr/LSW/precInfoP.do?precSeq=224809,civil_lease_definition,민법 제618조 임대차의 의의,civil_sale_effect|민법 제568조 매매의 효력; civil_lease_definition|민법 제618조 임대차의 의의
714,CASE_2022_00714,2020가단5231440,보증금반환,서울중앙지방법원,2022-05-13,민사,판결,1심,일부인용,"7. 1.부터 2022. 5. 13.까지는 연 5%, 그 다음날부터 다 갚는 날까지는 연 12%의 각 비율로 계산한 돈을 지급하라. 2. 원고의 나머지 청구를 기각한다. 3. 소송비용 중 50%는 원고가, 나머지는 피고가 각 부담한다. 4. 제1항은 가집행할 수 있다. 【청구취지】 피고는 원고에게 37,630,200원 및 이에 대하여 이 사건 소장 부본 송달 다음날부터 다 갚을 때까지 연 12%의 비율에 의한 지연손해금을 지급하라. 【이 유】 1. 기초사실 가. △△△ 주식회사(이하 ‘소외 1 주식회사’)는 창원시 (이하 생략) 대 5,868.5㎡(이하 ‘이 사건","소외 1 주식회사’)는 창원시 (이하 생략) 대 5,868.5㎡(이하 ‘이 사건 토지’)에 지하4층, 지상 21층 규모의 업무시설과 근린생활시설(이하 ‘이 사건 오피스텔’)을 신축하여 분양하는 사업(이하 ‘이 사건 사업’)의 시행사이고, □□건설 주식회사(이하 ‘소외 2 주식회사’)는 이 사건 사업의 시공사이다. 나. 피고는 2016. 10.경 소외 1 주식회사와 사이에 이 사건 오피스텔 ◁◁호에 관하여 분양계약을 체결하고, 2016. 10. 31.경 계약금 18,815,100원을 지급하였다. 다. 피고는 2018. 3. 22. 소외 1 주식회사와 사이에 이 사건 사업을 토지신탁 방식으로 수행하기로 약정하면서 소외 1 주식회사의 이 사건",원문 참조,없음,"부동산, 오피스텔, 토지, 보증금, 매수, 매도, 계약금, 중도금, 잔금, 소유권이전, 소유권보존, 대금반환",전문 원문: https://www.law.go.kr/LSW/precInfoP.do?precSeq=608343,civil_lease_definition,민법 제618조 임대차의 의의,civil_sale_effect|민법 제568조 매매의 효력; civil_lease_definition|민법 제618조 임대차의 의의
715,CASE_2005_00715,2005노279,사기·공정증서원본불실기재·불실기재공정증서원본행사,청주지방법원,2005-06-22,형사,판결,2심,항소기각,"사】 홍탁균 【변 호 인】 변호사 홍석조(국선) 【원심판결】 청주지방법원 충주지원 2005. 3. 4. 선고 2004고단1127 판결 【주 문】 검사의 항소를 기각한다. 【이 유】 1. 검사의 항소이유의 요지 가. 법리오해 공정증서원본불실기재 및 동 행사의 점에 관련하여, 부동산등기부상의 종중의 대표자 표시는 부동산에 대한 처분권을 행사할 수 있는 대표권의 여부를 추정하게 하는 효력을 가진 사항으로 거래행위의 효력에 영향을 주는 중요한 부분이고 현실적으로도 공공의 신용에 상당한 영향을 주고 있는 점을 고려할 때 불실기재의 대상이 되고, 소유권의 귀속에 대하여는 실체","1. 검사의 항소이유의 요지 가. 법리오해 공정증서원본불실기재 및 동 행사의 점에 관련하여, 부동산등기부상의 종중의 대표자 표시는 부동산에 대한 처분권을 행사할 수 있는 대표권의 여부를 추정하게 하는 효력을 가진 사항으로 거래행위의 효력에 영향을 주는 중요한 부분이고 현실적으로도 공공의 신용에 상당한 영향을 주고 있는 점을 고려할 때 불실기재의 대상이 되고, 소유권의 귀속에 대하여는 실체적 법률관계에 부합하는지와 별개로 대표권에 대하여는 진실에 반하는 기재가 있으므로 불실의 기재가 있다고 할 수 있음에도 불구하고, 원심은",원문 참조,없음,"부동산, 토지, 매매, 매도, 매매대금, 소유권보존, 자격모용, 등기, 공정증서원본불실기재, 사기, 허위, 위조",전문 원문: https://www.law.go.kr/LSW/precInfoP.do?precSeq=77308,criminal_fraud,형법 제347조 사기죄,criminal_fraud|형법 제347조 사기죄; civil_sale_effect|민법 제568조 매매의 효력
716,CASE_2008_00716,2008노2071,사기·유가증권위조·위조유가증권행사·공정증서원본불실기재·불실기재공정증서원본행사·사문서위조·위조사문서행사·사기미수,대전지방법원,2008-12-12,형사,판결,2심,항소기각,"법무법인 새날로 담당 변호사 윤병구 【원심판결】 대전지방법원 공주지원 2008. 8. 8. 선고 2008고단137 판결 【주 문】 피고인과 검사의 항소를 모두 기각한다. 【이 유】 1. 항소이유의 요지 가. 피고인 피고인은 공소외 2 주식회사 설립직후인 2002. 9. 초순경 공소외 1과 이 사건 임대차계약을 진정으로 체결하였음에도, 원심은 피고인과 공소외 2 주식회사 사이의 이 사건 임대차계약이 통정허위표시에 해당함을 전제로 이 사건 공소사실 중 사기에 대한 부분을 유죄로 인정하였으니, 원심판결에는 사실을 오인하여 판결에 영향을 미친 위법이 있다. 나. 검사 1)","1. 항소이유의 요지 가. 피고인 피고인은 공소외 2 주식회사 설립직후인 2002. 9. 초순경 공소외 1과 이 사건 임대차계약을 진정으로 체결하였음에도, 원심은 피고인과 공소외 2 주식회사 사이의 이 사건 임대차계약이 통정허위표시에 해당함을 전제로 이 사건 공소사실 중 사기에 대한 부분을 유죄로 인정하였으니, 원심판결에는 사실을 오인하여 판결에 영향을 미친 위법이 있다. 나. 검사 1) 사실오인 피고인이 공소외 1로부터 약속어음 등 작성행위에 관하여 위임을 받았다는 명확한 증거가 없음에도, 원심은 이 사건 공소사실 중 사기 부분을 제외한 나머지 부분에 대하여 피고인이 공소외 1로부터 약속어음",원문 참조,없음,"건물, 임대차, 보증금, 임차인, 임대차계약, 공정증서원본불실기재, 경매, 배당, 배당이의, 고소, 사기, 편취",전문 원문: https://www.law.go.kr/LSW/precInfoP.do?precSeq=147124,criminal_fraud,형법 제347조 사기죄,criminal_fraud|형법 제347조 사기죄; civil_lease_definition|민법 제618조 임대차의 의의
717,CASE_2014_00717,2013다45044,소유권말소등기등,대법원,2014-01-23,민사,판결,상고심,상고기각,유한회사의 지분에 관한 명의신탁 해지로 명의신탁자가 사원권을 회복하려면 사원총회의 특별결의를 거쳐야 하는지 여부 (적극),"】 상고이유를 판단한다. 1. 원고들의 상고이유 제1, 2, 3점에 관하여 원심은 그 채택 증거를 종합하여 그 판시와 같은 사실을 인정한 다음, 원고들이 피고의 기망행위 때문에 이 사건 제1부동산에 관한 소유권변경등기 및 이 사건 제2부동산의 각 지분에 관한 소유권이전등기에 합의하였다는 사실의 증명이 부족하고, 오히려 위 각 등기는 피고의 재산에서 비롯된 망 소외 1(이하 ‘망인’이라 한다) 명의의 재산을 망인의 상속인인 원고들이 피고에게 돌려준다는 의미에서 마친 것으로, 특히 이 사건 제1부동산에 관하여는 2008. 10. 14.자 소유권이전등기에 따른 망인 명의의 각 지분을 피고 명의로 회복하는 방법으로 원고들과 피고가 위 소유권이전","구 상법(2011. 4. 14. 법률 제10600호로 개정되기 전의 것) 제556조 제1항 , 제585조","대법원 1997. 6. 27. 선고 95다20140 판결 (공1997하, 2300)","부동산, 매매, 매수, 매매대금, 계약금, 중도금, 잔금, 소유권이전, 등기, 명의신탁, 기망, 손해배상",전문 원문: https://www.law.go.kr/LSW/precInfoP.do?precSeq=175617,civil_fraud_duress,민법 제110조 사기·강박에 의한 의사표시,civil_fraud_duress|민법 제110조 사기·강박에 의한 의사표시; civil_nonperformance_damages|민법 제390조 채무불이행 손해배상; civil_sale_effect|민법 제568조 매매의 효력
718,CASE_1992_00718,92다8712,소유권이전등기말소,대법원,1992-12-22,민사,판결,상고심,상고기각,가. 채무의 이행확보를 위하여 어음을 발행한 경우 채무의 이행과 어음의 반환이 동시이행의 관계에 있는지 여부 (적극) 나. 동시이행의 관계에 있는 반대급부를 조건으로 하는 변제공탁의 효력(=유효),가. 채무의 이행확보를 위하여 어음을 발행한 경우 채무의 이행과 어음의 반환은 동시이행의 관계에 있다. 나. 동시이행의 관계에 있는 반대급부를 조건으로 하는 변제공탁은 유효하다.,가.나. 민법 제536조 가. 민법 제475조 나. 민법 제487조,"가. 대법원 1969.4.22. 선고 69다144 판결(집17②민41) , 1969.12.30. 선고 69다1934 판결(집17④민273) , 1970.10.23. 선고 70다2042 판결(집18③민226) / 나. 대법원 1979.10.30. 선고 78누378 판결(공1980,12350) , 1982.12.14. 선고 82다카1321,1322 판결(공1983,281) , 1984.4.10. 선고 84다77 판결(공1984,316)","부동산, 매매, 매도, 매매계약, 매매대금, 중도금, 소유권이전, 등기, 강박, 기망, 기각, 반환",전문 원문: https://www.law.go.kr/LSW/precInfoP.do?precSeq=201176,civil_fraud_duress,민법 제110조 사기·강박에 의한 의사표시,civil_fraud_duress|민법 제110조 사기·강박에 의한 의사표시; civil_sale_effect|민법 제568조 매매의 효력
719,CASE_2001_00719,2001가합2291,매매대금반환,대구지법,2001-07-05,민사,판결,1심,일부인용,"[1] 토지매매계약에 있어서 매수인의 귀책사유로 계약이 해제되는 때에는 계약금 몰수 외에 토지점유사용료 및 기타 손해금을 지급하기로 약정한 경우, 그 위약금의 약정은 유효하다고 한 사례 [2] 토지매매계약의 해제에 따른 정산금 약정을 화해계약으로 보고 분쟁의 전제사실로서 화해의 목적인 분쟁 이외의 사항에 착오가 있다는 이유로 그 약정을 취소할 수 있다고 한 사례","[1] 토지매매계약에 있어서 매수인의 귀책사유로 계약이 해제되는 때에는 계약금 몰수 외에 토지점유사용료 및 기타 손해금을 지급하기로 약정한 경우, 그 위약금의 약정은 유효하다고 한 사례. [2] 토지매매계약의 해제에 따른 정산금 약정을 화해계약으로 보고 분쟁의 전제사실로서 화해의 목적인 분쟁 이외의 사항에 착오가 있다는 이유로 그 약정을 취소할 수 있다고 한 사례.","[1] 민법 제398조 [2] 민법 제109조 , 제733조","[1] 대법원 1998. 12. 23. 선고 97다40131 판결(공1999상, 220) , 대법원 1995. 3. 24. 선고 94다10061 판결(공1995상, 1713) , 대법원 1992. 9. 22. 선고 92다22190 판결(공1992하, 2976) / [2] 대법원 1995. 12. 12. 선고 94다22453 판결(공1996상, 350) , 대법원 1997. 4. 11. 선고 95다48414 판결(공1997상, 1406)","부동산, 토지, 보증금, 매매, 매수, 매매계약, 매매대금, 계약금, 중도금, 잔금, 소유권이전, 대금반환",전문 원문: https://www.law.go.kr/LSW/precInfoP.do?precSeq=71451,civil_lease_definition,민법 제618조 임대차의 의의,civil_sale_effect|민법 제568조 매매의 효력; civil_lease_definition|민법 제618조 임대차의 의의
720,CASE_1992_00720,92도1046,배임,대법원,1992-10-13,형사,판결,상고심,파기환송,부동산 매도인인 피고인이 당초계약의 내용에 없는 새로운 요구조건을 내세우는 매수인에게 계약을 이행할 의사가 없는 것으로 판단한 것이 무리가 아니라고 보이므로 계약이 적법히 해제되었는지 여부에 관계 없이 매매목적부동산에 관하여 제3자 앞으로 가등기를 경료한 피고인에게 배임의 범의가 없다고 본 사례,부동산 매도인인 피고인이 당초계약의 내용에 없는 새로운 요구조건을 내세우는 매수인에게 계약을 이행할 의사가 없는 것으로 판단한 것이 무리가 아니라고 보이므로 계약이 적법히 해제되었는지 여부에 관계없이 매매목적부동산에 관하여 제3자 앞으로 가등기를 경료한 피고인에게 배임의 범의가 없다고 본 사례.,"형법 제13조 , 제355조 제2항",없음,"부동산, 토지, 건물, 보증금, 매매, 매수, 매도, 매매계약, 잔금, 소유권이전, 공유지분, 등기",전문 원문: https://www.law.go.kr/LSW/precInfoP.do?precSeq=189783,embezzlement_breach_of_trust,형법 제355조·제356조 횡령·배임,embezzlement_breach_of_trust|형법 제355조·제356조 횡령·배임; civil_sale_effect|민법 제568조 매매의 효력; civil_lease_definition|민법 제618조 임대차의 의의
721,CASE_2013_00721,2012다41915,근저당권설정등기말소등,대법원,2013-12-26,민사,판결,상고심,파기환송,"[1] 채무자의 재산처분행위 이후에 발생한 채권이나 채무와 관련하여 채권자취소권을 인정하기 위한 요건 및 채권 또는 채무가 성립할 ‘고도의 개연성’이 있는지 판단하는 기준 [2] 甲 협동조합이 乙과 토지 매매계약을 체결하고 매매대금을 지급하였다가 乙을 상대로 계약금 등 반환청구소송을 제기하여 법원이 기망을 이유로 한 취소권 행사를 받아들여 매매대금 반환을 명하는 판결을 선고하였는데, 위 판결이 선고되기 전 乙이 丙 등에게 그 소유의 부동산에 관하여 근저당권을 설정하여 준 사안에서, 근저당권 설정 당시에 매매계약 취소로 인한 매매대금 반환채권이 발생하리라는 고도의 개연...","상고이유에 대하여 판단한다. 1. 채권자취소권에 의하여 보호될 수 있는 채권은 원칙적으로 사해행위라고 볼 수 있는 행위가 행하여지기 전에 발생된 것임을 요하지만, 그 사해행위 당시에 이미 채권성립의 기초가 되는 법률관계가 발생되어 있고, 가까운 장래에 그 법률관계에 기하여 채권이 성립되리라는 점에 대한 고도의 개연성이 있으며, 실제로 가까운 장래에 그 개연성이 현실화되어 채권이 성립된 경우에는, 그 채권도 채권자취소권의 피보전채권이 될 수 있다. 그리고 채권자취소권 행사의 요건인 채무자의 무자력 여부를 판단함에 있어서",[1] 민법 제406조 제1항 [2] 민법 제406조 제1항,"[1] 대법원 2011. 1. 13. 선고 2010다68084 판결 (공2011상, 338), 대법원 2013. 2. 14. 선고 2012다83100 판결","부동산, 토지, 매매, 매매계약, 매매대금, 계약금, 잔금, 등기, 근저당, 저당권, 기망, 파기",전문 원문: https://www.law.go.kr/LSW/precInfoP.do?precSeq=173951,civil_fraud_duress,민법 제110조 사기·강박에 의한 의사표시,civil_fraud_duress|민법 제110조 사기·강박에 의한 의사표시; civil_sale_effect|민법 제568조 매매의 효력
722,CASE_2024_00722,"2023다290799, 290805",가등기말소·소유권이전등기,대법원,2024-02-29,민사,판결,상고심,"원심판결 중 반소에 관한 원고(반소피고) 패소 부분을 파기하고, 이 부분 사건을 서울고등법원에 환송한다. 원고(반소피고)의 본...","[1] 조합관계가 종료되고 채권자가 조합원인 조합채무의 변제 사무만 남은 경우, 동업체 자산을 보유하는 자가 동업체 자산에서 채권자 조합원에 대한 조합채무를 공제하여 분배대상 잔여재산액을 산출한 다음 다른 조합원들에게 잔여재산 중 각 조합원의 출자가액에 비례한 몫을 반환함과 아울러 채권자 조합원에게 조합채무를 이행하는 방법으로 별도의 청산절차 없이 잔여재산을 분배할 수 있는지 여부 (적극) / 2인으로 구성된 조합의 조합관계가 종료되고 조합원 중 1인에 대한 조합채권의 추심 사무가 완료되지 아니하는 등의 경우에도 위와 같이 별도의 청산절차 없이 간이한 방법으로 잔여재...","사건 동업계약’이라고 한다)을 체결하였다. 2) 그에 따라 원고는 2012. 7. 13. 이 사건 토지에 관한 의정부지방법원 2011타경20105호 등 부동산임의경매절차에서 매수대금 1,175,000,000원을 완납하고 원고 명의의 소유권이전등기를 마쳤는데, 피고는 위 매수대금 중 400,000,000원을 분담하였다. 3) 피고는 2013. 9. 17. 이 사건 토지 중 11필지에 대하여 소유권이전청구권 가등기를 해 두었으나 원고가 위 가등기 무효를 주장하며 말소를 구하는 이 사건 본소를 제기하는 등 분쟁이 발생하자, 이 사건 소송계속 중인 2018. 3. 6. 상호 불화로 신뢰관계가 깨어져 이 사건 동업계약을 유지할 수 없게 되었다고","[1] 민법 제724조 [2] 부동산 실권리자명의 등기에 관한 법률 제4조 제1항 , 제2항 , 민법 제271조 제1항 , 제704조 , 제741조","[1] 대법원 2007. 11. 15. 선고 2007다48370, 48387 판결 , 대법원 2019. 7. 25. 선고 2019다205206, 205213 판결(공2019하, 1654) / [2] 대법원 2005. 1. 28. 선고 2002다66922 판결 (공2005상, 393), 대법원 2006. 4. 13. 선고 2003다25256 판결 (공2006상, 786), 대법원 2019. 6. 13. 선고 2017다246180 판결 (공2019하, 1374)","부동산, 토지, 매수, 매도, 소유권이전, 조합원, 등기, 가등기, 명의신탁, 명의수탁, 부동산실명법, 신탁부동산",전문 원문: https://www.law.go.kr/LSW/precInfoP.do?precSeq=241083,civil_sale_effect,민법 제568조 매매의 효력,civil_sale_effect|민법 제568조 매매의 효력
723,CASE_2016_00723,2015가합560580,분양대금,서울중앙지방법원,2016-05-19,민사,판결,1심,일부인용,". 9. 30.까지는 연 20%의, 그 다음날부터 다 갚는 날까지는 연 15%의 각 비율로 계산한 돈을 지급하라. 2. 원고의 피고들에 대한 나머지 청구를 모두 기각한다. 3. 소송비용 중 1/10은 원고가, 나머지는 피고들이 각 부담한다. 4. 제1항은 가집행할 수 있다. 【청구취지】 1. 피고 1은 원고에게 342,225,761원 및 그 중 108,932,000원에 대하여는 2013. 1. 1.부터 이 사건 지급명령 정본 송달일까지는 연 15.96%의, 233,293,761원에 대하여는 2015. 4. 30.부터 이 사건 지급명령 정본 송달일까지는 연 6%의, 그","기초사실 가. 당사자의 지위 원고는 인천 경제자유구역 내 중구 영종하늘도시 A45블럭 72,182.593㎡ 지상에 1,628세대 규모의 공동주택인 영종○○○○○ 아파트(이하 ‘이 사건 아파트’라 한다)를 신축·분양하는 사업의 시행사 겸 시공사이고, 피고 1은 이 사건 아파트 △△△동 □□□□호에 관하여 원고와 분양계약을 체결한 수분양자이며, 피고 2는 2012. 11. 8. 이 사건 아파트 △△△동 ◇◇◇◇호의 수분양자 소외 1로부터 수분양자의 지위를 승계한 사람이다(이하 최초 수분양자들과 원고 사이의 분양계약을 ‘이 사건 분양계약’이라 한다). 나. 분양계약 및 옵션공사계약의 체결 1) 원고는 이 사건 아파트에 관하여 피고 1과 소외",원문 참조,없음,"주택, 아파트, 계약금, 중도금, 잔금, 소유권이전, 분양, 분양대금, 분양계약, 등기, 담보, 사기",전문 원문: https://www.law.go.kr/LSW/precInfoP.do?precSeq=193286,civil_fraud_duress,민법 제110조 사기·강박에 의한 의사표시,civil_fraud_duress|민법 제110조 사기·강박에 의한 의사표시; civil_sale_effect|민법 제568조 매매의 효력
724,CASE_1992_00724,91다40238,소유권이전등기,대법원,1992-10-23,민사,판결,상고심,상고기각,"가. 갑으로부터 ‘매립토지 중 해변최근지 70평’을 양도받기로 하였으나 매립지의 분배에 관한 갑과 동업자 사이의 분쟁으로 갑에게 돌아갈 토지의 면적과 위치가 정하여 지지 못하였다면, 매립지 중 해변최근지 해당 토지의 갑 소유 지분에서 70평에 해당하는 지분이전등기를 구할 수 있다고 한 사례 나. 준공인가 전의 매립지 매매 등을 금지하는 공유수면매립면허 부관에 위반하여 이루어진 양도계약이 당연무효인지 여부 (소극)","가. 갑으로부터‘매립토지 중 해변최근지 70평’을 양도받기로 하였으나 매립지의 분배에 관한 갑과 동업자 사이의 분쟁으로 갑에게 돌아갈 토지의 면적과 위치가 정하여 지지 못하였다면, 매립지 중 해변최근지 해당 토지의 갑 소유 지분에서 70평에 해당하는 지분이전등기를 구할 수 있다고 한 사례. 나. 공유수면매립면허 부관상의 의무는 수면허자가 면허권자에게 부담하는 공법상의 의무에 지나지 아니하므로, 준공인가 전의 매립지 매매 등을 금지하는 매립면허 부관에 위반하여 이루어진 양도계약은 당연무효가 아니다.","가. 민법 제105조 , 제186조 나. 공유수면매립법 제4조 , 제12조 , 같은법시행령 제11조","가.나. 대법원 1992.10.23. 선고 91다40245 판결(동지) / 나. 1982.12.28. 선고 80다731,732 판결(공1983,339)","부동산, 토지, 매매, 소유권이전, 등기, 강박, 기각, 무효",전문 원문: https://www.law.go.kr/LSW/precInfoP.do?precSeq=202700,civil_fraud_duress,민법 제110조 사기·강박에 의한 의사표시,civil_fraud_duress|민법 제110조 사기·강박에 의한 의사표시; civil_sale_effect|민법 제568조 매매의 효력
726,CASE_2016_00726,2015가합55539,분양대금,인천지방법원,2016-03-31,민사,판결,1심,일부인용,"다음날부터 2015. 9. 30.까지는 연 20%의, 그 다음날부터 다 갚는 날까지는 연 15%의 각 비율로 계산한 돈을 지급하라. 2. 원고의 나머지 청구를 기각한다. 3. 소송비용은 피고들이 부담한다. 4. 제1항은 가집행할 수 있다. 【청구취지】 피고 1은 원고에게 358,262,397원 및 그중 125,796,000원에 대하여는 2013. 1. 1.부터 이 사건 지급명령 정본 송달일까지는 연 15.96%의, 232,466,397원에 대하여는 2013. 9. 30.부터 이 사건 지급명령 정본 송달일까지는 연 6%의, 각 그 다음날부터 다 갚는 날까지는 연 20","1. 기초사실 가. 원고와 피고들의 분양계약 및 옵션공사계약 체결 1) 원고는 피고들과 사이에 인천 중구 영종하늘도시 A45블록 지상 영종 힐스테이트 아파트(이하 ‘이 사건 아파트’라 한다)에 관하여 아래와 같이 분양계약(이하 ‘이 사건 각 분양계약’이라 한다)을 체결하였다. 순번피고동호수계약일분양대금(원)잔금(원)1피고 1○○○동 ○○○○호2010. 3. 2.328,180,000115,880,0002피고 2□□□동 □□□□호2009. 11. 5.331,540,000100,610,0003피고 3△△△동 △△△△호2",원문 참조,없음,"아파트, 계약금, 중도금, 잔금, 분양, 분양대금, 분양계약, 등기, 사기, 허위, 기각, 해제",전문 원문: https://www.law.go.kr/LSW/precInfoP.do?precSeq=194847,civil_fraud_duress,민법 제110조 사기·강박에 의한 의사표시,civil_fraud_duress|민법 제110조 사기·강박에 의한 의사표시; civil_sale_effect|민법 제568조 매매의 효력
729,CASE_2023_00729,2022다286786,건물인도,대법원,2023-03-13,민사,판결,상고심,상고기각,"[1] 장래이행의 소가 적법하기 위한 요건 및 장래이행의 소의 적법 여부는 엄격한 기준에 따라 신중하게 판단하여야 하는지 여부 (적극) [2] 상가건물의 임대인인 甲이 임차인인 乙을 상대로 임대차계약이 기간만료로 종료됨을 이유로 건물 인도를 구하는 소를 제기하였는데, 제1심은 乙이 계약갱신요구권을 행사하였으므로 甲은 정당한 사유 없이 이를 거절할 수 없다는 이유로 甲의 청구를 기각하였고, 항소심에서 甲이 장래이행의 소로서 계약갱신요구권 행사에 따른 10년의 임대차기간이 만료하면 건물을 인도할 것을 구하는 예비적 청구를 추가한 사안에서, 제반 사정에 비추어 예비적 청구...","[1] 이행의 소는 청구권의 이행기가 도래한 경우에 한하여 허용되는 것이 원칙이지만, 이행기가 도래하더라도 채무자가 임의이행을 거부할 것이 명백히 예상되는 상황과 같이 예외적으로 채권자로 하여금 이행기에 이르러 소를 제기하게 하는 것보다 미리 집행권원을 확보하게 함으로써 이행기가 도래하면 곧바로 강제집행을 할 필요가 인정되는 경우를 대비하여 민사소송법 제251조 에서 ‘장래이행의 소’를 정하였다. 장래이행의 소가 적법하기 위해서는 청구권 발생의 기초가 되는 법률상·사실상 관계가 변론종결 당시 존재하여야 하고, 그 상태가 계속될 것이 확실히 예상되어야 하며, 미리 청구할 필요가 인정되어야만 한다. 그런데 장래이행의 소는 통상적인 이행의 소의 예외에 해당하는 것일 뿐 채무자의...","[1] 민사소송법 제251조 [2] 민사소송법 제251조 , 상가건물 임대차보호법 제10조","[1] 대법원 2000. 8. 22. 선고 2000다25576 판결 (공2000하, 2013)","상가, 건물, 임대차, 보증금, 임대인, 임차인, 임대차계약, 기각, 파기, 반환",전문 원문: https://www.law.go.kr/LSW/precInfoP.do?precSeq=234327,civil_lease_definition,민법 제618조 임대차의 의의,civil_lease_definition|민법 제618조 임대차의 의의
730,CASE_2013_00730,2012다112350,소유권이전청구권가등기회복등기,대법원,2013-03-14,민사,판결,상고심,상고기각,"말소등기의 등기원인이 된 법률행위가 사기에 의한 의사표시로서 취소된 경우, 말소된 등기가 말소회복등기의 대상인 부적법하게 말소된 등기에 해당하는지 여부 (적극)","1. 피고 1 회사에 대한 상고에 관하여 원심은, 가등기가 이루어진 부동산에 관하여 제3취득자 앞으로 소유권이전등기가 마쳐진 후 가등기가 말소된 경우 그와 같이 말소된 가등기의 회복등기절차에서 회복등기의무자는 가등기가 말소될 당시의 소유자인 제3취득자이고 그 제3자취득자에게만 가등기말소회복등기청구의 피고 적격이 있으므로, 피고 1 회사 소유의 이 사건 부동산에 관하여 원고 명의의 소유권이전청구권가등기가 마쳐진 후 피고 2 정선군 앞으로 소유권이전등기가 이루어진 다음 위 가등기가 말소된 이 사건에서 가등기말소 당시의 소유자가 아닌",부동산등기법 제59조,"대법원 1990. 6. 26. 선고 89다카5673 판결 (공1990, 1557), 대법원 1993. 3. 9. 선고 92다39877 판결 (공1993상, 1150), 대법원 2001. 2. 23. 선고 2000다63974 판결 (공2001상, 756)","부동산, 소유권이전, 등기, 가등기, 사기, 기망, 기각, 파기, 취소, 해제, 무효",전문 원문: https://www.law.go.kr/LSW/precInfoP.do?precSeq=170993,civil_fraud_duress,민법 제110조 사기·강박에 의한 의사표시,civil_fraud_duress|민법 제110조 사기·강박에 의한 의사표시; civil_sale_effect|민법 제568조 매매의 효력
731,CASE_2009_00731,2009다23283,소유권말소등기,대법원,2009-09-10,민사,판결,상고심,"원심판결 중 피고 패소부분을 파기하고, 이 부분 사건을 서울남부지방법원 합의부에 환송한다.",부동산 이중매매의 제2양수인의 행위가 공서양속에 반하는지 여부의 판단 기준,"어떠한 부동산에 관하여 소유자가 양도의 원인이 되는 매매 기타의 계약을 하여 일단 소유권 양도의 의무를 짐에도 다시 제3자에게 매도하는 등으로 같은 부동산에 관하여 소유권 양도의 의무를 이중으로 부담하고 나아가 그 의무의 이행으로, 그러나 제1의 양도채권자에 대한 양도의무에 반하여, 소유권의 이전에 관한 등기를 그 제3자 앞으로 경료함으로써 이를 처분한 경우에, 소유자의 그러한 제2의 소유권양도의무를 발생시키는 원인이 되는 매매 등의 계약이 소유자의 위와 같은 의무위반행위를 유발시키는 계기가 된다는 것만을 이유로 이를 공서양속에 반하여 무효라고 할 것이 아님은 물론이다. 그것이 공서양속에 반한다고 하려면, 다른 특별한 사정이 없는 한 상대방에게도 그러한 무효의 제재, 보다...","민법 제103조 , 민법 제186조","대법원 1975. 11. 25. 선고 75다1131 판결, 대법원 1976. 4. 27. 선고 75다1783 판결, 대법원 1982. 2. 9. 선고 81다1134 판결 (공1982, 338)","부동산, 아파트, 토지, 건물, 매매, 매수, 매도, 매매계약, 소유권이전, 소유권보존, 등기, 배임",전문 원문: https://www.law.go.kr/LSW/precInfoP.do?precSeq=139172,civil_sale_effect,민법 제568조 매매의 효력,civil_sale_effect|민법 제568조 매매의 효력
732,CASE_2022_00732,2017다284236,매매대금반환,대법원,2022-04-28,민사,판결,상고심,상고기각,"[1] 매매계약 해제에 따른 원상회복의 대상에는 매매대금과 매매계약의 존속을 전제로 수령한 지연손해금도 포함되는지 여부 (적극) / 지연손해금에 관한 약정이 그것을 발생시키는 계약의 무효, 취소, 해제 등으로 효력을 상실하는지 판단하는 기준 [2] 계약해제와 아울러 구하는 민법 제551조 에 따른 손해배상의 범위(=이행이익) [3] 민사소송법 제215조 제2항 에 따른 가집행의 원상회복신청에서 본안에 관한 원심판결의 원고 패소 부분 중 이행이익 상당 손해배상금의 상계항변에 관한 부분을 파기하는 경우, 위 신청에 대한 재판의 원고 패소 부분 중 이에 관한 부분도 당연히...","상고이유를 판단한다. 1. 원고의 상고이유에 관한 판단 가. 제1·2매매계약의 해제원인 이 부분 상고이유는 결국 사실심인 원심의 전권사항에 속하는 증거의 취사선택과 사실인정을 탓하는 것에 불과하여 적법한 상고이유로 볼 수 없다. 나. 2차 계약금 및 중도금에 대한 지연손해금의 반환 여부 매매계약이 해제되면 그 효력이 소급적으로 소멸함에 따라 각 당사자는 상대방에 대하여 원상회복의무가 있으므로 이미 그 계약상 의무에 기하여 이행된 급부는 원상회복을 위하여 부당이득으로 반환되어야 하고, 그 원상회복의 대상에는 매매대금은 물론 이와 관련하여 그 매매계","[1] 민법 제398조 제1항 , 제3항 , 제548조 , 제551조 [2] 민법 제551조 [3] 민사소송법 제215조 제2항","[1] 대법원 2001. 11. 27. 선고 2001다31189 판결, 대법원 2013. 4. 26. 선고 2011다50509 판결 (공2013상, 931), 대법원 2013. 5. 24. 선고 2012다40530, 2012다40547 판결 / [2] 대법원 1983. 5. 24. 선고 82다카1667 판결 (공1983, 1010) / [3] 대법원 1996. 5. 10. 선고 96다5001 판결 (공1996하, 1819)","부동산, 토지, 매매, 매매계약, 매매대금, 계약금, 중도금, 잔금, 대금반환, 손해배상, 기각, 파기",전문 원문: https://www.law.go.kr/LSW/precInfoP.do?precSeq=232973,civil_sale_effect,민법 제568조 매매의 효력,civil_nonperformance_damages|민법 제390조 채무불이행 손해배상; civil_sale_effect|민법 제568조 매매의 효력
733,CASE_2017_00733,2014다227492,사용료,대법원,2017-12-05,민사,판결,상고심,파기환송,"[1] 등기가 되지 않는 채권적 토지사용권이 대지사용권이 될 수 있는지 여부 (적극) 및 사후에 효력을 상실하여 소멸한 토지사용권이 전유부분을 위한 대지사용권이 될 수 있는지 여부 (소극) [2] 주택사업공제조합이 甲 주식회사가 신축하는 아파트에 관하여 주택분양보증계약을 체결하면서 분양보증의 이행을 목적으로 아파트 대지 등을 주택사업공제조합에 신탁하기로 하는 내용의 신탁계약을 체결하였고, 甲 회사의 부도로 乙 주식회사가 이를 승계하였으나, 乙 회사도 부도를 내면서 주택사업공제조합을 승계한 대한주택보증 주식회사가 주택분양보증계약에 따라 아파트를 직접 완공하고 소유권보존...","[1] 대지사용권은 구분소유자가 전유부분을 소유하기 위하여 건물의 대지에 대하여 갖는 권리로서 반드시 대지에 대한 소유권과 같은 물권에 한정되는 것은 아니고 등기가 되지 않는 채권적 토지사용권도 대지사용권이 될 수 있다. 그러나 대지사용권은 권리로서 유효하게 존속하고 있어야 하므로 사후에 효력을 상실하여 소멸한 토지사용권은 더 이상 전유부분을 위한 대지사용권이 될 수 없다. [2] 주택사업공제조합이 甲 주식회사가 신축하는 아파트에 관하여 주택분양보증계약을 체결하면서 분양보증의 이행을 목적으로 아파트 대지 등을 주택사업공제조합에 신탁하기로 하는 내용의 신탁계약을 체결하였고, 甲 회사의 부도로 乙 주식회사가 이를 승계하였으나, 乙 회사도 부도를 내면서 주택사업공제조합을 승계한...",[1] 집합건물의 소유 및 관리에 관한 법률 제2조 제6호 [2] 집합건물의 소유 및 관리에 관한 법률 제2조 제6호,"[1] 대법원 2004. 4. 16. 선고 2002다12512 판결, 대법원 2011. 9. 8. 선고 2010다15158 판결 (공2011하, 2061)","부동산, 주택, 아파트, 상가, 토지, 건물, 빌라, 매매, 계약금, 중도금, 소유권이전, 소유권보존",전문 원문: https://www.law.go.kr/LSW/precInfoP.do?precSeq=186263,civil_sale_effect,민법 제568조 매매의 효력,civil_sale_effect|민법 제568조 매매의 효력
734,CASE_1991_00734,91다10732,소유권이전등기,대법원,1991-11-12,민사,판결,상고심,상고기각,"가. 반환소송을 당하게 되면 아무런 보상도 받지 못한 채 부동산을 반환하여야 할 것으로 착각하여 체결한 매매계약을 착오를 이유로 취소할 수 있는지 여부 나. 소송을 제기하면 패소될 것이 분명하니 좋게 해결하는 것이 좋다는 취지의 말을 하여 시가 금 10,000,000원 정도의 부동산을 금 5,000,000원에 매매한 것이 불공정한 법률행위에 해당한다고 할 수 없다고 한 사례","가. 반환소송을 당하게 되면 아무런 보상도 받지 못한 채 부동산을 반환하여야 할 것으로 착각하여 이를 매도하는 매매계약을 체결하였다 하더라도 이는 동기의 착오에 불과하므로 그와 같은 동기를 매매계약의 내용으로 삼았다는 특별한 사정이 없는 한 이를 이유로 매매계약을 취소할 수 없다. 나. 원고의 사위가 피고에게 이 사건 부동산은 원고가 상속받은 것이고 피고 명의의 등기는 원인무효이니 원고에게 되돌려 주어야 한다고 말하면서 원고가 소송을 제기하면 피고가 패소될 것이 분명하니 좋게 해결하는 것이 좋다는 취지의 말을 하여 시가 금 10,000,000원 정도의 부동산을 금 5,000,000원에 매매하였다고 하여 바로 민법 제104조 소정의 불공정한 법률행위에 해당한다고 할 수 없다...",가. 민법 제109조 제1항 /나. 민법 제104조,"가. 대법원 1984.10.23. 선고 83다카1187 판결(공1984,1844) , 1985.4.23. 선고 84다카890 판결(공1985,780) , 1990.5.22. 선고 90다카7026 판결(공1990,1355)","부동산, 상가, 매매, 매수, 매도, 매매계약, 매매대금, 소유권이전, 등기, 강박, 사기, 기망",전문 원문: https://www.law.go.kr/LSW/precInfoP.do?precSeq=204131,civil_fraud_duress,민법 제110조 사기·강박에 의한 의사표시,civil_fraud_duress|민법 제110조 사기·강박에 의한 의사표시; civil_sale_effect|민법 제568조 매매의 효력
735,CASE_1991_00735,91다8104,소유권이전등기,대법원,1991-07-26,민사,판결,상고심,상고기각,가. 취득시효 기산일의 임의선택 가부 나. 점유의 계속과 취득시효완성으로 인한 소유권이전등기청구권의 시효소멸여부 (소극) 다. 무권대리행위를 추인하였거나 추인한다는 취지가 포함되어 있다고 본 사례 라. 부동산소유권이전등기의무자가 그 부동산상에 제3자에게 채무담보를 위한 가등기 및 본등기를 경료한 경우 제3자가 적극적으로 가담한 바 없다면 그 법률행위가 사회질서에 반한다고 할 수 없다고 본 사례 마. 부동산소유권이전등기 의무자가 그 부동산상에 제3자에게 가등기를 경료한 경우 그 소유권이전등기의무가 이행불능이 되는지 여부 (소극) 바. 부동산소유권이전등기 의무자가 그 부...,"가. 취득시효기간의 계산에 있어 그 점유개시의 기산일은 임의로 선택할 수 없으나 그 등기명의인에 변경이 없는 경우에는 취득시효완성을 주장할 수 있는 시점에서 보아 소요기간이 경과된 사실만 확정되면 족하다. 나. 토지에 대한 취득시효완성으로 인한 소유권이전등기청구권은 그 토지에 대한 점유가 계속되는 한 시효로 소멸되지 아니한다. 다. 피고 갑, 을이 원고에게 그들의 공동소유인 토지에 관하여 취득시효완성으로 인한 소유권이전등기의무를 부담하게 되자 피고 갑이 피고 을의 동의나 승낙없이 위 토지 전부에 대하여 병에게 채무담보를 위한 가등기 및 본등기를 경료한 경우, 병 명의의 각 등기가 경료됨으로써 위 소유권이전등기의무가 이행불능되었다는 피고들의 주장에는 피고 을이 피고 갑의 무...","가.나. 민법 제245조 제1항 나. 민법 162조 /다. 민법 제105조 , 제130조 라. 민법 제103조 마.바. 민법 제390조","가. 대법원 1979.10.16. 선고 78다2117 판결(공1979,12302) , 1988.12.6. 선고 87다카2733 판결(공1989,82) / 나. 대법원 1976.11.6. 선고 76다148 전원합의체판결(공1976,9492) / 라. 대법원 1981.1.13. 선고 80다1034 판결(공1981,13626) , 1983.12.13. 선고 83다카1347 판결(공1984,166) , 1989.11.28. 선고 89다카14295,14301 판결(공1990.144) / 바. 대법원 197...","부동산, 토지, 매수, 매도, 소유권이전, 등기, 가등기, 담보, 배임, 기각, 파기, 무효",전문 원문: https://www.law.go.kr/LSW/precInfoP.do?precSeq=204790,civil_sale_effect,민법 제568조 매매의 효력,civil_nonperformance_damages|민법 제390조 채무불이행 손해배상; civil_sale_effect|민법 제568조 매매의 효력
736,CASE_2022_00736,"2016다255361, 255378, 255385",부당이득금·부당이득금·임대보증금등청구의반소,대법원,2022-05-26,민사,판결,상고심,파기환송,"[1] 공공건설임대주택의 임대보증금과 임대료의 상한을 정한 구 임대주택법령의 규정이 효력규정인지 여부 (적극) 및 임대주택의 임대보증금과 임대료를 정한 약정 중 위 규정의 한도액을 초과하는 부분의 효력 (무효) [2] 민간 임대사업자가 구 임대주택법 시행령 제21조 제3항 을 위반하여 최초의 임대보증금을 정해 임대차계약을 체결한 경우, 그 상한을 초과하는 부분의 효력 (무효) 및 이는 임대보증금이 전환임대보증금인 경우에도 마찬가지인지 여부 (적극) [3] 민법 제138조 에 따른 무효행위의 전환에서 다른 법률행위를 하였을 것인지에 관한 당사자 의사의 의미와 그 판단...","정되기 전의 것, 이하 같다) 제16조 에 따라 국토해양부장관으로부터 공공건설임대주택 건축에 관한 사업계획승인을 받고 15개동, 1007세대 규모인 이 사건 임대아파트를 신축하였다. 피고가 입주자 모집공고에서 기재한 각 주택형별 임대조건에는 ① 표준임대보증금 및 표준임대료를 지급하는 내용과 ② 임대료 없이 피고가 제시한 전환임대보증금만 지급하는 내용이 구분되어 있었다. 나. 원고(반소피고, 이하 ‘원고’라 한다)들은 피고로부터 아파트 관리를 위탁받은 국제신탁 주식회사(이하 ‘국제신탁’이라 한다)와 ‘입주자 모집공고에 기재된 전환임대보증금을 임대보증금으로 하여 임대기간 5년인 임대차계약’을 각각 체결하였고, 이후 임대보증금을 그대로 두고","[1] 민법 제105조 , 구 임대주택법(2013. 6. 4. 법률 제11870호로 개정되기 전의 것) 제1조 (현행 민간임대주택에 관한 특별법 제1조 및 현행 공공주택 특별법 제1조 참조), 제20조 제1항 (현행 공공주택 특별법 제49조 제1항 참조), 제42조 (현행 삭제), 구 임대주택법 시행령(2015. 6. 30. 대통령령 제26369호로 개정되기 전의 것) 제21조 제1항 (현행 공공주택 특별법 시행령 제44조 제1항 참조), 제3항 (현행 공공주택 특별법 시행령 제44조 제3항 참조...","[3] 대법원 2010. 7. 15. 선고 2009다50308 판결 (공2010하, 1566), 대법원 2016. 11. 18. 선고 2013다42236 전원합의체 판결 (공2016하, 1901) / [5] 대법원 1993. 11. 23. 선고 93다4083 판결 (공1994상, 168), 대법원 2002. 4. 12. 선고 2000다70460 판결 (공2002상, 1114)","주택, 아파트, 토지, 임차주택, 임대차, 보증금, 임대인, 임차인, 주택임대차, 임대차계약, 소유권이전, 등기",전문 원문: https://www.law.go.kr/LSW/precInfoP.do?precSeq=237185,civil_lease_definition,민법 제618조 임대차의 의의,civil_sale_effect|민법 제568조 매매의 효력; civil_lease_definition|민법 제618조 임대차의 의의
737,CASE_2001_00737,2001도3959,부동산소유권이전등기등에관한특별조치법위반·공정증서원본불실기재·불실기재공정증서원본행사·사문서위조·위조사문서행사,대법원,2001-11-09,형사,판결,상고심,상고기각,"[1] 부동산의 실제 소유자인 피상속인의 상속인이 수인인데도 보증서 및 확인서발급신청서에는 실제 소유자의 공동상속인 중 1인이 부동산 전부를 매수한 것처럼 기재하여 확인서를 발급받아 이를 행사한 경우, 구 부동산소유권이전등기등에관한특별조치법에 위반되는지 여부 (적극) [2] 등기에 절차상 하자가 있거나 그 원인이 실제와 다르다 하더라도 실체적 권리관계에 부합하게 하기 위하거나 부합하는 유효한 등기인 경우, 공정증서원본불실기재 및 동행사죄의 성립 여부 (소극) 및 등기 경료 당시에는 실체권리관계에 부합하지 아니하나 사후에 이해관계인들의 동의·추인 등으로 실체권리관계에...","[1] 부동산소유권이전등기등에관한특별조치법 소정의 보증서 및 확인서발급신청서를 작성함에 있어서 상속인이 피상속인으로부터 상속받은 부동산을 상속인이 피상속인으로부터 매수한 것처럼 기재하더라도 정당한 이해관계 있는 타인의 권리를 해칠 염려가 없으므로 이를 가리켜 허위의 방법으로 확인서를 발급받았거나 허위의 보증서를 작성한 경우에 해당한다고 할 수 없을 것이나, 실제 소유자인 피상속인의 상속인이 수인인데도 보증서 및 확인서발급신청서에는 실제 소유자의 공동상속인 중 1인이 부동산 전부를 매수한 것처럼 기재하여 확인서를 발급받아 이를 행사한 경우에는 양수 경위가 실제와 다른 허위의 확인서를 발급받아 행사한 것이어서 위 특별조치법 제13조 제1항 제1호 , 제4호에 해당한다. [2]...","[1] 구 부동산소유권이전등기등에관한특별조치법(실효) 제10조 , 제13조 제1항 제1호 , 제4호 [2] 형법 제228조 , 제229조","[1][2] 대법원 1998. 4. 14. 선고 98도16 판결 (공1998상, 1419) / [2] 대법원 1990. 9. 28. 선고 90도427 판결 (공1990, 2242), 대법원 1996. 4. 26. 선고 95도2468 판결 (공1996상, 1772), 대법원 1999. 5. 14. 선고 99도202 판결 (공1999상, 1215), 대법원 2000. 3. 24. 선고 98도105 판결 (공2000상, 1098)","부동산, 매수, 소유권이전, 소유권보존, 등기, 공정증서원본불실기재, 허위, 위조, 기각, 불실기재, 권리관계",전문 원문: https://www.law.go.kr/LSW/precInfoP.do?precSeq=81056,civil_sale_effect,민법 제568조 매매의 효력,civil_sale_effect|민법 제568조 매매의 효력
738,CASE_2016_00738,"2014나2040334(본소), 2015나2022760(반소)",소유권이전등기·정관변경허가신청절차이행의소,서울고등법원,2016-01-15,민사,판결,2심,청구기각,"인) 【제1심판결】 서울중앙지방법원 2014. 10. 8. 선고 2014가합528312 판결 【변론종결】 2015. 11. 13. 【주 문】 1. 제1심 판결을 취소한다. 2. 원고의 본소청구를 기각한다. 3. 소송총비용은 원고가 부담한다. 【청구취지 및 항소취지】 1. 청구취지 가. 본소 피고(반소원고, 이하 ‘피고’라 한다)는 원고(반소피고, 이하 ‘원고’라 한다)에게 별지1 목록 기재 각 부동산에 관하여 진정명의회복을 원인으로 한 소유권이전등기절차를 이행하라. 나. 예비적 반소 원고는 소외 25 회사에 별지2 목록 기재 각 부동산에 관하여 주무관청에 대한 기본재","하여, 소외 25 회사가 원고에게 70억 원을 지급하는 대신, 원고는 주무관청에 정관변경허가신청을 하고, 원고와 소외 25 회사 사이의 2007. 7. 25.자 매매계약(이하 ‘이 사건 매매계약’이라 한다)을 추인하며, 약정사항이 모두 이행된 경우 소외 25 회사에 대해 이 사건 토지 등의 소유권을 주장하지 않기로 하는 약정(이하 ‘이 사건 약정’이라 한다)을 하였다. 그리고 원고는 2012. 10. 29.까지 소외 25 회사로부터 이 사건 약정에 따라 70억 원을 지급받았다. 타. 한편, 원고의 구 이사장 소외 3과 이사 소외 4, 소외 1, 소외 5, 소외 6은 2012. 6.경 소외 7을 원고의 이사장으로, 소외 8, 소외 9, 소",원문 참조,없음,"부동산, 토지, 건물, 매매, 매매계약, 소유권이전, 등기, 기각, 취소, 무효",전문 원문: https://www.law.go.kr/LSW/precInfoP.do?precSeq=206183,civil_sale_effect,민법 제568조 매매의 효력,civil_sale_effect|민법 제568조 매매의 효력
739,CASE_2015_00739,2015가단115228,분양대금,서울중앙지방법원,2015-11-27,민사,판결,1심,일부인용,"다음날부터 2015. 9. 30.까지는 연 20%의, 그 다음날부터 다 갚는 날까지는 연 15%의 각 비율로 계산한 돈을 지급하라. 2. 원고의 나머지 청구를 기각한다. 3. 소송비용 중 10%는 원고가, 90%는 피고가 각 부담한다. 4. 제1항은 가집행할 수 있다. 【청구취지】 피고는 원고에게 150,237,378원 및 그 중 130,911,000원에 대하여는 2013. 1. 1.부터 이 사건 지급명령 정본 송달일까지는 연 15.96%의, 그 다음날부터 2015. 9. 30.까지는 연 20%의, 그 다음날부터 다 갚는 날까지는 연 15%의 각 비율로 계산한 돈을","1. 인정 사실 가. 당사자들의 관계 원고는 인천광역시 경제자유구역 (주소 생략) 지상에 ○○○○○○○ 아파트(이하 ‘이 사건 아파트’라 한다)를 신축·분양하는 사업의 시행사 겸 시공사이고, 피고는 이 사건 아파트의 수분양자이다. 나. 원고와 피고의 분양계약 등 1) 분양계약 및 옵션공사계약 체결 원고는 피고와 이 사건 아파트 △△△동□□□□호에 관하여 2010. 2. 8. 분양대금 328,180,000원으로 한 분양계약 및 2010. 5. 30. 공사대금 11,622,000원으로 한 발코니 확장 옵션공사 계약과 공사대금 7,161,000원으로 한 시스템에어컨설치 옵션공사 계약을",원문 참조,없음,"아파트, 중도금, 잔금, 분양, 분양대금, 분양계약, 사기, 기망, 허위, 기각, 취소, 해제",전문 원문: https://www.law.go.kr/LSW/precInfoP.do?precSeq=193276,civil_fraud_duress,민법 제110조 사기·강박에 의한 의사표시,civil_fraud_duress|민법 제110조 사기·강박에 의한 의사표시; civil_sale_effect|민법 제568조 매매의 효력
740,CASE_2022_00740,2020다289163,토지인도,대법원,2022-10-14,민사,판결,상고심,파기환송,"국유림의 경영 및 관리에 관한 법률에 따라 준보전국유림을 대부받은 자가 그 권리를 제3자에게 양도한 경우, 산림청장의 허가가 없었다는 이유만으로 양도계약이 무효 또는 유동적 무효 상태가 된다고 볼 수 있는지 여부 (소극)","국유림의 경영 및 관리에 관한 법률(이하 ‘국유림법’이라고 한다)은 준보전국유림을 대부받은 자가 그 권리를 양도하고자 하는 때에는 산림청장의 허가를 받아야 한다고 정하고( 제21조 , 제25조 제1항 ), 준보전국유림을 대부받은 자가 산림청장의 허가를 받지 않고 그 권리를 양도한 경우 산림청장은 대부를 취소할 수 있다고 정한다( 제26조 제1항 제4호 ). 그러나 준보전국유림을 대부받은 자가 그 권리를 제3자에게 양도하였을 경우 산림청장의 허가를 받지 않았다고 하더라도 다른 사정이 없는 한 그 양도계약은 유효하고, 산림청장의 허가가 없었다는 이유만으로 양도계약이 무효 또는 유동적 무효 상태가 된다고 볼 수는 없다. ① 구 산림법(2005. 8. 4. 법률 제7678호 산림...","국유림의 경영 및 관리에 관한 법률 제16조 제1항 , 제3항 , 제21조 , 제25조 제1항 , 제26조 제1항 제4호 , 구 국유림의 경영 및 관리에 관한 법률(2006. 12. 28. 법률 제8102호로 개정되기 전의 것) 제16조 제1항 , 제16조 제3항 , 구 산림법(2005. 8. 4. 법률 제7678호 산림자원의 조성 및 관리에 관한 법률 부칙 제2조로 폐지) 제71조 제1항 (현행 국유림의 경영 및 관리에 관한 법률 제16조 제1항 참조), 국유재산법 제6조 제1항 , 민법 제10...","대법원 2011. 5. 26. 선고 2011다1231 판결 (공2011하, 1291)","토지, 임야, 임대차, 임차권, 임대인, 파기, 취소, 무효, 권리관계",전문 원문: https://www.law.go.kr/LSW/precInfoP.do?precSeq=231687,civil_lease_definition,민법 제618조 임대차의 의의,civil_lease_definition|민법 제618조 임대차의 의의
741,CASE_2001_00741,99노900,부동산소유권이전등기에관한특별조치법위반·공정증서원본불실기재·불실기재공정증서원본행사·사문서위조·위조사문서행사,광주고법,2001-06-28,형사,판결,2심,파기,명의자를 구체적으로 특정하지 않은 사문서위조 및 동행사에 대한 공소제기의 효력,"사문서위조 및 동행사의 공소사실을 기재함에 있어서는 그 문서의 작성명의자를 구체적으로 특정하여야 할 것인데, 공소사실 기재에 의하면 문서의 작성명의자로서 1인만을 특정하였을 뿐 나머지 종중원 20명에 대하여는 그 명의를 구체적으로 특정하지 아니한 채 단순히 ""종중원""이라고만 기재하고 있으므로, 결국 종중원 20명 명의의 사문서를 위조하였다는 부분의 공소는 그 공소사실을 기재하지 아니한 것으로서 공소제기의 절차가 법률의 규정에 위반하여 무효인 때에 해당한다.","[1] 형사소송법 제254조 , 제327조 제2호","대법원 1983. 9. 13. 선고 82도2063 판결 (공1983, 1524)","부동산, 토지, 임야, 매매, 매수, 매도, 소유권이전, 소유권보존, 등기, 명의신탁, 공정증서원본불실기재, 허위",전문 원문: https://www.law.go.kr/LSW/precInfoP.do?precSeq=190249,civil_sale_effect,민법 제568조 매매의 효력,civil_sale_effect|민법 제568조 매매의 효력
742,CASE_2014_00742,2013나52301,공제금지급청구,부산고등법원,2014-05-22,민사,판결,2심,항소기각,"1. 피고의 항소를 기각한다. 2. 항소비용은 피고가 부담한다. 【청구취지 및 항소취지】 1. 청구취지 피고는 원고에게 175,000,000원 및 이에 대하여 이 사건 소장부본 송달 다음 날부터 다 갚는 날까지 연 20%의 비율로 계산한","판결 해당부분 기재와 같으므로, 민사소송법 제420조 본문에 의하여 이를 그대로 인용한다. 2. 당사자의 주장 가. 원고의 주장 스타부동산중개컨설팅은 이 사건 매매계약을 중개하면서 원고에게 선담보금 및 잔금을 책임지고 회수해준다고 약정하였고, 이에 원고는 매수인들로부터 잔금을 지급받기 전에 미리 근저당권을 설정할 수 있도록 동의하였는데, 매수인들이 잔금과 근저당권의 피담보채무액을 원고에게 지급하지 아니하여 중개사고가 발생하였으므로, 피고는 스타부동산중개컨설팅과의 공제계약에 따라 원고에게 공제금 175,000,000원(= 이 사건 매매대금 285,000,000원 - 지급받은 계약금 45,000,000원 - 컨설팅비 65,000,000원)",원문 참조,없음,"부동산, 중개대상물, 임대차, 매매, 매수, 매도, 매매계약, 매매대금, 계약금, 중도금, 잔금, 소유권이전",전문 원문: https://www.law.go.kr/LSW/precInfoP.do?precSeq=176631,civil_lease_definition,민법 제618조 임대차의 의의,civil_nonperformance_damages|민법 제390조 채무불이행 손해배상; civil_sale_effect|민법 제568조 매매의 효력; civil_lease_definition|민법 제618조 임대차의 의의
744,CASE_2017_00744,2016나2071806,배당이의,서울고등법원,2017-11-10,민사,판결,2심,"1. 제1심 판결 중 피고들에 대한 부분을 취소한다. 서울남부지방법원 2010타경11108호[2009타경4913(중복), 20...","9, 11, 12에 대하여), 2017. 10. 27. (피고 2, 4, 6, 7, 8, 10에 대하여) 【주 문】 1. 제1심 판결 중 피고들에 대한 부분을 취소한다. 서울남부지방법원 2010타경11108호[2009타경4913(중복), 2010타경27882, 2011타경21799(병합), 2012타경16169(중복), 2012타경24818(병합)] 부동산강제경매 사건에 관하여 위 법원이 2015. 12. 3. 작성한 배당표 중 별지1 목록 기재 피고들에 대한 ①항의 각 ‘배당표상 배당액’을 ③항의 각 ‘경정 후 배당액’으로, 원고에 대한 배당액 811,725,17","1. 기초 사실 가. 서울 양천구 (주소 생략)○○연립주택(이하 ‘멸실 전 건물’이라 한다)의 구분소유자들은 멸실 전 건물을 철거하고 그 대지 위에 아파트를 신축하는 사업(이하 ‘이 사건 재건축사업’이라 한다)을 위해 재건축조합(이하 ‘이 사건 재건축조합’이라 한다)을 설립하였고, 서울 양천구청장은 2003. 6. 23. 이를 인가하였다. 이 사건 재건축조합은 2003. 6. 30. 사업계획승인을 얻고 이 사건 재건축사업을 시행하였다. 나. 원고는 2003. 7. 23.과 2003. 10. 1. 멸실 전 건물 중 (동호수 1 생략)(소외 6), (동호수 2 생략)(소외 5), (동호수 3 생략)(소외 3), (동호수 4 생략",원문 참조,없음,"부동산, 주택, 아파트, 토지, 임야, 건물, 대지권, 전세, 임차인, 전세권, 소유권보존, 분양",전문 원문: https://www.law.go.kr/LSW/precInfoP.do?precSeq=213581,civil_lease_definition,민법 제618조 임대차의 의의,civil_sale_effect|민법 제568조 매매의 효력; civil_lease_definition|민법 제618조 임대차의 의의
745,CASE_1990_00745,89도1417,특정경제범죄가중처벌등에관한법률위반,대법원,1990-06-08,형사,판결,상고심,상고기각,가. 공소사실 중 추상적으로 적시되어 있는 부분의 내용을 보다 명확히 하기 위하여 공소장변경 없이 구체적으로 명시한 경우 불고불리의 원칙에 반하는지 여부 (소극) 나. 특정경제범죄가중처벌등에관한법률 제3조 제1항 제2호 위반 사안으로서 횡령죄를 구성하는 범죄사실에 대하여 배임죄로 의율함이 판결에 영향을 미친 법령위반에 해당하는지 여부 (소극) 다. 학교법인의 이사장과 대표이사가 감독청의 허가를 받아 학교법인의 기본재산을 예상전매가격보다 훨씬 낮은 가격으로 처분함으로써 학교법인에게 손해를 가한 경우 배임행위의 성립시기 라. 학교법인의 이사장이 학교법인 소유의 토지를 예...,"가. 피고인들의 범죄사실을 인정함에 있어 공소사실에 전혀 없는 새로운 사실을 추가하여 인정한 것이 아니라 공소사실에 다소 추상적으로 적시되어 있는 사실을 그 내용을 보다 명확히 하기 위하여 구체적으로 명시한 경우에는 기본적 사실의 동일성의 범위를 벗어난 것도 아니고 피고인들의 방어권행사에 실질적 불이익을 준 것도 아니므로 공소장변경이 없었더라도 불고불리의 원칙에 위반되지 아니한다. 나. 이 사건 공소사실이 배임죄가 아니라 횡령죄를 구성한다고 하더라도 이 사건은 재산상의 이득액이 10억원 이상 50억원 미만이므로 특정경제범죄가중처벌등에관한법률 제3조 제1항 제2호 에 위반되는 사안으로서 횡령죄나 배임죄는 다같이 배신행위를 요소로 하고 있고, 형량에 차이가 없어 그 의율착오는...","가. 형사소송법 제298조 나. 형사소송법 제383조 제1호 , 특정범죄가중처벌등에관한법률 제3조 제1항 제2호 형법 제355조 제1 , 2항 다. 사립학교법 제28조 제1항 다.라. 형법 제355조 제2항","가. 대법원 1987.7.21. 선고 87도546 판결(공1987,1427) , 1988.6.14. 선고 88도592 판결(공1988,1048) , 1989.12.26. 선고 89도1557 판결(공1990,428) , 1990.3.13. 선고 90도94 판결(공1990,921) / 나. 대법원 1975.4.22. 선고 75도123 판결(공1975,8442) , 1988.11.22. 선고 88도1523 판결(공1989,38) , 1990.3.27. 선고 89도1083 판결(공1990,1015) /...","부동산, 주택, 토지, 매매, 매수, 매도, 매매계약, 매매대금, 계약금, 횡령, 배임, 기각",전문 원문: https://www.law.go.kr/LSW/precInfoP.do?precSeq=106914,aggravated_economic_crime,특정경제범죄 가중처벌 등에 관한 법률 제3조,aggravated_economic_crime|특정경제범죄 가중처벌 등에 관한 법률 제3조; embezzlement_breach_of_trust|형법 제355조·제356조 횡령·배임; civil_sale_effect|민법 제568조 매매의 효력
746,CASE_2013_00746,"2010므4071, 4088",이혼·이혼및재산분할등,대법원,2013-06-20,기타,판결,상고심,파기,부부가 이혼할 때 쌍방의 소극재산 총액이 적극재산 총액을 초과하여 재산분할을 한 결과가 결국 채무의 분담을 정하는 것이 되는 경우에도 재산분할 청구를 받아들일 수 있는지 여부 (적극) 및 이 경우 채무를 분담하게 할지 여부와 분담의 방법 등을 정하는 기준,"[다수의견] 이혼 당사자 각자가 보유한 적극재산에서 소극재산을 공제하는 등으로 재산상태를 따져 본 결과 재산분할 청구의 상대방이 그에게 귀속되어야 할 몫보다 더 많은 적극재산을 보유하고 있거나 소극재산의 부담이 더 적은 경우에는 적극재산을 분배하거나 소극재산을 분담하도록 하는 재산분할은 어느 것이나 가능하다고 보아야 하고, 후자의 경우라고 하여 당연히 재산분할 청구가 배척되어야 한다고 할 것은 아니다. 그러므로 소극재산의 총액이 적극재산의 총액을 초과하여 재산분할을 한 결과가 결국 채무의 분담을 정하는 것이 되는 경우에도 법원은 채무의 성질, 채권자와의 관계, 물적 담보의 존부 등 일체의 사정을 참작하여 이를 분담하게 하는 것이 적합하다고 인정되면 구체적인 분담의 방법 등...","민법 제839조의2 , 제843조","대법원 1993. 5. 25. 선고 92므501 판결 (공1993하, 1881), 대법원 1997. 9. 26. 선고 97므933 판결 (공1997하, 3288)(변경), 대법원 2002. 9. 4. 선고 2001므718 판결 (공2002하, 2341)(변경)","주택, 아파트, 임대차, 보증금, 담보, 파기, 반환",전문 원문: https://www.law.go.kr/LSW/precInfoP.do?precSeq=170395,civil_lease_definition,민법 제618조 임대차의 의의,civil_lease_definition|민법 제618조 임대차의 의의
747,CASE_2016_00747,2009다66549,손해배상(기),대법원,2016-05-19,민사,판결,상고심,상고기각,"토지 소유자가 토양오염물질을 토양에 누출·유출하거나 투기·방치함으로써 토양오염을 유발하였음에도 오염토양을 정화하지 않은 상태에서 오염토양이 포함된 토지를 거래에 제공함으로써 유통되게 하거나, 토지에 폐기물을 불법으로 매립하였음에도 처리하지 않은 상태에서 토지를 거래에 제공하는 등으로 유통되게 한 경우, 거래 상대방 및 토지를 전전 취득한 현재의 토지 소유자에 대한 위법행위로서 불법행위가 성립할 수 있는지 여부 (원칙적 적극) / 이때 현재의 토지 소유자가 지출하였거나 지출해야 하는 오염토양 정화비용 또는 폐기물 처리비용 상당의 손해에 대하여 불법행위자로서 손해배상책임...","[다수의견] 헌법 제35조 제1항 , 구 환경정책기본법(2011. 7. 21. 법률 제10893호로 전부 개정되기 전의 것), 구 토양환경보전법(2011. 4. 5. 법률 제10551호로 개정되기 전의 것, 이하 같다) 및 구 폐기물관리법(2007. 1. 19. 법률 제8260호로 개정되기 전의 것)의 취지와 아울러 토양오염원인자의 피해배상의무 및 오염토양 정화의무, 폐기물 처리의무 등에 관한 관련 규정들과 법리에 비추어 보면, 토지의 소유자라 하더라도 토양오염물질을 토양에 누출·유출하거나 투기·방치함으로써 토양오염을 유발하였음에도 오염토양을 정화하지 않은 상태에서 오염토양이 포함된 토지를 거래에 제공함으로써 유통되게 하거나, 토지에 폐기물을 불법으로 매립하였음에도 처리하...","헌법 제35조 제1항 , 구 환경정책기본법(2011. 7. 21. 법률 제10893호로 전부 개정되기 전의 것) 제2조 (현행 제2조 제1항 참조), 제5조 (현행 제5조 참조), 제6조 (현행 제6조 참조), 제7조 (현행 제7조 참조), 제31조 (현행 제44조 참조), 구 토양환경보전법(2011. 4. 5. 법률 제10551호로 개정되기 전의 것) 제2조 제1호 , 제10조의3 제1항 , 제3항 제1호 (현행 제10조의4 제1항 제1호 ), 제11조 , 제15조 , 구 폐기물관리법(2007....",대법원 2002. 1. 11. 선고 99다16460 판결(변경),"토지, 건물, 매수, 손해배상, 불법행위, 기각, 파기, 해제",전문 원문: https://www.law.go.kr/LSW/precInfoP.do?precSeq=182318,civil_sale_effect,민법 제568조 매매의 효력,civil_nonperformance_damages|민법 제390조 채무불이행 손해배상; civil_sale_effect|민법 제568조 매매의 효력
748,CASE_2013_00748,2012가단207288,계약금반환,수원지방법원 성남지원,2013-02-06,민사,판결,1심,일부인용,"2. 9. 13.부터 2013. 2. 6.까지는 연 5%의, 그 다음날부터 완제일까지는 연 20%의 각 비율로 계산한 돈을 지급하라. 2. 원고의 나머지 청구를 기각한다. 3. 소송비용 중 3/5은 피고의, 나머지는 원고의 부담으로 한다. 4. 제1항은 가집행할 수 있다. 【청구취지】 피고는 원고에게 55,164,000원 및 이에 대하여 이 사건 소장부본 송달일 다음날부터 완제일까지 연 20%의 비율로 계산한 돈을 지급하라. 【이 유】 1. 기초사실 다음사실은 당사자 사이에 다툼이 없거나, 갑제1 내지 5호증(가지번호 포함), 을제1호증의1의 각 기재 및 변론전체의","및 변론전체의 취지를 종합하여 인정할 수 있다. 가. 원고는 2012. 7. 2. 피고로부터 피고 소유로서 공실상태이었던 성남시 분당구 (주소 2 생략)를 임대보증금 520,000,000원은 계약 당일 계약금 52,000,000원을 지급하고 잔금 468,000,000원을 2012. 8. 5. 지급하며, 임대기간은 2012. 8. 5.부터 2014. 8. 4.까지로 정하여 임차하였다(이하 위 임대차를 ‘이 사건 임대차’라고 한다). 나. 원고와 피고는 이 사건 임대차에서 임대인이나 임차인이 임대차계약을 불이행하는 경우 상대방은 불이행한 자에게 서면으로 최고하고 계약을 해제할 수 있고, 계약해제에 따른 손해배상을 청구할 수 있으며, 계약금",원문 참조,없음,"임대목적물, 임대차, 보증금, 임대인, 임차인, 임대차계약, 계약금, 잔금, 손해배상, 기각, 반환, 부당이득",전문 원문: https://www.law.go.kr/LSW/precInfoP.do?precSeq=176184,civil_lease_definition,민법 제618조 임대차의 의의,civil_nonperformance_damages|민법 제390조 채무불이행 손해배상; civil_sale_effect|민법 제568조 매매의 효력; civil_lease_definition|민법 제618조 임대차의 의의
749,CASE_2020_00749,"2018다252441, 252458",건물명도ㆍ 보증금반환,대법원,2020-09-03,민사,판결,상고심,"원심판결의 반소에 관한 피고(반소원고) 패소 부분 중 손해배상청구 부분을 파기하고, 이 부분 사건을 수원지방법원에 환송한다.","[1] 구 상가건물 임대차보호법 제10조 제2항 에 따라 최초의 임대차기간을 포함한 전체 임대차기간이 5년을 초과하여 임차인이 계약갱신요구권을 행사할 수 없는 경우에도 임대인이 같은 법 제10조의4 제1항 에 따른 권리금 회수기회 보호의무를 부담하는지 여부 (적극) [2] 임대인이 스스로 영업할 계획이라는 이유만으로 임차인이 주선한 신규 임차인이 되려는 자와 임대차계약의 체결을 거절한 경우, 구 상가건물 임대차보호법 제10조의4 제1항 제4호 에서 정한 정당한 사유가 있다고 볼 수 있는지 여부 (소극)","이 사건 상가에서 음식점을 운영해 오다가, 1995. 1. 12. 이 사건 상가의 소유권을 취득하였다. 피고는 2003. 5. 6. 소외 1에게 이 사건 상가를 매도한 후 같은 해 6. 5. 소외 1로부터 이 사건 상가를 보증금 2,000만 원, 월 차임 150만 원, 계약기간 2003. 6. 5.부터 1년으로 정하여 임차하였고, 이후 이 사건 임대차계약은 묵시적으로 갱신되어 왔다. 나. 원고(반소피고, 이하 ‘원고’라고 한다)는 2015. 5. 13. 소외 1로부터 이 사건 상가를 매수하고 같은 해 5. 29. 소유권이전등기를 마친 후, 2016. 1. 무렵 피고에게 같은 해 6. 4.자로 이 사건 임대차가 종료됨을 통지하였다. 다.","[1] 구 상가건물 임대차보호법(2018. 10. 16. 법률 제15791호로 개정되기 전의 것) 제10조 제2항 , 제10조의4 [2] 구 상가건물 임대차보호법(2018. 10. 16. 법률 제15791호로 개정되기 전의 것) 제10조의4 제1항 제4호","[1][2] 대법원 2019. 5. 30. 선고 2018다261124, 261131 판결 / [1] 대법원 2019. 5. 16. 선고 2017다225312, 225329 판결(공2019하, 1226)","상가, 건물, 임대차, 보증금, 임대인, 임차인, 임대차계약, 매수, 매도, 소유권이전, 등기, 사기",전문 원문: https://www.law.go.kr/LSW/precInfoP.do?precSeq=214415,civil_fraud_duress,민법 제110조 사기·강박에 의한 의사표시,civil_fraud_duress|민법 제110조 사기·강박에 의한 의사표시; civil_sale_effect|민법 제568조 매매의 효력; civil_lease_definition|민법 제618조 임대차의 의의
750,CASE_1985_00750,85도1493,배임,대법원,1985-11-26,형사,판결,상고심,파기환송,양도담보권자의 정산의무불이행과 배임죄의 성부,(다수의견) 양도담보가 처분정산형의 경우이건 귀속정산형의 경우이건 간에 담보권자가 변제기 경과후에 담보권을 실행하여 그 환가대금 또는 평가액을 채권원리금과 담보권 실행비용 등의 변제에 충당하고 환가대금 또는 평가액의 나머지가 있어 이를 담보제공자에게 반환할 의무는 담보계약에 따라 부담하는 자신의 정산의무이므로 그 의무를 이행하는 사무는 곧 자기의 사무처리에 속하는 것이라 할 것이고 이를 부동산매매에 있어서의 매도인의 등기의무와 같이 타인인 채무자의 사무처리에 속하는 것이라고 볼 수는 없어 그 정산의무를 이행하지 아니한 소위는 배임죄를 구성하지 않는다. (소수의견) 정산형 양도담보의 담보목적물의 소유권이전의 법률적 본질이 신탁적 양도임에 틀림이 없는 이상 양도담보권자는 수탁...,형법 제355조 제2항,"대법원 1971.3.9. 선고 71도189 판결(폐기) , 1975.5.13. 선고 74도3125 판결(폐기) , 1976.1.13. 선고 74도2076 판결 , 1976.5.11. 선고 75도2245 판결 , 1983.6.23. 선고 82도1151 판결(폐기)","부동산, 건물, 매매, 매수, 매도, 소유권이전, 등기, 가등기, 담보, 배임, 파기, 반환",전문 원문: https://www.law.go.kr/LSW/precInfoP.do?precSeq=148072,embezzlement_breach_of_trust,형법 제355조·제356조 횡령·배임,embezzlement_breach_of_trust|형법 제355조·제356조 횡령·배임; civil_sale_effect|민법 제568조 매매의 효력
751,CASE_2008_00751,2008노1343,특정경제범죄가중처벌등에관한법률위반(사기)·사기·부동산실권리자명의등기에관한법률위반,서울고등법원,2008-12-05,형사,판결,2심,파기,"】 인천지방법원 부천지원 2008. 5. 8. 선고 2007고합156, 166(병합), 167(병합), 168(병합), 207(병합) 판결 【주 문】 원심판결을 파기한다. 피고인을 원심 판시 제1의 가, 나, 다, 라-1, 라-2, 라-3, 라-4죄, 제2죄, 제3죄, 제4죄, 제5죄에 대하여 징역 2년에, 판시 제1의 라-5, 라-6, 라-7, 라-8죄에 대하여 징역 6월에 각 처한다. 이 판결 선고 전의 구금일수 251일을 위 징역 2년의 형에 산입한다. 【이 유】 1. 항소이유의 요지 변호인이 그 항소이유서 제출기간을 도과하여 2008. 9. 2. 제출한 항소이",당시 부담하고 있던 각종 부채를 공제하더라도 여러 공사현장에서 건축 진행 중이었던 빌라건물 및 토지 등의 시세가 100억 원이 넘어 변제 자력이 충분하였음에도 매수한 사우나 건물에 대한 대출이 갑자기 취소되거나 당초 약정된 대여 금액이 줄어드는 등의 예상치 못한 사정으로 인하여 피해자들에게 차용금을 변제하지 못하게 된 것일 뿐 원심 판시와 같이 피해자들을 상대로 금원을 편취할 범의가 있었던 것은 아니다. 나. 양형부당 이 사건의 여러 양형조건에 비추어 원심이 선고한 형량(합산 징역 3년 6월)은 너무 무거워서 부당하다. 2. 판단 가. 사실오인 주장 피고인은 원심에서도 위 항소이유와 같은 무죄 주장은 하였고 이에 대하여 원심이 각 피해,원문 참조,없음,"부동산, 토지, 건물, 빌라, 매매, 매수, 매매계약, 매매대금, 잔금, 분양, 등기, 근저당",전문 원문: https://www.law.go.kr/LSW/precInfoP.do?precSeq=135826,aggravated_economic_crime,특정경제범죄 가중처벌 등에 관한 법률 제3조,aggravated_economic_crime|특정경제범죄 가중처벌 등에 관한 법률 제3조; criminal_fraud|형법 제347조 사기죄; civil_sale_effect|민법 제568조 매매의 효력
752,CASE_2021_00752,2015다59801,임대차보증금반환[임차인이 임대인의 지위를 공동상속한 상속인들에 대하여 임차보증금의 반환을 구한 사건],대법원,2021-01-28,민사,판결,상고심,상고기각,[1] 상속에 따라 임차건물의 소유권을 취득한 자가 상가건물 임대차보호법 제3조 제2항 에서 정한 ‘임차건물의 양수인’에 해당하는지 여부 (적극) 및 임대인 지위를 공동으로 승계한 공동임대인들의 임차보증금 반환채무가 불가분채무인지 여부 (적극) [2] 민법 제1019조 제3항 에서 말하는 ‘상속채무가 상속재산을 초과하는 사실을 중대한 과실로 알지 못한 경우’의 의미 및 이에 관한 증명책임의 소재(=상속인) [3] 민법 제1026조 제3호 에서 정한 ‘고의로 재산목록에 기입하지 아니한 때’의 의미,"[1] 상가건물 임대차보호법 제3조 는 ‘대항력 등’이라는 표제로 제1항 에서 대항력의 요건을 정하고, 제2항 에서 ""임차건물의 양수인(그 밖에 임대할 권리를 승계한 자를 포함한다)은 임대인의 지위를 승계한 것으로 본다.""라고 정하고 있다. 이 조항은 임차인이 취득하는 대항력의 내용을 정한 것으로, 상가건물의 임차인이 제3자에 대한 대항력을 취득한 다음 임차건물의 양도 등으로 소유자가 변동된 경우에는 양수인 등 새로운 소유자(이하 ‘양수인’이라 한다)가 임대인의 지위를 당연히 승계한다는 의미이다. 소유권 변동의 원인이 매매 등 법률행위든 상속ㆍ경매 등 법률의 규정이든 상관없이 이 규정이 적용되므로, 상속에 따라 임차건물의 소유권을 취득한 자도 위 조항에서 말하는 임차건물의...","[1] 상가건물 임대차보호법 제3조 제2항 , 민법 제411조 [2] 민법 제1019조 제3항 , 민사소송법 제288조 [3] 민법 제1026조 제3호","[1] 대법원 1967. 4. 25. 선고 67다328 판결, 대법원 1993. 11. 23. 선고 93다4083 판결 (공1994상, 168), 대법원 2017. 3. 22. 선고 2016다218874 판결 (공2017상, 841), 대법원 2017. 5. 30. 선고 2017다205073 판결 (공2017하, 1369) / [2] 대법원 2010. 6. 10. 선고 2010다7904 판결 (공2010하, 1360) / [3] 대법원 2010. 4. 29. 선고 2009다84936 판결 (공20...","상가, 건물, 임대차, 보증금, 임차권, 임대인, 임차인, 임대차계약, 임차보증금, 매매, 소유권이전, 등기",전문 원문: https://www.law.go.kr/LSW/precInfoP.do?precSeq=226751,civil_lease_definition,민법 제618조 임대차의 의의,civil_sale_effect|민법 제568조 매매의 효력; civil_lease_definition|민법 제618조 임대차의 의의
753,CASE_2016_00753,2015다230020,배당이의,대법원,2016-07-27,민사,판결,상고심,상고기각,"[1] 저당부동산에 대한 압류 이후의 저당권설정자의 저당부동산에 관한 차임채권 등에 저당권의 효력이 미치는지 여부 (적극) 및 저당권의 효력이 미치는 차임채권 등에 대한 저당권 실행 방법 [2] 부동산 임대차보증금의 법적 성질 및 피담보채무 상당액이 임대차관계 종료 후 목적물이 반환될 때 별도의 의사표시 없이 보증금에서 당연히 공제되는지 여부 (원칙적 적극) [3] 보증금이 수수된 저당부동산에 관한 임대차계약이 저당부동산에 대한 경매로 종료되었는데, 저당권자가 차임채권 등에 대하여 별개로 저당권을 실행하지 아니한 경우, 연체 차임 등이 보증금에서 당연히 공제되는지 여...","[1] 민법 제359조 전문은 ""저당권의 효력은 저당부동산에 대한 압류가 있은 후에 저당권설정자가 그 부동산으로부터 수취한 과실 또는 수취할 수 있는 과실에 미친다.""라고 규정하고 있는데, 위 규정상 ‘과실’에는 천연과실뿐만 아니라 법정과실도 포함되므로, 저당부동산에 대한 압류가 있으면 압류 이후의 저당권설정자의 저당부동산에 관한 차임채권 등에도 저당권의 효력이 미친다. 다만 저당부동산에 대한 경매절차에서 저당부동산에 관한 차임채권 등을 관리하면서 이를 추심하거나 저당부동산과 함께 매각할 수 있는 제도가 마련되어 있지 아니하므로, 저당권의 효력이 미치는 차임채권 등에 대한 저당권의 실행이 저당부동산에 대한 경매절차에 의하여 이루어질 수는 없고, 그 저당권의 실행은 저당권의...","[1] 민법 제359조 , 민사집행법 제273조 [2] 민법 제618조 [3] 민법 제359조 , 제618조 , 민사집행법 제273조","[2][3] 대법원 2004. 12. 23. 선고 대법원 2004다56554, 56561, 56578, 56585, 56592, 56608, 56615, 56622, 56639, 56646, 56653, 56660 판결(공2005상, 187), 대법원 2015. 3. 26. 선고 2013다77225 판결 (공2015상, 619) / [2] 대법원 1999. 12. 7. 선고 99다50729 판결 (공2000상, 147)","부동산, 아파트, 임대차, 보증금, 임차인, 임대차계약, 등기, 근저당, 저당권, 담보, 경매, 배당",전문 원문: https://www.law.go.kr/LSW/precInfoP.do?precSeq=183073,civil_lease_definition,민법 제618조 임대차의 의의,civil_lease_definition|민법 제618조 임대차의 의의
754,CASE_2024_00754,2022나26065,소유권이전등기,수원고등법원,2024-01-25,민사,판결,2심,1. 원고들 및 원고승계참가인들의 항소와 이 법원에서 추가 및 확장한 청구를 모두 기각한다. 2. 항소 제기 이후의 소송비용은...,"2020가합407899 판결 【변론종결】 2023. 11. 16. 【주 문】 1. 원고들 및 원고승계참가인들의 항소와 이 법원에서 추가 및 확장한 청구를 모두 기각한다. 2. 항소 제기 이후의 소송비용은 원고들 및 원고승계참가인들이 부담한다. 【청구취지 및 항소취지】 1. 청구취지 가. [별지 1-1] 목록 기재 원고들 및 원고승계참가인(이하에서는 승계참가인 여부를 구분하지 아니하고 ""원고""라고만 한다)들의 청구취지 주위적으로, 1) 피고는 [별지 4-1] 목록 ‘원고’란 기재 각 원고들로부터 같은 목록 ‘분양가상한제 적용 추정가액 잔여 금액(B-D)’란 기재 각","고친다. 『 가. [별지 1-1] 목록 기재 원고들의 주장 1) 주위적 청구 ○○단지는 공공택지인 판교택지개발지구 내에 건설된 공공주택으로서 주택법 제57조 의 분양가상한제 적용주택이고, 원고들은 공공주택 특별법 제50조의3 제1항 에 따라 피고에 대하여 형성권인 우선분양전환청구권을 가지는바, 2020. 7. 9. 자 내용증명우편 또는 이 사건 소장 부본 송달로써 주택법 제57조 에서 정한 상한가격 이하로 우선분양전환을 해줄 것을 요구하는 우선분양전환청구권을 행사하였으므로, 원고들과 피고 사이에는 이 사건 각 부동산에 관하여 분양가상한제를 적용한 분양전환가격{[별지 4-1] 내지 [별지 4-3-나] 각 목록의 ‘분양가상한제 적용 추정가액",원문 참조,없음,"부동산, 주택, 토지, 매매, 매매계약, 잔금, 소유권이전, 분양, 분양대금, 분양계약, 등기, 근저당",전문 원문: https://www.law.go.kr/LSW/precInfoP.do?precSeq=241395,civil_sale_effect,민법 제568조 매매의 효력,civil_sale_effect|민법 제568조 매매의 효력
755,CASE_2022_00755,2017다236749,토지인도,대법원,2022-07-21,민사,판결,상고심,파기환송,동일인 소유이던 토지와 지상 건물이 매매 등으로 각각 소유자를 달리하게 되었을 때 건물 철거 특약이 없는 한 건물 소유자가 법정지상권을 취득한다는 관습법이 현재에도 여전히 법적 규범으로서 효력을 유지하고 있는지 여부 (적극),"[다수의견] 동일인 소유이던 토지와 그 지상 건물이 매매 등으로 인하여 각각 소유자를 달리하게 되었을 때 그 건물 철거 특약이 없는 한 건물 소유자가 법정지상권을 취득한다는 관습법은 현재에도 그 법적 규범으로서의 효력을 여전히 유지하고 있다고 보아야 한다. 구체적인 이유는 아래와 같다. ① 민법 제185조 는 ""물권은 법률 또는 관습법에 의하는 외에는 임의로 창설하지 못한다.""라고 규정함으로써 관습법에 의한 물권의 창설을 인정하고 있다. 관습법에 의하여 법정지상권이라는 제한물권을 인정하는 이상 토지 소유자는 건물을 사용하는 데 일반적으로 필요하다고 인정되는 범위에서 소유권 행사를 제한받을 수밖에 없다. 따라서 관습법상 법정지상권을 인정하는 결과 토지 소유자가 일정한 범위에...","민법 제185조 , 제280조 제1항 제1호 , 제2호 , 제281조 제1항 , 제305조 , 제366조 , 입목에 관한 법률 제6조 , 가등기담보 등에 관한 법률 제10조","대법원 1966. 12. 20. 선고 66다1844 판결 (집14-3, 민332), 대법원 1968. 1. 31. 선고 67다2007 판결 (집16-1, 민37), 대법원 1986. 9. 9. 선고 85다카2275 판결 (공1986, 1301), 대법원 1992. 10. 27. 선고 92다3984 판결 (공1992, 3255), 대법원 1993. 12. 28. 선고 93다26687 판결 (공1994상, 521), 대법원 2003. 12. 26. 선고 2002다61934 판결 (공2004상, 209...","부동산, 토지, 건물, 임대차, 임대차계약, 매매, 매수, 소유권이전, 등기, 가등기, 담보, 경매",전문 원문: https://www.law.go.kr/LSW/precInfoP.do?precSeq=223801,civil_lease_definition,민법 제618조 임대차의 의의,civil_sale_effect|민법 제568조 매매의 효력; civil_lease_definition|민법 제618조 임대차의 의의
756,CASE_2020_00756,2019다249831,손해배상(기),대법원,2020-11-26,민사,판결,상고심,상고기각,"임대차 종료 시 구 도시 및 주거환경정비법상 관리처분계획인가·고시가 이루어진 경우, 구 상가건물 임대차보호법 제10조 제1항 제7호 (다)목 에서 정한 계약갱신 거절사유가 있는지 여부 (적극) 및 사업시행인가·고시가 이루어졌다는 사정만으로도 마찬가지인지 여부 (원칙적 소극) / 위와 같은 계약갱신 거절사유가 존재한다는 점에 대한 증명책임의 소재(=임대인)","구 도시 및 주거환경정비법(2017. 2. 8. 법률 제14567호로 전부 개정되기 전의 것, 이하 ‘구 도시정비법’이라 한다)에 따라 정비사업이 시행되는 경우 관리처분계획인가·고시가 이루어지면 종전 건축물의 소유자나 임차권자는 그때부터 이전고시가 있는 날까지 이를 사용·수익할 수 없고( 구 도시정비법 제49조 제6항 ), 사업시행자는 소유자, 임차권자 등을 상대로 부동산의 인도를 구할 수 있다. 이에 따라 임대인은 원활한 정비사업 시행을 위하여 정해진 이주기간 내에 세입자를 건물에서 퇴거시킬 의무가 있다. 따라서 임대차 종료 시 이미 구 도시정비법상 관리처분계획인가·고시가 이루어졌다면, 임대인이 관련 법령에 따라 건물 철거를 위해 건물 점유를 회복할 필요가 있어 구 상가...","구 상가건물 임대차보호법(2018. 10. 16. 법률 제15791호로 개정되기 전의 것) 제10조 제1항 제7호 (다)목 , 제10조의4 제1항 , 구 도시 및 주거환경정비법(2017. 2. 8. 법률 제14567호로 전부 개정되기 전의 것) 제28조 제4항 (현행 제50조 제7항 참조), 제49조 제3항 (현행 제78조 제4항 참조), 제6항 (현행 제81조 제1항 참조), 민사소송법 제288조","대법원 2014. 7. 24. 선고 2012다62561, 62578 판결(공2014하, 1650)","부동산, 주택, 상가, 건물, 임대차, 임차권, 임대인, 임차인, 임대차계약, 손해배상, 기각",전문 원문: https://www.law.go.kr/LSW/precInfoP.do?precSeq=214309,civil_lease_definition,민법 제618조 임대차의 의의,civil_nonperformance_damages|민법 제390조 채무불이행 손해배상; civil_lease_definition|민법 제618조 임대차의 의의
757,CASE_2012_00757,2011나40726,대위변제금,서울고법,2012-05-03,민사,판결,2심,일부인용,"[1] 채무자나 변제할 정당한 이익이 있는 자 모두의 위임 없이 채무를 변제한 자가 변제할 정당한 이익이 있는 자를 상대로 사무관리에 따른 필요비 상환청구권을 행사할 수 있는지 여부 (적극) [2] 부동산 소유권을 회복할 지위에 있는 자가 근저당권의 피담보채무를 변제할 정당한 이익이 있는 자에 해당하는지 여부 (적극) [3] 甲이 乙을 기망하여 乙 소유의 부동산에 대한 교환계약을 체결하고 甲이 지정하는 丙 명의로 소유권이전등기를 경료받은 후 위 부동산에 丁 명의의 근저당권이 설정되었는데, 戊가 丁의 근저당권부 채권을 변제하여 근저당권이 말소된 사안에서, 戊는 乙을 상...","[1] 제3자의 변제로 채무가 소멸한 경우 채무의 소멸로 변제할 정당한 이익이 있는 자가 변제를 하지 않아도 되는 이익을 얻었다면 제3자의 변제는 변제할 정당한 이익이 있는 자에게 불리하지 아니하고 또한 그 의사에 반하지 아니한 것으로 인정되므로, 제3자는 변제할 정당한 이익이 있는 자를 상대로 사무관리에 따른 필요비 상환청구권을 행사할 수 있다. 한편 채무자의 위임을 받아 채무를 변제한 자는 채무자를 상대로 위임에 의한 비용상환을 청구할 수 있을 뿐 변제할 정당한 이익이 있는 자를 상대로 사무관리에 의한 비용상환을 청구할 수 없으나, 채무자나 변제할 정당한 이익이 있는 자 모두의 위임 없이 채무를 변제한 자는 채무자나 변제할 정당한 이익이 있는 자 중 1인을 상대로 사무...","[1] 민법 제469조 , 제481조 , 제734조 , 제739조 [2] 민법 제481조 [3] 민법 제387조 제2항 , 제469조 , 제481조 , 제734조 , 제739조","[1] 대법원 1961. 11. 9. 선고 4293민상729 판결, 대법원 2010. 2. 11. 선고 2009다71558 판결 (공2010상, 525), 대법원 2011. 11. 10. 선고 2011다48568 판결 (공2011하, 2546)","부동산, 임야, 매매, 매수, 소유권이전, 등기, 가등기, 근저당, 저당권, 담보, 경매, 기망",전문 원문: https://www.law.go.kr/LSW/precInfoP.do?precSeq=230367,civil_fraud_duress,민법 제110조 사기·강박에 의한 의사표시,civil_fraud_duress|민법 제110조 사기·강박에 의한 의사표시; civil_sale_effect|민법 제568조 매매의 효력
758,CASE_2017_00758,2016고합376,특정경제범죄가중처벌등에관한법률위반(배임),의정부지법,2017-07-20,형사,판결,1심,무죄,"甲 농업협동조합 상임이사인 피고인이 전직 조합장 乙로부터 乙이 소유한 토지 5필지를 담보로 대출해 달라는 부탁을 받고, 대출가능금액을 산정할 때 위 토지에 포함된 보전산지 부분의 평가가액을 제외하지 않는 방법으로 여신업무 기준을 위반하여 乙에게 대출가능금액보다 10억여 원 초과하는 금액을 대출해 줌으로써 甲 조합에 손해를 가하였다고 하여 특정경제범죄 가중처벌 등에 관한 법률 위반(배임)으로 기소된 사안에서, 피고인에게 무죄를 선고한 사례","甲 농업협동조합 상임이사인 피고인이 전직 조합장 乙로부터 乙이 소유한 토지 5필지를 담보로 대출해 달라는 부탁을 받고, 대출가능금액을 산정할 때 위 토지에 포함된 보전산지 부분의 평가가액을 제외하지 않는 방법으로 여신업무 기준을 위반하여 乙에게 대출가능금액보다 10억여 원 초과하는 금액을 대출해 줌으로써 甲 조합에 손해를 가하였다고 하여 특정경제범죄 가중처벌 등에 관한 법률 위반(배임)으로 기소된 사안에서, 피고인의 대출가능금액 산정 방식이 대출관련 내부규정에 명백히 반한다거나 위 대출이 충분한 담보 제공 없이 이루어진 부실 대출이라고 단정하기 어렵고, 결과적으로 대출금 전부를 회수하지 못하였더라도 피고인이 대출 당시 이러한 상황을 적극적으로 의도하였다거나 인식하였다고 볼...","구 특정경제범죄 가중처벌 등에 관한 법률(2012. 2. 10. 법률 제11304호로 개정되기 전의 것) 제3조 제1항 제2호 , 형법 제355조 제2항 , 제356조 , 형사소송법 제325조",없음,"부동산, 토지, 임야, 매수, 조합원, 근저당, 저당권, 담보, 배임, 무죄",전문 원문: https://www.law.go.kr/LSW/precInfoP.do?precSeq=185521,aggravated_economic_crime,특정경제범죄 가중처벌 등에 관한 법률 제3조,aggravated_economic_crime|특정경제범죄 가중처벌 등에 관한 법률 제3조; embezzlement_breach_of_trust|형법 제355조·제356조 횡령·배임; civil_sale_effect|민법 제568조 매매의 효력
759,CASE_2017_00759,"2015다235438, 235445",지료·지료,대법원,2017-10-26,민사,판결,상고심,파기환송,"[1] 1동의 건물에 대하여 구분소유가 성립하기 위한 요건 및 여기서 ‘구분행위’의 의미 / 구분건물이 완성되기 전에 건축허가신청이나 분양계약 등을 통하여 장래 신축되는 건물을 구분건물로 하겠다는 구분의사가 객관적으로 표시된 경우, 구분행위의 존재가 인정되는지 여부 (적극) 및 이 경우 구분소유가 성립하는 시기 [2] 구분소유자가 아닌 자가 구분소유 성립 전부터 전유부분의 소유와 무관하게 집합건물의 대지로 된 토지에 대하여 가지고 있는 권리가 집합건물의 소유 및 관리에 관한 법률 제20조 에서 정한 분리처분금지의 제한을 받는지 여부 (소극)","시기나 방식에 특별한 제한이 있는 것은 아니고 처분권자의 구분의사가 객관적으로 외부에 표시되면 인정된다. 구분건물이 물리적으로 완성되기 전에도 건축허가신청이나 분양계약 등을 통하여 장래 신축되는 건물을 구분건물로 하겠다는 구분의사가 객관적으로 표시되면 구분행위의 존재를 인정할 수 있으나, 그 구조와 형태 등이 건축허가의 내용과 사회통념상 동일하다고 인정될 정도로 1동의 건물 및 그 구분행위에 상응하는 구분건물이 객관적·물리적으로 완성되어야 그 시점에 구분소유가 성립한다( 대법원 2013. 1. 17. 선고 2010다71578 전원합의체 판결 , 대법원 2015. 6. 24. 선고 2012다109538 판결 등 참조). 한편 집합건물의","[1] 집합건물의 소유 및 관리에 관한 법률 제1조 [2] 집합건물의 소유 및 관리에 관한 법률 제2조 제6호 , 제20조 제2항","[1] 대법원 2013. 1. 17. 선고 2010다71578 전원합의체 판결 (공2013상, 298), 대법원 2015. 6. 24. 선고 2012다109538 판결 / [2] 대법원 2010. 5. 27. 선고 2010다6017 판결 (공2010하, 1265), 대법원 2013. 10. 24. 선고 2011다12149, 12156 판결(공2013하, 2105), 대법원 2017. 9. 12. 선고 2015다242849 판결 (공2017하, 1944)","부동산, 주택, 토지, 임야, 건물, 매수, 매도, 소유권이전, 소유권보존, 분양, 분양계약, 등기",전문 원문: https://www.law.go.kr/LSW/precInfoP.do?precSeq=199893,civil_sale_effect,민법 제568조 매매의 효력,civil_sale_effect|민법 제568조 매매의 효력
760,CASE_2001_00760,2000나5327,대여금,대전지법,2001-12-21,민사,판결,2심,항소기각,건물 매매잔대금을 소비대차의 목적물로 한 준소비대차계약에 있어서 그 차용금에 대한 이자지급청구가 그 준소비대차계약 체결 경위 등에 비추어 매도인이 건물의 일부를 점유하면서 사용·수익하고 있는 동안에는 신의칙에 반한다고 한 사례,건물 매매잔대금을 소비대차의 목적물로 한 준소비대차계약에 있어서 그 차용금에 대한 이자지급청구가 그 준소비대차계약 체결 경위 등에 비추어 매도인이 건물의 일부를 점유하면서 사용·수익하고 있는 동안에는 신의칙에 반한다고 한 사례.,"[1] 민법 제2조 , 제605조",없음,"부동산, 주택, 토지, 건물, 임대차, 보증금, 임대인, 임차인, 주택임대차, 임대차계약, 임차보증금, 매매",전문 원문: https://www.law.go.kr/LSW/precInfoP.do?precSeq=71436,civil_lease_definition,민법 제618조 임대차의 의의,civil_sale_effect|민법 제568조 매매의 효력; civil_lease_definition|민법 제618조 임대차의 의의
761,CASE_2016_00761,2015나2034527,배당이의,서울고법,2016-06-09,민사,판결,2심,항소기각,"甲 은행이 乙 주식회사와 부동산 임대차계약을 체결하면서 임대차보증금반환채무 등을 담보하기 위하여 임대차 목적 부동산에 포괄근저당권을 설정받은 후 乙 회사에 두 차례에 걸쳐 자금을 대출하였고, 그 후 丙 외국법인에 乙 회사에 대한 대출채권을 양도하는 자산양수도계약을 체결하였으며, 丙 법인의 계약상 지위를 인수한 丁 유한회사가 戊 유한회사에 乙 회사에 대한 모든 채권을 양도하는 자산양수도계약을 체결하였고, 각 양도사실이 甲 회사에 통지되었으며, 丁 회사 및 戊 회사 명의의 근저당권일부이전의 부기등기가 순차로 마쳐졌는데, 임대차 목적 부동산에 관하여 甲 은행보다 후순위로...","甲 은행이 乙 주식회사와 부동산 임대차계약을 체결하면서 임대차보증금반환채무 등을 담보하기 위하여 임대차 목적 부동산에 포괄근저당권을 설정받은 후 乙 회사에 두 차례에 걸쳐 자금을 대출하였고, 그 후 丙 외국법인에 乙 회사에 대한 대출채권을 양도하는 자산양수도계약을 체결하였으며, 丙 법인의 계약상 지위를 인수한 丁 유한회사가 戊 유한회사에 乙 회사에 대한 모든 채권을 양도하는 자산양수도계약을 체결하였고, 각 양도사실이 甲 회사에 통지되었으며, 丁 회사 및 戊 회사 명의의 근저당권일부이전의 부기등기가 순차로 마쳐졌는데, 임대차 목적 부동산에 관하여 甲 은행보다 후순위로 근저당권을 설정받은 己 은행이 자신이 신청한 부동산임의경매절차에서 戊 회사가 배당을 받자, 근저당권의 피담보...","민법 제357조 , 제361조 , 제450조 , 자산유동화에 관한 법률 제6조 제1항 , 제8조 제1항",없음,"부동산, 토지, 건물, 임대차, 보증금, 임대차계약, 매수, 등기, 근저당, 저당권, 담보, 경매",전문 원문: https://www.law.go.kr/LSW/precInfoP.do?precSeq=183094,civil_lease_definition,민법 제618조 임대차의 의의,civil_sale_effect|민법 제568조 매매의 효력; civil_lease_definition|민법 제618조 임대차의 의의
762,CASE_1985_00762,85다카1585,토지소유권이전등기등,대법원,1985-11-26,민사,판결,상고심,파기환송,잔대금지급과 소유권이전등기서류의 제공이 동시이행관계에 있는 부동산매매계약에 있어서 매도인의 제공서류가 어떠한 것인지 구체적으로 밝히지 않은 채 매수인의 대금미지급만을 이유로 계약해제를 인정함의 당부,잔대금지급이 소유권이전등기서류의 제공과 동시이행관계에 있는 부동산매매계약에 있어서 매도인이 제공한 등기이전서류가 구체적으로 어떤 것인지 또 그것만으로 채무의 본지에 따른 이행의 제공으로 볼 수 있는지를 따져보지 아니한 채 매수인의 잔대금지급의 지체만을 이유로 동 계약의 해제를 인정함은 위법하다.,"민법 제536조 , 제544조 , 민사소송법 제187조","대법원 1985.7.23. 선고 84다카2527, 2528 판결","부동산, 토지, 매매, 매수, 매도, 매매계약, 계약금, 중도금, 잔금, 소유권이전, 등기, 가등기",전문 원문: https://www.law.go.kr/LSW/precInfoP.do?precSeq=205844,civil_sale_effect,민법 제568조 매매의 효력,civil_sale_effect|민법 제568조 매매의 효력
763,CASE_2020_00763,2018다287522,부당이득금,대법원,2020-05-21,민사,판결,상고심,상고기각,"공유물의 소수지분권자가 다른 공유자와 협의 없이 공유물의 전부 또는 일부를 독점적으로 점유·사용하고 있는 경우, 다른 소수지분권자가 공유물의 보존행위로서 공유물의 인도를 청구할 수 있는지 여부 (소극) 및 자신의 지분권에 기초하여 공유물에 대한 방해 상태를 제거하거나 공동 점유를 방해하는 행위의 금지 등을 청구할 수 있는지 여부 (적극)","[다수의견] (가) 공유물의 소수지분권자인 피고가 다른 공유자와 협의하지 않고 공유물의 전부 또는 일부를 독점적으로 점유하는 경우 다른 소수지분권자인 원고가 피고를 상대로 공유물의 인도를 청구할 수는 없다고 보아야 한다. 상세한 이유는 다음과 같다. ① 공유자 중 1인인 피고가 공유물을 독점적으로 점유하고 있어 다른 공유자인 원고가 피고를 상대로 공유물의 인도를 청구하는 경우, 그러한 행위는 공유물을 점유하는 피고의 이해와 충돌한다. 애초에 보존행위를 공유자 중 1인이 단독으로 할 수 있도록 한 것은 보존행위가 다른 공유자에게도 이익이 되기 때문이라는 점을 고려하면, 이러한 행위는 민법 제265조 단서에서 정한 보존행위라고 보기 어렵다. ② 피고가 다른 공유자를 배제하고...","민법 제211조 , 제213조 , 제214조 , 제263조 , 제265조 , 민사집행법 제257조 , 제258조 , 제261조","대법원 1966. 4. 19. 선고 65다2033 판결(집14-1, 민205)(변경) , 대법원 1971. 7. 20. 선고 71다1040 판결(집19-2, 민209)(변경) , 대법원 1974. 6. 11. 선고 73다381 판결(변경), 대법원 1976. 6. 8. 선고 75다2104 판결(변경), 대법원 1978. 5. 23. 선고 77다1157 판결(공1978, 10877)(변경) , 대법원 1979. 6. 12. 선고 79다647 판결(공1979, 12009)(변경) , 대법원 1983....","토지, 건물, 공유지분, 부당이득, 해제",전문 원문: https://www.law.go.kr/LSW/precInfoP.do?precSeq=226319,civil_sale_effect,민법 제568조 매매의 효력,civil_sale_effect|민법 제568조 매매의 효력
764,CASE_2022_00764,2017다265884,유류분반환청구의소,대법원,2022-01-27,민사,판결,상고심,상고기각,"[1] 유류분권리자의 유류분 부족액 산정 방법 / 유류분권리자의 구체적인 상속분보다 유류분권리자가 부담하는 상속채무가 더 많은 경우, 그 초과분을 유류분액에 가산하여 유류분 부족액을 산정하여야 하는지 여부 (적극) [2] 유언자가 임차권 또는 근저당권이 설정된 목적물을 특정유증하면서 유증을 받은 자가 임대차보증금반환채무 또는 피담보채무를 인수할 것을 부담으로 정한 경우, 특정유증으로 유류분권리자가 얻은 순상속분액은 없다고 보아 유류분 부족액을 산정하여야 하는지 여부 (적극) 및 특정유증을 받은 자가 임대차보증금반환채무 또는 피담보채무를 변제한 경우, 상속인에 대하여...","[1] 유류분권리자의 유류분 부족액은 유류분액에서 특별수익액과 순상속분액을 공제하는 방법으로 산정하는데, 피상속인이 상속개시 시에 채무를 부담하고 있던 경우 유류분액은 민법 제1113조 제1항 에 따라 피상속인이 상속개시 시에 가진 재산의 가액에 증여재산의 가액을 가산하고 채무의 전액을 공제하여 유류분 산정의 기초가 되는 재산액을 확정한 다음, 거기에 민법 제1112조 에서 정한 유류분 비율을 곱하여 산정한다. 그리고 유류분액에서 공제할 순상속분액은 특별수익을 고려한 구체적인 상속분에서 유류분권리자가 부담하는 상속채무를 공제하여 산정하고, 이때 유류분권리자의 구체적인 상속분보다 유류분권리자가 부담하는 상속채무가 더 많다면 그 초과분을 유류분액에 가산하여 유류분 부족액을 산...","[1] 민법 제1008조 , 제1112조 , 제1113조 제1항 , 제1118조 [2] 민법 제1078조 , 제1088조 , 제1112조 , 제1113조 제1항 , 주택임대차보호법 제3조 제1항 , 상가건물 임대차보호법 제3조 제1항 [3] 민법 제1088조","[1] 대법원 2021. 8. 19. 선고 2017다235791 판결(공2021하, 1688) / [2] 대법원 2010. 12. 23. 선고 2007다22859 판결 (공2011상, 187) / [3] 대법원 2003. 5. 27. 선고 2000다73445 판결 (공2003하, 1419)","부동산, 주택, 상가, 건물, 임대차, 보증금, 임차권, 임차인, 주택임대차, 임대차계약, 근저당, 저당권",전문 원문: https://www.law.go.kr/LSW/precInfoP.do?precSeq=219297,civil_lease_definition,민법 제618조 임대차의 의의,civil_lease_definition|민법 제618조 임대차의 의의
765,CASE_1990_00765,90다카17153,부당이득금반환,대법원,1990-11-13,민사,판결,상고심,상고기각,가. 강박에 의한 법률행위의 취소권이 제소기간의 경과로 소멸하고 그로 인한 손해배상청구권 역시 소멸시효 기간의 경과로 소멸하였다고 본 사례 나. 강박에 의한 불법행위를 원인으로 한 손해배상채권과 소멸시효의 기산점 다. 강박행위에 의한 금원교부와 부당이득반환채무의 성부,"가. 원고가 피고들의 강박행위에 의하여 피고들에게 금원을 교부하였다는 이유로 그 의사표시를 취소하고 피고들에 대하여 부당이득반환 또는 불법행위로 인한 손해배상을 구하는 사건에 있어서 원고가 같은 무렵 피고들의 강박에 의하여 다른 토지에 관한 가등기가 경료되었다는 이유로 가등기의 말소청구소송을 제기한 때에는 강박상태에서 벗어나 있었다고 봄이 상당하므로 그로부터 3년의 제소기간이 경과함으로써 원고의 취소권은 소멸하였다 할 것이고, 또한 그 무렵에는 피고들의 위와 같은 강박행위가 위법 한 것임을 알고 이를 이유로 손해배상청구소송을 제기할 수 있었다 할 것 이어서 불법행위를 원인으로 한 손해배상청구권 역시 위 제소일로부터 3년의 소멸시효기간이 경과함으로 인하여 소멸하였다 할 것이...",가.나.다. 민법 제110조 가. 제146조 가.나. 제766조 제1항 다. 제741조,없음,"부동산, 토지, 매매, 매매대금, 잔금, 등기, 가등기, 강박, 협박, 공갈, 고소, 사기",전문 원문: https://www.law.go.kr/LSW/precInfoP.do?precSeq=147172,civil_fraud_duress,민법 제110조 사기·강박에 의한 의사표시,civil_fraud_duress|민법 제110조 사기·강박에 의한 의사표시; civil_nonperformance_damages|민법 제390조 채무불이행 손해배상; civil_sale_effect|민법 제568조 매매의 효력
766,CASE_2011_00766,"2010나21308,2010나21315(병합)",근저당권 말소 회복 등기등·근저당권 말소,서울고등법원,2011-02-24,민사,판결,2심,1. 원고의 피고 1에 대한 항소를 각하한다. 2. 당심에서 교환적으로 변경된 피고 2에 대한 이행불능을 이유로 한 손해배상청...,"변론종결】 2011. 1. 20. 【주 문】 1. 원고의 피고 1에 대한 항소를 각하한다. 2. 당심에서 교환적으로 변경된 피고 2에 대한 이행불능을 이유로 한 손해배상청구 및 원고의 피고 2에 대한 항소, 당심에서 교환적으로 변경된 피고 모아저축은행에 대한 청구를 각 기각한다. 3. 원고와 피고 1 사이에 생긴 항소비용, 원고와 피고 2, 모아저축은행 사이에 생긴 소송총비용은 모두 원고가 부담한다. 【청구취지 및 항소취지】 1. 청구취지 피고 1 : 주위적으로, 피고 1은 원고에게 별지 목록 기재 각 부동산에 관하여 의정부지방법원 고양지원 고양등기소 2007. 10","1. 피고 1에 대한 항소의 적법 여부 가. 원고는 피고 1에 대하여 주위적으로 별지 목록 기재 각 부동산에 관하여 의정부지방법원 고양지원 고양등기소 2007. 10. 17. 접수 제135733호로 말소등기된 같은 등기소 2004. 11. 1. 접수 제101553호 근저당권설정등기의 회복등기절차의 이행을 구하고, 예비적으로 불법행위를 원인으로 하여 피고 2와 연대하여 1억 원 및 이에 대한 지연손해금을 지급할 것을 구하였다. 이에 대하여 제1심 법원은 원고의 주위적 청구를 인용하면서도 집행이 불가능하게 되어 그 실효성이 없게 된다는 이유로 예비적 청구에 관한 판단까지 나아가 예비적 청구가 이유 없다고 판단하였고, 제1심",원문 참조,없음,"부동산, 임차인, 매매, 소유권이전, 등기, 가등기, 근저당, 저당권, 담보, 경매, 배당, 손해배상",전문 원문: https://www.law.go.kr/LSW/precInfoP.do?precSeq=158444,civil_lease_definition,민법 제618조 임대차의 의의,civil_nonperformance_damages|민법 제390조 채무불이행 손해배상; civil_sale_effect|민법 제568조 매매의 효력; civil_lease_definition|민법 제618조 임대차의 의의
767,CASE_1985_00767,83도1375,"사기,폭력행위등처벌에관한법률위반,배임,건축법위반,부정수표단속법위반",대법원,1985-10-08,형사,판결,상고심,상고기각,가. 법인이 처리할 의무를 지는 타인의 사무에 관한 배임죄의 주체 나. 부동산의 2중양도로 인한 배임죄의 기수시기,가. 법인이 처리할 의무를 지는 타인의 사무에 관하여는 법인이 배임죄의 주체가 될 수없고 법인을 대표하여 사무를 처리하는 자연인인 대표기관이 바로 타인의 사무를 처리하는 자로서 배임죄의 주체가 된다. 나. 부동산의 매도인으로서 매수인에 대하여 그 명의의 소유권이전등기절차에 협력할 의무있는 자가 그 임무에 위배하여 다시 차용금의 담보로 제공하여 제3자명의의 가등기를 경료해 준 경우 그 가등기절차를 마침으로서 배임행위는 기수가 되었다고 볼 것이며 그것이 후에 말소되었다 하더라도 이미 성립한 배임죄에 아무런 영향이 없다.,가.나. 형법 제355조 제2항,대법원 1984.10.10. 선고 82도2595 판결,"부동산, 아파트, 매수, 매도, 잔금, 소유권이전, 분양, 분양계약, 등기, 가등기, 담보, 폭력행위",전문 원문: https://www.law.go.kr/LSW/precInfoP.do?precSeq=100980,embezzlement_breach_of_trust,형법 제355조·제356조 횡령·배임,criminal_fraud|형법 제347조 사기죄; embezzlement_breach_of_trust|형법 제355조·제356조 횡령·배임; civil_sale_effect|민법 제568조 매매의 효력
768,CASE_2011_00768,"2011노969,2011노1449(병합)",사기·사문서 위조(일부 인정된 죄명:자격모용 사문서작성)·위조 사문서 행사(일부 인정된 죄명:자격 모용작성 사문서 행사)·사문서 변조·변조 사문서 행사·공전자 기록등 불실 기재·불실 기재 공전자 기록등 행사·자격모용 사문서 작성·사기·사문서 위조·위조 사문서 행사,서울중앙지방법원,2011-07-13,형사,판결,2심,무죄,"서울중앙지방법원 2011. 4. 22. 선고 2011고단958 판결 【주 문】 1. 제1 원심판결 중 배상명령을 제외한 부분과 제2 원심판결을 모두 파기한다. 피고인을 징역 5년 6월에 처한다. 2. 이 사건 공소사실 중 피해자 공소외 1 명의의 인감증명서에 대한 사기의 점( 2010고단1249 부분)은 무죄. 【이 유】 1. 항소이유의 요지 가. 피고인 원심의 각 형(제1 원심판결 : 징역 5년, 제2 원심판결 : 징역 10월)이 너무 무거워서 부당하다. 나. 검찰 원심의 각 형이 너무 가벼워서 부당하다. 2. 직권판단 가. 직권으로 살피건대, 제1,","있어 형법 제38조 제1항 에 의하여 경합범 가중을 한 형기 범위 내에서 단일한 선고형으로 처단하여야 할 것이므로, 이 점에서 피고인에 대한 원심판결들은 모두 파기를 면할 수 없게 되었다. 나. 또한, 검사가 당심에서, 제1 원심판결 중 ‘ 2009고단7195’ 공소사실의 제1항 제목을 “1. 사문서위조 및 사문서변조”에서 “1. 사문서위조, 사문서변조 및 자격모용사문서작성”으로, 제2항 제목을 “2. 위조사문서행사 및 변조사문서행사”에서 “2. 위조사문서행사, 변조사문서행사 및 자격모용작성사문서행사”로 각 변경하고, 위 공소사실 제1의 나.항 하단의 “피고인은 이와 같이 행사할 목적으로 권리의무에 관한 사문서인 공소외 2 명의의 부동",원문 참조,없음,"부동산, 아파트, 상가, 건물, 빌라, 매매, 매수, 매도, 매매계약, 매매대금, 계약금, 중도금",전문 원문: https://www.law.go.kr/LSW/precInfoP.do?precSeq=159735,criminal_fraud,형법 제347조 사기죄,criminal_fraud|형법 제347조 사기죄; civil_sale_effect|민법 제568조 매매의 효력
769,CASE_2000_00769,98도105,공문서위조·위조공문서행사·공문서변조·변조공문서행사·공정증서원본불실기재·불실기재공정증서원본행사,대법원,2000-03-24,형사,판결,상고심,상고기각,"소유권이전등기나 보존등기에 절차상 하자가 있거나 등기원인이 실제와 다르다 하더라도 그 등기가 실체적 권리관계에 부합하는 유효한 등기인 경우, 공정증서원본불실기재 및 동행사죄의 성립 여부 (소극) 및 위와 같은 죄로 공소가 제기된 경우, 당해 등기가 실체적 권리관계에 부합하는 유효한 등기라는 주장의 소송상 의미(=적극부인)","부동산에 관하여 경료된 소유권이전등기나 보존등기가 절차상 하자가 있거나 등기원인이 실제와 다르다 하더라도 그 등기가 실체적 권리관계에 부합하는 유효한 등기인 경우에는 공정증서원본불실기재, 동행사죄의 구성요건 해당성이 없게 되고, 그와 같은 죄로 공소가 제기된 경우 피고인이 당해 등기가 실체적 권리관계에 부합하는 유효한 등기라고 주장하는 것은 공소사실에 대한 적극부인에 해당한다.","형법 제228조 , 제229조 , 형사소송법 제308조","대법원 1984. 12. 11. 선고 84도2285 판결 (공1985, 224), 대법원 1990. 9. 28. 선고 90도427 판결 (공1990, 2242), 대법원 1996. 4. 26. 선고 95도2468 판결 (공1996상, 1772), 대법원 1997. 7. 11. 선고 97도1180 판결 (공1997하, 2586), 대법원 1998. 4. 14. 선고 98도16 판결 (공1998상, 1419)","부동산, 토지, 임야, 소유권이전, 소유권보존, 등기, 공정증서원본불실기재, 사기, 위조, 기각, 파기, 불실기재",전문 원문: https://www.law.go.kr/LSW/precInfoP.do?precSeq=229747,criminal_fraud,형법 제347조 사기죄,criminal_fraud|형법 제347조 사기죄
770,CASE_1988_00770,87고단1752,주택건설촉진법위반,인천지법,1988-04-01,형사,판결,1심,무죄,주택조합구성에 있어 최초의 조합원모집에 부정이 있었으나 후에 자격을 갖춘 입주의사있는 조합원들에게 분양한 것이 주택건설촉진법 제47조 의 공급질서교란행위에 해당하는지 여부 (소극),입주의사는 없으나 조합원이 될 자격을 갖춘 자들의 명의를 빌어 주택조합을 만들어 주택을 건립하는 등 주택조합구성에 있어 최초의 조합원모집에 부정이 있었다 하더라도 후에 입주의사있는 자격을 갖춘 자들을 모집하여 조합원명의변경을 하고 그들에게 분담하였다면 주택건설촉진법 제47조 소정의 허위 기지 부정한 방법으로 동법에 의해 건설·공급되는 주택을 공급한 것에 해당한다고 볼수 없다.,주택건설촉진법 제47조,대법원 1980.4.22. 선고 80도512 판결(요특II주택건설촉진법 제47조(1) 982면 카12432 집28①형108 공634호12833),"주택, 아파트, 매매, 매매대금, 소유권이전, 분양, 분양대금, 조합원, 등기, 기망, 허위, 위조",전문 원문: https://www.law.go.kr/LSW/precInfoP.do?precSeq=118392,criminal_fraud,형법 제347조 사기죄,criminal_fraud|형법 제347조 사기죄; civil_fraud_duress|민법 제110조 사기·강박에 의한 의사표시; civil_sale_effect|민법 제568조 매매의 효력
771,CASE_2020_00771,"2019다296172, 296189",건물명도(인도)·손해배상(기),대법원,2020-08-20,민사,판결,상고심,상고기각,"학교법인이 임차인이 주선한 신규임차인이 되려는 자와 임대차계약을 체결하는 것이 경쟁입찰의 방법으로 임차인을 선정해야 할 법령상 의무를 위반하는 것이 되는 경우, 구 상가건물 임대차보호법 제10조의4 제1항 제4호 에서 정한 임대차계약 체결을 거절할 ‘정당한 사유’가 있는 경우에 해당하는지 여부 (원칙적 적극)","구 상가건물 임대차보호법(2018. 10. 16. 법률 제15791호로 개정되기 전의 것, 이하 ‘구 상가임대차법’이라 한다) 제10조의4 는 “임대인은 임대차기간이 끝나기 3개월 전부터 임대차 종료 시까지 다음 각호의 어느 하나에 해당하는 행위를 함으로써 권리금 계약에 따라 임차인이 주선한 신규임차인이 되려는 자로부터 권리금을 지급받는 것을 방해하여서는 아니 된다.”라고 정하면서( 제1항 ), 각호의 사유 중 하나로 ‘그 밖에 정당한 사유 없이 임대인이 임차인이 주선한 신규임차인이 되려는 자와 임대차계약의 체결을 거절하는 행위’를 들고 있다( 제4호 ). 임대인이 위와 같은 권리금 회수기회 보호의무를 위반하여 임차인에게 손해를 발생하게 한 때에는 그 손해를 배상할 책임을...","구 상가건물 임대차보호법(2018. 10. 16. 법률 제15791호로 개정되기 전의 것) 제10조의4 제1항 제4호 , 제3항 , 사립학교법 제33조 , 사학기관 재무·회계 규칙 제35조 제1항 , 제3항 , 국가를 당사자로 하는 계약에 관한 법률 시행령 제26조 제1항 제5호 (가)목",없음,"상가, 건물, 임대차, 임대인, 임차인, 임대차계약, 손해배상, 기각",전문 원문: https://www.law.go.kr/LSW/precInfoP.do?precSeq=211795,civil_lease_definition,민법 제618조 임대차의 의의,civil_nonperformance_damages|민법 제390조 채무불이행 손해배상; civil_lease_definition|민법 제618조 임대차의 의의
772,CASE_1984_00772,84도785,사기,대법원,1984-07-24,형사,판결,상고심,상고기각,수임인이 위임인의 인장을 새겨서 한 문서(임대차 계약서) 작성과 사문서위조,"피고인이 시장점포의 임대차에 관하여 지주들의 허락을 받고 공소외인에게 임대하면서 이미 새겨둔 동인들의 인장을 사용하여 임대차계약서를 작성하고 임대보증금을 수령하였다면 이같은 행위는 지주들로부터 위임받은 권한범위내에서 정당한 업무수행행위로서 한 것이므로 사문서위조, 동행사등 죄를 구성하지 않는다.","형법 제231조 , 제234조",없음,"임대차, 보증금, 임차인, 임대차계약, 사기, 위조, 무죄, 기각",전문 원문: https://www.law.go.kr/LSW/precInfoP.do?precSeq=99601,criminal_fraud,형법 제347조 사기죄,criminal_fraud|형법 제347조 사기죄; civil_lease_definition|민법 제618조 임대차의 의의
773,CASE_1999_00773,99도202,사기미수·사문서위·조·위조사문서행사·공정증서원본불실기재·불실기재공정증서원본행사·위증,대법원,1999-05-14,형사,판결,상고심,상고기각,"[1] 사문서위조죄나 공정증서원본불실기재죄가 성립한 후 피해자의 동의 또는 추인이 있는 경우, 이미 성립한 범죄에 영향이 있는지 여부 (소극) [2] 공소사실 첫머리 부분의 기재 요령 [3] 상상적 경합관계에 있는 수죄 중 일부 죄만이 기소되었음에도 불구하고 기소되지 않는 부분까지 유죄로 인정하여 상상적 경합범으로 의율한 경우, 그 법률적용상의 위법이 판결 결과에 영향을 미치는지 여부 (적극)","[1] 사문서위조나 공정증서원본 불실기재가 성립한 후, 사후에 피해자의 동의 또는 추인 등의 사정으로 문서에 기재된 대로 효과의 승인을 받거나, 등기가 실체적 권리관계에 부합하게 되었다 하더라도, 이미 성립한 범죄에는 아무런 영향이 없다. [2] 형사소송법 제254조 제3항에 의하면 공소장에는 피고인의 성명, 기타 피고인을 특정할 수 있는 사항, 죄명, 공소사실, 적용법조를 기재하게 되어 있고, 형사소송규칙 제118조 제2항은 공소장에는 사건에 관하여 법원에 예단이 생기게 할 수 있는 서류 기타 물건을 첨부하거나 그 내용을 인용하여서는 아니된다고 규정하고 있으므로, 공소장에는 법령이 요구하는 사항만 기재하고, 공소사실의 첫머리에 공소사실과 관계없이 법원의 예단이 생기게 할...","[1] 형법 제228조 , 제231조 [2] 형사소송법 제254조 [3] 형법 제40조 , 형사소송법 제383조 제1호","[1] 대법원 1983. 6. 28. 선고 82도1823 판결 (공1983, 1211), 대법원 1998. 4. 14. 선고 98도16 판결 (공1998상, 1419) / [2] 대법원 1992. 9. 22. 선고 92도1751 판결 (공1992, 3043) / [3] 대법원 1980. 12. 9. 선고 80도384 전원합의체 판결 (공1981, 13473), 대법원 1984. 3. 13. 선고 83도3006 판결 (공1984, 750), 대법원 1995. 7. 28. 선고 95도997 판결 (공...","부동산, 토지, 매매, 매수, 매매대금, 등기, 가등기, 담보, 공정증서원본불실기재, 고소, 사기, 허위",전문 원문: https://www.law.go.kr/LSW/precInfoP.do?precSeq=117692,criminal_fraud,형법 제347조 사기죄,criminal_fraud|형법 제347조 사기죄; civil_sale_effect|민법 제568조 매매의 효력
774,CASE_2006_00774,2005다39013,손해배상(기),대법원,2006-01-27,민사,판결,상고심,상고기각,"[1] 부동산소유권이전등기의 말소를 명하는 판결이 확정된 후 또는 그 판결확정과 동시에 그 집행이 불능한 것이 되는 경우, 별소(別訴)로 그 전보배상을 구하는 것이 허용되는지 여부 (적극) [2] 부동산소유권이전등기 말소등기의무가 이행불능이 됨으로 인한 손해액 및 현재의 급부청구의 이행을 명하는 판결이 확정된 후 또는 그 판결확정과 동시에 그 급부의무가 집행불능이 되는 경우에 전보배상액의 산정기준시기 [3] 甲이 乙을 강박하여 그에 따른 하자있는 의사표시에 의하여 부동산에 관한 소유권이전등기를 마친 다음 타인에게 매도하고 소유권이전등기를 경료하여 준 경우, 그 부동산...","상고이유를 본다. 1. 가. 원심은 그 판시와 같은 사실을 인정한 뒤 다음과 같이 판단하였다. 피고는 원고 1의 이 사건 부동산의 명의수탁자였던 망 소외 1의 상속인들인 소외 2, 3, 4(이하 ‘ 소외 2 등’이라고 한다)에게 이 사건 제1소유권이전등기를 말소할 의무가 있으나, 피고로부터 전득한 소외 5, 6, 7에 대한 소외 2 등의 소유권이전등기말소소송이 2004. 8. 16. 패소 확정됨으로 인하여 피고의 소외 2 등에 대한 이 사건 제1소유권이전등기 말소의무는 결국 이행불능되었고, 이는 피고의 처분행위에 기인한 것이라 할 것이므로 피고는 소외 2 등에게 이 사건 부동산의 가액을 배상할 의무가 있다.",[1] 민법 제393조 [2] 민법 제393조 [3] 민법 제186조 [4] 민법 제404조,"[1] 대법원 1975. 7. 22. 선고 75다450 판결 (공1975, 8610) / [2][3] 대법원 2005. 9. 15. 선고 2005다29474 판결 (공2005하, 1608)","부동산, 매수, 매도, 소유권이전, 등기, 명의신탁, 명의수탁, 강박, 손해배상, 기각, 반환, 취소",전문 원문: https://www.law.go.kr/LSW/precInfoP.do?precSeq=143364,civil_fraud_duress,민법 제110조 사기·강박에 의한 의사표시,civil_fraud_duress|민법 제110조 사기·강박에 의한 의사표시; civil_nonperformance_damages|민법 제390조 채무불이행 손해배상; civil_sale_effect|민법 제568조 매매의 효력
775,CASE_2008_00775,2007다68565,소유권보존등기말소등,대법원,2008-02-15,민사,판결,상고심,파기환송,"甲이 그 소유토지에 집합건물을 위한 대지권을 설정한 이후 전유부분에 관하여 마친 甲명의 소유권보존등기에 무효 사유가 있어 이를 말소하여야 하는 경우, 말소등기의 대상은 “각 부동산(각 대지권 포함)”이 아니라 “각 전유부분(각 대지권 제외)”에 대한 각 소유 지분에 한정된다고 한 사례","00, 피고 4는 3950/16800, 이하 ‘위 각 소유 지분’이라 한다)을 2005. 4. 6. 피고 주식회사 아태경제연구원(이하 ‘피고 회사’라 한다)에게 매도한 것은 이중양도로서 배임행위에 해당하고, 위 이중양도가 이루어지게 된 그 판시와 같은 경위 등에 비추어 보면 피고 회사는 피고 2 외 2인의 배임행위에 적극가담하였다고 보이므로 위 매매계약은 무효이고, 따라서 이 사건 각 전유부분에 관한 피고 회사 명의의 소유권보존등기 중 위 각 소유 지분에 관한 부분은 실체관계에 부합하는 등기라고 할 수도 없어 무효라고 판단하였는바, 관계 법리와 기록에 비추어 살펴보면 원심의 위와 같은 사실인정과 판단은 옳은 것으로 수긍할 수 있고, 거기","민법 제186조 , 부동산등기법 제15조",없음,"부동산, 토지, 건물, 대지권, 매매, 매수, 매도, 매매계약, 소유권이전, 소유권보존, 등기, 근저당",전문 원문: https://www.law.go.kr/LSW/precInfoP.do?precSeq=69246,civil_sale_effect,민법 제568조 매매의 효력,civil_sale_effect|민법 제568조 매매의 효력
776,CASE_2010_00776,2010나1585,부동산경매취소등,광주고등법원,2010-12-01,민사,판결,2심,일부인용,"금원을, 4,100만 원에 대하여는 2010. 7. 15.부터 다 갚는 날까지 연 20%의 비율에 의한 금원을 각 지급하라. 나. 원고의 나머지 주위적 청구를 기각한다. 2. 소송총비용 중 1/4은 원고가, 나머지는 피고가 각 부담한다. 3. 제1의 가.항은 가집행할 수 있다. 【청구취지 및 항소취지】 청구취지 1. 주위적으로, 피고는 원고에게 73,817,107원{대여금 1,500만 원, 불법행위를 원인으로 한 손해배상금 58,817,107원(2009. 2. 25.자 편취금 2,000만 원+소유권이전등기비용 2,100만 원+취득세 등 제세공과금 17,817,070","포괄하여 ‘이 사건 부동산’이라고 한다)은 원래 피고의 소유이었는데, 이 사건 부동산에 관하여 광주지방법원 2009. 2. 20. 접수 제29686호로 같은 날 매매를 원인으로 한 원고 명의의 소유권이전등기가 마쳐졌다. 나. 위 소유권이전등기 과정에서 원고는 소유권이전등기비용 등으로 2,100만원을 지출하고, 소유권이전에 따라 취득세 등 제세공과금 17,817,070원의 납부의무를 부담하게 되었으며, 한편 원고는 이 사건 부동산의 매매와 관련하여 2009. 2. 25. 피고에게 2천만 원을 지급하였다. 다. 위와 같이 소유권이전등기가 마쳐질 당시 이 사건 부동산에 관하여는 2009. 2. 2.자 채권자 소외 1(대법원판결의 소외인), 청",원문 참조,없음,"부동산, 주택, 건물, 전세, 보증금, 전세금, 임차인, 전세권, 임차보증금, 매매, 매매계약, 매매대금",전문 원문: https://www.law.go.kr/LSW/precInfoP.do?precSeq=150910,civil_lease_definition,민법 제618조 임대차의 의의,civil_nonperformance_damages|민법 제390조 채무불이행 손해배상; civil_sale_effect|민법 제568조 매매의 효력; civil_lease_definition|민법 제618조 임대차의 의의
777,CASE_2010_00777,2009다40790,손해배상(기),대법원,2010-06-24,민사,판결,상고심,상고기각,"[1] 주택임대차보호법상 임차인으로서의 지위와 전세권자로서의 지위를 함께 가지고 있는 자가 임차인으로서의 지위에 기하여 경매법원에 배당요구를 한 경우, 전세권에 관하여도 배당요구가 있는 것으로 볼 수 있는지 여부 (소극) [2] 집행법원이 매각물건명세서의 작성에 관하여 부담하는 의무의 내용 및 집행법원이나 경매담당 공무원이 매각물건명세서 작성에 관한 직무상의 의무를 위반한 경우, 국가배상책임이 성립하는지 여부 (적극) [3] 매각물건명세서를 작성하면서 매각으로 소멸되지 않는 최선순위 전세권이 매수인에게 인수된다는 취지의 기재를 하지 아니한 경매담당 공무원 등의 직무집...","[1] 민사집행법 제91조 제3항 은 ""전세권은 저당권·압류채권·가압류채권에 대항할 수 없는 경우에는 매각으로 소멸된다""라고 규정하고, 같은 조 제4항 은 "" 제3항 의 경우 외의 전세권은 매수인이 인수한다. 다만, 전세권자가 배당요구를 하면 매각으로 소멸된다""라고 규정하고 있고, 이는 저당권 등에 대항할 수 없는 전세권과 달리 최선순위의 전세권은 오로지 전세권자의 배당요구에 의하여만 소멸되고, 전세권자가 배당요구를 하지 않는 한 매수인에게 인수되며, 반대로 배당요구를 하면 존속기간에 상관없이 소멸한다는 취지라고 할 것인 점, 주택임차인이 그 지위를 강화하고자 별도로 전세권설정등기를 마치더라도 주택임대차보호법상 임차인으로서 우선변제를 받을 수 있는 권리와 전세권자로서 우선...","[1] 주택임대차보호법 제3조의2 제2항 , 민법 제303조 제1항 , 민사집행법 제91조 제3항 , 제4항 [2] 민사집행법 제105조 , 국가배상법 제2조 제1항 , 민법 제750조 [3] 주택임대차보호법 제3조의2 제2항 , 민법 제303조 제1항 , 제750조 , 민사집행법 제91조 제3항 , 제4항 , 제105조 , 국가배상법 제2조 제1항","[1] 대법원 1993. 12. 24. 선고 93다39676 판결 (공1994상, 501) / [2] 대법원 2008. 1. 31. 선고 2006다913 판결","부동산, 주택, 오피스텔, 임대차, 전세, 보증금, 전세금, 임차권, 임차인, 전세권, 주택임대차, 임대차계약",전문 원문: https://www.law.go.kr/LSW/precInfoP.do?precSeq=144686,civil_lease_definition,민법 제618조 임대차의 의의,civil_nonperformance_damages|민법 제390조 채무불이행 손해배상; civil_lease_definition|민법 제618조 임대차의 의의
778,CASE_1999_00778,99가합3332,손해배상,서울지법 동부지원,1999-12-10,민사,판결,1심,청구기각,"[1] 분실 등의 사유로 거래계약서를 재작성하는 경우, 거래계약서의 재작성 업무도 부동산중개인의 수임범위에 포함되는지 여부 (적극) [2] 분실 등의 사유로 거래계약서를 재작성하는 경우, 부동산중개인이 당초 계약 체결일 이후의 중개대상물에 관한 제한물권 등의 상황변동을 별도로 확인하여 중개의뢰인에게 설명할 의무가 있는지 여부 (소극) [3] 확인·설명의무가 없는 사항에 관하여 그릇된 정보를 제공하지 아니하여야 할 부동산중개업자의 의무의 종기(=계약체결로 중개가 완료되는 때)","[1] 부동산중개인은 작성된 거래계약서가 분실 또는 소실되는 등 이를 재작성하여야 할 사유가 발생한 경우에는 중개의뢰인이 계약 사실의 증명 등 중개 결과 취득한 권리를 보전할 수 있도록 거래계약서를 재작성할 수 있도록 노력할 의무가 있다 할 것이고 이러한 경우에는 거래계약서의 재작성 업무까지 부동산중개인의 수임범위에 포함된다. [2] 부동산중개인으로서는 분실 등의 사유로 거래계약서를 재작성하는 경우에는 그 재작성 당시의 중개 대상물의 권리관계 등의 사항을 확인하여 중개의뢰인에게 설명할 의무를 부담하는 것은 아니고, 권리변동의 계약이 성립된 당시의 계약 내용을 담고 있는 거래계약서를 다시 작성하여 쌍방 당사자의 서명·날인을 받아 중개의뢰인에게 교부하는 것만으로 그 의무를 다...","[1] 부동산중개업법 제2조 제1호 , 제16조 제2항 , 제17조 제1항 , 제2항 , 제19조 제1항 [2] 부동산중개업법 제2조 제1호 , 제16조 제2항 , 제17조 제1항 , 제2항 , 제19조 제1항 [3] 부동산중개업법 제2조 제1호 , 제16조 제2항 , 제17조 제1항 , 제2항 , 제19조 제1항 , 민법 제390조","[1] 대법원 1995. 9. 29. 선고 94다47261 판결 (공1995하, 3600) / [2] 대법원 1999. 5. 14. 선고 98다30667 판결 (공1999상, 1153)","부동산, 주택, 아파트, 토지, 건물, 중개대상물, 임대차, 전세, 보증금, 임차인, 임대차계약, 임차보증금",전문 원문: https://www.law.go.kr/LSW/precInfoP.do?precSeq=120998,realtor_prohibited_acts,공인중개사법 제33조 금지행위,civil_nonperformance_damages|민법 제390조 채무불이행 손해배상; civil_lease_definition|민법 제618조 임대차의 의의; realtor_prohibited_acts|공인중개사법 제33조 금지행위
779,CASE_1985_00779,84도2109,배임,대법원,1985-08-20,형사,판결,상고심,파기환송,매수인에 대한 매도인의 소유권이전등기의무위반 행위가 배임이 되기 위한 요건,배임죄에서 본인에게 손해를 가한 때라 함은 현실적인 실해를 가한 경우에 한정되는 것은 아니라 하여도 적어도 실해발생의 위험성은 있어야 된다 할 것이므로 그 위임받은 타인의 사무가 부동산소유권이전등기의무인 경우에는 매도인의 임무위배 행위로 인하여 매수인이 가지고 있는 소유권이전등기청구권이 이행불능에 빠질 위험성이 있어야 된다.,형법 제355조,없음,"부동산, 매매, 매수, 매도, 매매계약, 계약금, 중도금, 잔금, 소유권이전, 등기, 가등기, 명의신탁",전문 원문: https://www.law.go.kr/LSW/precInfoP.do?precSeq=100794,embezzlement_breach_of_trust,형법 제355조·제356조 횡령·배임,embezzlement_breach_of_trust|형법 제355조·제356조 횡령·배임; civil_nonperformance_damages|민법 제390조 채무불이행 손해배상; civil_sale_effect|민법 제568조 매매의 효력
780,CASE_2013_00780,2012나39225,소유권이전등기말소등기절차이행등,서울중앙지방법원,2013-01-18,민사,판결,2심,청구기각,"012. 7. 11. 선고 2011가단52671 판결 【변론종결】 2012. 12. 14. 【주 문】 1. 제1심 판결 중 피고 이수건설 주식회사에 대한 부분을 취소하고, 그 취소 부분에 해당하는 원고의 청구를 기각한다. 2. 원고 및 피고 주식회사 산영씨앤씨의 항소를 각 기각한다. 3. 원고와 피고 이수건설 주식회사 사이의 소송총비용은 원고가 부담하고, 원고와 피고 주식회사 산영씨앤씨 사이의 항소비용은 각자 부담한다. 【청구취지 및 항소취지】 1. 청구취지 원고에게, 별지 목록 기재 각 부동산에 관하여, 피고 주식회사 산영씨앤씨는 서울중앙지방법원 성북등기소 2010","앓고 있는 91세 고령의 노인으로 경솔, 궁박, 무경험한 상태에 있다는 점을 이용하여 시세 4억 원 이상인 이 사건 각 토지를 원고로부터 87,000,000원에 매수하는 이 사건 매매계약을 체결하였는바, 이는 민법 제104조 소정의 불공정한 행위로서 무효이므로 피고들의 소유권이전등기 및 가등기는 원인무효로서 각 말소되어야 한다. 2) 이 사건 각 토지는 주택부수토지로서 소득세법에 의하여 양도소득세가 부과되지 아니하는 경우에 해당함에도 피고 산영씨앤씨는 이 사건 각 토지를 시가보다 싸게 매수하기 위하여 마치 이 사건 각 토지에 거액의 양도소득세가 부과될 것처럼 기망하여 이에 속은 원고로 하여금 이 사건 각 토지에 대한 매매가를 부당하게 낮",원문 참조,없음,"부동산, 주택, 토지, 건물, 매매, 매수, 매도, 매매계약, 매매대금, 계약금, 중도금, 잔금",전문 원문: https://www.law.go.kr/LSW/precInfoP.do?precSeq=178398,civil_fraud_duress,민법 제110조 사기·강박에 의한 의사표시,civil_fraud_duress|민법 제110조 사기·강박에 의한 의사표시; civil_sale_effect|민법 제568조 매매의 효력
781,CASE_2015_00781,2014도17180,특정경제범죄가중처벌등에관한법률위반(횡령)·특정경제범죄가중처벌등에관한법률위반(배임)[일부예비적죄명:특정경제범죄가중처벌등에관한법률위반(횡령)],대법원,2015-11-26,형사,판결,상고심,파기환송,"[1] 업무상배임죄에서 ‘재산상의 손해를 가한 때’의 의미 및 재산상 손해의 유무는 경제적 관점에서 실질적으로 판단하여야 하는지 여부 (적극) / 피해가 회복되었다는 사정이 배임죄 성립에 영향을 주는지 여부 (소극) [2] 甲 주식회사 대표이사인 피고인이 자신과 딸이 발행주식 전부를 소유하고 있는 乙 주식회사 및 丙 주식회사를 운영하면서, 甲 회사로 하여금 乙 회사가 건물 신축 과정에서 받은 대출금 등 채무를 연대보증하게 하고 신축될 건물을 미리 임차하여 임대차보증금을 선지급하도록 하거나, 丙 회사의 대출금채무를 연대보증하게 함으로써 甲 회사에 재산상 손해를 가하였다...","[1] 업무상배임죄에서 재산상의 손해를 가한 때란 총체적으로 보아 본인의 재산 상태에 손해를 가하는 경우를 말하고, 현실적인 손해를 가한 경우뿐만 아니라 재산상 손해발생의 위험을 초래한 경우도 포함된다. 그리고 재산상 손해의 유무에 관한 판단은 법률적 판단에 의하지 아니하고 경제적 관점에서 실질적으로 판단되어야 하고, 일단 손해의 위험을 발생시킨 이상 나중에 피해가 회복되었다고 하여도 배임죄의 성립에 영향을 주는 것은 아니다. [2] 甲 주식회사 대표이사인 피고인이 자신과 딸이 발행주식 전부를 소유하고 있는 乙 주식회사 및 丙 주식회사를 운영하면서, 甲 회사로 하여금 乙 회사가 건물 신축 과정에서 丁 은행에서 받은 대출금 등 채무를 연대보증하게 하고 신축될 건물을 미리 임...","[1] 형법 제355조 제2항 , 제356조 [2] 형법 제355조 제2항 , 제356조 , 구 특정경제범죄 가중처벌 등에 관한 법률(2012. 2. 10. 법률 제11304호로 개정되기 전의 것) 제3조 제1항 제1호 , 제2항","[1] 대법원 2006. 11. 9. 선고 2004도7027 판결 (공2006하, 2115), 대법원 2009. 5. 29. 선고 2007도4949 전원합의체 판결 (공2009하, 1079), 대법원 2015. 9. 10. 선고 2014도12619 판결 (공2015하, 1554)","토지, 건물, 임대차, 보증금, 매수, 담보, 고소, 횡령, 배임, 무죄, 파기",전문 원문: https://www.law.go.kr/LSW/precInfoP.do?precSeq=179600,aggravated_economic_crime,특정경제범죄 가중처벌 등에 관한 법률 제3조,aggravated_economic_crime|특정경제범죄 가중처벌 등에 관한 법률 제3조; embezzlement_breach_of_trust|형법 제355조·제356조 횡령·배임; civil_sale_effect|민법 제568조 매매의 효력; civil_lease_definition|민법 제618조 임대차의 의의
782,CASE_2012_00782,"2010다89876, 89883",손해배상(기)·건물명도,대법원,2012-06-14,민사,판결,상고심,상고기각,"[1] 임대인이 수선의무를 부담하는 임대 목적물의 파손·장해 정도 [2] 임차인 甲이 가구전시장으로 임차하여 사용하던 건물 바닥에 결로현상이 발생하자 임대인 乙을 상대로 임대목적물 하자에 따른 손해배상을 청구한 사안에서, 건물이 일반적 용도로 사용하는 데 하자가 없다고 단정하여 청구를 배척한 원심판결에 법리오해 등 위법이 있다고 한 사례","[1] 임대차계약에서 임대인은 목적물을 계약 존속 중 사용·수익에 필요한 상태를 유지할 의무를 부담하므로, 목적물에 파손 또는 장해가 생긴 경우 그것이 임차인이 별비용을 들이지 아니하고도 손쉽게 고칠 수 있을 정도의 사소한 것이어서 임차인의 사용·수익을 방해할 정도의 것이 아니라면 임대인은 수선의무를 부담하지 않지만, 그것을 수선하지 아니하면 임차인이 계약에 의하여 정해진 목적에 따라 사용·수익할 수 없는 상태로 될 정도의 것이라면 임대인은 수선의무를 부담한다. [2] 임차인 甲이 가구전시장으로 임차하여 사용하던 건물 바닥에 결로현상이 발생하자 임대인 乙을 상대로 임대목적물 하자에 따른 손해배상을 청구한 사안에서, 감정인의 감정서 등에 비추어 위 건물에는 구조상 바닥 밑...",[1] 민법 제623조 [2] 민법 제623조,"[1] 대법원 1994. 12. 9. 선고 94다34692, 34708 판결(공1995상, 453)","건물, 임대목적물, 임대차, 임대인, 임차인, 임대차계약, 손해배상, 기각, 파기",전문 원문: https://www.law.go.kr/LSW/precInfoP.do?precSeq=164196,civil_lease_definition,민법 제618조 임대차의 의의,civil_nonperformance_damages|민법 제390조 채무불이행 손해배상; civil_lease_definition|민법 제618조 임대차의 의의
783,CASE_2012_00783,2011다66610,손해배상(기),대법원,2012-05-10,민사,판결,상고심,파기환송,[1] 2005. 5. 26. 전에 사용검사 또는 사용승인을 받은 후 임대에서 분양으로 전환된 임대아파트의 경우에도 구 집합건물의 소유 및 관리에 관한 법률 제9조 제1항 및 이에 의하여 준용되는 민법 제671조 제1항 단서가 적용되는지 여부 (적극) [2] 임대 후 분양전환된 집합건물의 경우 하자담보책임의 제척기간 기산점(=임대에 의한 집합건물 인도시),"[1] 구 집합건물의 소유 및 관리에 관한 법률(2005. 5. 26. 법률 제7502호로 개정되기 전의 것, 이하 ‘구 집합건물법’이라 한다) 제9조 제1항 은, 집합건물을 건축하여 분양한 자에게 견고한 건물을 짓도록 유도하고 부실하게 건축된 집합건물의 소유자를 두텁게 보호하기 위하여, 민법상 수급인의 담보책임에 관한 규정을 준용하도록 함으로써 담보책임의 내용을 명확히 하는 한편 이를 강행규정화한 것인데, 집합건물을 건축하여 바로 분양한 경우뿐 아니라 집합건물인 임대아파트를 건축하여 임대하였다가 분양전환을 한 경우에도 집합건물의 소유자를 보호할 필요성이 있음은 마찬가지다. 그리고 위 규정에 의한 하자담보추급권은 현재의 집합건물 소유자에게 귀속되고, 임대아파트의 분양전환가...","[1] 구 집합건물의 소유 및 관리에 관한 법률(2005. 5. 26. 법률 제7502호로 개정되기 전의 것) 제9조 제1항 , 민법 제671조 [2] 구 집합건물의 소유 및 관리에 관한 법률(2005. 5. 26. 법률 제7502호로 개정되기 전의 것) 제9조 제1항 , 민법 제671조",없음,"주택, 아파트, 토지, 건물, 임대차, 전세, 임차인, 임대차계약, 분양, 담보, 손해배상, 파기",전문 원문: https://www.law.go.kr/LSW/precInfoP.do?precSeq=186645,civil_lease_definition,민법 제618조 임대차의 의의,civil_nonperformance_damages|민법 제390조 채무불이행 손해배상; civil_sale_effect|민법 제568조 매매의 효력; civil_lease_definition|민법 제618조 임대차의 의의
784,CASE_2006_00784,"2005다16591, 16607",손해배상(기),대법원,2006-01-27,민사,판결,상고심,원심판결의 본소에 관한 부분 중 제1심판결의 본소에 관한 원고(반소피고) 승소 부분을 초과하여 추가로 원고(반소피고)의 청구를...,"[1] 임대인의 방해행위로 임차인의 임대차 목적물에 대한 사용·수익이 사회통념상 불가능하게 되어 임대차계약이 종료된 경우, 임대인이 배상하여야 할 손해의 범위 [2] 본소에 관한 원고 일부 승소의 제1심판결에 대하여 피고가 아무런 불복을 제기하지 않았는데 원심이 변경판결을 한 경우, 피고가 제1심판결에서 원고가 승소한 부분에 관하여 상고를 제기할 수 있는지 여부 (소극)","[1] 임대인의 방해행위로 임차인의 임대차 목적물에 대한 임차권에 기한 사용·수익이 사회통념상 불가능하게 됨으로써 임대인의 귀책사유에 의하여 임대인으로서의 의무가 이행불능되어 임대차계약이 종료되었다고 하는 경우에도, 임대인이나 제3자의 귀책사유로 그 임대차계약의 목적물이 멸실되어 임대인의 이행불능 등으로 임대차계약이 종료되는 경우와 마찬가지로, 임차인으로서는 임대인에 대하여 그 임대차보증금 반환청구권을 행사할 수 있고 그 이후의 차임 지급의무를 면하는 한편 다른 특별한 사정이 없는 한 그 임대차 목적물을 대신할 다른 목적물을 마련하기 위하여 합리적으로 필요한 기간 동안 그 목적물을 이용하여 영업을 계속하였더라면 얻을 수 있었던 이익, 즉 휴업손해를 그에 대한 증명이 가능한...","[1] 민법 제393조 [2] 민사소송법 제415조 , 제422조","[2] 대법원 2002. 2. 5. 선고 2001다63131 판결 (공2002상, 637)","부동산, 건물, 임대차, 보증금, 임차권, 임대인, 임차인, 임대차계약, 잔금, 강박, 손해배상, 파기",전문 원문: https://www.law.go.kr/LSW/precInfoP.do?precSeq=84279,civil_fraud_duress,민법 제110조 사기·강박에 의한 의사표시,civil_fraud_duress|민법 제110조 사기·강박에 의한 의사표시; civil_nonperformance_damages|민법 제390조 채무불이행 손해배상; civil_sale_effect|민법 제568조 매매의 효력; civil_lease_definition|민법 제618조 임대차의 의의
785,CASE_1984_00785,84다카1402,부동산소유권이전등기말소,대법원,1984-12-11,민사,판결,상고심,파기환송,가. 강박의 정도와 그에 의한 의사표시의 효력 나. 민법 제103조 에 의하여 무효로 되는 반사회질서 행위,"가. 상대방 또는 제3자의 강박에 의하여 의사결정의 자유가 완전히 박탈된 상태에서 이루어진 의사표시는 효과의사에 대응하는 내심의 의사가 결여된 것이므로 무효라고 볼 수 밖에 없으나, 강박이 의사결정의 자유를 완전히 박탈하는 정도에 이르지 아니하고 이를 제한하는 정도에 그친 경우에는 그 의사표시는 취소할 수 있음에 그치고 무효라고까지 볼 수 없다. 나. 민법 제103조 에 의하여 무효로 되는 반사회질서행위는 법률행위의 목적인 권리의무내용이 선량한 풍속 기타 사회질서에 위반되는 경우 뿐만 아니라 그 내용자체는 반사회질서적인 것이 아니라고 하여도 법률적으로 이를 강제하거나 그 법률행위에 반사회질서적인 조건 또는 금전적 대가가 결부됨 으로써 반사회 질서적 성질을 띄게 되는 경우...",가. 민법 제110조 나. 제103조,1974.2.26 선고 73다1143 판결,"부동산, 농지, 매매, 소유권이전, 등기, 인감증명, 강박, 협박, 공갈, 감금, 고소, 사기",전문 원문: https://www.law.go.kr/LSW/precInfoP.do?precSeq=99929,civil_fraud_duress,민법 제110조 사기·강박에 의한 의사표시,civil_fraud_duress|민법 제110조 사기·강박에 의한 의사표시; civil_sale_effect|민법 제568조 매매의 효력
786,CASE_1998_00786,98도16,부동산소유권이전등기등에관한특별조치법위반·공정증서원본불실기재·불실기재공정증서원본행사,대법원,1998-04-14,형사,판결,상고심,상고기각,"[1] 부동산의 실제 양도인과 양수인의 각 상속인이 수인인데도 실제 양도인의 공동상속인 중 1인으로부터 실제 양수인의 공동상속인 중 1인이 부동산 전부를 양수한 것처럼 기재하여 확인서를 발급받아 행사한 경우, 부동산소유권이전등기등에관한특별조치법에 위반되는지 여부 (적극) [2] 소유권이전등기가 절차상 하자가 있거나 등기원인이 실제와 다르다 하더라도 그 등기가 실체적 권리관계에 부합하는 유효한 등기인 경우, 공정증서원본불실기재 및 동행사죄의 성부 (소극) [3] 소유권이전등기 경료 당시에는 실체권리 관계에 부합하지 아니하나 사후에 이해관계인들의 동의·추인 등으로 실체권...","[1] 부동산소유권이전등기등에관한특별조치법 소정의 보증서 및 확인서 발급신청서의 양도인 또는 양수인의 기재는 그 사실상의 양도인 또는 양수인 본인은 물론 그 상속인도 포함된다고 할 것이어서 양도인의 상속인으로부터 양수인의 상속인이 양수한 것으로 기재하는 경우와 같이 정당한 이해관계 있는 타인의 권리를 해칠 염려가 있는 허위 사항이 등재될 여지가 없는 이상 이를 가리켜 허위의 방법으로 확인서를 발급받았거나 허위의 보증서를 작성한 경우에 해당한다고는 할 수 없으나, 부동산의 실제 양도인과 양수인의 각 상속인이 수인인데도 위 보증서 및 확인서발급신청서에는 실제 양도인의 공동상속인중의 1인으로부터 실제 양수인의 공동상속인 중의 1인이 부동산 전부를 양수한 것처럼 기재하여 확인서를...","[1] 부동산소유권이전등기등에관한특별조치법 제13조 [2] 형법 제228조 , 제229조 [3] 형법 제228조 , 제229조","[1] 대법원 1985. 9. 10. 선고 85도1308 판결 (공1985, 1369), 대법원 1989. 12. 22. 선고 89도341 판결 (공1990, 423) / [2][3] 대법원 1984. 12. 11. 선고 84도2285 판결 (공1985, 224), 대법원 1990. 9. 28. 선고 90도427 판결 (공1990, 2242), 대법원 1996. 4. 26. 선고 95도2468 판결 (공1996상, 1772)","부동산, 소유권이전, 등기, 공정증서원본불실기재, 허위, 기각, 불실기재, 권리관계",전문 원문: https://www.law.go.kr/LSW/precInfoP.do?precSeq=116596,civil_sale_effect,민법 제568조 매매의 효력,civil_sale_effect|민법 제568조 매매의 효력
787,CASE_1985_00787,85노1879,특정경제범죄가중처벌등에관한법률위반등피고사건,서울고법,1985-09-19,형사,판결,2심,파기,유가증권을 편취하는 경우의 기수시기,"사기범행으로 당좌수표등 유가증권을 편취한 경우에는 그 유가증권을 교부받은 단계에서 그 액면액에 대한 재물편취의 기수가 되는 것이고 가사 피해자가 후에 매매계약이 성립되는 것을 조건으로 결제하여 주겠다고 하였고, 그 후 매매계약이 성립되지 아니하였다 하더라도 이는 사기죄의 성립에 아무런 소장이 없다.",형법 제347조,1985.12.24. 선고 85도2317 판결 (공770호360),"부동산, 토지, 매매, 매매계약, 사기, 기망, 편취, 기각, 파기",전문 원문: https://www.law.go.kr/LSW/precInfoP.do?precSeq=76269,aggravated_economic_crime,특정경제범죄 가중처벌 등에 관한 법률 제3조,aggravated_economic_crime|특정경제범죄 가중처벌 등에 관한 법률 제3조; criminal_fraud|형법 제347조 사기죄; civil_fraud_duress|민법 제110조 사기·강박에 의한 의사표시; civil_sale_effect|민법 제568조 매매의 효력
788,CASE_2021_00788,2020다273045,공사대금,대법원,2021-03-11,민사,판결,상고심,상고기각,"[1] 다툼이 있는 사실을 증명하기 위하여 제출한 증거가 당사자의 부주의 또는 오해로 인하여 불완전ㆍ불명료한 경우, 법원이 석명권을 행사하여야 하는지 여부 (적극) [2] 甲 주식회사에 대한 채권자인 乙 주식회사가, 甲 회사가 丙 등에게 집합건물의 일부 세대인 부동산에 관하여 근저당권을 설정해 주거나 매매예약을 원인으로 가등기를 마쳐준 것이 사해행위에 해당한다며 그 취소와 원상회복을 구하고 있는데, 위 부동산의 부지에 관한 선순위 근저당권자이기도 한 丙 등이 체납처분에 따라 한국자산관리공사가 실시한 위 부동산에 대한 공매절차에서 받은 배분금이 위 부동산에 설정된 근저...","[1] 민사소송법 제136조 제1항 은 재판장은 소송관계를 명료하게 하기 위하여 당사자에게 사실상 또는 법률상 사항에 관하여 질문하거나 증명을 하도록 촉구할 수 있다고 규정하고 있고, 같은 조 제4항 은 법원은 당사자가 간과하였음이 분명하다고 인정되는 법률상 사항에 관하여 당사자에게 의견을 진술할 기회를 주어야 한다고 규정하고 있으므로, 법원으로서는 다툼 있는 사실을 증명하기 위하여 제출한 증거가 당사자의 부주의 또는 오해로 인하여 불완전ㆍ불명료한 경우에는 당사자에게 그 제출된 증거를 명확ㆍ명료하게 할 것을 촉구하거나 보충할 수 있는 기회를 주어야 하고, 만약 이를 게을리한 채 제출된 증거가 불완전ㆍ불명료하다는 이유로 그 주장을 배척하는 것은 석명의무 또는 심리를 다하지...","[1] 민사소송법 제136조 [2] 민사소송법 제136조 , 민법 제406조","[1] 대법원 2005. 7. 28. 선고 2003후922 판결 (공2005하, 1454)","부동산, 건물, 대지권, 매매, 소유권이전, 등기, 가등기, 근저당, 저당권, 허위, 기각, 파기",전문 원문: https://www.law.go.kr/LSW/precInfoP.do?precSeq=214583,civil_sale_effect,민법 제568조 매매의 효력,civil_sale_effect|민법 제568조 매매의 효력
789,CASE_1985_00789,84도2703,공정증서원본불실기재ㆍ공정증서원본불실기재행사ㆍ배임,대법원,1985-02-13,형사,판결,상고심,무죄,건물일부에 대해 이중으로 소유권보존등기를 경료한 자에게 공정증서원본 부실기재의 범의가 있다고 본 사례,"지하 1, 2층에 관하여 소유권보존등기가 경료되어 있는 건물지상에 다시 3층 건물을 축조한 자가 위 지하층 부분에 관한 등기사실을 숨기고 건물전체에 관하여 새로이 소유권보존등기를 신청하면서 지하층 부분에 관하여는 그 면적을 달리 기재 신청하여 그 등기를 경료한 경우, 당시 그 건물을 둘러싼 민형사상의 분쟁이 있어 쟁송중에 있었고 또 동인이 위 지하 1, 2층 건물에 경료된 가등기를 말소키 위해 타인명의의 문서를 위조한 사실이 있다면 위 건물중 지하 1, 2층 부분에 관한한 그 면적을 달리 기재하여 마치 별개의 건물인양 불실의 사실을 등기공무원에게 신고한다는 범의가 있었다고 보아야 한다.","형법 제228조 , 형사소송법 제308조",없음,"부동산, 건물, 소유권이전, 소유권보존, 등기, 가등기, 공정증서원본불실기재, 고소, 사기, 허위, 위조, 횡령",전문 원문: https://www.law.go.kr/LSW/precInfoP.do?precSeq=100133,embezzlement_breach_of_trust,형법 제355조·제356조 횡령·배임,embezzlement_breach_of_trust|형법 제355조·제356조 횡령·배임
790,CASE_1985_00790,84나4103,소유권이전등기말소청구사건,서울고법,1985-07-23,민사,판결,2심,"1. 원심판결중 피고 김광덕, 동 나준오, 동 이재순, 동 권미옥에 대한 부분을 취소한다. 2. 소외 홍희석에게, (가) 피고...",잔대금을 지급하지 않은 상태에서 경료된 소유권이전등기가 실체관계에 부합하는 등기인지 여부,공부상 공시된 등기가 실체관계에 부합한다 함은 그 등기절차에 어떠한 하자가 있었다 하더라도 진실한 권리관계와 합치되는 것을 말하는 것으로 부동산매매계약에 있어서 계약매매대금 전액이 지급되었다거나 또는 매매대금 완불 이전에 매수인 앞으로 소유권이전등기를 해주기로 특약을 하지 않은 이상 매수인 또는 전득자 앞으로 경료된 소유권이전등기는 매도인의 의사에 반하는 것으로 실체관계에 부합하는 등기라 할 수 없다.,"민법 제186조 , 부동산등기법 제2조",없음,"부동산, 토지, 매매, 매수, 매도, 매매계약, 매매대금, 계약금, 중도금, 잔금, 소유권이전, 소유권보존",전문 원문: https://www.law.go.kr/LSW/precInfoP.do?precSeq=76221,civil_sale_effect,민법 제568조 매매의 효력,civil_sale_effect|민법 제568조 매매의 효력
791,CASE_2010_00791,2010다699,대여금,대법원,2010-07-29,민사,판결,상고심,파기환송,"[1] 다수 당사자 사이에서 경개계약이 체결된 경우 일부 당사자 사이의 경개계약 합의해제의 효력 및 이에 따라 발생할 수 있는 법률관계의 해결에 관한 약정이나 논의 없이 경개계약을 합의해제하는 것이 경험칙상 이례에 속하는지 여부 (적극) [2] 甲, 乙, 丙 사이에 체결된 경개계약을 甲과 乙 사이에 합의해제하는 것만으로는 丙과 사이의 법률관계가 해결되지 않으므로 그에 관하여 아무런 약정이나 논의도 없이 경개계약을 합의해제하는 것은 경험칙상 이례적이라는 점을 감안하면, 甲과 乙이 경개계약을 합의해제하였다고 인정할 수 없다고 한 사례","[1] 계약자유의 원칙상 경개계약의 성립 후에 그 계약을 명시적이든 묵시적이든 합의해제하여 구채무를 부활시키는 것은 적어도 당사자 사이에서는 가능하다. 또한, 다수 당사자 사이에서 경개계약이 체결된 경우 일부 당사자만이 경개계약을 합의해제하더라도 이를 무효라고 볼 수는 없고, 다만 그 효과가 경개계약을 해제하기로 합의한 당사자들에게만 미치는 것에 불과하다. 그런데 일부 당사자만이 경개계약을 합의해제하게 되면 그들 사이에서는 구채무가 부활하고 나머지 당사자들 사이에서는 경개계약에 따른 신채무가 여전히 효력을 가지게 됨으로써 당사자들 사이의 법률관계가 간명하게 규율되지 않는 경우가 발생할 수 있고, 경개계약을 합의해제하는 당사자들로서도 이러한 문제를 해결하는 것이 중요한 관심...","[1] 민법 제500조 , 제543조 , 민사소송법 제202조 [2] 민법 제500조 , 제543조 , 민사소송법 제202조","[1] 대법원 1994. 9. 13. 선고 94다17093 판결 (공1994하, 2640), 대법원 2003. 2. 11. 선고 2002다62333 판결 (공2003상, 788), 대법원 2004. 6. 11. 선고 2004다11506 판결","부동산, 건물, 매매, 매수, 매도, 매매계약, 매매대금, 소유권이전, 등기, 가등기, 담보, 고소",전문 원문: https://www.law.go.kr/LSW/precInfoP.do?precSeq=145475,civil_sale_effect,민법 제568조 매매의 효력,civil_sale_effect|민법 제568조 매매의 효력
793,CASE_2007_00793,"2006나87431,2006나87448(병합),2006나87455(병합)",소유권이전등기말소등기절차이행,서울고등법원,2007-03-30,민사,판결,2심,항소기각,"68458, 2005가단68465(병합), 2005가단69390(병합) 판결 【변론종결】 2007. 2. 23. 【주 문】 1. 제1심 판결 중 피고 2 부분을 취소한다. 피고 2는 별지목록(2) 기재 부동산에 관하여 서울서부지방법원 서대문등기소 2000. 11. 27. 접수 제39068호로 마친 1998. 2. 23.자 매매를 원인으로 한 소유이전등기의 말소등기절차를 이행하라. 2. 원고의 피고 1, 3, 소외 망 1의 소송수계인 피고 4, 5, 6, 7, 8에 대한 항소를 모두 기각한다. 3. 원고와 피고 1, 3, 소외 망 1의 소송수계인 피고 4, 5, 6,","2. 12. 대의원회의의 결의로 해산되어 현재 청산절차를 밟고 있는 법인이다. 나. 원고조합의 대의원회의는 1998. 1. 9.과 같은해 2. 12. 원고조합의 아파트 보류지분을 피고 2(당시 총무) 1번 43평, 피고 3(당시 감사) 2번 43평, 피고 1 4번 43평 등 모두 15명에게 배정하는 내용의 결의를 하였다. 다. 위 대의원회의의 보류지분처분 결의에 따라서 원고 조합과의 사이에, 피고 1은 별지목록(1) 기재 부동산(이하 이 사건 제1아파트라고 한다)에 관하여 1998. 2. 25. 대금 250,000,000원, 피고 2는 별지목록(2) 기재 부동산(이하 이 사건 제2아파트라고 한다)에 관하여 1998. 2. 23. 대금 1",원문 참조,없음,"부동산, 주택, 아파트, 토지, 건물, 매매, 매수, 매도, 매매계약, 소유권이전, 분양, 분양대금",전문 원문: https://www.law.go.kr/LSW/precInfoP.do?precSeq=138463,civil_sale_effect,민법 제568조 매매의 효력,civil_sale_effect|민법 제568조 매매의 효력
794,CASE_2015_00794,2014다231378,손해배상(기),대법원,2015-04-23,민사,판결,상고심,상고기각,"매도인이 ‘계약금 일부만 지급된 경우 지급받은 금원의 배액을 상환하고 매매계약을 해제할 수 있다’고 주장한 사안에서, 매도인이 계약금의 일부로서 지급받은 금원의 배액을 상환하는 것으로는 매매계약을 해제할 수 없다고 한 사례","매도인이 ‘계약금 일부만 지급된 경우 지급받은 금원의 배액을 상환하고 매매계약을 해제할 수 있다’고 주장한 사안에서, ‘실제 교부받은 계약금’의 배액만을 상환하여 매매계약을 해제할 수 있다면 이는 당사자가 일정한 금액을 계약금으로 정한 의사에 반하게 될 뿐 아니라, 교부받은 금원이 소액일 경우에는 사실상 계약을 자유로이 해제할 수 있어 계약의 구속력이 약화되는 결과가 되어 부당하기 때문에, 계약금 일부만 지급된 경우 수령자가 매매계약을 해제할 수 있다고 하더라도 해약금의 기준이 되는 금원은 ‘실제 교부받은 계약금’이 아니라 ‘약정 계약금’이라고 봄이 타당하므로, 매도인이 계약금의 일부로서 지급받은 금원의 배액을 상환하는 것으로는 매매계약을 해제할 수 없다고 한 사례.",민법 제565조 제1항,없음,"매매, 매수, 매도, 매매계약, 매매대금, 계약금, 잔금, 소유권이전, 공인중개, 등기, 손해배상, 기각",전문 원문: https://www.law.go.kr/LSW/precInfoP.do?precSeq=178017,realtor_prohibited_acts,공인중개사법 제33조 금지행위,civil_nonperformance_damages|민법 제390조 채무불이행 손해배상; civil_sale_effect|민법 제568조 매매의 효력; realtor_prohibited_acts|공인중개사법 제33조 금지행위
795,CASE_1983_00795,83나184,소유권이전등기청구사건,서울고법,1983-09-29,민사,판결,2심,1. 원판결을 취소한다. 피고는 원고에게 경기 화성군 송산면 사강리 (지번 1 생략) 전 796평 및 같은리 (지번 2 생략)...,법원의 재산관리인에 대한 권한초과행위 허가결정의 효력,"법원의 재산관리인에 대한 권한초과행위 허가결정의 효력은 그 허가받은 재산에 대한 장래의 처분행위 뿐 아니라 기왕의 처분행위를 추인하는 행위에도 미치므로, 재산관리인이 법원의 위 허가 결정이 있기 전에 한 부재자 소유부동산의 매매를 위 허가결정이 있은 후 추인하였다면 위 매매계약은 유효하게 된다.",민법 제25조,1982. 12. 14. 선고 80다1872 판결 (집 30④민115 공 698호266),"부동산, 토지, 매매, 매수, 매도, 매매계약, 매매대금, 계약금, 중도금, 소유권이전, 등기, 인감증명",전문 원문: https://www.law.go.kr/LSW/precInfoP.do?precSeq=75573,civil_sale_effect,민법 제568조 매매의 효력,civil_sale_effect|민법 제568조 매매의 효력
796,CASE_1997_00796,97다15470,소유권이전등기말소,대법원,1997-07-25,민사,판결,상고심,상고기각,[1] 민사소송법 제422조 제1항 제6호 소정의 재심사유인 '판결의 증거로 된 문서 기타 물건이 위조된 것인 때'의 의미 [2] 법원이 증거조사의 일환으로 인영의 동일성에 관한 감정을 실시함에 있어 취해야 할 조치의 내용,"[1] 민사소송법 제422조 제1항 제6호 소정의 '판결의 증거로 된 문서 기타 물건이 위조나 변조된 것인 때'라 함은, 그 위조된 문서 등이 판결주문의 이유가 된 사실인정의 직접적 또는 간접적인 자료로 제공되어 법원이 그 위조문서 등을 참작하지 않았더라면 당해 판결과는 다른 판결을 하였을 개연성이 있는 경우를 말하고, 그 위조문서 등을 제외한 나머지 증거들만 가지고도 그 판결의 인정 사실을 인정할 수 있거나 그 위조문서 등이 없었더라면 판결주문이 달라질 수도 있을 것이라는 일응의 개연성이 있지 아니하는 경우 또는 위조문서 등이 재심대상 판결이유에서 가정적 또는 부가적으로 설시한 사실을 인정하기 위하여 인용된 것이고 주요사실의 인정에 영향을 미치지 않는 사정에 관한 것이었...","[1] 민사소송법 제422조 제1항 제6호 [2] 민사소송법 제126조 , 제262조 , 제263조 , 제305조","[1] 대법원 1982. 9. 28. 선고 81다557 판결(공1982, 1007) , 대법원 1988. 10. 11. 선고 87다카1973, 1974 판결(공1988, 1404) , 대법원 1994. 9. 23. 선고 93누20566 판결(공1994하, 2874)","부동산, 소유권이전, 등기, 가등기, 담보, 인감증명, 공정증서원본불실기재, 편취, 허위, 위조, 기각, 무효",전문 원문: https://www.law.go.kr/LSW/precInfoP.do?precSeq=196982,civil_sale_effect,민법 제568조 매매의 효력,civil_sale_effect|민법 제568조 매매의 효력
797,CASE_2012_00797,2011다46036,손해배상(기),대법원,2012-04-13,민사,판결,상고심,상고기각,[1] 개정 주택법과 개정 집합건물의 소유 및 관리에 관한 법률 부칙 제6조 가 시행된 2005. 5. 26. 전에 사용검사 또는 사용승인을 받은 공동주택의 하자담보책임에 관하여 적용할 법규(= 구 집합건물의 소유 및 관리에 관한 법률 제9조 제1항 및 이에 의하여 준용되는 민법 제667조 내지 제671조 ) [2] 민법 제667조 내지 제671조 에서 정한 하자담보책임기간의 법적 성격(=제척기간) 및 콘크리트 구조물에 대한 하자담보책임기간(=인도 후 10년) [3] 분양전환된 임대아파트의 담보책임과 하자보수에 관하여 구 집합건물의 소유 및 관리에 관한 법률 제9조...,". 26. 법률 제7502호로 개정되기 전의 것, 이하 ‘집합건물의 소유 및 관리에 관한 법률’을 ‘집합건물법’이라 한다) 제9조 제1항 은 집합건물을 건축하여 분양한 자의 담보책임에 관하여 민법 제667조 내지 제671조 의 규정을 준용한다고 규정하고 있고, 민법 제671조 제1항 단서는 석조, 석회조, 연와조, 금속 기타 이와 유사한 재료로 조성된 건물의 수급인은 목적물의 하자에 관하여 인도 후 10년간 담보책임을 진다고 규정하고 있다. 한편 2005. 5. 26. 법률 제7502호로 개정된 법률 제3725호 집합건물법 부칙 제6조는 공동주택의 담보책임 및 하자보수에 관하여 2005. 5. 26. 법률 제7520호로 개정된 주택법 제","[1] 구 집합건물의 소유 및 관리에 관한 법률(2005. 5. 26. 법률 제7502호로 개정되기 전의 것) 제9조 제1항 , 집합건물의 소유 및 관리에 관한 법률 부칙(1984. 4. 10.) 제6조 (2005. 5. 26. 법률 제7502호로 개정된 것), 구 주택법(2005. 7. 13. 법률 제7600호로 개정되기 전의 것) 제46조 , 부칙(2005. 5. 26.) 제3항 , 민법 제667조 , 제668조 , 제669조 , 제670조 , 제671조 [2] 구 집합건물의 소유 및 관리에...","[1] 대법원 2008. 12. 11. 선고 2008다12439 판결 (공2009상, 24) / [2] 대법원 2010. 1. 14. 선고 2008다88368 판결 , 대법원 2011. 4. 14. 선고 2009다82060 판결","주택, 아파트, 토지, 건물, 임대차, 전세, 임차인, 임대차계약, 분양, 담보, 사기, 손해배상",전문 원문: https://www.law.go.kr/LSW/precInfoP.do?precSeq=165621,civil_fraud_duress,민법 제110조 사기·강박에 의한 의사표시,civil_fraud_duress|민법 제110조 사기·강박에 의한 의사표시; civil_nonperformance_damages|민법 제390조 채무불이행 손해배상; civil_sale_effect|민법 제568조 매매의 효력; civil_lease_definition|민법 제618조 임대차의 의의
798,CASE_1984_00798,83도1946,"건축법위반,배임,횡령",대법원,1984-11-27,형사,판결,상고심,상고기각,부동산 2중매매에 있어서의 배임죄의 기수시기,부동산의 매도인이 매수인 앞으로의 소유권이전등기에 협력할 의무가 있음에도 불구하고 같은 부동산을 위 매수인 이외의 자에게 2중으로 매도하여 그 소유권이전등기를 마친 경우에는 1차 매수인에 대한 소유권이전등기의무는 이행불능이 되고 이로써 1차 매수인에게 그 부동산의 소유권을 취득할 수 없는 손해가 발생하는 것이므로 부동산의 2중매매에 있어서 배임죄의 기수시기는 2차 매수인 앞으로 소유권이전등기를 마친 때라고 할 것이다.,형법 제355조 제2항,1966.12.20 선고 66도1543 판결,"부동산, 아파트, 토지, 건물, 매매, 매수, 매도, 소유권이전, 분양, 등기, 가등기, 근저당",전문 원문: https://www.law.go.kr/LSW/precInfoP.do?precSeq=99905,embezzlement_breach_of_trust,형법 제355조·제356조 횡령·배임,embezzlement_breach_of_trust|형법 제355조·제356조 횡령·배임; civil_nonperformance_damages|민법 제390조 채무불이행 손해배상; civil_sale_effect|민법 제568조 매매의 효력
799,CASE_2005_00799,2005다29474,손해배상(기),대법원,2005-09-15,민사,판결,상고심,상고기각,"[1] 소유권이전등기 말소등기의무의 이행불능으로 인한 전보배상청구권의 소멸시효의 기산점 [2] 소유권이전등기 말소등기의무의 이행불능으로 인한 손해액 [3] 甲이 乙을 강박하여 그에 따른 하자있는 의사표시에 의하여 부동산에 관한 소유권이전등기를 마친 다음 타인에게 매도하여 소유권이전등기를 경료하여 준 경우, 乙이 등기명의인을 상대로 제기한 소유권이전등기 말소청구소송 등이 패소확정되면 甲의 부동산에 대한 소유권이전등기 말소등기의무는 이행불능인지 여부 (적극) 및 乙이 위 등기말소청구소송 등에서 등기명의인의 등기부 취득시효가 인용된 결과 패소하였다면 甲의 부동산에 대한 소...","[1] 소유권이전등기 말소등기의무의 이행불능으로 인한 전보배상청구권의 소멸시효는 말소등기의무가 이행불능 상태에 돌아간 때로부터 진행된다. [2] 소유권이전등기 말소등기의무가 이행불능이 됨으로 말미암아 그 권리자가 입는 손해액은 원칙적으로 그 이행불능이 될 당시의 목적물의 시가 상당액이다. [3] 甲이 乙을 강박하여 그에 따른 하자있는 의사표시에 의하여 부동산에 관한 소유권이전등기를 마친 다음 타인에게 매도하여 소유권이전등기를 경료하여 준 경우, 그 소유권이전등기는 소송 기타 방법에 따라 말소 환원 여부가 결정될 특별한 사정이 있으므로 甲의 乙에 대한 소유권이전등기의무는 아직 이행불능이 되었다고 할 수 없으나, 乙이 등기명의인을 상대로 제기한 소유권이전등기 말소청구소송 또는...","[1] 민법 제166조 , 제390조 [2] 민법 제393조 [3] 민법 제186조 , 제245조 제2항 , 제390조","[1] 대법원 1973. 10. 10. 선고 72다2600 판결 (공1973, 7549), 대법원 2002. 12. 27. 선고 2000다47361 판결 (공2003상, 495) / [2] 대법원 1975. 5. 27. 선고 74다1872 판결 (공1975, 8542), 대법원 1996. 6. 14. 선고 94다61359, 61366 판결(공1996하, 2151) / [3] 대법원 2001. 1. 30. 선고 2000다18196 판결","부동산, 토지, 매도, 소유권이전, 등기, 강박, 손해배상, 기각, 취소",전문 원문: https://www.law.go.kr/LSW/precInfoP.do?precSeq=193862,civil_fraud_duress,민법 제110조 사기·강박에 의한 의사표시,civil_fraud_duress|민법 제110조 사기·강박에 의한 의사표시; civil_nonperformance_damages|민법 제390조 채무불이행 손해배상; civil_sale_effect|민법 제568조 매매의 효력
800,CASE_2010_00800,2010도12928,사기·특정경제범죄가중처벌등에관한법률위반(사기)(인정된죄명:사기)·부정수표단속법위반·사문서위조·위조사문서행사,대법원,2010-12-09,형사,판결,상고심,상고기각,"[1] 사기죄가 성립하기 위하여 피해자의 현실적 손해발생을 요하는지 여부 (소극) 및 재물 또는 재산상 이익의 가액이 사기죄 성립에 영향을 미치는지 여부 (소극) [2] 제3자로부터 금원을 융자받거나 물품을 외상으로 공급받을 목적으로 타인을 기망하여 그 타인 소유의 부동산에 제3자 앞으로 근저당권을 설정케 한 자가 그로 인하여 취득하는 재산상 이익의 내용 및 특정경제범죄 가중처벌 등에 관한 법률 제3조 의 적용을 전제로 한 구체적 가액(이득액)의 산정 방법 [3] 특정경제범죄 가중처벌 등에 관한 법률 위반(사기)죄가 아닌 형법상 이득사기죄의 경우, 피고인이 편취한 재...","피고인 및 국선변호인의 상고이유를 함께 본다. 1. 사문서위조 및 위조사문서행사의 점에 관한 주장에 대한 판단 원심은 제1심이 적법하게 채택하여 조사한 증거들에 의하여, 피고인이 공소외 1의 승낙을 받지 않고 공소외 1 명의로 이 사건 부동산매매계약서를 작성하여 행사한 사실이 넉넉히 인정된다고 판단하여 이 부분 공소사실을 유죄로 인정하였다. 원심판결 이유를 기록에 비추어 살펴보면, 원심의 위와 같은 사실인정 및 판단은 정당한 것으로 수긍할 수 있다. 원심판결에는 상고이유의 주장과 같이 사문서위조죄의 성립에 관한 법리를 오해하거나 논리와","[1] 형법 제347조 [2] 형법 제347조 , 특정경제범죄 가중처벌 등에 관한 법률 제3조 [3] 형법 제347조 , 특정경제범죄 가중처벌 등에 관한 법률 제3조 [4] 형법 제347조 [5] 형법 제347조 , 특정경제범죄 가중처벌 등에 관한 법률 제3조 [6] 형법 제347조 , 특정경제범죄 가중처벌 등에 관한 법률 제3조","[1][5] 대법원 2007. 4. 19. 선고 2005도7288 전원합의체 판결 (공2007상, 923) / [1] 대법원 2003. 12. 26. 선고 2003도4914 판결 (공2004상, 298) / [2] 대법원 2000. 4. 25. 선고 2000도137 판결 (공2000상, 1360) / [4] 대법원 2000. 7. 7. 선고 2000도1899 판결 (공2000하, 1911), 대법원 2007. 1. 25. 선고 2006도7470 판결 (공2007상, 401)","부동산, 상가, 건물, 매매, 매매계약, 매매대금, 계약금, 등기, 근저당, 저당권, 담보, 인감증명",전문 원문: https://www.law.go.kr/LSW/precInfoP.do?precSeq=150012,aggravated_economic_crime,특정경제범죄 가중처벌 등에 관한 법률 제3조,aggravated_economic_crime|특정경제범죄 가중처벌 등에 관한 법률 제3조; criminal_fraud|형법 제347조 사기죄; civil_fraud_duress|민법 제110조 사기·강박에 의한 의사표시; civil_sale_effect|민법 제568조 매매의 효력
801,CASE_2012_00801,"2011다72301, 72318",하자보수금·손해배상(기),대법원,2012-04-13,민사,판결,상고심,상고기각,임대아파트가 분양전환된 경우에도 하자담보책임에 관한 구 집합건물의 소유 및 관리에 관한 법률 제9조 제1항 이 적용되는지 여부 (적극) 및 그 하자담보책임기간(=최초 임차인들에게 인도된 때부터 10년간),"구 집합건물의 소유 및 관리에 관한 법률(2005. 5. 26. 법률 제7502호로 개정되기 전의 것, 이하 ‘구 집합건물법’이라 한다) 제9조 는 집합건물을 건축하여 분양한 자로 하여금 견고한 건물을 짓도록 유도하고 부실하게 건축된 집합건물의 소유자를 두텁게 보호하기 위하여 집합건물을 건축하여 분양한 자의 담보책임에 관하여 민법상 수급인의 담보책임에 관한 규정을 준용하도록 함으로써 담보책임의 내용을 명확히 하는 한편 이를 강행규정으로 하였고, 위 규정에 의한 하자담보추급권은 현재의 집합건물 소유자에게 귀속하는 점, 분양전환가격을 결정할 때 아파트의 노후 정도는 이미 평가에 반영되었다고 하더라도 부실시공으로 인한 아파트 하자까지 모두 반영하여 가격을 결정하였다고 보기는 어...","구 집합건물의 소유 및 관리에 관한 법률(2005. 5. 26. 법률 제7502호로 개정되기 전의 것) 제9조 제1항 , 민법 제671조 제1항",없음,"주택, 아파트, 토지, 건물, 임대차, 전세, 임차인, 임대차계약, 분양, 담보, 사기, 손해배상",전문 원문: https://www.law.go.kr/LSW/precInfoP.do?precSeq=162642,civil_fraud_duress,민법 제110조 사기·강박에 의한 의사표시,civil_fraud_duress|민법 제110조 사기·강박에 의한 의사표시; civil_nonperformance_damages|민법 제390조 채무불이행 손해배상; civil_sale_effect|민법 제568조 매매의 효력; civil_lease_definition|민법 제618조 임대차의 의의
802,CASE_2013_00802,2013도459,사기미수,대법원,2013-11-28,형사,판결,상고심,파기환송,"[1] 소송사기에서 피기망자인 법원의 재판은 피해자의 처분행위에 갈음하는 내용과 효력이 있어야 하는지 여부 (적극) [2] 건물을 신축하여 그 소유권을 원시취득한 미등기건물의 소유자가 있고 그에 대한 채권담보 등을 위하여 건축허가명의만을 가진 자가 따로 있는 상황에서, 건축허가명의자에 대한 채권자가 위 명의자와 공모하여 명의자를 상대로 위 건물에 관한 강제경매를 신청하여 법원의 경매개시결정이 내려지고, 그에 따라 위 명의자 앞으로 촉탁에 의한 소유권보존등기가 되고 나아가 그 경매절차에서 건물이 매각된 경우, 위와 같은 경매신청행위 등이 진정한 소유자에 대한 관계에서...","상고이유를 판단한다. 1. 사기죄는 사람을 기망하여 착오에 빠뜨리고 그로 인한 처분행위로 재물의 교부를 받거나 재산상 이익을 얻는 것으로서, 기망행위가 있었다고 하여도 그로 인한 처분행위가 없을 때에는 사기죄가 성립하지 않는다. 이른바 소송사기에 있어서도 피기망자인 법원의 재판은 피해자의 처분행위에 갈음하는 내용과 효력이 있는 것이어야 하고 그렇지 아니한 경우에는 착오에 의한 재물의 교부행위가 있다고 할 수 없다( 대법원 1985. 10. 8. 선고 84도2642 판결 등 참조). 따라서 자기의 비용과 노",[1] 형법 제347조 [2] 형법 제347조,"[1] 대법원 1985. 10. 8. 선고 84도2642 판결 (공1985, 1506), 대법원 1987. 8. 18. 선고 87도1153 판결 (공1987, 1485), 대법원 2009. 9. 24. 선고 2009도5900 판결","부동산, 주택, 건물, 매수, 소유권보존, 등기, 담보, 경매, 사기, 기망, 허위, 파기",전문 원문: https://www.law.go.kr/LSW/precInfoP.do?precSeq=187195,criminal_fraud,형법 제347조 사기죄,criminal_fraud|형법 제347조 사기죄; civil_fraud_duress|민법 제110조 사기·강박에 의한 의사표시; civil_sale_effect|민법 제568조 매매의 효력
803,CASE_2004_00803,"2002나44365, 2003나27930",소유권이전등기·소유권이전,서울중앙지법,2004-03-25,민사,판결,2심,청구기각,"[1] 주위적 피고에 대한 주된 청구를 인용함으로써 이와 양립할 수 없는 예비적 피고에 대한 청구를 받아들이지 않는 경우, 예비적 청구 기각의 뜻을 주문에 표시하여야 하는지 여부 (적극) [2] 이중매수인의 지위에 있는 참가인의 독립당사자참가신청이 부적법하다고 한 사례 [3] 상가건물 소유자가 전문 분양업체와 사이에 형식상 상가건물에 대한 매매계약을 체결하였다고 하더라도 그 매매계약의 체결 동기와 경위, 목적과 의도, 내용 등에 비추어 볼 때 실질적으로는 상가건물 소유자가 전문 분양업체에게 건물 내 점포의 분양을 위임한 것이므로 위 매매계약이 해제되더라도 상가건물 소...","[1] 공동소송인 가운데 일부의 청구가 다른 공동소송인의 청구와 법률상 양립할 수 없는 예비적 공동소송의 경우에는 민사소송법 제70조 제2항 에 '모든' 공동소송인에 관한 청구에 대하여 판결을 하도록 규정되어 있는바, 주위적 피고에 대한 주된 청구를 인용함으로써 이와 양립할 수 없는 예비적 피고에 대한 청구 역시 받아들이지 않는 경우에는 그 예비적 청구가 기각되었음을 주문에 표시하고 그에 관한 소송비용의 부담까지 선고하여 주관적·예비적 소송 제기에 따른 당사자의 지위 불안을 해소하여 주어야 함에도 불구하고, 주위적 피고에 대한 주된 청구만을 인용하고 예비적 피고에 대한 예비적 청구 기각의 뜻을 표시하지 않은 것은 그 판결절차에 위법이 있다. [2] 타인 간의 소송목적의 전...","[1] 민사소송법 제70조 제2항 , 제417조 [2] 민사소송법 제79조 [3] 상법 제46조 제1호 , 제48조",없음,"부동산, 주택, 아파트, 상가, 건물, 매매, 매수, 매도, 매매계약, 매매대금, 계약금, 중도금",전문 원문: https://www.law.go.kr/LSW/precInfoP.do?precSeq=69712,civil_sale_effect,민법 제568조 매매의 효력,civil_sale_effect|민법 제568조 매매의 효력
804,CASE_2012_00804,2011다42270,손해배상(기)등,대법원,2012-03-29,민사,판결,상고심,상고기각,2005. 5. 26. 전에 사용검사 또는 사용승인을 받은 후 임대에서 분양전환된 임대아파트의 경우에도 구 집합건물의 소유 및 관리에 관한 법률 제9조 제1항 및 이에 의하여 준용되는 민법 제667조 내지 제671조 가 적용되는지 여부 (적극) 및 이때 하자담보책임기간(=최초 임차인들에게 인도된 때로부터 10년),"및 관리에 관한 법률’(2005. 5. 26. 법률 제7502호로 개정되기 전의 것. 이하 ‘구 집합건물법’이라고 한다) 제9조 제1항 은 집합건물을 건축하여 분양한 자의 담보책임에 관하여 민법 제667조 내지 제671조 의 규정을 준용한다고 정하고, 민법 제671조 제1항 단서는 석조, 석회조, 연와조, 금속 기타 이와 유사한 재료로 조성된 건물의 수급인은 목적물의 하자에 관하여 인도 후 10년 동안 담보책임을 진다고 정하고 있다. 한편 2005. 5. 26. 법률 제7502호로 개정된 집합건물법의 부칙 제6조 는 공동주택의 담보책임 및 하자보수에 관하여 2005. 5. 26. 법률 제7520호로 개정된 주택법 제46조 의 규정에 따","구 집합건물의 소유 및 관리에 관한 법률(2005. 5. 26. 법률 제7502호로 개정되기 전의 것) 제9조 제1항 , 민법 제667조 , 제668조 , 제669조 , 제670조 , 제671조","대법원 2008. 12. 11. 선고 2008다12439 판결 (공2009상, 24), 대법원 2010. 1. 14. 선고 2008다88368 판결 , 대법원 2011. 4. 14. 선고 2009다82060 판결","주택, 아파트, 토지, 건물, 임대차, 전세, 임차인, 임대차계약, 분양, 담보, 사기, 손해배상",전문 원문: https://www.law.go.kr/LSW/precInfoP.do?precSeq=165556,civil_fraud_duress,민법 제110조 사기·강박에 의한 의사표시,civil_fraud_duress|민법 제110조 사기·강박에 의한 의사표시; civil_nonperformance_damages|민법 제390조 채무불이행 손해배상; civil_sale_effect|민법 제568조 매매의 효력; civil_lease_definition|민법 제618조 임대차의 의의
805,CASE_2007_00805,2007나8228,사해행위취소·배당이의,부산고등법원,2007-10-17,민사,판결,2심,항소기각,"종결】 2007. 8. 29. ( 피고 1에 대하여) 2007. 9. 12. ( 피고 2, 3에 대하여) 【주 문】 1. 제1심 판결 중 피고 2에 대한 부분을 취소한다. 2. 원고들의 피고 2에 대한 청구를 기각한다. 3. 피고 1, 3의 항소를 모두 기각한다. 4. 원고들과 피고 2 사이에 생긴 소송총비용은 원고들이 부담하고, 원고들과 피고 1, 3 사이에 생긴 항소비용은 피고 1, 3이 부담한다. 【청구취지 및 항소취지】 1. 청구취지 별지 목록 기재 각 부동산에 관하여 소외 1과 사이에, 피고 1이 2004. 6. 26., 피고 2가 2004. 7. 5. 각","정되었다. 다. 소외 1은 부산 서구 암남동 465-19, 466-1 지상에 ‘부광하이츠빌라’라는 명칭의 공동주택(이하 ‘이 사건 공동주택’이라고 한다)을 신축·분양하기 위하여 그 신축공사를 진행하던 중, 이 사건 공동주택의 각 전유부분인 별지 목록 기재 각 부동산(이하 ‘이 사건 각 부동산’이라고 한다)에 관하여, 2004. 6. 26. 피고 1과 사이에 채권최고액 3억 9,000만 원으로 된 근저당권설정계약(이하 ‘이 사건 제1근저당계약’이라고 한다)을 체결하여 2004. 6. 28. 근저당권설정등기를 마쳐주고, 2004. 7. 5. 피고 2와 사이에 채권최고액 275,015,000원으로 된 근저당권설정계약(이하 ‘이 사건 제2근저당",원문 참조,없음,"부동산, 주택, 토지, 임야, 빌라, 대지권, 소유권보존, 분양, 분양대금, 등기, 근저당, 저당권",전문 원문: https://www.law.go.kr/LSW/precInfoP.do?precSeq=78889,civil_sale_effect,민법 제568조 매매의 효력,civil_sale_effect|민법 제568조 매매의 효력; civil_lease_definition|민법 제618조 임대차의 의의
806,CASE_1997_00806,97도605,특정경제범죄가중처벌등에관한법률위반(사기)·사기·공문서위조·위조공문서행사·사문서위조·위조사문서행사·공정증서원본불실기재·불실기재공정증서원본행사,대법원,1997-07-25,형사,판결,상고심,파기환송,"[1] 생존중의 일자를 작성일자로 하여 사자 명의의 문서를 작성한 경우, 사문서위조 및 동행사죄의 성립 여부 (적극) [2] 허위의 소유권이전등기를 경료한 자가 그 부동산에 관하여 자신의 채권자와의 합의로 근저당권설정등기를 경료한 경우, 공정증서원본불실기재 및 동행사죄의 성립 여부 (적극)",[1] 타인 명의의 문서를 위조하여 행사하였다 할지라도 그 문서를 작성할 당시 그 명의자가 이미 사망한 경우에는 그 문서의 작성일자가 그 명의자의 생존중의 일자로 된 경우가 아니면 사문서위조의 죄나 그 행사의 죄에 해당하지 아니한다. [2] 근저당권은 근저당물의 소유자가 아니면 설정할 수 없으므로 타인의 부동산을 자기 또는 제3자의 소유라고 허위의 사실을 신고하여 소유권이전등기를 경료한 후 나아가 그 부동산이 자기 또는 당해 제3자의 소유인 것처럼 가장하여 그 부동산에 관하여 자기 또는 당해 제3자 명의로 채권자와의 사이에 근저당권설정등기를 경료한 경우에는 공정증서원본불실기재 및 동행사죄가 성립한다.,"[1] 형법 제231조 , 제234조 [2] 형법 제228조 , 제229조","[1] 대법원 1970. 11. 30. 선고 70도2231 판결(집18-3, 형122) , 대법원 1973. 10. 23. 선고 73도1138 판결(집21-3, 형22) , 대법원 1992. 12. 24. 선고 92도2322 판결(공1993상, 661) , 대법원 1993. 9. 28. 선고 93도2143 판결(공1993하, 3023) , 대법원 1994. 9. 30. 선고 94도1787 판결(공1994하, 2918)","부동산, 토지, 소유권이전, 등기, 근저당, 저당권, 공정증서원본불실기재, 사기, 허위, 위조, 파기, 불실기재",전문 원문: https://www.law.go.kr/LSW/precInfoP.do?precSeq=115565,aggravated_economic_crime,특정경제범죄 가중처벌 등에 관한 법률 제3조,aggravated_economic_crime|특정경제범죄 가중처벌 등에 관한 법률 제3조; criminal_fraud|형법 제347조 사기죄
807,CASE_1984_00807,82다카672,소유권이전등기말소,대법원,1984-06-12,민사,판결,상고심,상고기각,매수인의 적극 권유로 이루어진 양도담보물의 저렴한 환가처분의 반사회적 법률행위에의 해당여부,"담보부동산에 대해 실질적인 양도 담보권을 갖는 채권자의 대리인이 담보부동산을 적정한 시가로 처분하여 채권의 만족을 얻지 아니하고 담보부동산의 취득자 (갑)과 통모하여 시가 2,000만원의 절반에도 못미치는 750만원에 위 (갑)이 가공인물(을)의 명의로 매수하였다가 자신의 매부에게 전매하였다면 이는 배임행위에 해당하고 양도담보권자의 이러한 배임행위가 취득자인 위 (갑)의 적극 가담으로 이루어진 이상 위 양자간의 매매계약은 반사회적인 법률행위로서 무효이다.","형법 제355조 제2항 , 민법 제103조",없음,"부동산, 건물, 전세, 전세권, 매매, 매수, 매매계약, 소유권이전, 소유권보존, 등기, 가등기, 담보",전문 원문: https://www.law.go.kr/LSW/precInfoP.do?precSeq=99389,civil_lease_definition,민법 제618조 임대차의 의의,embezzlement_breach_of_trust|형법 제355조·제356조 횡령·배임; civil_sale_effect|민법 제568조 매매의 효력; civil_lease_definition|민법 제618조 임대차의 의의
808,CASE_2009_00808,2007다76580,손해배상(기),대법원,2009-03-12,민사,판결,상고심,파기환송,"환지 과정에서 등기관이 새로운 등기부를 편제하면서 근저당권설정등기 및 압류등기의 이기를 누락하였고, 그 등기부를 신뢰하여 부동산을 매수한 매수인이 매매대금을 전부 지급한 후 위 근저당권설정등기 및 압류등기가 이기된 사안에서, 등기관의 직무상 과실로 위법하게 이루어진 등기부상 기재를 믿고 법률상 또는 계약상 지급할 의무가 없는 금원을 지급한 사실 자체로서 매수인에게 현실적으로 손해가 발생하였다고 한 사례","환지되기 전 토지인 서울 중구 신당동 559 대 489㎡ 중 19/489 지분 및 같은 동 574 대 13㎡ 중 9/13 지분(이하 위 지분들을 ‘이 사건 제1 공유지분’이라 한다)을 1995. 2. 27.부터 2004. 2. 27.까지 10년에 걸쳐 그 대금 24,853,500원을 분할 납부하는 조건으로, 환지 전 서울 중구 신당동 599 대 228㎡ 중 22/228 지분 및 같은 동 600 대 40㎡ 중 23/40 지분(이하 위 지분들을 ‘이 사건 제2 공유지분’이라 한다)을 1997. 6. 30.부터 2016. 6. 30.까지 20년에 걸쳐 대금 44,585,000원을 분할 지급하는 조건으로 각 매수하는 계약을 체결하였다. 나. 망","구 도시재개발법(2002. 12. 30. 법률 제6852호 도시 및 주거환경정비법 부칙 제2조로 폐지) 제39조 제1항 (현행 도시 및 주거환경정비법 제55조 제1항 참조), 제40조 (현행 도시 및 주거환경정비법 제56조 참조), 구 도시재개발등기처리규칙(2003. 6. 28. 대법원규칙 제1833호에 의하여 폐지) 제5조 제1항 (현행 도시 및 주거환경정비 등기처리규칙 제5조 제1항 참조), 제6조 (현행 도시 및 주거환경정비 등기처리규칙 제6조 참조), 제8조 (현행 도시 및 주거환경정비 등...","대법원 1998. 4. 24. 선고 97다28568 판결 (공1998상, 1443)","부동산, 주택, 토지, 건물, 대지권, 전세, 임차권, 전세권, 매매, 매수, 매도, 매매계약",전문 원문: https://www.law.go.kr/LSW/precInfoP.do?precSeq=136148,civil_lease_definition,민법 제618조 임대차의 의의,civil_nonperformance_damages|민법 제390조 채무불이행 손해배상; civil_sale_effect|민법 제568조 매매의 효력; civil_lease_definition|민법 제618조 임대차의 의의
809,CASE_1982_00809,81나969,소유권보존등기말소청구사건,서울고법,1982-02-03,민사,판결,2심,항소기각,실제평수와 상이한 소유권보존등기의 효력,기준건물에 연이어 새로이 건축된 건물부분이 기존건물과 하나의 지붕으로 되어 있고 벽도 서로 연결되는 등 외형상으로 보아 1동의 건물처럼 보일 뿐 아니라 기능적인 면에서도 1동의 건물을 이루고 있다면 기존건물에 관한 소유권보존등기는 비록 실제평수 등에 있어 차이가 있다 하더라도 여전히 기존건물과 신축부분을 합한 이 사건 건물 전체에 관한 권리를 표상하는 등기라 할 것이다.,민법 제186조,"1980. 7. 8. 선고, 79다2299 판결 (요추II 민법 제186조(10) 26면, 카 12461 집 28②민108, 공 639호 12995)","부동산, 주택, 건물, 전세, 보증금, 전세금, 매매, 매수, 매도, 매매계약, 매매대금, 소유권보존",전문 원문: https://www.law.go.kr/LSW/precInfoP.do?precSeq=75366,civil_lease_definition,민법 제618조 임대차의 의의,civil_sale_effect|민법 제568조 매매의 효력; civil_lease_definition|민법 제618조 임대차의 의의
810,CASE_2023_00810,2023다273206,소유권이전등기,대법원,2023-12-07,민사,판결,상고심,상고기각,"[1] 공유 부동산에 관하여 제3자 명의로 원인무효의 소유권이전등기가 마쳐져 있는 경우, 공유자의 1인이 공유물에 관한 보존행위로서 등기 전부의 말소를 구할 수 있는지 여부 (적극) / 공유자가 다른 공유자의 지분권을 대외적으로 주장하는 것이 공유물의 보존행위에 속하는지 여부 (소극) 및 자신의 소유지분 범위를 초과하는 부분에 관하여 마쳐진 등기에 대하여 공유물에 관한 보존행위로서 무효라고 주장하면서 말소를 구할 수 있는지 여부 (소극) / 원인무효의 등기가 특정 공유자의 지분에만 한정하여 마쳐진 경우, 지분을 침해받게 된 특정 공유자를 제외한 나머지 공유자들이 공유...","[1] 부동산의 공유자의 1인은 당해 부동산에 관하여 제3자 명의로 원인무효의 소유권이전등기가 마쳐져 있는 경우 공유물에 관한 보존행위로서 제3자에 대하여 그 등기 전부의 말소를 구할 수 있으나, 공유자가 다른 공유자의 지분권을 대외적으로 주장하는 것을 공유물의 멸실·훼손을 방지하고 공유물의 현상을 유지하는 사실적·법률적 행위인 공유물의 보존행위에 속한다고 할 수는 없으므로, 자신의 소유지분 범위를 초과하는 부분에 관하여 마쳐진 등기에 대하여 공유물에 관한 보존행위로서 무효라고 주장하면서 말소를 구할 수는 없다. 결국 공유물에 관한 원인무효의 등기에 대하여 모든 공유자가 항상 공유물의 보존행위로서 말소를 구할 수 있는 것은 아니고, 원인무효의 등기로 인하여 자신의 지분이...","[1] 민법 제186조 , 제265조 [2] 민사소송법 제212조 제1항 , 제253조 , 제392조 , 제425조 , 제431조","[1] 대법원 1993. 5. 11. 선고 92다52870 판결 (공1993하, 1682), 대법원 1994. 11. 11. 선고 94다35008 판결 (공1994하, 3272), 대법원 2009. 2. 26. 선고 2006다72802 판결 , 대법원 2010. 1. 14. 선고 2009다67429 판결 (공2010상, 318) / [2] 대법원 2000. 11. 16. 선고 98다22253 전원합의체 판결 (공2001상, 34)","부동산, 토지, 소유권이전, 소유권보존, 등기, 기각, 파기, 해제, 무효",전문 원문: https://www.law.go.kr/LSW/precInfoP.do?precSeq=238777,civil_sale_effect,민법 제568조 매매의 효력,civil_sale_effect|민법 제568조 매매의 효력
811,CASE_1997_00811,96고합254,부동산소유권이전등기등에관한특별조치법위반·공정증서원본불실기재·불실기재공정증서원본행사,대전지법,1997-03-19,형사,판결,1심,무죄,"타인의 토지에 대하여 허위의 확인서를 발급받아 등기공무원에게 허위신고를 하였다는 공소사실에 대하여, 토지의 납세의무자가 그 타인이고 토지대장상 소유명의자도 그 타인의 피상속인이라는 사실만으로는 유죄의 증거가 부족하다고 한 사례","토지대장상의 기재가 실체적 권리관계에 항상 부합되는 것은 아니고, 현행 종합토지세법은 종합토지세 납부의무자를 토지의 사실상 소유자, 소유권의 귀속이 분명하지 아니하여 사실상 소유자를 확인할 수 없는 경우에는 그 사용자라고 규정하고 있는데, 실무상 토지의 실제 경작자 또는 실제 소유자라고 주장하는 자가 있는 경우에는 그 진위 확인을 위한 특별한 조사절차를 거침이 없이 납세의무자를 변경해 주고 있으며, 실제로도 담당공무원이 토지대장만을 확인한 채 해당 토지의 납세의무자를 피해자로 변경해 주었다면, 피해자인 납세의무자가 곧바로 토지의 실제 소유자라고 볼 수 없다는 이유로, 토지대장상 토지의 소유자가 피해자의 피상속인으로 등재되어 있다는 사실 및 피해자가 몇 해 전부터 그 토지의...","부동산소유권이전등기등에관한특별조치법 제13조 제1항 , 형법 제228조 , 제229조",없음,"부동산, 주택, 토지, 농지, 매수, 소유권이전, 소유권보존, 등기, 공정증서원본불실기재, 사기, 기망, 허위",전문 원문: https://www.law.go.kr/LSW/precInfoP.do?precSeq=222155,criminal_fraud,형법 제347조 사기죄,criminal_fraud|형법 제347조 사기죄; civil_fraud_duress|민법 제110조 사기·강박에 의한 의사표시; civil_sale_effect|민법 제568조 매매의 효력
812,CASE_2014_00812,2013다91788,대여금,대법원,2014-10-15,민사,판결,상고심,파기환송,법정대위의 전제가 되는 보증 등의 시점 이전에 이미 소멸한 채권자의 담보에 대해서 민법 제485조 가 적용되는지 여부 (소극),"민법 제485조 는 “ 제481조 의 규정에 의하여 대위할 자가 있는 경우에 채권자의 고의나 과실로 담보가 상실되거나 감소된 때에는 대위할 자는 그 상실 또는 감소로 인하여 상환을 받을 수 없는 한도에서 그 책임을 면한다.”라고 규정하여 법정대위를 할 자가 있는 경우에 대위할 자의 구상권 및 대위에 대한 기대권을 보호하기 위하여 채권자에게 담보보존의무를 부담시키고자 함에 그 취지가 있는 점, 민법 제485조 에 의하여 법정대위자가 면책되는지 여부 및 면책되는 범위는 담보가 상실 또는 감소한 시점을 표준시점으로 하여 판단되는 점 등을 종합하면, 법정대위의 전제가 되는 보증 등의 시점 이전에 이미 소멸한 채권자의 담보에 대해서는 민법 제485조 가 적용되지 않는다고 보아야 하...",민법 제485조,"대법원 2008. 12. 11. 선고 2007다66590 판결 (공2009상, 18)","부동산, 토지, 매매, 매매대금, 대금반환, 담보, 배당, 기망, 파기, 반환, 취소, 무효",전문 원문: https://www.law.go.kr/LSW/precInfoP.do?precSeq=175627,civil_fraud_duress,민법 제110조 사기·강박에 의한 의사표시,civil_fraud_duress|민법 제110조 사기·강박에 의한 의사표시; civil_sale_effect|민법 제568조 매매의 효력
813,CASE_1981_00813,78다2278,소유권이전등기말소,대법원,1981-12-22,민사,판결,상고심,상고기각,가. 임야세 또는 지세 명기장의 기재와 권리변동의 추정력 나. 등기부멸실 후 회복등기를 하지 아니한 경우 소유권상실 여부 (소극) 다. 재판상 화해가 준재심의 소에서 취소된 경우 재판상 화해로 인하여 생긴 법률관계의 실효 여부 (적극) 라. 공동피고 사이의 재판상 화해의 성립여부 (적극),"가. 임야세 명기장이나 지세 명기장의 기재에 권리변동의 추정력이 없으나, 이를 권리변동에 관한 사실인정의 자료로 삼을 수는 있다. 나. 민법 시행일 이전에 이미 법률행위로 인한 물권의 득실 변경에 관한 등기가 경료된 경우에는 비록 그 등기부가 멸실되었다 하더라도 민법 부칙 제10조 제1항 이 적용될 여지가 없으며, 등기부 멸실 당시의 소유자가 회복등기 기간내에 회복등기를 하지 않았다 하여 소유권을 상실하는 것이 아니다. 다. 재판상 화해가 준재심의 소에 의하여 취소되고 그 준재심재판이 확정되면 재판상화해의 효력은 소멸되고, 따라서 그 재판상화해로 인하여 생긴 모든 법률효과는 당연히 실효된다. 라. 재판상 화해의 당사자는 소송당사자 아닌 보조참가인이나 제3자도 될 수 있고,...","가. 민사소송법 제187조 나. 부동산등기법 제24조 , 민법 제186조 다. 민사소송법 제206조 라. 민사소송법 제431조",없음,"부동산, 토지, 임야, 농지, 매매, 매수, 소유권이전, 공유지분, 등기, 가등기, 감금, 위조",전문 원문: https://www.law.go.kr/LSW/precInfoP.do?precSeq=207026,civil_sale_effect,민법 제568조 매매의 효력,civil_sale_effect|민법 제568조 매매의 효력
814,CASE_2008_00814,2008나11795,구상금등,부산고법,2008-12-03,민사,판결,2심,1. 제1심판결 중 피고에 대한 부분을 다음과 같이 변경한다. 가. 소외 1과 피고 사이에 별지 2목록 기재 각 부동산에 관하...,"저당권이 설정되어 있는 부동산이 사해행위로 이전된 후 그 저당권설정등기가 말소된 때, 가액배상이 아닌 원물반환을 명할 수 있는 경우","저당권이 설정되어 있는 부동산에 관하여 사해행위가 이루어진 후 변제 등에 의하여 저당권설정등기가 말소된 경우, 원물반환이 불가능한 것은 아니지만 원물반환을 할 경우 당초 일반 채권자들의 공동담보로 되어 있지 아니하던 부분까지 회복을 명하는 것이 되어 공평에 반하는 결과가 되므로, 형평의 견지에서 수익자의 부당한 권리소멸을 막기 위하여 그 부동산의 가액에서 저당권의 피담보채무액을 공제한 잔액의 한도에서 사해행위를 취소하고 그 가액의 배상을 구할 수 있을 뿐이다. 그런데 위와 같이 가액반환을 명하는 것이 오히려 원물반환보다 수익자에게 불리하고 채권자에게 유리하여 수익자가 스스로 불이익을 감수하면서 원상회복의 방법으로 원물반환을 원할 경우에는, 가액배상을 명하기보다는 사해행위취...",민법 제406조,없음,"부동산, 임대차, 전세, 보증금, 전세금, 전세권, 매매, 매도, 매매계약, 매매대금, 소유권이전, 등기",전문 원문: https://www.law.go.kr/LSW/precInfoP.do?precSeq=127757,civil_lease_definition,민법 제618조 임대차의 의의,civil_nonperformance_damages|민법 제390조 채무불이행 손해배상; civil_sale_effect|민법 제568조 매매의 효력; civil_lease_definition|민법 제618조 임대차의 의의
815,CASE_1996_00815,96도312,사기·사문서위조·위조사문서행사·위계공무집행방해·공정증서원본불실기재·불실기재공정증서원본행사,대법원,1996-10-11,형사,판결,상고심,상고기각,"민사소송을 제기하면서 피고의 주소를 허위기재하여 소송서류를 허위주소로 송달케 한 경우, 위계에 의한 공무집행방해죄의 성부 (소극)","민사소송을 제기함에 있어 피고의 주소를 허위로 기재하여 법원공무원으로 하여금 변론기일소환장 등을 허위주소로 송달케 하였다는 사실만으로는 이로 인하여 법원공무원의 구체적이고 현실적인 어떤 직무집행이 방해되었다고 할 수는 없으므로, 이로써 바로 위계에 의한 공무집행방해죄가 성립한다고 볼 수는 없다.",구 형법(1995. 12. 29. 법률 제5057호로 개정되기 전의 것) 제137조,"대법원 1977. 9. 13. 선고 77도284 판결(공1977, 10274)","부동산, 매매, 매수, 매매계약, 소유권이전, 등기, 공정증서원본불실기재, 사기, 허위, 위조, 무죄, 기각",전문 원문: https://www.law.go.kr/LSW/precInfoP.do?precSeq=114297,criminal_fraud,형법 제347조 사기죄,criminal_fraud|형법 제347조 사기죄; civil_sale_effect|민법 제568조 매매의 효력
816,CASE_2003_00816,2001다27470,보증금,대법원,2003-05-16,민사,판결,상고심,상고기각,[1] 하도급거래공정화에관한법률이 원도급관계에 적용되는지 여부 (적극) [2] 공사도급계약에 있어서 수수되는 이른바 선급금이 하도급거래공정화에관한법률 제17조 소정의 하도급대금에 해당하는지 여부 (적극) [3] 하도급거래공정화에관한법률 제2조 제9항 소정의 ‘건설위탁’의 의미 [4] 하도급거래공정화에관한법률 제17조 소정의 ‘원사업자의 부당한 대물변제’의 의미 [5] 하도급거래공정화에관한법률 제17조 에 위반된 계약의 사법상의 효력 (유효) [6] 선급금의 대물변제를 위해 도급인이 수급인 회사의 임직원들에게 이른바 3자간 등기명의신탁에 의한 방법으로 부동산소유권을 이...,"[1] 하도급거래공정화에관한법률 제2조 제1항 은 일반적으로 흔히 하도급이라고 부르는 경우, 즉 원사업자가 다른 사업자로부터 제조위탁·수리위탁 또는 건설위탁을 받은 것을 수급사업자에게 다시 위탁을 하는 경우뿐만 아니라 원사업자가 수급사업자에게 제조위탁·수리위탁 또는 건설위탁을 하는 경우도 하도급거래로 규정하여 그 법률을 적용하도록 정하고 있고, 같은 조 제2항 에 의하여 그 법률의 적용 범위는 하도급관계냐 아니냐에 따르는 것이 아니라 원사업자의 규모에 의하여 결정됨을 알 수 있으므로 하도급거래공정화에관한법률은 그 명칭과는 달리 일반적으로 흔히 말하는 하도급관계뿐만 아니라 원도급관계도 규제한다. [2] 공사도급계약에 있어서 수수되는 이른바 선급금은 수급인으로 하여금 공사를...","[1] 하도급거래공정화에관한법률 제2조 [2] 하도급거래공정화에관한법률 제17조 , 민법 제664조 [3] 하도급거래공정화에관한법률 제2조 제9항 , 민법 제105조 [4] 하도급거래공정화에관한법률 제17조 [5] 하도급거래공정화에관한법률 제17조 , 제20조 , 제22조 [6] 민법 제186조 , 제466조 , 부동산실권리자명의등기에관한법률 제4조 제1항 , 제3항","[1] 대법원 2001. 10. 26. 선고 2000다61435 판결 (공2001하, 2536) / [2] 대법원 1997. 12. 12. 선고 97다5060 판결 (공1998상, 256), 대법원 1999. 12. 7. 선고 99다55519 판결 (공2000상, 148) / [5] 대법원 2000. 7. 28. 선고 2000다20434 판결 (공2000하, 1936) / [6] 대법원 1984. 6. 26. 선고 82다카1758 판결 (집32-3, 민112), 대법원 2002. 3. 15. 선고...","부동산, 주택, 상가, 보증금, 소유권이전, 분양, 분양대금, 등기, 명의신탁, 부동산실권리자, 신탁부동산, 강박",전문 원문: https://www.law.go.kr/LSW/precInfoP.do?precSeq=194555,civil_fraud_duress,민법 제110조 사기·강박에 의한 의사표시,civil_fraud_duress|민법 제110조 사기·강박에 의한 의사표시; civil_sale_effect|민법 제568조 매매의 효력; civil_lease_definition|민법 제618조 임대차의 의의
817,CASE_2002_00817,2002다11496,소유권이전등기말소등기등,대법원,2002-11-22,민사,판결,상고심,상고기각,"[1] 갑이 을에게 부동산 중 일부 지분을 매도하고 그 대금을 모두 수령하였음에도, 병에게 그 부동산을 몇 차례에 걸쳐 지분으로 나누어 모두 증여한 경우, 갑이 을에게 매도한 부동산 지분을 보유하는 동안에는 병에 대한 나머지 부동산 지분에 관한 증여행위는 배임행위가 되지 않는다고 한 사례 [2] 갑이 을과 직접 부동산에 관한 매매계약을 체결하고 그 대금을 모두 지급하였으나 병에게 명의를 신탁하여 그 앞으로 소유권이전등기를 경료한 경우의 법률관계","[1] 갑이 을에게 부동산 중 일부 지분을 매도하고 그 대금을 모두 수령하였음에도, 병에게 그 부동산을 몇 차례에 걸쳐 지분으로 나누어 모두 증여한 경우, 갑으로서는 을에게 부동산 중 일부 지분에 관한 소유권이전등기의무만을 부담한다고 할 것이어서 그에 상당하는 지분을 스스로 보유하고 있는 한 그 지분을 제외한 나머지 지분을 처분하더라도 을에 대한 관계에서 이중매매가 될 수 없고, 따라서 배임행위가 된다고 볼 수도 없다고 한 사례. [2] 갑이 을과 직접 부동산에 관한 매매계약을 체결하고 그 대금을 모두 지급하였으나 병에게 명의를 신탁하여 그 앞으로 소유권이전등기를 경료한 경우, 부동산에 관하여 을로부터 병 앞으로 이루어진 소유권이전등기의 원인이 된 명의신탁약정은 명의신탁자...",[1] 민법 제103조 [2] 부동산실권리자명의등기에관한법률 제4조,없음,"부동산, 토지, 매매, 매수, 매도, 매매계약, 중도금, 소유권이전, 토지거래허가, 공유지분, 등기, 근저당",전문 원문: https://www.law.go.kr/LSW/precInfoP.do?precSeq=82135,civil_sale_effect,민법 제568조 매매의 효력,civil_sale_effect|민법 제568조 매매의 효력
818,CASE_1981_00818,80나1533,소유권이전등기말소등청구사건,서울고법,1981-03-19,민사,판결,2심,항소기각,기일지정신청을 배척한 예,"특별한 사정이 없는 한 항소취하와 같은 소송행위는 의사의 실체적인 하자를 이유로 하여 그 행위의 무효취소를 주장할 수 없고, 항소취하서가 항소인이나 그 대리인 이외의 사람에 의하여 제출되었다고 하여 그 항소취하가 무효라고는 볼 수 없다.","민사소송법 제239조 , 민사소송법 제363조","1963. 11. 21. 선고, 63다441 판결 (대법원판결집 11②민253, 판결요지집 민사소송법 제363조(2) 973면), 1964. 9. 15. 선고, 64다92 판결 (판례카아드 8120호, 대법원판결집 12②민98, 판결요지집 민사소송법 제239조(5) 942면), 1967. 10. 31. 선고, 67다204 판결 (판례카아드 2131호, 대법원판결집 15③민244, 판결요지집 민사소송법 제363조(3) 973면), 1970. 6. 30. 선고, 70후7 판결 (판례카아드 9001,...","부동산, 매매, 매수, 매매계약, 소유권이전, 등기, 담보, 명의신탁, 강박, 기각, 반환, 취소",전문 원문: https://www.law.go.kr/LSW/precInfoP.do?precSeq=237665,civil_fraud_duress,민법 제110조 사기·강박에 의한 의사표시,civil_fraud_duress|민법 제110조 사기·강박에 의한 의사표시; civil_sale_effect|민법 제568조 매매의 효력
819,CASE_2016_00819,2015다39289,분양대금반환등,대법원,2016-11-24,민사,판결,상고심,상고기각,"[1] 집합건물의 소유 및 관리에 관한 법률 제15조 제1항 에서 정한 관리단집회의 결의를 요하는 ‘공용부분의 변경’의 의미 및 공용부분의 변경에 해당하는지 판단하는 기준 [2] 집합건물의 소유 및 관리에 관한 법률 제15조 제1항 의 규정 취지 및 공용부분의 형상 또는 효용의 변경이 이용관계의 단순한 변화를 넘어서서 집합건물의 구조를 변경하여 구분소유자의 전유부분에 대한 소유권의 범위 및 대지사용권의 내용에 변동을 일으키는 경우, 위 조항에서 정한 ‘공용부분의 변경’에 해당하는지 여부 (소극) [3] 甲 재건축사업조합이 집합건물의 공용부분 중 휴게실과 갱의실로 용도...","경과한 후에 제출된 상고이유보충서의 기재는 상고이유를 보충하는 범위 내에서)를 판단한다. 1. 상고이유 제1점, 제2점, 제3점에 대하여 가. 이 사건 점용권 분양계약이 집합건물의 공용부분의 처분을 내용으로 한다는 주장에 대하여 (1) 「집합건물의 소유 및 관리에 관한 법률」(이하 ‘집합건물법’이라 한다) 제15조 제1항 본문은 ""공용부분의 변경에 관한 사항은 관리단집회에서 구분소유자의 4분의 3 이상 및 의결권의 4분의 3 이상의 결의로써 결정한다.""라고 규정하고 있는데, 관리단집회의 이러한 결의를 요하는 공용부분의 변경은 기존의 공용부분의 외관과 구조를 변경하거나 그 기능과 용도를 변경함으로써 공용부분의 형상 또는 효용을 실질적으로",[1] 집합건물의 소유 및 관리에 관한 법률 제15조 제1항 [2] 집합건물의 소유 및 관리에 관한 법률 제15조 제1항 [3] 집합건물의 소유 및 관리에 관한 법률 제15조 제1항,"[1] 대법원 2008. 9. 25. 선고 2006다86597 판결 / [2] 대법원 2014. 9. 4. 선고 2013두25955 판결 (공2014하, 2045)","상가, 건물, 임대차, 임대차계약, 대금반환, 분양, 분양대금, 분양계약, 불법행위, 기각, 반환, 해제",전문 원문: https://www.law.go.kr/LSW/precInfoP.do?precSeq=184352,civil_lease_definition,민법 제618조 임대차의 의의,civil_nonperformance_damages|민법 제390조 채무불이행 손해배상; civil_sale_effect|민법 제568조 매매의 효력; civil_lease_definition|민법 제618조 임대차의 의의
820,CASE_2007_00820,2007노61,사기·변호사법위반,서울서부지법,2007-04-24,형사,판결,2심,무죄,"법무사 사무원이 법무사의 지도·감독을 받지 않고 자신의 독자적인 책임과 계산하에 경매입찰을 사실상 대리한 경우, 변호사법 위반죄의 성립 여부 (적극)","변호사법 제109조 제1호 , 법무사법 제3조 , 제23조 제3항 및 제5항 의 규정 취지에 비추어 보면, 비록 형식상으로는 법무사의 사무원의 지위에 있는 사람이라 하더라도 단순히 사무를 보조하는 역할을 넘어 실제로는 법무사의 지도·감독을 받지 않고 자신의 독자적인 책임과 계산하에 경매입찰을 사실상 대리하여 주고 그 수수료 명목으로 돈을 지급받기로 약정한 경우에는 변호사법 제109조 제1호 에 기한 변호사법 위반죄가 성립한다.","변호사법 제109조 제1호 , 법무사법 제3조 , 제23조 제3항 , 제5항","대법원 2002. 11. 13. 선고 2002도2725 판결 (공2003상, 125)","부동산, 주택, 상가, 임대차, 보증금, 임차인, 월세, 매수, 경매, 배당, 배당요구, 고소",전문 원문: https://www.law.go.kr/LSW/precInfoP.do?precSeq=135900,criminal_fraud,형법 제347조 사기죄,criminal_fraud|형법 제347조 사기죄; civil_sale_effect|민법 제568조 매매의 효력; civil_lease_definition|민법 제618조 임대차의 의의
821,CASE_2011_00821,2011도6223,사문서위조·위조사문서행사,대법원,2011-09-29,형사,판결,상고심,파기환송,"[1] 사망한 사람 명의의 사문서를 위조한 경우 문서명의인이 생존하고 있다는 점이 문서의 중요한 내용을 이루거나 그 점을 전제로 문서가 작성되었다면, 사망한 명의자의 승낙이 추정된다는 이유로 사문서위조죄의 성립을 부정할 수 있는지 여부 (소극) [2] 피고인이 자신의 부(父) 甲에게서 甲 소유 부동산 매매에 관한 권한 일체를 위임받아 이를 매도하였는데, 그 후 甲이 갑자기 사망하자 소유권 이전에 사용할 목적으로 甲이 자신에게 인감증명서 발급을 위임한다는 취지의 인감증명 위임장을 작성하여 주민센터 담당직원에게 제출한 사안에서, 피고인에게 무죄를 인정한 원심판결에 사망한...","[1] 문서위조죄는 문서의 진정에 대한 공공의 신용을 보호법익으로 하는 것이므로 행사할 목적으로 작성된 사문서가 일반인으로 하여금 당해 명의인의 권한 내에서 작성된 문서라고 믿게 할 수 있는 정도의 형식과 외관을 갖추고 있으면 사문서위조죄가 성립하고, 위와 같은 요건을 구비한 이상 명의인이 문서의 작성일자 전에 이미 사망하였더라도 그러한 문서 역시 공공의 신용을 해할 위험성이 있으므로 사문서위조죄가 성립한다. 위와 같이 사망한 사람 명의의 사문서에 대하여도 문서에 대한 공공의 신용을 보호할 필요가 있다는 점을 고려하면, 문서명의인이 이미 사망하였는데도 문서명의인이 생존하고 있다는 점이 문서의 중요한 내용을 이루거나 그 점을 전제로 문서가 작성되었다면 이미 문서에 관한 공공...","[1] 형법 제231조 [2] 형법 제24조 , 제231조 , 제234조","[1] 대법원 2005. 2. 24. 선고 2002도18 전원합의체 판결 (공2005상, 534), 대법원 2005. 3. 25. 선고 2003도4943 판결","부동산, 건물, 임대차, 보증금, 임차인, 매매, 매수, 매도, 매매계약, 매매대금, 소유권이전, 등기",전문 원문: https://www.law.go.kr/LSW/precInfoP.do?precSeq=196525,civil_lease_definition,민법 제618조 임대차의 의의,civil_sale_effect|민법 제568조 매매의 효력; civil_lease_definition|민법 제618조 임대차의 의의
822,CASE_2014_00822,2013나54644,배당이의,서울고법,2014-07-11,민사,판결,2심,1. 제1심판결을 취소한다. 2. 인천지방법원 2011타경27440호 부동산임의경매 사건에 관하여 같은 법원이 2012. 12...,"[1] ‘부동산등기부상 소유자로 등재되어 있지만 소유권 없는 자’를 ‘소유자’로 취급하여 경매절차가 진행된 경우, 소유권 없는 등기명의인은 ‘진정한 소유자’가 아니라도 배당이의 진술 및 배당이의 소를 제기하거나 잉여금을 배당받을 수 있는 ‘민사집행법상 소유자’라고 보아야 한다고 한 사례 [2] 甲이 乙에게서 부동산을 매수하면서 명의신탁약정에 따라 丙 명의로 소유권이전등기를 마치고, 甲 명의로 근저당권설정등기를 마쳤는데, 丙이 丁에게 위 부동산을 매도하였다가 매매계약이 취소되었음에도 丁 명의의 소유권이전등기가 그대로 남아 있었고, 그 후 甲이 근저당권을 기초로 丁을 소...","[1] ‘부동산등기부상 소유자로 등재되어 있지만 소유권 없는 자’(이하 ‘소유권 없는 등기명의인’이라 한다)를 ‘소유자’로 취급하여 경매절차가 진행된 경우, 소유권 없는 등기명의인이 배당이의 진술 및 배당이의 소를 제기하거나 잉여금을 배당받을 수 있는지 문제 된 사안에서, 배당이의 소는 경매개시부터 매각까지 정당하게 이루어졌다는 전제하에 마지막 배당단계에서 ‘채권자의 채권 또는 순위’를 판결로 확정하는 절차이고, 본질적으로 채권자 사이의 권리조정을 위한 절차이지 경매대상 부동산의 소유권 귀속에 관한 판단을 구하는 것이 아닌 점, 소유권 없는 등기명의인에 대해 배당이의 진술 및 배당이의 소의 원고적격을 인정하지 않는다면 소유권 없는 등기명의인과 진정한 소유자 모두 배당이의...","[1] 민사집행법 제48조 , 제151조 , 제154조 , 제264조 , 제265조 , 제268조 , 민사집행규칙 제192조 [2] 민사집행법 제151조 , 제154조 , 제268조 , 부동산 실권리자명의 등기에 관한 법률 제4조 , 민법 제103조",없음,"부동산, 임야, 매매, 매수, 매도, 매매계약, 매매대금, 소유권이전, 등기, 근저당, 저당권, 담보",전문 원문: https://www.law.go.kr/LSW/precInfoP.do?precSeq=176328,civil_sale_effect,민법 제568조 매매의 효력,civil_sale_effect|민법 제568조 매매의 효력; civil_lease_definition|민법 제618조 임대차의 의의
823,CASE_2019_00823,2017다226629,보증금반환청구의소,대법원,2019-05-16,민사,판결,상고심,상고기각,"[1] 소액사건에 관하여 상고이유로 할 수 있는 ‘대법원의 판례에 상반되는 판단을 한 때’라는 요건을 갖추지 않았지만 대법원이 실체법 해석·적용의 잘못에 관하여 판단할 수 있는 경우 [2] 주택임대차보호법 제3조의3 에서 정한 임차권등기명령에 따른 임차권등기에 민법 제168조 제2호 에서 정하는 소멸시효 중단사유인 압류 또는 가압류, 가처분에 준하는 효력이 있는지 여부 (소극)","[1] 소액사건에서 구체적 사건에 적용할 법령의 해석에 관한 대법원 판례가 아직 없는 상황에서 같은 법령의 해석이 쟁점으로 되어 있는 다수의 소액사건들이 하급심에 계속되어 있을 뿐 아니라 재판부에 따라 엇갈리는 판단을 하는 사례가 나타나고 있는 경우에는, 소액사건이라는 이유로 대법원이 법령의 해석에 관하여 판단하지 않고 사건을 종결한다면 국민생활의 법적 안전성을 해칠 것이 우려된다. 따라서 이와 같은 특별한 사정이 있는 경우에는 소액사건에 관하여 상고이유로 할 수 있는 ‘대법원의 판례에 상반되는 판단을 한 때’의 요건을 갖추지 않았더라도 법령해석의 통일이라는 대법원의 본질적 기능을 수행하는 차원에서 실체법 해석·적용의 잘못에 관하여 직권으로 판단할 수 있다고 보아야 한다....","[1] 소액사건심판법 제3조 제2호 [2] 주택임대차보호법 제3조의3 , 민법 제168조 제2호","[1] 대법원 2004. 8. 20. 선고 2003다1878 판결 (공2004하, 1571), 대법원 2018. 12. 27. 선고 2015다50286 판결 (공2019상, 345)","주택, 건물, 임대차, 보증금, 임차권, 임대인, 임차인, 주택임대차, 임대차계약, 등기, 담보, 임차권등기",전문 원문: https://www.law.go.kr/LSW/precInfoP.do?precSeq=207484,civil_lease_definition,민법 제618조 임대차의 의의,civil_lease_definition|민법 제618조 임대차의 의의
824,CASE_2021_00824,2020나2039878,매매대금반환,서울고법,2021-12-10,민사,판결,2심,청구기각,"甲이 자신이 소유한 아파트의 부지가 도시관리계획상 공원부지로 편입되어 乙 공사로부터 이주대책의 일환으로 아파트 입주권을 부여받게 되자, 부동산 중개업자인 丙과 위 입주권을 양도하기 위한 매매계약을 체결하면서 매수인란에 ‘丙 외 1’이라고 기재되어 있고 그 옆에 丙의 인장이 찍혀 있는 매매계약서를 작성하였는데, 위 입주권 매매가 구 주택법 제39조 등에 위반된다는 이유로 입주권이 무효가 되자, 丙의 소개로 甲으로부터 위 입주권을 매수하여 매매대금을 모두 지급하였다고 주장하는 丁이 甲이 매매계약에 따른 의무를 이행하지 못하였다며 매매계약을 해제하고 원상회복으로 매매대금의...","甲이 자신이 소유한 아파트의 부지가 도시관리계획상 공원부지로 편입되어 乙 공사로부터 이주대책의 일환으로 아파트 입주권을 부여받게 되자, 부동산 중개업자인 丙과 위 입주권을 양도하기 위한 매매계약을 체결하면서 매수인란에 ‘丙 외 1’이라고 기재되어 있고 그 옆에 丙의 인장이 찍혀 있는 매매계약서를 작성하였는데, 위 입주권 매매가 구 주택법(2008. 2. 29. 법률 제8852호로 개정되기 전의 것) 제39조 , 구 주택법 시행령(2015. 3. 30. 대통령령 제26172호로 개정되기 전의 것) 제43조 에 위반된다는 이유로 입주권이 무효가 되자, 丙의 소개로 甲으로부터 위 입주권을 매수하여 매매대금을 모두 지급하였다고 주장하는 丁이 甲이 매매계약에 따른 의무를 이행하지...","민법 제105조 , 구 주택법(2008. 2. 29. 법률 제8852호로 개정되기 전의 것) 제39조 (현행 제65조 참조), 구 주택법 시행령(2015. 3. 30. 대통령령 제26172호로 개정되기 전의 것) 제43조 (현행 제74조 참조)",없음,"부동산, 주택, 아파트, 매매, 매수, 매도, 매매계약, 매매대금, 계약금, 중도금, 잔금, 대금반환",전문 원문: https://www.law.go.kr/LSW/precInfoP.do?precSeq=222225,realtor_prohibited_acts,공인중개사법 제33조 금지행위,civil_sale_effect|민법 제568조 매매의 효력; realtor_prohibited_acts|공인중개사법 제33조 금지행위
826,CASE_1997_00826,97노277,횡령·공정증서원본불실기재·불실기재공정증서원본행사,수원지법,1997-12-23,형사,판결,2심,무죄,[1] 대한예수교장로회 연합노회 교인들이 지교회의 교회건물 건축시 헌금을 모으고 노무를 제공한 점과 위 연합노회규칙에서 재산문제로 분쟁이 발생하면 연합노회가 이를 처결한 권한이 있음을 규정한 점 등에 비추어 위 지교회 건물 및 그 부지가 위 연합노회의 소유로 되는지 여부 (소극) [2] 교인 15명 중 4명이 불참한 가운데 참석 교인 전원의 찬성으로 이루어진 공동의회의 결의가 적법한지 여부 (적극) [3] 횡령죄 등에 대하여 유죄를 인정한 원심판결을 파기한 사례,"[1] 물권인 부동산 소유권의 귀속 등 국가의 강행법규를 적용하여야 할 법률적 분쟁에 있어서는 이와 저촉되는 교회헌법상의 규정이 적용될 여지가 없는 것인바, 연합노회 소속 지교회의 교인들은 부동산을 자신들의 총유로 하기 위하여 교회 1의 건축에 도움을 준 것이 아니라 교회 1이 같은 연합노회 소속의 지교회임을 이유로 도움을 주고자 한 것에 불과하다고 할 것이고, 따라서 교회 1 교인들의 헌금과 노무 제공 등으로 이루어진 부동산은 특별한 사유가 없는 한 교회 1 교인들의 총유에 속한다. [2] 교회 1의 정관 제10조에 의하면 공동의회는 회집된 회원으로 할 수 있다고 규정하고 있고, 교회 재산의 관리 및 처분은 교인들의 총회인 공동의회의 과반수 결의에 의하여야 할 것이므로,...","[1] 형법 제228조 , 제229조 , 제355조 제1항 , 민법 제275조 , /[2] 형법 제228조 , 제229조 , 제355조 제1항 , 민법 제276조 , /[3] 형사소송법 제325조","[1] 대법원 1973. 8. 21. 선고 73다442, 443 판결(집21-2, 민168) , , 대법원 1991. 12. 13. 선고 91다29446 판결(공1992, 508) /[2] , 대법원 1980. 12. 9. 선고 80다2045 판결(공1981, 13461) , , 대법원 1986. 9. 23. 선고 84다카6 판결(공1986, 2941) , , 대법원 1994. 10. 25. 선고 94다28437 판결(공1994하, 3101)","부동산, 토지, 건물, 매매, 매수, 매도, 매매계약, 소유권이전, 등기, 담보, 공정증서원본불실기재, 배당",전문 원문: https://www.law.go.kr/LSW/precInfoP.do?precSeq=129763,embezzlement_breach_of_trust,형법 제355조·제356조 횡령·배임,embezzlement_breach_of_trust|형법 제355조·제356조 횡령·배임; civil_sale_effect|민법 제568조 매매의 효력
827,CASE_1995_00827,95도898,사문서위조·사문서위조행사·공정증서원본불실기재·공정증서원본불실기재행사,대법원,1995-11-07,형사,판결,상고심,파기환송,가. 공동상속인 중의 1인이 다른 상속인들과의 합의 없이 법정상속분에 따른 공동상속등기를 마쳤다고 하더라도 그것이 실체적 권리관계에 부합되는 것이라면 불실의 등기라고 할 수 있는지 여부 나. 피고인이 법정상속분에 따라 공동상속인들 앞으로 마친 부동산소유권이전등기가 실체적 권리관계에 부합하는 유효한 등기로 보이는데도 피고인에 대한 공정증서원본불실기재 및 동행사의 점에 관한 공소사실을 유죄로 인정한 원심을 파기한 사례,"가. 공동상속인 중의 1인이 다른 공동상속인들과의 합의 없이 법정상속분에 따른 공동상속등기를 마쳤다고 하더라도 그것이 실체적 권리관계에 부합되는 것이라면 이를 불실의 등기라고는 할 수 없다. 나. 피고인이 법정상속분에 따라 공동상속인들 앞으로 마친 부동산소유권이전등기는 실체적 권리관계에 부합하는 유효한 등기로 보이고, 달리 그것이 불실의 등기임을 인정할 증거자료는 보이지 아니함에도 불구하고 피고인에 대한 공정증서원본불실기재 및 동 행사의 점에 관한 공소사실을 유죄로 인정한 원심판결을 관련 법리를 오해하였거나 필요한 심리를 다하지 아니하여 판결에 영향을 미친 위법을 저질렀다고 하여 파기한 사례.","가.나. 형법 제228조 제1항 나. 형법제229조 , 형사소송법 제308조","가. 대법원 1987.3.10. 선고 86도864 판결(공1987,914)","부동산, 소유권이전, 등기, 공정증서원본불실기재, 위조, 파기, 무효, 불실기재, 권리관계",전문 원문: https://www.law.go.kr/LSW/precInfoP.do?precSeq=599823,criminal_fraud,형법 제347조 사기죄,criminal_fraud|형법 제347조 사기죄
828,CASE_1983_00828,82도2613,배임·사기·사문서위조,대법원,1983-09-13,형사,판결,상고심,상고기각,담보물에 대한 일체의 권한을 위임받은 자가 대위변제를 한 후 그 명의로 소유권이전등기를 경료받은 경우 배임의 범의 유무,"피고인의 알선으로 대주 2인으로부터 금원을 차용하고 부동산을 담보로 제공하여 대주명의로 제1, 2순위 가등기를 경료한 후 그 부동산에 관한 권한 일체를 피고인에게 위임한 경우에 있어서, 피고인이 제1, 2순위 가등기에 우선하는 근저당권에 기한 경매를 막기 위하여 그 피담보채권을 변제하고, 또 제1순위 가등기권자가 그 명의로 본등기를 하여 제2순위 가 등기가 말소되자 제1순위 가등기권자의 피담보채권까지 변제하고, 위 두개의 구상채권과 제2순위 가등기권자의 채권을 담보하기 위하여 피고인이 제1순위 가등기권자와 사이에 이미 변제한 채무원리금을 매매대금으로 하여 피고인 명의로 소유권이전등기를 하였다고 하여 배임의 범의가 있다 할 수 없다.",형법 제355조,없음,"부동산, 건물, 매매, 매매대금, 소유권이전, 등기, 가등기, 근저당, 저당권, 담보, 경매, 사기",전문 원문: https://www.law.go.kr/LSW/precInfoP.do?precSeq=98135,embezzlement_breach_of_trust,형법 제355조·제356조 횡령·배임,criminal_fraud|형법 제347조 사기죄; embezzlement_breach_of_trust|형법 제355조·제356조 횡령·배임; civil_sale_effect|민법 제568조 매매의 효력
829,CASE_2002_00829,2002다56031,소유권말소등기,대법원,2002-12-10,민사,판결,상고심,상고기각,"[1] 기본권을 침해하는 국가기관의 위헌적 공권력 행사에 외포되어 강박에 의한 의사표시를 한 경우, 그 의사표시가 당연 무효로 되는지 여부 (소극) [2] 강박에 의한 법률행위가 무효로 되기 위한 요건 [3] 증여자가 강박에 의한 증여행위시로부터 민법 제146조 후단 소정의 10년의 제척기간 경과 전에 강박상태에서 벗어났음에도 그 제척기간 경과 전까지 증여 의사표시를 취소하지 아니한 것은 물론 그 증여를 내용으로 한 제소전 화해조서에 따른 기판력 배제를 위하여 준재심청구를 하는 등 최소한의 권리행사도 하지 않은 경우, 민법 제146조 후단 소정의 제척기간이 그 법조항...","[1] 국가기관이 헌법상 보장된 국민의 기본권을 침해하는 위헌적인 공권력을 행사한 결과 국민이 그 공권력의 행사에 외포되어 자유롭지 못한 의사표시를 하였다고 하더라도 그 의사표시의 효력은 의사표시의 하자에 관한 민법의 일반원리에 의하여 판단되어야 할 것이고, 그 강박행위의 주체가 국가 공권력이고 그 공권력 행사의 내용이 기본권을 침해하는 것이라고 하여 그 강박에 의한 의사표시가 항상 반사회성을 띠게 되어 당연히 무효로 된다고는 볼 수 없다. [2] 강박에 의한 법률행위가 하자 있는 의사표시로서 취소되는 것에 그치지 않고 나아가 무효로 되기 위하여는, 강박의 정도가 단순한 불법적 해악의 고지로 상대방으로 하여금 공포를 느끼도록 하는 정도가 아니고, 의사표시자로 하여금 의사결...","[1] 민법 제103조 , 제110조 [2] 민법 제110조 [3] 민법 제2조 , 제146조 , 헌법 제23조","[1] 대법원 1996. 12. 23. 선고 95다40038 판결 (공1997상, 492) / [2] 대법원 1996. 10. 11. 선고 95다1460 판결 (공1996하, 3285), 대법원 1997. 3. 11. 선고 96다49353 판결 (공1997상, 1062), 대법원 1998. 2. 27. 선고 97다38152 판결 (공1998상, 870) / [3] 대법원 1998. 11. 27. 선고 98다7421 판결 (공1999상, 33), 대법원 2001. 11. 13. 선고 2001다523...","부동산, 소유권이전, 등기, 강박, 기각, 취소, 해제, 무효",전문 원문: https://www.law.go.kr/LSW/precInfoP.do?precSeq=194705,civil_fraud_duress,민법 제110조 사기·강박에 의한 의사표시,civil_fraud_duress|민법 제110조 사기·강박에 의한 의사표시
830,CASE_2014_00830,2014가합528312,소유권이전등기,서울중앙지방법원,2014-10-08,민사,판결,1심,1. 피고는 원고에게 별지 목록 기재 각 부동산에 관하여 진정명의회복을 원인으로 한 소유권이전등기절차를 이행하라. 2. 소송비...,"담당변호사 유승정 외 2인) 【변론종결】 2014. 9. 29. 【주 문】 1. 피고는 원고에게 별지 목록 기재 각 부동산에 관하여 진정명의회복을 원인으로 한 소유권이전등기절차를 이행하라. 2. 소송비용은 피고가 부담한다. 【청구취지】 주문과 같다. 【이 유】 1. 기초사실 가. 원고는 조선시대 3대 임금 태종의 장자 양녕대군의 유덕과 주요 업적 보전사업을 목적으로 1960. 5. 9. 주무관청의 설립허가를 받아 1960. 5. 20. 설립등기를 마친 재단법인이다. 원고는 기본재산으로 □□□씨◇◇◇파 종중으로부터 서울 동작구 (주소 1 생략) 임야 203,190평","고는 조선시대 3대 임금 태종의 장자 양녕대군의 유덕과 주요 업적 보전사업을 목적으로 1960. 5. 9. 주무관청의 설립허가를 받아 1960. 5. 20. 설립등기를 마친 재단법인이다. 원고는 기본재산으로 □□□씨◇◇◇파 종중으로부터 서울 동작구 (주소 1 생략) 임야 203,190평 등을 출연받아 1965. 9. 28. 원고 명의로 그에 관한 소유권이전등기를 마쳤는데, 별지 목록 기재 각 부동산(이하 ‘이 사건 토지‘라 한다)은 위 (주소 1 생략) 임야에서 분할되었다. 나. 원고는 1995년 말경 재정 악화로 지방세 체납액이 130억 원에 이르자 체납세금 납부를 위해 1996. 12. 7. 제279차 이사회를 열어 원고의 기본재산인",원문 참조,없음,"부동산, 아파트, 토지, 임야, 건물, 매매, 매수, 매도, 매매계약, 매매대금, 소유권이전, 등기",전문 원문: https://www.law.go.kr/LSW/precInfoP.do?precSeq=206253,civil_sale_effect,민법 제568조 매매의 효력,civil_sale_effect|민법 제568조 매매의 효력
831,CASE_1984_00831,83가합666,손해배상청구사건,서울지법 동부지원,1984-01-20,민사,판결,1심,일부인용,1. 사용자의 지시에 위반한 배임행위로 인한 피용자의 손해배상책임 2. 각기 다른 시기에 채권자와 보증계약을 체결한 연대보증인이 수인 있는 경우 연대보증인들 상호간의 연대책임유무,1. 1순위 담보취득후에 신용거래를 할 수 있는 회사의 지시에 위반하여 후순위 담보취득 상태에서 신용거래를 한 회사 영업담당 직원은 이로 인하여 회사에 발생한 손해에 대한 배상책임이 있다. 2. 각기 다른 시기에 채권자와 보증계약을 체결한 연대보증인들 상호간에 당연히 연대책임이 있는 것은 아니다.,"민법 제448조 , 제750조","1977. 5. 24. 선고, 76다3031 판결","부동산, 토지, 건물, 전세, 전세금, 전세권, 매수, 소유권이전, 등기, 가등기, 근저당, 저당권",전문 원문: https://www.law.go.kr/LSW/precInfoP.do?precSeq=75623,civil_lease_definition,민법 제618조 임대차의 의의,civil_nonperformance_damages|민법 제390조 채무불이행 손해배상; civil_sale_effect|민법 제568조 매매의 효력; civil_lease_definition|민법 제618조 임대차의 의의
832,CASE_2022_00832,2021나12240,소유권이전등기,부산고등법원(창원),2022-01-13,민사,판결,2심,항소기각,"방법원 진주지원 2021. 6. 15. 선고 2020가합12038 판결 【변론종결】 2021. 12. 9. 【주 문】 1. 원고의 항소와 피고의 부대항소를 모두 기각한다. 2. 원고가 이 법원에서 추가한 예비적 청구를 기각한다. 3. 항소비용과 예비적 청구로 인한 소송비용은 원고가 부담하고, 부대항소비용은 피고가 부담한다. 【청구취지, 항소취지 및 부대항소취지】 1. 청구취지 가. 주위적 청구취지 피고는 원고에게 별지 목록 제1 내지 161항 기재 각 부동산에 관하여 2010. 1.경 체결된 △△만 조선산업단지 토지 등 보상업무대행협약을 원인으로 한 각 소유권이전등기","이 사건 보상업무대행협약이 체결된 사실, 이 사건 보상업무대행협약 제12조는 피고가 보상업무 처리로 취득하는 토지 등에 관하여 그 소유권을 원고 회사의 명의로 등기하는 것으로 규정하고 있는 사실, 피고는 2012. 7.경부터 2014. 12. 24.경까지 사이에 이 사건 사업부지의 취득 및 보상업무를 수행하여 이 사건 사업부지에 해당하는 이 사건 각 토지를 매수한 다음 피고 앞으로 소유권이전등기까지 마친 사실이 각 인정된다. 그렇다면 특별한 사정이 없는 한, 피고는 원고 회사의 파산관재인인 원고(이하 ‘원고 회사’와 ‘원고’를 구별하지 아니하고 ‘원고’라고만 한다)에게, 위와 같이 피고가 이 사건 사업부지의 취득 및 보상업무를 통하여",원문 참조,없음,"부동산, 토지, 임야, 매매, 매수, 매도, 매매계약, 매매대금, 소유권이전, 등기, 명의신탁, 기각",전문 원문: https://www.law.go.kr/LSW/precInfoP.do?precSeq=231641,civil_sale_effect,민법 제568조 매매의 효력,civil_sale_effect|민법 제568조 매매의 효력
833,CASE_1980_00833,80나1250,부동산가압류에대한이의사건,서울고법,1980-12-04,민사,판결,2심,1. 원심판결을 취소한다. 2. 서울지방법원 성동지원이 위 당사자간의 같은법원 78카2683 부동산가압류신청사건에 관하여 19...,강박에 의하여 의사표시가 있었다고 인정된 사례,"입건도 되지 아니한 채 검찰청 수사관실, 검사실, 경찰서 보호실등을 전전하며 24시간 이상 행동의 제약을 받은 채 수사관과 신청인측의 임직원들로부터 신청인측의 요구에 응하지 아니하면 장기간 구속될지도 모른다는 위협아래서 한 채무인수의 의사표시나 수표발행행위는 특단의 사정이 없는 한 강박에 의한 의사표시라고 봄이 상당하다.",민법 제110조,없음,"부동산, 매매, 매수, 매도, 등기, 근저당, 저당권, 담보, 인감증명, 강박, 고발, 사기",전문 원문: https://www.law.go.kr/LSW/precInfoP.do?precSeq=74924,civil_fraud_duress,민법 제110조 사기·강박에 의한 의사표시,civil_fraud_duress|민법 제110조 사기·강박에 의한 의사표시; civil_sale_effect|민법 제568조 매매의 효력
834,CASE_2022_00834,"2020가단67935(본소), 2020가단69368(반소)",토지인도·매매대금,제주지방법원,2022-05-27,민사,판결,1심,일부인용,"고(반소피고) 2와 공동하여 위 돈 중 10,000,000원을 지급하라. 3. 원고(반소피고)들의 나머지 본소 청구와 피고(반소원고)의 나머지 반소 청구를 모두 기각한다. 4. 소송비용은 본소와 반소를 합하여 60%는 원고(반소피고)들이 부담하고, 40%는 피고(반소원고)가 부담한다. 5. 제1, 2항은 가집행할 수 있다. 【청구취지】 〈본소〉 피고(반소원고, 이하 피고라고 한다)는 원고(반소피고, 이하 ‘원고’라고 한다)들로부터 10,000,000원에서 2020. 12. 4.부터 아래 인도 및 철거 완료일까지 매년 10,000,000원의 비율로 계산한 돈을 공제한","지 목록 기재 3 건물은 이 사건 주택이라고 한다). ○ 원고들은 2015. 12. 3. 피고에게 이 사건 각 토지와 주택을 임대하면서 다음과 같이 약정하였다. 보증금 1,000만 원, 차임 연 1,000만 원 계약기간 2020. 12. 3.까지 60개월 특약사항 1. (생략) 2. 현 상태 그대로 임대하되 임대기간 만료시 임차인은 원상회복하기로 한다(건물철거조건) 3. 임차인이 필요에 의해 정화조 및 하수구 시설에 따른 기반시설 비용을 전액 부담하여 설치한다. 4. (이하 생략) ○ 피고는 이 사건 1 토지에 별지 목록 4 기재 건물(이하 이 사건 건물이라고 한다)을 신축하였다. ○ 원고들은 2020. 8. 7.경 피고에게 이 사건 임",원문 참조,없음,"주택, 토지, 건물, 임대목적물, 임대차, 보증금, 임대인, 임차인, 임대차계약, 임차보증금, 매매, 매수",전문 원문: https://www.law.go.kr/LSW/precInfoP.do?precSeq=240791,civil_lease_definition,민법 제618조 임대차의 의의,civil_sale_effect|민법 제568조 매매의 효력; civil_lease_definition|민법 제618조 임대차의 의의
835,CASE_2002_00835,2000다65147,소유권말소등기,대법원,2002-07-26,민사,판결,상고심,상고기각,"공매절차에서 농지를 매수하고 대금을 완납한 매수인이 구 농지개혁법 소정의 농지매매증명 또는 농지법 소정의 농지취득자격증명을 얻지 못하여 소유권이전등기를 경료하지 못하고 있는 동안 원소유자가 체납액을 납부하고 이를 제3자에게 매도하여 제3자 명의의 소유권이전등기가 경료된 경우, 제3자 명의의 소유권이전등기가 무효의 등기인지 여부 (소극)","구 농지개혁법(1994. 12. 22. 법률 제4817호 농지법 부칙 제2조 제1호로 폐지) 소정의 농지매매증명이 없는 농지매매계약은 채권계약으로서의 효력은 발생할 수 있을지언정 물권변동의 효과 즉, 소유권이전의 효과는 발생할 수 없고, 이와 같은 법리는 공매절차에 의한 매각의 경우에도 마찬가지라고 할 것인바, 구 농지개혁법 시행 당시의 공매절차에서 농지에 대한 매각결정과 대금납부가 이루어졌다고 할지라도 매수인이 구 농지개혁법 소정의 농지매매증명을 얻지 못한 이상 그 소유권을 취득하지 못하였고, 그 이후에도 구 농지개혁법 소정의 농지매매증명이나 농지법(1994. 12. 22. 법률 제4817호로 제정되어 1996. 1. 1.부터 시행) 소정의 농지취득자격증명을 발급받지 못...","민법 제187조 , 구 농지개혁법 (1994. 12. 22. 법률 제4817호 농지법 부칙 제2조 제1호로 폐지) 제19조 (현행 농지법 제8조 참조), 농지법 제8조","대법원 1992. 10. 27. 선고 92다28921 판결 (공1992, 3287), 대법원 1993. 10. 8. 선고 93다30747 판결 (공1993하, 3051), 대법원 1994. 12. 9. 선고 94다42402 판결 (공1995상, 460)","부동산, 농지, 매매, 매수, 매도, 매매계약, 소유권이전, 등기, 배임, 기각, 무효",전문 원문: https://www.law.go.kr/LSW/precInfoP.do?precSeq=81745,civil_sale_effect,민법 제568조 매매의 효력,civil_sale_effect|민법 제568조 매매의 효력
836,CASE_2018_00836,"2017나21191, 21207",임대차보증금반환등·건물명도,대구고법,2018-08-24,민사,판결,2심,항소기각,"임차인 甲이 임대인 乙과 대구광역시 소재 상가건물에 관하여 보증금액(월 차임 환산액을 포함한 금액)을 구 상가건물 임대차보호법 시행령 제2조 제1항 제3호 의 보증금액을 초과하는 금액으로 하고 임대차기간을 3년으로 하는 임대차계약을 체결하였다가 임대차기간 만료 후 다시 동일한 보증금액에 임대차기간을 2년으로 하는 내용의 임대차계약을 체결하여 위 건물에서 약국을 운영하였고, 그 후 위 임대차기간이 2015. 5. 13. 신설된 권리금 회수기회 보호에 관한 구 상가건물 임대차보호법 제10조의4 가 시행되기 전에 종료되었는데, 甲이 乙을 상대로 乙이 권리금의 반환 또는 새...","임차인 甲이 임대인 乙과 대구광역시 소재 상가건물에 관하여 보증금액(월 차임 환산액을 포함한 금액)을 구 상가건물 임대차보호법 시행령(2015. 11. 13. 대통령령 제26637호로 개정되기 전의 것, 이하 ‘구 상가임대차법 시행령’이라 한다) 제2조 제1항 제3호 의 보증금액을 초과하는 금액으로 하고 임대차기간을 3년으로 하는 임대차계약을 체결하였다가 임대차기간 만료 후 다시 동일한 보증금액에 임대차기간을 2년으로 하는 내용의 임대차계약을 체결하여 위 건물에서 약국을 운영하였고, 그 후 위 임대차기간이 2015. 5. 13. 신설된 권리금 회수기회 보호에 관한 구 상가건물 임대차보호법(2018. 10. 16. 법률 제15791호로 개정되기 전의 것, 이하 ‘구 상가임대...","구 상가건물 임대차보호법(2018. 10. 16. 법률 제15791호로 개정되기 전의 것) 제2조 제1항 , 제9조 제2항 , 제10조의4 , 구 상가건물 임대차보호법 시행령(2015. 11. 13. 대통령령 제26637호로 개정되기 전의 것) 제2조 제1항 제3호",없음,"부동산, 상가, 건물, 임대차, 보증금, 임대인, 임차인, 임대차계약, 담보, 손해배상, 기각, 반환",전문 원문: https://www.law.go.kr/LSW/precInfoP.do?precSeq=205612,civil_lease_definition,민법 제618조 임대차의 의의,civil_nonperformance_damages|민법 제390조 채무불이행 손해배상; civil_lease_definition|민법 제618조 임대차의 의의
837,CASE_1983_00837,82도2941,배임·사문서위조·사문서위조행사·공정증서불실기재·공정증서원본불실기재행사,대법원,1983-07-12,형사,판결,상고심,상고기각,통정허위표시에 의한 부동산매도후 다시 매도한 것이 배임죄를 구성하는지 여부 (소극),피고인이 이 사건 부동산에 대한 공소외인과의 분쟁을 피고인의 처남을 내세워 해결할 생각으로 처남에게 허위로 위 부동산에 대한 매매계약서를 작성교부하고 가등기를 경료한 후 위 부동산중 일부를 타인에게 매도하였다 하여 2중매매에 의한 배임행위가 된다고 할 수 없다.,형법 제355조,없음,"부동산, 매매, 매도, 매매계약, 소유권이전, 등기, 가등기, 공정증서원본불실기재, 허위, 위조, 배임, 무죄",전문 원문: https://www.law.go.kr/LSW/precInfoP.do?precSeq=97926,embezzlement_breach_of_trust,형법 제355조·제356조 횡령·배임,embezzlement_breach_of_trust|형법 제355조·제356조 횡령·배임; civil_sale_effect|민법 제568조 매매의 효력
838,CASE_2002_00838,2001다13952,소유권이전등기말소,대법원,2002-11-22,민사,판결,상고심,"원심판결 중 피고 대한민국 패소 부분을 파기하고, 이 부분 사건을 서울고등법원에 환송한다. 원고들의 상고를 각 기각한다. 상고...",민법 제146조 후단 소정의 제척기간이 중단 또는 정지되었다고 볼 수 없다고 하더라도 신의성실의 원칙에 반하는 것이라고 할 수 없다고 한 사례,민법 제146조 후단 소정의 제척기간이 중단 또는 정지되었다고 볼 수 없다고 하더라도 신의성실의 원칙에 반하는 것이라고 할 수 없다고 한 사례.,"민법 제2조 , 제146조","대법원 1992. 8. 18. 선고 92다21180 판결 (공1992, 2759), 대법원 2001. 11. 13. 선고 2001다52339, 52346 판결","부동산, 소유권이전, 등기, 강박, 기각, 파기, 취소",전문 원문: https://www.law.go.kr/LSW/precInfoP.do?precSeq=194387,civil_fraud_duress,민법 제110조 사기·강박에 의한 의사표시,civil_fraud_duress|민법 제110조 사기·강박에 의한 의사표시; civil_sale_effect|민법 제568조 매매의 효력
839,CASE_1980_00839,79나1074,건물명도청구사건,서울고법,1980-10-29,민사,판결,2심,항소기각,수배되어 있는 사람의 소재를 수사기관에 고발하겠다고 한 것이 강박행위인지 여부,자기의 채권을 확보하기 위하여 종전부터 협의되어 오던 채무처리방안을 협의하지 않으면 부정수표단속법 위반으로 고발되어 있는 채무자의 소재를 수사기관에 알리겠다고 한 것만으로는 이것이 신의성실의 원칙상 채무자의 의사결정에 부당한 간섭이 되는 위법성 있는 강박행위라고 볼 수 없다.,민법 제110조,"1972. 1. 31. 선고, 71다1688 판결 (판례카아드 9958호, 대법원판결집 20①민18), 1974. 2. 26. 선고, 73다1143 판결 (판례카아드 10659호, 대법원판결집 22①민80, 법원공보 484호 73450면), 1975. 3. 25. 선고, 73다1048 판결 (판례카아드 10908호, 대법원판결집 23①민111, 법원공보 512호 8382면)","부동산, 아파트, 상가, 건물, 보증금, 임차인, 임차보증금, 매매, 매수, 매매계약, 매매대금, 근저당",전문 원문: https://www.law.go.kr/LSW/precInfoP.do?precSeq=237307,civil_fraud_duress,민법 제110조 사기·강박에 의한 의사표시,civil_fraud_duress|민법 제110조 사기·강박에 의한 의사표시; civil_sale_effect|민법 제568조 매매의 효력; civil_lease_definition|민법 제618조 임대차의 의의
840,CASE_2016_00840,2015가합548306,대지권지분이전등기등,서울중앙지방법원,2016-08-12,민사,판결,1심,"1. 피고들은 원고 5, 10, 15, 16, 39, 40, 42, 45, 50, 54, 65, 72, 82, 105, 107...","대 60,253.2㎡ 중 별지 2 목록 ‘피고별 이전할 대지지분’란 기재 각 해당지분에 관하여 ‘전유부분 취득일’란 기재 각 해당일자 전유부분취득을 원인으로 한 소유권이전등기절차를 이행하라. 2. 제1항에서 제외한 원고들의 피고들에 대한 각 청구와 나머지 원고들 및 원고승계참가인들의 피고들에 대한 각 나머지 청구를 각 기각한다. 3. 소송비용은 원고들 및 원고승계참가인들이 25%, 피고들이 75%를 각 부담한다. 【청 구 취 지】 피고들은 원고들 및 원고승계참가인(이하 ‘승계참가인’)들에게 파주시 (주소 생략) 대 60,253.2㎡ 중 별지 2 목록 ‘피고별 이전할","실 가. 피고들은 2006. 12. 28. 한국토지주택공사로부터 택지개발사업이 진행 중이던 파주시 (주소 생략) 대 60,253.2㎡(이하 ‘이 사건 대지’)를 매수하여 그 지상에 12개 동 958세대 규모의 ○○마을4단지 △△△△△△△ 아파트(이하 ‘이 사건 아파트’) 신축ㆍ분양사업을 시행하였다[피고들 지분비율은 피고 예원건설 주식회사(이하 ‘피고 예원건설) 62.97/100, 피고 주식회사 다림씨앤씨(이하 ’피고 다림씨앤씨‘) 20.81/100, 피고 주식회사 슬기솔건설(이하 ’피고 슬기솔건설‘) 16.22/100이다.]. 나. 피고들은 위 아파트를 완공하여 2010. 7. 30. 각 전유부분에 관하여 위 지분비율에 따라 소유권보존등",원문 참조,없음,"주택, 아파트, 토지, 건물, 대지권, 매매, 매수, 매매계약, 계약금, 중도금, 잔금, 소유권이전",전문 원문: https://www.law.go.kr/LSW/precInfoP.do?precSeq=217215,civil_sale_effect,민법 제568조 매매의 효력,civil_sale_effect|민법 제568조 매매의 효력
841,CASE_2006_00841,2004나3183,우선수분양권자지위확인,대전고법,2006-01-19,민사,판결,2심,청구기각,"[1] 임대사업자가 임대의무기간이 경과한 임대주택을 계속 임대하려고 하는 경우, 무주택세대주인 임차인에게 임대주택법령에서 정한 임대주택을 매각하라고 요구할 권리가 인정되는지 여부 (한정 소극) [2] 임대사업자가 입주자모집공고 및 임대차계약서에서 최초의 입주지정기간 종료로부터 5년 후 임대주택법령에서 정한 가격으로 무주택세대주인 임차인에게 임대주택을 매각하기로 약정한 경우, 그 5년이 경과한 뒤에는 계속하여 임대사업에 제공하겠다는 이유로 임대주택의 매각을 거부할 수 없다고 한 사례","[1] 구 임대주택법(2002. 12. 26. 법률 제6833호로 개정되기 전의 것) 제15조 , 구 임대주택법 시행령(2002. 9. 11. 대통령령 제17737호로 개정되기 전의 것) 제13조 등에 의하면, 공공건설임대주택의 임대사업자가 그 임대의무기간(5년)이 경과한 후 임대주택을 매각하고자 하는 경우에는 입주일 이후부터 매각 당시까지 당해 임대주택에 거주하는 무주택세대주인 임차인에게 우선 매각하여야 할 의무가 있다고 할 것이나, 임대사업자와 임차인 사이에 매각시기에 관한 약정 등 특별한 사정이 없는 한, 임대사업자는 그 임대의무기간이 경과된 후에도 이를 매각하지 않고 임대사업을 계속할 수 있다고 할 것이므로, 임대사업자가 임대의무기간이 경과한 임대주택을 계속 임대하...","[1] 구 임대주택법(2002. 12. 26. 법률 제6833호로 개정되기 전의 것) 제15조 , 구 임대주택법 시행령(2002. 9. 11. 대통령령 제17737호로 개정되기 전의 것) 제13조 [2] 구 임대주택법(2002. 12. 26. 법률 제6833호로 개정되기 전의 것) 제15조 , 구 임대주택법 시행령(2002. 9. 11. 대통령령 제17737호로 개정되기 전의 것) 제13조 , 구 임대주택법 시행규칙(2000. 8. 3. 건설교통부령 제253호로 개정되기 전의 것) 제3조의3 [별...",없음,"부동산, 주택, 아파트, 토지, 임대차, 보증금, 임차인, 임대차계약, 매매, 매수, 매도, 소유권이전",전문 원문: https://www.law.go.kr/LSW/precInfoP.do?precSeq=70279,civil_lease_definition,민법 제618조 임대차의 의의,civil_sale_effect|민법 제568조 매매의 효력; civil_lease_definition|민법 제618조 임대차의 의의
843,CASE_2014_00843,2013다34143,매매대금반환,대법원,2014-03-13,민사,판결,상고심,"원심판결 중 원고 패소 부분을 파기하고, 이 부분 사건을 서울고등법원에 환송한다.","[1] 계약 해제에 따른 원상회복의무의 법적 성격(=부당이득 반환)과 그 이익 반환의 범위 [2] 계약 해제에 따른 원상회복의무의 이행으로서 매매대금 기타 급부의 반환을 구하는 경우, 과실상계가 적용되는지 여부 (소극) [3] 계약 해제의 원인이 된 채무불이행에 관하여 해제자가 ‘원인’의 일부를 제공하였다는 등의 사유로 신의칙 또는 공평의 원칙에 따라 과실상계에 준하여 원상회복청구권의 내용이 제한되는지 여부 (소극)","[1] 계약 해제의 효과로서 원상회복의무를 규정하는 민법 제548조 제1항 본문은 부당이득에 관한 특별규정의 성격을 가지는 것으로서, 그 이익 반환의 범위는 이익의 현존 여부나 청구인의 선의·악의를 불문하고 특단의 사유가 없는 한 받은 이익의 전부이다. [2] 과실상계는 본래 채무불이행 또는 불법행위로 인한 손해배상책임에 대하여 인정되는 것이고, 매매계약이 해제되어 소급적으로 효력을 잃은 결과 매매당사자에게 당해 계약에 기한 급부가 없었던 것과 동일한 재산상태를 회복시키기 위한 원상회복의무의 이행으로서 이미 지급한 매매대금 기타의 급부의 반환을 구하는 경우에는 적용되지 아니한다. [3] 계약의 해제로 인한 원상회복청구권에 대하여 해제자가 해제의 원인이 된 채무불이행에 관하...","[1] 민법 제548조 제1항 , 제741조 [2] 민법 제396조 , 제548조 제1항 , 제763조 [3] 민법 제2조 , 제396조 , 제548조 제1항 , 제763조","[1] 대법원 1997. 12. 9. 선고 96다47586 판결 (공1998상, 213), 대법원 1998. 12. 23. 선고 98다43175 판결 (공1999상, 228) / [2] 대법원 1997. 1. 24. 선고 96다40714, 40721 판결","부동산, 매매, 매수, 매도, 매매계약, 매매대금, 소유권이전, 대금반환, 분양, 분양권, 등기, 기망",전문 원문: https://www.law.go.kr/LSW/precInfoP.do?precSeq=172957,civil_fraud_duress,민법 제110조 사기·강박에 의한 의사표시,civil_fraud_duress|민법 제110조 사기·강박에 의한 의사표시; civil_nonperformance_damages|민법 제390조 채무불이행 손해배상; civil_sale_effect|민법 제568조 매매의 효력
844,CASE_2018_00844,2016다265689,임대차보증금,대법원,2018-12-27,민사,판결,상고심,파기환송,"[1] 임차주택의 양수인에게 대항할 수 있는 임차인이 스스로 임대차관계의 승계를 원하지 않는 경우, 임대차기간 만료 전에 임대인과 합의하여 임대차계약을 해지하고 임대인으로부터 임대차보증금을 반환받을 수 있는지 여부 (적극) 및 이 경우 임차주택의 양수인은 임대인의 지위를 승계하는지 여부 (소극) [2] 타인에 대한 채무의 담보로 제3채무자에 대한 채권에 대하여 권리질권을 설정하고, 질권설정자가 제3채무자에게 질권설정의 사실을 통지하거나 제3채무자가 이를 승낙하였는데, 제3채무자가 질권자의 동의 없이 질권의 목적인 채무를 변제한 경우, 이로써 질권자에게 대항할 수 있는...","[1] 구 주택임대차보호법(2013. 8. 13. 법률 제12043호로 개정되기 전의 것, 이하 같다) 제3조 제1항 에 따라 대항력을 갖춘 임차인이 있는 경우 같은 조 제3항 에 따라 임차주택의 양수인은 임대인의 지위를 승계한 것으로 본다. 그 결과 임차주택의 양수인은 임대차보증금반환채무를 면책적으로 인수하고, 양도인은 임대차관계에서 탈퇴하여 임차인에 대한 임대차보증금반환채무를 면하게 된다. 그러나 임차주택의 양수인에게 대항할 수 있는 임차권자라도 스스로 임대차관계의 승계를 원하지 아니할 때에는 승계되는 임대차관계의 구속을 면할 수 있다고 보아야 하므로, 임대차기간의 만료 전에 임대인과 합의에 의하여 임대차계약을 해지하고 임대인으로부터 임대차보증금을 반환받을 수 있으며,...","[1] 구 주택임대차보호법(2013. 8. 13. 법률 제12043호로 개정되기 전의 것) 제3조 제1항 , 제3항 (현행 제3조 제4항 참조) [2] 민법 제352조 , 제353조 제2항","[1] 대법원 1996. 7. 12. 선고 94다37646 판결 (공1996하, 2458) / [2] 대법원 1997. 11. 11. 선고 97다35375 판결 (공1997하, 3770), 대법원 2016. 4. 29. 선고 2015도5665 판결 (공2016상, 718)","부동산, 주택, 아파트, 임차주택, 임대차, 보증금, 임차권, 임대인, 임차인, 주택임대차, 임대차계약, 매매",전문 원문: https://www.law.go.kr/LSW/precInfoP.do?precSeq=204227,civil_lease_definition,민법 제618조 임대차의 의의,civil_sale_effect|민법 제568조 매매의 효력; civil_lease_definition|민법 제618조 임대차의 의의
845,CASE_2008_00845,"2006다29372, 29389",전세권말소등·추심금,대법원,2008-03-13,민사,판결,상고심,"원심판결 중 본소의 채무부존재확인청구 부분과 반소 부분을 파기하고, 이 부분 사건을 대전고등법원에 환송한다.","[1] 실제로는 전세권설정계약이 없으면서도 임차보증금 반환채권을 담보할 목적으로 전세권설정등기를 마친 후 그 전세권에 대하여 근저당권이 설정된 경우, 임대인이 그와 같은 사정을 알지 못한 근저당권자에게 위 전세권설정계약이 통정허위표시에 해당함을 이유로 무효를 주장할 수 있는지 여부 (소극) [2] 전세권의 존속기간 만료 후 그 전세권에 설정되어 있던 저당권을 실행하는 방법 및 그 실행의 효과 [3] 전세권설정자가 전세권자에 대하여 민법 제315조 의 손해배상채권 외 다른 채권을 가지고 있는 경우, 전세금반환채권에 대하여 물상대위권을 행사한 전세권저당권자에게 상계 등으...","[1] 실제로는 전세권설정계약이 없으면서도 임대차계약에 기한 임차보증금 반환채권을 담보할 목적으로 임차인과 임대인 사이의 합의에 따라 임차인 명의로 전세권설정등기를 경료한 후 그 전세권에 대하여 근저당권이 설정된 경우, 설령 위 전세권설정계약만 놓고 보아 그것이 통정허위표시에 해당하여 무효라 하더라도 이로써 위 전세권설정계약에 의하여 형성된 법률관계를 토대로 별개의 법률원인에 의하여 새로운 법률상 이해관계를 갖게 된 근저당권자에 대하여는 그와 같은 사정을 알고 있었던 경우에만 그 무효를 주장할 수 있다. [2] 전세권의 존속기간이 만료하면 전세권의 용익물권적 권능이 소멸하기 때문에 그 전세권에 대한 저당권자는 더 이상 전세권 자체에 대하여 저당권을 실행할 수 없게 되고,...","[1] 민법 제108조 제2항 , 제303조 , 제371조 [2] 민법 제342조 , 제370조 , 제371조 , 민사집행법 제273조 [3] 민법 제303조 , 제315조","[1] 대법원 1998. 9. 4. 선고 98다20981 판결 (공1998하, 2396), 대법원 2006. 2. 9. 선고 2005다59864 판결 / [2] 대법원 1994. 1. 22. 선고 94다25728 판결 (공1995상, 71), 대법원 1995. 9. 18. 선고 95마684 결정 (공1995하, 3504), 대법원 1999. 9. 17. 선고 98다31301 판결 (공1999하, 2178)","건물, 임대차, 전세, 보증금, 전세금, 임대인, 임차인, 전세권, 임대차계약, 임차보증금, 등기, 근저당",전문 원문: https://www.law.go.kr/LSW/precInfoP.do?precSeq=85578,civil_lease_definition,민법 제618조 임대차의 의의,civil_nonperformance_damages|민법 제390조 채무불이행 손해배상; civil_lease_definition|민법 제618조 임대차의 의의
846,CASE_1995_00846,94도2679,공정증서원본불실기재·공정증서원본불실기재행사,대법원,1995-04-28,형사,판결,상고심,파기환송,"공정증서원본불실기재죄 등에 대한 범의가 없다고 보아, 그 유죄를 인정한 원심판결 을 파기한 사례","사망한 남편과 이름이 같은 타인의 소유 부동산에 관하여 피고인 앞으로 상속을 원인으로 한 소유권이전등기를 경료한 사안에서, 피고인에게 공정증서원본불실기재 및 동행사죄에 대한 범의가 없다고 보아, 그 유죄를 인정한 원심판결을 채증법칙 위배·법리오해 등을 이유로 파기한 사례.","형법 제13조 , 제228조 , 제229조 , 형사소송법 제308조",없음,"부동산, 토지, 매수, 소유권이전, 등기, 공정증서원본불실기재, 파기, 불실기재",전문 원문: https://www.law.go.kr/LSW/precInfoP.do?precSeq=111871,civil_sale_effect,민법 제568조 매매의 효력,civil_sale_effect|민법 제568조 매매의 효력
847,CASE_1979_00847,79다1455,가처분이의,대법원,1979-10-30,민사,판결,상고심,상고기각,가. 공탁금 수령의 효과 나. 합의해제의 효력과 민법상 해제에 관한 규정의 적용,"가. 매매계약의 해제의 통고를 한 후 공탁한 금원을 아무런 이의없이 수령한 것이라면, 공탁서에 기재된대로의 공탁 원인 사실인 계약해제를 승락하는 셈이 된다. 나. 합의해제의 효력은 그 합의의 내용에 의하여 결정되고 이에는 해제에 관한 민법 제543조 이하의 규정은 적용되지 아니한다.","공탁법 제8조 , 민법 제543조","대법원 1973.11.13. 선고 72다1777 판결 , 1960.10.6. 선고 4293민상275 판결","부동산, 매매, 매수, 매매계약, 계약금, 중도금, 담보, 강박, 기망, 기각, 해제, 무효",전문 원문: https://www.law.go.kr/LSW/precInfoP.do?precSeq=94588,civil_fraud_duress,민법 제110조 사기·강박에 의한 의사표시,civil_fraud_duress|민법 제110조 사기·강박에 의한 의사표시; civil_sale_effect|민법 제568조 매매의 효력
848,CASE_2002_00848,"2001다8097, 8103",토지인도등,대법원,2002-04-26,민사,판결,상고심,상고기각,"[1] 민법 제204조 제3항 과 제205조 제2항 소정의 점유보호청구권의 행사기간이 출소기간인지 여부 (적극) [2] 부동산의 제2매수인이 매도인의 배임행위에 적극 가담함으로써 반사회적 법률행위로 무효인 제2매매계약을 원인으로 하는 제2매수인 앞으로의 소유권이전등기가 확정판결에 따라 마쳐진 경우, 제1매수인이 그 소유권이전등기의 무효를 주장할 수 있는지 여부 (한정 적극) [3] 당초의 매도인이 사망한 후 공동상속인 중 1인으로서 다른 공동상속인들의 대리인임을 자칭하는 자와 제2매수인 사이에 부동산 전부에 관하여 제2매매계약이 체결되었는데 그 제2매매계약이 제2매수...","[1] 민법 제204조 제3항 과 제205조 제2항 에 의하면 점유를 침탈 당하거나 방해를 받은 자의 침탈자 또는 방해자에 대한 청구권은 그 점유를 침탈 당한 날 또는 점유의 방해행위가 종료된 날로부터 1년 내에 행사하여야 하는 것으로 규정되어 있는데, 여기에서 제척기간의 대상이 되는 권리는 형성권이 아니라 통상의 청구권인 점과 점유의 침탈 또는 방해의 상태가 일정한 기간을 지나게 되면 그대로 사회의 평온한 상태가 되고 이를 복구하는 것이 오히려 평화질서의 교란으로 볼 수 있게 되므로 일정한 기간을 지난 후에는 원상회복을 허용하지 않는 것이 점유제도의 이상에 맞고 여기에 점유의 회수 또는 방해제거 등 청구권에 단기의 제척기간을 두는 이유가 있는 점 등에 비추어 볼 때, 위...","[1] 민법 제204조 제3항 , 제205조 제2항 [2] 민법 제103조 , 제186조 , 민사소송법 제202조 , 제204조 [3] 민법 제103조 [4] 민법 제103조 [명의신탁], 제197조 , 제245조","[1] 대법원 1972. 2. 22. 선고 71다2641 판결 (집20-1, 민115) / [4] 대법원 1987. 11. 10. 선고 85다카1644 판결 (공1988, 76), 대법원 1991. 12. 10. 선고 91다27655 판결 (공1992, 486), 대법원 1992. 8. 18. 선고 92다20415 판결 (공1992, 2758), 대법원 1996. 6. 11. 선고 96다7403 판결 (공1996하, 2132)","부동산, 토지, 매매, 매수, 매도, 매매계약, 소유권이전, 소유권보존, 등기, 명의신탁, 명의수탁, 사기",전문 원문: https://www.law.go.kr/LSW/precInfoP.do?precSeq=81471,civil_fraud_duress,민법 제110조 사기·강박에 의한 의사표시,civil_fraud_duress|민법 제110조 사기·강박에 의한 의사표시; civil_sale_effect|민법 제568조 매매의 효력
849,CASE_2010_00849,2009도5858,사기·사문서위조·위조사문서행사,대법원,2010-03-11,형사,판결,상고심,파기환송,"임업용 보전산지인 임야를 매도함에 있어, 사실은 매매목적물 중에는 도로가 16% 정도 포함되어 있고 임야에 대한 장래의 개발가능성이 매우 불확실하다는 사정을 의도적으로 고지하지 아니하였다는 사기의 공소사실에 관하여, 이를 유죄로 인정한 원심판결에 자유심증주의에 관한 법리오해나 심리미진 또는 채증법칙 위배의 잘못이 있다고 한 사례","임업용 보전산지인 임야를 매도함에 있어, 사실은 매매목적물 중에는 도로가 16% 정도 포함되어 있고 임야에 대한 장래의 개발가능성이 매우 불확실하다는 사정을 의도적으로 고지하지 아니하였다는 사기의 공소사실에 관하여, 이를 유죄로 인정한 원심판결에 자유심증주의에 관한 법리오해나 심리미진 또는 채증법칙 위배의 잘못이 있다고 한 사례.","형법 제347조 제1항 , 형사소송법 제308조","대법원 2004. 6. 25. 선고 2004도2221 판결 (공2004하, 1290), 대법원 2007. 5. 10. 선고 2007도1950 판결 (공2007상, 934), 대법원 2009. 5. 28. 선고 2009도2731 판결","부동산, 아파트, 토지, 임야, 매매, 매수, 매도, 매매계약, 소유권이전, 공유지분, 등기, 고소",전문 원문: https://www.law.go.kr/LSW/precInfoP.do?precSeq=143107,criminal_fraud,형법 제347조 사기죄,criminal_fraud|형법 제347조 사기죄; civil_sale_effect|민법 제568조 매매의 효력
850,CASE_2021_00850,2020나32533,임대차보증금,서울중앙지방법원,2021-01-28,민사,판결,2심,청구기각,"이 법원에서 변경하거나 추가한 청구를 포함하여 제1심판결을 다음과 같이 변경한다. 가. 이 사건 소 중 예비적 청구 부분을 각하한다. 나. 원고의 주위적 청구를 기각한다. 2. 소송총비용은 원고가 부담한다. 【청구취지 및 항소취지】 1. 청구취지 주위적으로, 피고는 원고에게 195,000,000원 및 이에 대하여 이 사건 소장부본 송달 다음날부터 다 갚는 날까지 연 12%의 비율로 계산한 돈을 지급하라. 예비적으로, 피고는 원고에게 150,000,000원 및 이에 대하여 2020. 11. 17.자 청구취지변경신청서 송달 다음날부터 다 갚는 날까지 연 12%의 비율로","1. 기초사실 가. 원고는 2011. 1. 29. 소외인과 사이에, 원고가 소외인으로부터 별지목록 기재 부동산(이하 ‘이 사건 부동산’이라 한다)을 임대차보증금 195,000,000원, 기간 2011. 2. 25.부터 2013. 2. 25.까지로 하여 임차하는 내용의 임대차계약(이하 ‘이 사건 임대차계약’이라 한다)을 체결하였다. 나. 원고는 2011. 2. 25.경 소외인에게 임대차보증금 195,000,000원을 지급하고 소외인으로부터 이 사건 부동산을 인도받은 이후 이 사건 임대차계약에 따라 이 사건 부동산을 점유·사용하여 왔고, 그 무렵 전입신고를 마쳤다. 다. 이 사건 임대차계약은 2013. 2. 25.이 지난 이후에",원문 참조,없음,"부동산, 주택, 임차주택, 임대차, 보증금, 임대인, 임차인, 주택임대차, 임대차계약, 매매, 소유권이전, 소유권보존",전문 원문: https://www.law.go.kr/LSW/precInfoP.do?precSeq=220385,civil_lease_definition,민법 제618조 임대차의 의의,civil_sale_effect|민법 제568조 매매의 효력; civil_lease_definition|민법 제618조 임대차의 의의
851,CASE_2022_00851,2022다238657,구상금,대법원,2022-09-29,민사,판결,상고심,"원심판결 중 피고들 패소 부분을 파기하고, 이 부분 사건을 서울중앙지방법원에 환송한다.","[1] 일반적으로 사용자가 피용자의 업무수행과 관련하여 행하여진 불법행위로 인하여 피해자인 제3자에게 사용자로서 손해배상책임을 부담한 결과로 손해를 입게 된 경우, 피용자에 대하여 행사할 수 있는 손해배상청구권 또는 구상권의 범위 / 이러한 구상권 제한의 법리는 사용자의 보험자가 피용자에 대하여 구상권을 행사하는 경우에도 마찬가지인지 여부 (적극) [2] 동일한 가해자를 지휘·감독하는 복수의 사용자가 각각 손해배상책임을 부담하는 경우, 사용자 사이의 구상이 인정되는지 여부 (적극) 및 구상의 전제가 되는 각 사용자의 책임비율을 정할 때 고려하여야 할 사항 / 사용자의...","고 2의 사용자인지 여부 원심은 판시와 같은 이유로, 피고 유한회사 반석기초건설(이하 ‘피고 회사’라 한다)의 피고 2에 대한 사용자의 지위는 이 사건 건설기계 임대차계약에 따른 일시 대여 상태에서도 유지된다고 판단하였다. 원심판결 이유를 관련 법리 및 기록에 따라 살펴보면, 이러한 원심의 판단에 논리와 경험의 법칙에 위배하고 자유심증주의의 한계를 벗어나 사실을 인정하거나 피고 회사의 사용자성에 관한 법리를 오해하여 필요한 심리를 다하지 아니함으로써 판결에 영향을 미친 잘못이 없다. 2. 피고들의 구상의무의 범위 가. 관련 법리 1) 일반적으로 사용자가 피용자의 업무수행과 관련하여 행하여진 불법행위로 인하여 피해자인 제3자에게 사용자로서","[1] 민법 제2조 , 제750조 , 제756조 제3항 [2] 민법 제425조 , 제756조 , 제760조 [3] 민법 제425조 , 제756조 , 제760조","[1] 대법원 1996. 4. 9. 선고 95다52611 판결 (공1996상, 1390), 대법원 2017. 4. 27. 선고 2016다271226 판결 (공2017상, 1101) / [2] 대법원 1992. 3. 31. 선고 91다39849 판결 (공1992, 1416), 대법원 1994. 12. 27. 선고 94다4974 판결 (공1995상, 659) / [3] 대법원 1980. 8. 19. 선고 80다708 판결 (공1980, 13104), 대법원 1992. 3. 31. 선고 91다39849...","건물, 임대차, 임대인, 임차인, 임대차계약, 손해배상, 불법행위, 파기",전문 원문: https://www.law.go.kr/LSW/precInfoP.do?precSeq=237023,civil_lease_definition,민법 제618조 임대차의 의의,civil_nonperformance_damages|민법 제390조 채무불이행 손해배상; civil_lease_definition|민법 제618조 임대차의 의의
852,CASE_2001_00852,99나17767,소유권말소등기,수원지법,2001-01-19,민사,판결,2심,항소기각,"토지의 이중매매가 선량한 풍속 기타 사회질서에 위반하여 무효인 경우, 제1매수인이 매도인을 대위하여 제2매수인에게 소유권이전등기의 말소등기청구를 할 수 있는지 여부 (적극)","토지의 이중매매가 선량한 풍속 기타 사회질서에 위반하여 무효인 경우, 제2매수인의 불법성이 매도인의 그것보다 현저히 큰 데 반하여 매도인의 불법성은 미약한 경우에는 민법 제746조 본문의 적용이 배제되어 매도인은 제2매수인에게 소유권이전등기의 말소등기청구를 할 수 있고 따라서 제1매수인은 매도인의 말소등기청구권을 대위 행사할 수 있으며, 가사 제2매수인의 불법성이 매도인의 불법성에 비하여 불법원인급여의 반환을 허용할 정도로 현저히 강하다고 할 수 없다고 하더라도 다른 반사회적 법률행위에 있어서와는 달리 이중매매의 반사회성은 매매계약 당사자 사이의 법률행위과정에 그러한 선량한 풍속 기타 사회질서에 반하는 요소가 있다고 하기보다는 제1매수인에 대한 관계에 있어서 그 법률행위가...","[1] 민법 제103조 , 제404조 , 제746조","대법원 1980. 5. 27. 선고 80다565 판결(공1980, 12879) , 대법원 1997. 10. 24. 선고 95다49530, 49547 판결(공1997하, 3570)","부동산, 토지, 농지, 매매, 매수, 매도, 매매계약, 소유권이전, 등기, 기각, 반환, 취소",전문 원문: https://www.law.go.kr/LSW/precInfoP.do?precSeq=71339,civil_sale_effect,민법 제568조 매매의 효력,civil_sale_effect|민법 제568조 매매의 효력
853,CASE_1979_00853,79다1457,소유권이전등기,대법원,1979-10-10,민사,판결,상고심,상고기각,잔대금 지급기일 경과 후 매도인이 계약해제를 주장하고 공탁한 금원을 매수인이 수령한 경우 계약의 합의해제를 인정할 수 있는지 여부,"매도인이 잔대금 지급기일 경과후 계약해제를 주장하여 이미 지급받은 계약금과 중도금을 반환하는 공탁을 하였을 때, 매수인이 아무런 이의없이 그 공탁금을 수령하였다면 위 매매계약은 특단의 사정이 없는 한 합의해제된 것으로 봄이 상당하다.",민법 제543조,없음,"부동산, 매매, 매수, 매도, 매매계약, 계약금, 중도금, 소유권이전, 등기, 경매, 강박, 사기",전문 원문: https://www.law.go.kr/LSW/precInfoP.do?precSeq=94557,civil_fraud_duress,민법 제110조 사기·강박에 의한 의사표시,civil_fraud_duress|민법 제110조 사기·강박에 의한 의사표시; civil_sale_effect|민법 제568조 매매의 효력
854,CASE_2022_00854,2021가합545551,소유권이전등기,서울중앙지방법원,2022-04-21,민사,판결,1심,청구기각,"사 박영운) 【피 고】 주식회사 포씨즈 (소송대리인 법무법인 인의 담당변호사 추승우 외 1인) 【변론종결】 2022. 3. 3. 【주 문】 1. 이 사건 소 중 소유권이전등기청구 부분을 각하한다. 2. 원고의 나머지 청구를 기각한다. 3. 소송비용은 원고가 부담한다. 【청구취지】 피고는, 1. 원고로부터 1,107,915,000원을 지급받음과 동시에 원고에게 별지 목록 기재 각 부동산에 관하여 2019. 6. 17. 매매를 원인으로 한 소유권이전등기절차를 이행하고, 2. 원고에게 79,108,161원 및 이에 대하여 2021. 11. 19.부터 다 갚는 날까지 연 1","동 207-32 외 7필지 지상 건물(이하 ‘이 사건 건물’이라고 한다)에 위치한 별지 목록 기재 각 부동산(이하 ‘이 사건 각 부동산’이라고 한다)의 소유자로 등기되어 있다. 나. ‘역세권청년주택 건립 및 운영 협약’ 체결 경위 등 1) 이 사건 건물은 그 신축 공사가 완료된 후 2015. 12. 15.경 준공되었다. 한편, 이 사건 건물의 신축·준공 당시 용도는 관광숙박시설(관광호텔)이었기 때문에 피고는 이 사건 건물을 신축하는 과정에서 관광숙박시설 확충을 위한 특별법 제10조 제1항 및 동법 시행령 제12조 제1항 에 따른 129% 가량의 용적률 완화 혜택을 받았다. 2）피고는 2018. 12. 18.경 원고에게 이 사건 건물의 용",원문 참조,없음,"부동산, 주택, 토지, 건물, 임대차, 임차인, 매매, 매매계약, 매매대금, 소유권이전, 분양, 등기",전문 원문: https://www.law.go.kr/LSW/precInfoP.do?precSeq=237623,civil_lease_definition,민법 제618조 임대차의 의의,civil_sale_effect|민법 제568조 매매의 효력; civil_lease_definition|민법 제618조 임대차의 의의
855,CASE_2010_00855,2009다86000,계약금반환등,대법원,2010-02-25,민사,판결,상고심,파기환송,부동산 분양계약에 있어서 분양자가 수분양자의 전매이익에 영향을 미칠 가능성이 있는 사항들에 관하여 분양자가 가지는 정보를 밝혀야 할 신의칙상의 의무가 있는지 여부 (원칙적 소극) 및 그러한 정보를 고지하지 아니한 것이 부작위에 의한 기망에 해당하는지 여부,"분양자가 수분양자가 전매이익을 노리고 분양을 받으려는 것을 알면서 수분양자로 하여금 전매이익의 발생 여부나 그 액에 관하여 거래관념상 용납될 수 없는 방법으로 잘못 판단하게 함으로써 분양계약에 이르게 하였다는 등의 특별한 사정이 없는 한, 분양자에게 그 대립당사자로서 스스로 이익을 추구하여 행위하는 수분양자에 대하여 최초분양인지, 전매분양인지를 포함하여 수분양자의 전매이익에 영향을 미칠 가능성이 있는 사항들에 관하여 분양자가 가지는 정보를 밝혀야 할 신의칙상의 의무가 있다거나, 나아가 그러한 정보를 밝혀 고지하지 아니하면 그것이 부작위에 의한 기망에 해당하여 민법 제110조 제1항 에서 정하는 사기가 된다고 쉽사리 말할 수 없다.",민법 제110조 제1항,없음,"부동산, 주택, 상가, 매매, 매수, 매도, 매매계약, 계약금, 중도금, 잔금, 소유권이전, 소유권보존",전문 원문: https://www.law.go.kr/LSW/precInfoP.do?precSeq=215689,civil_fraud_duress,민법 제110조 사기·강박에 의한 의사표시,civil_fraud_duress|민법 제110조 사기·강박에 의한 의사표시; civil_sale_effect|민법 제568조 매매의 효력
856,CASE_2010_00856,"2009나103907,103914",손해배상(기)·건물명도,서울고법,2010-09-17,민사,판결,2심,일부인용,"[1] 임차인이 임대인과의 약정에 따라 임대목적물의 용도 변경을 위한 공사를 시행할 의무를 부담하는 경우, 임차인이 임차목적물의 수선 및 유지의무를 부담하는지 여부 (원칙적 적극) [2] 임차인이 임차건물에 대하여 대대적인 인테리어 공사를 한 뒤 가구점으로 사용하던 중 건물 내 심각한 결로현상이 발생하여 가구 등이 손상되었음을 이유로 임대인을 상대로 건물의 하자로 인한 손해배상을 청구한 사안에서, 임대차계약 당시 건물의 수선 및 유지의무는 임차인이 부담하는 것으로 약정하였고 위 결로현상은 임차인이 건물을 가구점으로 사용하는 과정에서 발생한 것으로 보이고 달리 건물의...","[1] 임대인이 임대목적물의 용도를 변경하여 임차인에게 인도하고 임차인은 임대인과의 약정에 따라 전기·전등공사와 방수시설보완공사를 완료한 경우에는 그 후 임차인이 공사한 부분에 관련하여 다소의 누수 등의 장해가 발생하였다 하더라도 이로 인하여 임대인에게 임대차 목적물의 사용·수익할 상태를 유지할 의무 위반이 있다고 보기 어렵다. 이와 달리 임차인이 임대인과의 약정에 따라 임대목적물의 용도 변경을 위한 공사를 시행할 의무도 부담하는 경우에는 임대인이 사용용도에 맞게 임차목적물을 수선해 줄 의무를 부담하는 경우에 비해 임차인의 유지관리의무가 가중되어, 임대목적물에 건물의 주요 구성부분 또는 기본적 설비부분에 구조적 하자가 있다거나 임대차계약 당시 일반적 용도로 사용함에도 지장...","[1] 민법 제615조 , 제623조 , 제654조 [2] 민법 제390조 , 제615조 , 제623조 , 제654조","[1] 대법원 1987. 11. 24. 선고 87다카1575 판결 (공1988, 163), 대법원 1989. 6. 13. 선고 88다카13332, 13349 판결 (공1989, 1061), 대법원 2006. 1. 13. 선고 2005다51013, 51020 판결 (공2006상, 235)","건물, 임대목적물, 임대차, 보증금, 임대인, 임차인, 임대차계약, 임차보증금, 손해배상, 기각, 취소",전문 원문: https://www.law.go.kr/LSW/precInfoP.do?precSeq=166012,civil_lease_definition,민법 제618조 임대차의 의의,civil_nonperformance_damages|민법 제390조 채무불이행 손해배상; civil_lease_definition|민법 제618조 임대차의 의의
857,CASE_2003_00857,2001다14061,소유권이전등기말소,대법원,2003-08-19,민사,판결,상고심,파기환송,혼인중 부부의 협의이혼을 전제로 한 재산분할약정의 성질 및 그 후 혼인관계가 존속하거나 재판상 이혼이 이루어진 경우에도 재산분할협의의 효력이 발생하는지 여부 (소극),"재산분할에 관한 협의는 혼인중 당사자 쌍방의 협력으로 이룩한 재산의 분할에 관하여 이미 이혼을 마친 당사자 또는 아직 이혼하지 않은 당사자 사이에 행하여지는 협의를 가리키는 것인바, 그 중 아직 이혼하지 않은 당사자가 장차 협의상 이혼할 것을 약정하면서 이를 전제로 하여 위 재산분할에 관한 협의를 하는 경우에 있어서는, 특별한 사정이 없는 한, 장차 당사자 사이에 협의상 이혼이 이루어질 것을 조건으로 하여 조건부 의사표시가 행하여지는 것이라 할 것이므로, 그 협의 후 당사자가 약정한대로 협의상 이혼이 이루어진 경우에 한하여 그 협의의 효력이 발생하는 것이지, 어떠한 원인으로든지 협의상 이혼이 이루어지지 아니하고 혼인관계가 존속하게 되거나 당사자 일방이 제기한 이혼청구의 소...","민법 제105조 , 제147조 , 제839조의2","대법원 1995. 10. 12. 선고 95다23156 판결 (공1995하, 3735), 대법원 2000. 10. 24. 선고 99다33458 판결 (공2000하, 2383), 대법원 2001. 5. 8. 선고 2000다58804 판결 (공2001하, 1344)","부동산, 소유권이전, 등기, 강박, 감금, 위조, 파기, 취소, 해제, 무효",전문 원문: https://www.law.go.kr/LSW/precInfoP.do?precSeq=82754,civil_fraud_duress,민법 제110조 사기·강박에 의한 의사표시,civil_fraud_duress|민법 제110조 사기·강박에 의한 의사표시; civil_sale_effect|민법 제568조 매매의 효력
858,CASE_1981_00858,80다2632,가처분이의,대법원,1981-01-27,민사,판결,상고심,원문 참조,제3자 명의의 가등기가 경료된 부동산에 관하여 처분금지가처분이 되었으나 가등기에 기한 본등기가 종료된 경우와 가처분이의,제3자 명의의 가등기가 경료된 부동산에 대하여 소유권이전등기청구권을 피보전권리로 하는 처분금지가처분결정이 된 경우에 위 가등기에 기한 본등기가 경료되면 그 가등기나 그에 기한 본등기가 원인무효이거나 종전 소유권자가 소유권을 되찾아 올 수 있는 등 특별한 사유가 없는 한 처분금지가처분결정은 그에 대항할 수 없는 것이고 종전 소유자의 가처분권자에 대한 소유권이전등기절차 이행의무는 이행불능이 되는 것이므로 위 처분금지가처분신청은 허용될 수 없게 된다.,"민사소송법 제714조 , 민법 제703조",없음,"부동산, 매매, 소유권이전, 등기, 가등기, 사기, 배임, 기각, 무효",전문 원문: https://www.law.go.kr/LSW/precInfoP.do?precSeq=213567,civil_fraud_duress,민법 제110조 사기·강박에 의한 의사표시,civil_fraud_duress|민법 제110조 사기·강박에 의한 의사표시; civil_nonperformance_damages|민법 제390조 채무불이행 손해배상; civil_sale_effect|민법 제568조 매매의 효력
859,CASE_2021_00859,2019다293036,소유권이전등기,대법원,2021-10-28,민사,판결,상고심,파기환송,"채권자지체가 성립하는 경우, 채무자가 채권자에 대하여 손해배상이나 계약 해제를 주장할 수 있는지 여부 (원칙적 소극) / 신의칙상 채권자에게 급부를 수령할 의무나 급부 이행에 협력할 의무가 있다고 볼 특별한 사정이 있는지 판단하는 기준 및 위와 같은 수령의무나 협력의무가 이행되지 않으면 계약 목적을 달성할 수 없거나 채무자에게 계약의 유지를 더 이상 기대할 수 없다고 볼 수 있는 경우, 채무자가 위 의무 위반을 이유로 계약을 해제할 수 있는지 여부 (적극)","민법 제400조 는 채권자지체에 관하여 ""채권자가 이행을 받을 수 없거나 받지 아니한 때에는 이행의 제공 있는 때로부터 지체책임이 있다.""라고 정하고 있다. 채무의 내용인 급부가 실현되기 위하여 채권자의 수령 그 밖의 협력행위가 필요한 경우에, 채무자가 채무의 내용에 따른 이행제공을 하였는데도 채권자가 수령 그 밖의 협력을 할 수 없거나 하지 않아 급부가 실현되지 않는 상태에 놓이면 채권자지체가 성립한다. 채권자지체의 성립에 채권자의 귀책사유는 요구되지 않는다. 민법은 채권자지체의 효과로서 채권자지체 중에는 채무자는 고의 또는 중대한 과실이 없으면 불이행으로 인한 모든 책임이 없고( 제401조 ), 이자 있는 채권이라도 채무자는 이자를 지급할 의무가 없으며( 제402조 )...","민법 제400조 , 제401조 , 제402조 , 제403조 , 제538조 제1항",없음,"부동산, 토지, 농지, 매매, 매수, 매도, 매매계약, 매매대금, 소유권이전, 등기, 손해배상, 파기",전문 원문: https://www.law.go.kr/LSW/precInfoP.do?precSeq=218435,civil_sale_effect,민법 제568조 매매의 효력,civil_nonperformance_damages|민법 제390조 채무불이행 손해배상; civil_sale_effect|민법 제568조 매매의 효력
860,CASE_1999_00860,98다29575,토지소유권이전등기,대법원,1999-07-09,민사,판결,상고심,상고기각,"부동산의 점유로 인한 취득시효 완성 당시 그 부동산의 등기부상 소유명의자의 등기가 원인 무효의 흠결이 있으나 진정한 소유자를 상대로 제기한 소유권이전등기 청구소송의 확정판결에 기하여 경료된 경우, 시효취득자가 그 등기부상 소유명의자를 상대로 취득시효를 원인으로 한 소유권이전등기를 청구할 수 있는지 여부 (적극)","부동산의 점유로 인한 시효취득자는 취득시효 완성 당시의 소유자에 대하여 소유권이전등기를 청구할 수 있다고 할 것인바, 취득시효 완성 당시 그 부동산의 등기부상 소유명의자의 등기가 원인 무효의 흠결이 있다 하더라도 그 등기명의 소유자가 진정한 소유자를 상대로 제기한 소유권이전등기 청구소송의 기판력 있는 확정판결에 의하여 소유권이전등기를 경료하였던 것이고, 따라서 시효취득자가 진정한 소유자를 대위하여 등기부상 소유자를 상대로 위 등기의 말소를 구하는 것은 위 판결의 기판력 때문에 극히 어려운 것이고, 그 등기명의를 둔 채 진정한 소유자를 상대로 시효취득을 원인으로 한 이전등기를 구하여 판결을 받더라도 위 등기가 말소되지 않는 한 그 판결이 이행될 수 없는 것이라면 특별한 사정...",민법 제245조 제1항,"대법원 1992. 3. 10. 선고 91다43329 판결 (공1992, 1290), 대법원 1993. 9. 14. 선고 93다10989 판결 (공1993하, 2764), 대법원 1997. 4. 22. 선고 97다3408 판결 (공1997상, 1548)","부동산, 토지, 건물, 매매, 매수, 매도, 소유권이전, 등기, 배임, 손해배상, 기각, 무효",전문 원문: https://www.law.go.kr/LSW/precInfoP.do?precSeq=117848,civil_sale_effect,민법 제568조 매매의 효력,civil_nonperformance_damages|민법 제390조 채무불이행 손해배상; civil_sale_effect|민법 제568조 매매의 효력
861,CASE_2011_00861,"2010다83199, 83205",공유물분할·소유권이전등기말소등기·독립당사자참가의소,대법원,2011-02-10,민사,판결,상고심,파기환송,"[1] 행위자가 타인의 이름으로 계약을 체결한 경우, 계약당사자의 확정 방법 [2] 종중이 명의신탁한 부동산에 관하여 종중 및 수인의 명의수탁자를 매도인으로 하여 매매계약이 체결된 사안에서, 명의수탁자들이 종중과 함께 공동매도인의 지위에 있다고 한 사례 [3] 무효행위나 무권대리행위를 묵시적으로 추인하였는지 여부의 판단 기준 [4] 종중총회의 적법한 소집권자가 종중원들의 정당한 소집 요구에 불응한 경우, 반드시 민법 제70조 를 준용하여 감사가 총회를 소집하거나 종원이 법원의 허가를 얻어 총회를 소집하여야 하는지 여부 (소극) [5] 종원들이 비상대책위원회를 구성하여...","[1] 계약을 체결하는 행위자가 타인의 이름으로 법률행위를 한 경우에 행위자 또는 명의인 가운데 누구를 계약의 당사자로 볼 것인가에 관하여는, 우선 행위자와 상대방의 의사가 일치한 경우에는 그 일치한 의사대로 행위자 또는 명의인을 계약의 당사자로 확정해야 하고, 행위자와 상대방의 의사가 일치하지 않는 경우에는 그 계약의 성질·내용·목적·체결 경위 등 그 계약 체결 전후의 구체적인 제반 사정을 토대로 상대방이 합리적인 사람이라면 행위자와 명의자 중 누구를 계약 당사자로 이해할 것인가에 의하여 당사자를 결정하여야 한다. [2] 종중이 명의신탁한 부동산에 관하여 종중 및 수인의 명의수탁자를 매도인으로 하여 매매계약이 체결된 사안에서, 매매계약서 기재 내용대로 명의수탁자들이 종중...","[1] 민법 제105조 [2] 민법 제105조 [3] 민법 제130조 , 제139조 [4] 민법 제31조 , 제70조 , 제71조 [5] 민법 제31조 , 제70조 , 제71조","[1] 대법원 1998. 3. 13. 선고 97다22089 판결 (공1998상, 1011), 대법원 2003. 12. 12. 선고 2003다44059 판결 (공2004상, 125) / [2] 대법원 1997. 5. 16. 선고 97다7356 판결 (공1997하, 1840), 대법원 2000. 10. 6. 선고 2000다27923 판결 (공2000하, 2284) / [3] 대법원 2009. 9. 24. 선고 2009다37831 판결 (공2009하, 1747) / [4] 대법원 1993. 3. 12....","부동산, 토지, 임야, 매매, 매수, 매도, 매매계약, 매매대금, 소유권이전, 소유권보존, 등기, 명의신탁",전문 원문: https://www.law.go.kr/LSW/precInfoP.do?precSeq=148166,civil_sale_effect,민법 제568조 매매의 효력,civil_sale_effect|민법 제568조 매매의 효력
862,CASE_2008_00862,2006다913,손해배상(기),대법원,2008-01-31,민사,판결,상고심,상고기각,"[1] 국가의 배상책임이 성립하기 위하여 요구되는 공무원의 직무상 의무 위반의 내용 및 상당인과관계 [2] 경매절차에서 매각물건명세서를 작성하도록 하는 취지 [3] 집행법원이 매각물건명세서의 작성에 관하여 부담하는 의무 [4] 집행법원이나 경매담당 공무원이 매각물건명세서 작성에 관한 직무상의 의무를 위반한 경우, 국가의 배상책임 유무 (적극)",05조에서 집행법원은 매각물건명세서를 작성하여 현황조사보고서 및 평가서의 사본과 함께 법원에 비치하여 누구든지 볼 수 있도록 하여야 한다고 규정하고 있는 취지는 경매절차에 있어서 매각대상 부동산의 현황을 되도록 정확히 파악하여 일반인에게 그 현황과 권리관계를 공시함으로써 매수 희망자가 매각대상 부동산에 필요한 정보를 쉽게 얻을 수 있도록 하여 예측하지 못한 손해를 입는 것을 방지하고자 함에 있다 ( 대법원 2004. 11. 9.자 2004마94 결정 참조). 따라서 집행법원으로서는 매각대상 부동산에 관한 이해관계인이나 그 현황조사를 실시한 집행관 등으로부터 제출된 자료를 기초로 매각대상 부동산의 현황과 권리관계를 되도록 정확히 파악하여,"[1] 국가배상법 제2조 제1항 , 민법 제750조 [2] 민사집행법 제105조 [3] 민사집행법 제105조 [4] 민사집행법 제105조 , 국가배상법 제2조 제1항 , 민법 제750조","[1] 대법원 2007. 12. 27. 선고 2005다62747 판결 (공2008상, 112) / [2] 대법원 2004. 11. 9.자 2004마94 결정 (공2005상, 65)","부동산, 주택, 토지, 건물, 다가구, 전세, 전세금, 전세권, 매수, 소유권이전, 등기, 근저당",전문 원문: https://www.law.go.kr/LSW/precInfoP.do?precSeq=69206,civil_lease_definition,민법 제618조 임대차의 의의,civil_nonperformance_damages|민법 제390조 채무불이행 손해배상; civil_sale_effect|민법 제568조 매매의 효력; civil_lease_definition|민법 제618조 임대차의 의의
863,CASE_2008_00863,2005다69458,손해배상(기),대법원,2008-02-15,민사,판결,상고심,상고기각,"[1] 민법 제391조 에 따라 이행보조자가 되는 ‘피용자’의 의미 [2] 민법 제391조 상 이행보조자의 행위가 채권자에 대한 불법행위가 되는 경우, 채무자의 면책 여부 (소극) [3] 클럽하우스 내 식당 등 영업장의 임대차에서 임대인의 직원들이 클럽하우스 등을 한 달 이상 무단 점거함에 따라 정상적인 영업이 어렵게 된 임차인이 위 임대차계약을 해지하고 임대인을 상대로 손해배상을 구한 사안에서, 임대인의 이행보조자인 직원들의 위 불법점거행위를 채무의 이행에 관련된 행위로 보아 임대인의 채무불이행책임을 인정하고, 임차인이 위 해지에 따라 영업장에서 근무하던 직원들을...","상고이유를 판단한다. 1. 예치금 반환의무의 지연으로 인한 손해에 관한 주장 원심판결 이유에 의하면, 원심은, 판시 인정 사실을 토대로 하여, 피고는 원고에게 판시 예치금 반환 지체로 인한 지연손해금을 지급할 의무가 있다고 판단한 다음, 피고의 예치금 반환의무와 원고의 근저당권설정등기 말소의무가 동시이행관계에 있고 원고가 근저당권설정등기의 말소에 필요한 서류를 교부하는 등 이행의 제공을 하지 않았으므로 피고에게 예치금 반환의 지체에 대한 책임이 없다는 피고의 주장에 대하여, 먼저 근저당권설정자는 피담보채무를 모두","[1] 민법 제391조 [2] 민법 제391조 [3] 민법 제390조 , 제391조 , 제393조 , 제623조","[1] 대법원 1999. 4. 13. 선고 98다51077, 51084 판결 (공1999상, 868), 대법원 2002. 7. 12. 선고 2001다44338 판결 (공2002하, 1940)","임대차, 전세, 임대인, 임차인, 전세권, 임대차계약, 등기, 근저당, 저당권, 담보, 손해배상, 불법행위",전문 원문: https://www.law.go.kr/LSW/precInfoP.do?precSeq=69244,civil_lease_definition,민법 제618조 임대차의 의의,civil_nonperformance_damages|민법 제390조 채무불이행 손해배상; civil_lease_definition|민법 제618조 임대차의 의의
864,CASE_2011_00864,2010도9725,절도·사문서위조·위조사문서행사·공정증서원본부실기재·부실기재공정증서원본행사·특정경제범죄가중처벌등에관한법률위반(횡령)·특정경제범죄가중처벌등에관한법률위반(배임)〔인정된죄명:특정경제범죄가중처벌등에관한법률위반(횡령),대법원,2011-01-13,형사,판결,상고심,상고기각,"[1] 일부 교인들이 소속 교단을 탈퇴하고 다른 교단에 가입하기로 하는 내용의 교단변경 결의를 한 경우, 종전 교회에서 탈퇴한 것인지의 판단 기준 [2] 甲 교회 목사인 피고인이 乙 교회로 예배장소를 이전한 경위와 과정을 종합할 때, 단순한 예배장소의 변경이 아니라, 피고인과 그를 지지하는 일부 교인들이 기존 甲 교회를 집단적으로 탈퇴하여 기존 乙 교회 교인들과 함께 새로운 교회를 설립한 경우에 해당한다고 본 원심판단을 수긍한 사례 [3] 甲 교회 목사인 피고인이 자신을 지지하는 일부 교인들과 甲 교회를 탈퇴함으로써 대표자의 지위를 상실하였으므로, 그 후 甲 교회 명...","6. 1. 26. ‘교회이전부지에 관하여 피고인 명의로 이전하되, 교회이전부지는 ○○○○교회의 재산이므로 피고인은 법률이 허용하는 최단시기에 ○○○○교회 앞으로 소유권이전등기를 하기로 한다’는 내용의 조정이 성립되었음에도 교회이전부지 등 교회재산을 둘러싼 분쟁이 끊이지 않는 가운데, 피고인이 2007. 1. 14. 대다수 교인들의 반대에도 불구하고 피고인을 지지하는 일부 교인들과 함께 교회집기를 옮기고 기존의 ○○○○교회를 폐쇄한 후 △△△교회로 예배장소를 이전한 점, 피고인이 △△△교회로 이전한 직후인 2007. 1. 17. △△△교회의 당회장이었던 공소외인이 △△△교회 교인 대다수를 ○○○○교회에 이전시킨 점, 피고인이 2007. 1","[1] 민법 제31조 , 제275조 [2] 민법 제31조 , 제275조 , 제276조 , 제277조 [3] 형법 제231조 , 제232조 , 제234조","[1] 대법원 2010. 5. 27. 선고 2009다67658 판결 (공2010하, 1238)","부동산, 매매, 매도, 매매계약, 소유권이전, 등기, 위조, 횡령, 배임, 기각",전문 원문: https://www.law.go.kr/LSW/precInfoP.do?precSeq=150828,aggravated_economic_crime,특정경제범죄 가중처벌 등에 관한 법률 제3조,aggravated_economic_crime|특정경제범죄 가중처벌 등에 관한 법률 제3조; embezzlement_breach_of_trust|형법 제355조·제356조 횡령·배임; civil_sale_effect|민법 제568조 매매의 효력
865,CASE_2013_00865,"2011나32206,32213",손해배상(기)·손해배상(기),서울고법,2013-01-24,민사,판결,2심,항소기각,"甲이 乙에 대한 차용금채무의 담보를 위하여 자기 소유의 다세대주택에 근저당권설정등기를 마쳐주었다가 丙과 공모하여 등기관계서류를 위조한 다음 변호사인 丁에게 근저당권설정등기의 말소등기신청을 위임하고, 丁의 등기신청을 접수한 등기관이 말소등기를 마쳤는데, 甲이 戊에게 위 다세대주택을 매도한 후 乙의 청구로 일부 세대에 대한 근저당권설정등기가 회복된 사안에서, 甲, 丙, 丁 및 국가는 공동불법행위로 인하여 戊가 입은 재산상 손해를 배상할 책임이 있다고 한 사례","甲이 乙에 대한 차용금채무의 담보를 위하여 자기 소유의 다세대주택에 관하여 근저당권설정등기를 마쳐주었다가 丙과 공모하여 등기관계서류를 위조한 다음 변호사인 丁에게 근저당권설정등기의 말소등기신청을 위임하고, 丁의 등기신청을 접수한 담당 등기관이 말소등기를 마쳤는데, 甲이 戊에게 위 다세대주택을 매도한 후 乙의 청구로 일부 세대에 대한 근저당권설정등기가 회복된 사안에서, 甲과 丙의 등기관계서류 위조행위, 丁이 등기의무자 乙 본인 여부를 확인하고 그에게서 등기신청을 위임받았음을 확인하는 확인서면을 작성하면서 관계 법령에 따른 통상적인 주의의무를 게을리한 과실 및 담당 등기관이 등기신청에 대한 형식적 심사를 하면서 관계 법령에 따라 평균적 등기관으로서 보통 갖추어야 할 통상의 주...","민법 제393조 , 제760조 , 제763조 , 국가배상법 제2조 제1항 , 구 부동산등기법(2007. 5. 17. 법률 제8435호로 개정되기 전의 것) 제40조 제1항 (현행 제24조 제1항 참조), 제49조 (현행 제51조 참조), 제55조 (현행 제29조 참조)",없음,"부동산, 주택, 다세대, 보증금, 임차인, 임차보증금, 매매, 매수, 매도, 매매계약, 매매대금, 계약금",전문 원문: https://www.law.go.kr/LSW/precInfoP.do?precSeq=167632,civil_lease_definition,민법 제618조 임대차의 의의,civil_nonperformance_damages|민법 제390조 채무불이행 손해배상; civil_sale_effect|민법 제568조 매매의 효력; civil_lease_definition|민법 제618조 임대차의 의의
866,CASE_2000_00866,99도822,무고·상법위반,대법원,2000-11-24,형사,판결,상고심,상고기각,"[1] 주식회사의 직원이 그 회사가 온천개발사업을 위하여 확보한 부지를 매도한 경우, 그 행위가 일반적으로 대표이사로부터 승낙받은 범위 내의 회사의 업무집행행위라거나, 추정적 승낙이 있는 경우에 해당한다고 볼 수 없다고 한 사례 [2] 무고죄에 있어서 고소사실의 허위성에 대한 인식을 요하는지 여부 (적극) [3] 구 상법 제622조 제1항 소정의 '회사에 손해를 가한 때'의 의미 [4] 온천개발을 목적으로 설립된 회사의 대표이사가 그 회사가 명의신탁의 방법으로 사실상 보유하고 있던 온천발견자의 지위를 그 임무에 위배하여 아무런 대가 없이 타에 양도한 경우, 상법상 특...","[1] 주식회사의 직원이 그 회사가 온천개발사업을 위하여 확보한 부지를 매도한 경우, 그 행위가 일반적으로 대표이사로부터 승낙받은 범위 내의 회사의 업무집행행위라거나, 추정적 승낙이 있는 경우에 해당한다고 볼 수 없다고 한 사례. [2] 무고죄는 타인으로 하여금 형사처분 또는 징계처분을 받게 할 목적으로 공무소 또는 공무원에 대하여 허위의 사실을 신고하는 때에 성립하는 것으로, 여기에서 허위사실의 신고라 함은 신고사실이 객관적 사실에 반한다는 것을 확정적이거나 미필적으로 인식하고 신고하는 것을 말하는 것이므로, 설령 고소사실이 객관적 사실에 반하는 허위의 것이라 할지라도 그 허위성에 대한 인식이 없을 때에는 무고에 대한 고의는 인정할 수 없다. [3] 구 상법(1995....","[1] 형법 제24조 [2] 형법 제156조 [3] 구 상법(1995. 12. 29. 법률 제5053호로 개정되기 전의 것) 제622조 제1항 [4] 구 상법(1995. 12. 29. 법률 제5053호로 개정되기 전의 것) 제622조 제1항 , 구 온천법(1995. 12. 30. 법률 제5121호로 개정되기 전의 것) 제5조 제1항 , 제11조 제1항 , 제17조 , 제18조 [5] 형법 제355조 제2항 , 제356조","[2] 대법원 1983. 11. 8. 선고 83도2354 판결 (공1984, 60), 대법원 1988. 9. 27. 선고 88도99 판결 (공1988, 1357), 대법원 1995. 12. 5. 선고 95도231 판결 (공1996상, 313), 대법원 1998. 9. 8. 선고 98도1949 판결 (공1998하, 2476), 대법원 2000. 7. 4. 선고 2000도1908, 2000감도62 판결(공2000하, 1855) / [3] 대법원 1992. 5. 26. 선고 91도2963 판결 (공19...","부동산, 토지, 매매, 매수, 매도, 매매계약, 등기, 명의신탁, 고소, 허위, 위조, 배임",전문 원문: https://www.law.go.kr/LSW/precInfoP.do?precSeq=80109,civil_sale_effect,민법 제568조 매매의 효력,embezzlement_breach_of_trust|형법 제355조·제356조 횡령·배임; civil_sale_effect|민법 제568조 매매의 효력
867,CASE_2003_00867,2003다3850,원인무효에의한소유권말소등기,대법원,2003-04-11,민사,판결,상고심,상고기각,민법 제365조 소정의 일괄경매청구권의 취지 및 저당권설정자로부터 저당토지에 대한 용익권을 설정받은 자에 의하여 축조된 건물의 소유권을 저당권설정자가 취득한 경우 일괄경매청구가 허용되는지 여부 (적극),"민법 제365조 가 토지를 목적으로 한 저당권을 설정한 후 그 저당권설정자가 그 토지에 건물을 축조한 때에는 저당권자가 토지와 건물을 일괄하여 경매를 청구할 수 있도록 규정한 취지는, 저당권은 담보물의 교환가치의 취득을 목적으로 할 뿐 담보물의 이용을 제한하지 아니하여 저당권설정자로서는 저당권설정 후에도 그 지상에 건물을 신축할 수 있는데, 후에 그 저당권의 실행으로 토지가 제3자에게 경락될 경우에 건물을 철거하여야 한다면 사회경제적으로 현저한 불이익이 생기게 되어 이를 방지할 필요가 있으므로 이러한 이해관계를 조절하고, 저당권자에게도 저당토지상의 건물의 존재로 인하여 생기게 되는 경매의 어려움을 해소하여 저당권의 실행을 쉽게 할 수 있도록 한 데에 있다는 점에 비추어 볼...",민법 제365조,"대법원 1994. 1. 24. 자 93마1736 결정 (공1994상, 788), 대법원 1999. 4. 20. 자 99마146 결정 (공1999하, 1235), 대법원 2001. 6. 13. 자 2001마1632 결정 (공2001하, 1678)","부동산, 토지, 건물, 소유권이전, 등기, 저당권, 담보, 경매, 강박, 사기, 기각, 무효",전문 원문: https://www.law.go.kr/LSW/precInfoP.do?precSeq=194588,civil_fraud_duress,민법 제110조 사기·강박에 의한 의사표시,civil_fraud_duress|민법 제110조 사기·강박에 의한 의사표시
868,CASE_2018_00868,2017나52849,전세권근저당권설정등기말소,부산지방법원,2018-08-30,민사,판결,2심,1. 제1심판결을 취소한다. 2. 피고는 원고에게 별지 목록 기재 부동산에 관하여 부산지방법원 동부지원 2014. 11. 26...,근욱 외 1인) 【제1심판결】 부산지방법원 2017. 8. 1. 선고 2016가단34775 판결 【변론종결】 2018. 8. 16. 【주 문】 1. 제1심판결을 취소한다. 2. 피고는 원고에게 별지 목록 기재 부동산에 관하여 부산지방법원 동부지원 2014. 11. 26. 접수 제117734호로 마친 전세권설정등기의 말소등기에 대하여 승낙의 의사표시를 하라. 3. 소송 총비용은 피고가 부담한다. 【청구취지 및 항소취지】 주문과 같다. 【이 유】 1. 기초사실 가. 이 사건 임대차계약의 체결 1) 원고는 2014. 5. 19. 전국 각지에 ○○○○○○이라는 상호로 피부관,"1. 기초사실 가. 이 사건 임대차계약의 체결 1) 원고는 2014. 5. 19. 전국 각지에 ○○○○○○이라는 상호로 피부관리업체 지점을 운영하는 소외 1과 사이에, 원고 소유의 부산 해운대구 (주소 생략) 소재 (호수 생략)(이하 ‘이 사건 상가’라 한다)에 관하여 보증금 1억 원, 임대차기간 2014. 6. 19.부터 2016. 6. 18.까지, 임대료 월 500만 원(매달 19일에 먼저 지급하되, 연체 시 월 20%의 연체료를 가산하여 지급함)으로 하는 임대차계약(이하 ‘이 사건 임대차계약’이라 한다",원문 참조,없음,"부동산, 상가, 건물, 임대차, 전세, 보증금, 전세금, 임차권, 임대인, 임차인, 전세권, 임대차계약",전문 원문: https://www.law.go.kr/LSW/precInfoP.do?precSeq=224875,civil_lease_definition,민법 제618조 임대차의 의의,civil_lease_definition|민법 제618조 임대차의 의의
869,CASE_1994_00869,94다27922,토지소유권이전등기,대법원,1994-10-21,민사,판결,상고심,상고기각,"가. 제1심판결 정본이 공시송달되어 항소기간이 경과하였다면 허위주소, 공시송달요건미비 등의 경우에도 기판력이 발생하는지 여부 나. ‘가’항의 경우 피고의 구제방법 및 그 추완항소 제기기간의 기산점 다. ‘가’항의 경우 피고가 확정판결에 의하여 경료된 소유권이전등기의 말소청구를 별소로 제기한 것을 추완항소 자체와 동일하게 평가할 수 있는지 여부 라. 추완항소를 즉시 각하하지 아니하고 상당기간이 경과한 후에야 각하한 원심판결이 신의성실의 원칙에 반하는지 여부","가. 제1심판결 정본이 공시송달의 방법에 의하여 피고에게 송달되었다면 비록 피고의 주소가 허위이거나 그 요건에 미비가 있다 할지라도 그 송달은 유효한 것이므로 항소기간의 도과로 그 판결은 형식적으로 확정되어 기판력이 발생한다. 나. ‘가’항의 경우에 피고로서는 항소기간내에 항소를 제기할 수 없었던 것이 자신이 책임질 수 없었던 사유로 인한 것임을 주장하여 그 사유가 없어진 후로부터 2주일(피고가 외국에 있을 때는 30일) 내에 추완항소를 제기할 수 있으며, 여기서 그 사유가 없어진 때라 함은 피고가 당해 사건기록의 열람을 하는 등의 방법으로 제1심판결 정본이 공시송달의 방법으로 송달된 사실을 안 때를 의미한다. 다. 피고가 ‘가’항과 같이 공시송달에 의해 확정된 판결에 기...","가. 민사소송법 제179조 , 제181조 , 제202조 나.다. 민사소송법 제160조 제1항 라. 민사소송법 제1조","가. 대법원 1984.3.15. 자 84마20 전원합의체 결정(공1984,689) , 1986.4.8. 선고 85다카456 판결(공1986,755) , 1990.11.27. 선고 90다카28559 판결(공1991,227) / 나. 대법원 1992.3.10. 선고 91다38471 판결(공1992,1287)","부동산, 토지, 소유권이전, 등기, 공정증서원본불실기재, 고소, 허위, 기각, 불실기재",전문 원문: https://www.law.go.kr/LSW/precInfoP.do?precSeq=110906,civil_sale_effect,민법 제568조 매매의 효력,civil_sale_effect|민법 제568조 매매의 효력
870,CASE_2011_00870,"2010가합13117,21446,22401",양수금·사해 행위 취소·사해 행위 취소,부산지법,2011-12-23,민사,판결,1심,일부인용,"사격장 화재 사고의 피해자들에게 공동불법행위자로서 손해배상책임이 있는 사격장 운영법인의 대표이사 甲이 채무초과 상태에서 乙 등과 근저당권설정계약 등을 체결하여 근저당권설정등기 등을 마쳐주고, 처인 丙과도 이혼에 따른 재산분할 약정을 체결하여 소유권이전등기를 마쳐주는 등 재산처분행위를 하자, 피해자들에게 배상금을 대신 지급한 후 손해배상채권을 양도받은 지방자치단체가 위 재산처분행위에 대하여 사해행위 취소 등을 구한 사안에서, 甲이 乙 등과 체결한 근저당권설정계약 등은 사해행위에 해당하나, 丙과 체결한 재산분할 약정은 사해행위에 해당하지 않는다고 한 사례","사격장 화재 사고로 사망 또는 상해를 입은 피해자들에게 공동불법행위자로서 손해배상책임이 있는 사격장 운영법인의 대표이사이자 사격장 운영을 총괄하는 자인 甲이 채무초과 상태에서 乙 등과 매매계약, 근저당권설정계약 등을 체결하여 자신이 소유한 부동산에 관하여 소유권이전등기, 근저당권설정등기 등을 마쳐주고, 처인 丙과도 이혼에 따른 재산분할 약정을 체결하여 소유권이전등기를 마쳐주는 등 재산처분행위를 하자, 피해자들에게 배상금을 대신 지급한 후 피해자들의 손해배상채권을 양도받은 지방자치단체가 위 재산처분행위에 대하여 사해행위 취소와 말소등기절차 이행을 구한 사안에서, 甲이 乙 등과 체결한 매매계약, 근저당권설정계약 등은 부동산을 매각하여 소비하기 쉬운 금전으로 바꾸거나 일부 채권...","민법 제406조 제1항 , 제839조의2 제1항 , 제2항",없음,"부동산, 건물, 전세, 전세권, 매매, 매매계약, 소유권이전, 등기, 근저당, 저당권, 상해, 손해배상",전문 원문: https://www.law.go.kr/LSW/precInfoP.do?precSeq=160200,civil_lease_definition,민법 제618조 임대차의 의의,civil_nonperformance_damages|민법 제390조 채무불이행 손해배상; civil_sale_effect|민법 제568조 매매의 효력; civil_lease_definition|민법 제618조 임대차의 의의
871,CASE_1981_00871,"80나918(본소), 80나919(반소)",소유권이전등기말소등청구사건,서울고법,1981-01-14,민사,판결,2심,항소기각,매수인이 매도인에게 2중 매도할 것을 권유하는등 그의 배임행위에 적극 가담한 경우의 가등기 및 매매의 효력,매수인이 매도인에게 2중 매도할 것을 권유하는등 그의 배임행위에 적극 가담하여 이루어진 매수인 명의의 가등기 및 매매는 반사회적 법률행위로서 무효이다.,민법 제104조,"1977. 1. 11. 선고, 76다2083 판결 (판결요지집 민법 제103조(45)229면, 법원공보 554호 9870면), 1978. 1. 24. 선고, 77다1804 판결 (판례카아드 11711호, 대법원판결집 26①민40, 판결요지집추록Ⅰ 민법 제103조(1)27면, 법원공보 580호10610면)","부동산, 건물, 매매, 매수, 매도, 매매계약, 매매대금, 소유권이전, 소유권보존, 등기, 가등기, 담보",전문 원문: https://www.law.go.kr/LSW/precInfoP.do?precSeq=237747,civil_sale_effect,민법 제568조 매매의 효력,civil_sale_effect|민법 제568조 매매의 효력
873,CASE_1982_00873,81도3146,배임,대법원,1982-02-23,형사,판결,상고심,상고기각,부동산 매도인이 자금융통을 위하여 제3자에게 가등기 설정한 경우의 배임죄 성부 (적극),부동산 매도인이 매수인의 의사에 반하여 차용금 담보죄로 제3자에게 가등기를 경료하였으면 매수인에 대한 관계에 있어서 배임죄가 성립한다.,형법 제355조 제2항,없음,"부동산, 토지, 매매, 매수, 매도, 매매계약, 매매대금, 소유권이전, 등기, 가등기, 담보, 배임",전문 원문: https://www.law.go.kr/LSW/precInfoP.do?precSeq=96389,embezzlement_breach_of_trust,형법 제355조·제356조 횡령·배임,embezzlement_breach_of_trust|형법 제355조·제356조 횡령·배임; civil_sale_effect|민법 제568조 매매의 효력
874,CASE_2000_00874,99다37009,소유권이전등기말소,대법원,2000-06-09,민사,판결,상고심,파기환송,"[1] 작성명의인의 날인만 되어 있고 내용이 백지로 된 문서를 교부받아 후일 그 백지 부분을 작성명의자 아닌 자가 보충한 경우, 그 문서 전체의 진정성립의 추정 여부 (소극) [2] 적법한 매매계약 체결 후 대금완납 전에 매수인 앞으로 경료된 소유권이전등기를 매도인 측의 소유권이전등기의무의 선이행이 아니라 단순한 명의신탁으로 이루어진 것이라고 본 사실인정의 당부","[1] 문서에 날인된 작성명의인의 인영이 작성명의인의 인장에 의하여 현출된 것임이 인정되는 경우에는 특단의 사정이 없는 한 그 인영의 진정성립 및 그 문서 전체의 진정성립까지 추정되는 것이기는 하나, 이는 어디까지나 먼저 내용기재가 이루어진 뒤에 인영이 압날된 경우에만 그러한 것이며 작성명의인의 날인만 되어 있고 그 내용이 백지로 된 문서를 교부받아 후일 그 백지 부분을 작성명의자가 아닌 자가 보충한 문서의 경우에 있어서는 문서제출자는 그 기재 내용이 작성명의인으로부터 위임받은 정당한 권원에 의한 것이라는 사실을 입증할 책임이 있으며, 이와 같은 법리는 그 문서가 처분문서라고 하여 달라질 것은 아니다. [2] 적법한 매매계약이 체결되어 있는 이상 그 매매목적 부동산에 대한...","[1] 민사소송법 제329조 [2] 민법 제103조 [명의신탁], 제186조 , 제563조","[1] 대법원 1988. 4. 12. 선고 87다카576 판결 (공1988, 828), 대법원 1997. 12. 12. 선고 97다38190 판결 (공1998상, 280) / [2] 대법원 1983. 12. 13. 선고 83도1556 판결 (공1984, 216)","부동산, 건물, 보증금, 임차보증금, 매매, 매수, 매도, 매매계약, 매매대금, 계약금, 중도금, 잔금",전문 원문: https://www.law.go.kr/LSW/precInfoP.do?precSeq=229375,civil_lease_definition,민법 제618조 임대차의 의의,civil_sale_effect|민법 제568조 매매의 효력; civil_lease_definition|민법 제618조 임대차의 의의
875,CASE_2018_00875,2015도12692,배임·무고,대법원,2018-07-11,형사,판결,상고심,파기환송,"[1] 부동산 매도인이 매수인 앞으로 소유권이전등기를 마쳐 주기 전에 제3자로부터 금원을 차용하고 그 담보로 근저당권을 설정해 준 경우, 매수인이 입은 손해액(=근저당권이 설정될 당시의 부동산 교환가치 중 근저당권에 이용되어 상실된 담보가치 상당액) / 배임죄에서 손해액이 구체적으로 명백하게 산정되지 않았더라도 배임죄가 성립하는지 여부 (적극) 및 손해액을 잘못 산정한 것이 위법한지 여부 (적극) [2] 수 개의 부동산이 공동담보로 제공된 경우, 공동담보가 된 각 부동산의 피담보채권에 대한 담보가치 상당액은 위 각 부동산의 가격 비율에 의하여 산정하여야 하는지 여부...","상고이유(상고이유서 제출기간이 지난 후에 제출된 상고이유보충서 등 서면들의 기재는 상고이유를 보충하는 범위 내에서)를 판단한다. 1. 배임 부분에 관한 상고이유에 대하여 가. 부동산 매도인이 매수인 앞으로 소유권이전등기를 마쳐 주기 전에 제3자로부터 금원을 차용하고 그 담보로 근저당권을 설정해 준 경우 매수인이 입은 손해는 그 근저당권이 설정될 당시의 부동산 교환가치 중 근저당권에 이용되어 상실된 담보가치 상당이다. 그리고 배임죄에 있어서 손해액이 구체적으로 명백하게 산정되지 않았더라도 배임죄의 성립에는 영향이 없다고 할 것이나, 발생된 손해액을 구체적으로 산정하여 인정하는 경우 이를 잘못 산정하는 것은 위법하",[1] 형법 제355조 제2항 [2] 형법 제355조 제2항,"[1] 대법원 1999. 4. 13. 선고 98도4022 판결 (공1999상, 956), 대법원 2012. 1. 26. 선고 2011도15179 판결 / [2] 대법원 2011. 1. 13. 선고 2009도10541 판결 (공2011상, 362)","부동산, 토지, 매매, 매수, 매도, 매매계약, 중도금, 소유권이전, 등기, 근저당, 저당권, 담보",전문 원문: https://www.law.go.kr/LSW/precInfoP.do?precSeq=206110,embezzlement_breach_of_trust,형법 제355조·제356조 횡령·배임,embezzlement_breach_of_trust|형법 제355조·제356조 횡령·배임; civil_sale_effect|민법 제568조 매매의 효력
876,CASE_1974_00876,73다673,소유권이전등기,대법원,1974-02-26,민사,판결,상고심,"원판결을 파기하고, 사건을 서울고등법원으로 환송한다.",민법 104조 소정의“궁박”의 뜻,민법 제104조 에 있어서의“궁박”이라는 것은 급박한 곤궁을 의미하는 것으로 반드시 경제적인 궁색만을 뜻하는 것은 아니다.,민법 제104조,없음,"부동산, 임야, 매매, 매수, 매도, 매매계약, 소유권이전, 등기, 강박, 고소, 고발, 사기",전문 원문: https://www.law.go.kr/LSW/precInfoP.do?precSeq=92113,civil_fraud_duress,민법 제110조 사기·강박에 의한 의사표시,civil_fraud_duress|민법 제110조 사기·강박에 의한 의사표시; civil_sale_effect|민법 제568조 매매의 효력
877,CASE_1979_00877,79도1133,사기·횡령·배임,대법원,1979-07-10,형사,판결,상고심,상고기각,불고지가 기망행위가 되지 아니한 사례,대지에 채무담보를 위한 가등기와 근저당권설정 등기가 경료되어 있는 사실을 고지하지 아니하고 매도하였다는 점만으로는 기망행위를 한 것이라고 볼 수 없다.,형법 제347조,대법원 1972.3.23. 선고 72도255 판결,"부동산, 매도, 등기, 가등기, 근저당, 저당권, 담보, 사기, 기망, 횡령, 배임, 무죄",전문 원문: https://www.law.go.kr/LSW/precInfoP.do?precSeq=214099,embezzlement_breach_of_trust,형법 제355조·제356조 횡령·배임,criminal_fraud|형법 제347조 사기죄; embezzlement_breach_of_trust|형법 제355조·제356조 횡령·배임; civil_fraud_duress|민법 제110조 사기·강박에 의한 의사표시; civil_sale_effect|민법 제568조 매매의 효력
878,CASE_2016_00878,"2015나13414(본소), 2015나13421(반소)",부당이득금·소유권이전등기,대전고등법원,2016-04-08,민사,판결,2심,항소기각,"014가합102146(본소), 2015가합101997(반소) 판결 【변론종결】 2016. 3. 15. 【주 문】 1. 피고들 및 피고(반소원고)들의 항소를 모두 기각한다. 2. 항소비용은 피고들 및 피고(반소원고)들이 부담한다. 【청구취지 및 항소취지】 1. 청구취지 가. 본소 피고들과 피고(반소원고, 이하 ‘피고’라고만 한다)들은 원고(반소피고, 이하 ‘원고’라고만 한다)에게 아래와 같은 각 돈을 지급하라. 1) 별지 [표1] 다.①항 기재 각 금원 및 이에 대하여 이 사건 소장 부본 송달 다음 날부터 다 갚는 날까지 연 20%의 비율로 계산한 돈 2) 2014.","의 이유 부분 중 제1항 기재와 같으므로, 민사소송법 제420조 본문에 의하여 이를 그대로 인용한다. 2. 본소청구에 관한 판단 가. 청구원인에 관한 판단 1) 부당이득반환책임의 성립 대지사용권이 없는 전유부분의 소유자는 아무런 법률상 원인 없이 전유부분의 대지를 점유하고 있으므로 그 대지 중 그 소유인 전유부분의 대지권으로 등기되어야 할 지분에 상응하는 면적에 대한 임료 상당의 부당이득을 얻고 있고, 위 대지권으로 등기되어야 할 지분의 소유자는 동액 상당의 손해를 입고 있으므로, 다른 특별한 사정이 없는 한 대지사용권이 없는 전유부분의 소유자는 위 지분의 소유자에게 위 부당이득을 반환할 의무가 있다(대법원 2011. 1. 27. 선고",원문 참조,없음,"부동산, 오피스텔, 토지, 건물, 대지권, 매수, 소유권이전, 분양, 분양계약, 등기, 근저당, 저당권",전문 원문: https://www.law.go.kr/LSW/precInfoP.do?precSeq=209322,civil_sale_effect,민법 제568조 매매의 효력,civil_sale_effect|민법 제568조 매매의 효력
879,CASE_2004_00879,2003도6412,사기·상해,대법원,2004-07-22,형사,판결,상고심,파기환송,"[1] 공사대금채권과 대여금채권을 합산하여 임대차보증금반환채권으로 전환하기로 합의하여 임대차계약을 체결하고, 실제로 임차인이 임대차목적물에 거주하면서 주민등록전입신고를 하고 확정일자를 받은 경우, 임차인이 이에 기하여 경매법원으로부터 배당을 받은 행위를 사기죄로 의율할 수 없다고 한 사례 [2] 상고가 법률상 방식에 위반하거나 상고권 소멸 후인 것이 명백한 공동피고인에게 형사소송법 제392조 를 적용할 수 있는지 여부 (소극) [3] 항소이유서 미제출로 항소기각결정을 받은 피고인이 제1심 공동피고인의 항소와 검사의 피고인들에 대한 항소를 모두 기각한 항소심판결에 대하...","[1] 공사대금채권과 대여금채권을 합산하여 임대차보증금반환채권으로 전환하기로 합의하여 임대차계약을 체결하고, 실제로 임차인이 임대차목적물에 거주하면서 주민등록전입신고를 하고 확정일자를 받은 경우, 임차인이 이에 기하여 경매법원으로부터 배당을 받은 행위를 사기죄로 의율할 수 없다고 한 사례. [2] 형사소송법 제392조 는 ""피고인의 이익을 위하여 원심판결을 파기하는 경우에 파기의 이유가 상고한 공동피고인에 공통되는 때에는 그 공동피고인에 대하여도 원심판결을 파기하여야 한다.""고 규정하고 있는바, 이 규정은 상고가 법률상 방식에 위반하거나 상고권 소멸 후인 것이 명백한 공동피고인에게는 이를 적용할 수 없다. [3] 항소이유서 미제출로 항소기각결정을 받은 피고인이 제1심 공동...",[1] 형법 제347조 제1항 [2] 형사소송법 제392조 [3] 형사소송법 제392조,없음,"부동산, 주택, 토지, 건물, 임대차, 보증금, 임대인, 임차인, 임대차계약, 등기, 근저당, 저당권",전문 원문: https://www.law.go.kr/LSW/precInfoP.do?precSeq=83386,criminal_fraud,형법 제347조 사기죄,criminal_fraud|형법 제347조 사기죄; civil_lease_definition|민법 제618조 임대차의 의의
880,CASE_2004_00880,2004나22577,손해배상(기)·소유권이전등기등·손해배상(기),서울고등법원,2004-12-07,민사,판결,2심,일부인용,"1. 5. 26.부터 2004. 12. 7.까지 연 5%, 그 다음날부터 완제일까지 연 20%의 각 비율에 금원을 지급하라. 나. 위 원고들의 나머지 청구를 각 기각한다. 2. 당심에서의 청구변경에 따라, 별지 (1) 원고 명단 순번 640 내지 649 기재 원고들에 대한 제1심 판결을 다음과 같이 변경한다. 가. 피고는 위 원고들에게 별지 (3) 손해내역표의 ‘인용금액’란 기재 각 금원 및 이에 대한 2001. 5. 26.부터 2004. 12. 7.까지 연 5%, 그 다음날부터 완제일까지 연 20%의 각 비율에 금원을 지급하라. 나. 위 원고들의 나머지 청구를 각","지번 생략) 외 112필지의 대지 면적 합계 112,800.360㎡ 지상에 철근콘크리트조 지하 3층, 지상 14층 내지 25층 건축연면적 427,322.58㎡의 아파트 31개동 2,944세대( 아파트 명칭 변경과정 생략. 이하 이 사건 아파트라고 한다)를 신축·분양하기 위한 주택건설사업계획승인을 받았다. 나. (명칭 생략) 주식회사(2000. 3. 28. 소외 회사로 상호가 변경되었다. 이하 소외 회사라고 한다)는 1997. 6. 27. 화신공영과 사이에 위 파주시 (상세지번 생략) 외 112필지를 신탁받아 그 지상에 이 사건 아파트 및 부대복리시설을 신축한 후 위 각 토지와 건물을 신탁재산으로 하여 그 개발이익을 주식회사 화신공영에 환",원문 참조,없음,"부동산, 주택, 아파트, 상가, 토지, 건물, 매매, 계약금, 중도금, 잔금, 소유권이전, 소유권보존",전문 원문: https://www.law.go.kr/LSW/precInfoP.do?precSeq=78276,civil_sale_effect,민법 제568조 매매의 효력,civil_nonperformance_damages|민법 제390조 채무불이행 손해배상; civil_sale_effect|민법 제568조 매매의 효력
881,CASE_1993_00881,92도2999,공정증서원본불실기재·공정증서원본불실기재행사·횡령,대법원,1993-03-09,형사,판결,상고심,파기환송,"가. 횡령죄와 불가벌적 사후행위 나. 횡령죄에 있어서 미등기부동산의 보관자 다. 횡령죄에 있어서 횡령행위의 의미 라. 미등기건물의 관리를 위임받아 보관하고 있는 자가 임의로 건물을 자신의 명의로 보존등기를 하여 횡령한 후, 다시 근저당권설정등기를 한 행위가 불가벌적 사후행위인지 여부 (적극)","가. 횡령죄는 타인의 재물을 보관하는 자가 재물을 횡령하는 경우에 성립하는 범죄로서, 일단 횡령한 이후 재물을 처분하는 것은 불가벌적 사후행위에 해당하여 처벌할 수 없다. 나. 부동산의 보관은 원칙으로 등기부상의 소유명의인에 대하여 인정되지만 등기부상의 명의인이 아니라도 소유자의 위임에 의거해서 실제로 타인의 부동산을 관리, 지배하면 부동산의 보관자라 할 수 있고, 미등기건물에 대하여는 위탁관계에 의하여 현실로 부동산을 관리, 지배하는 자가 보관자라고 할 수 있다. 다. 횡령죄의 구성요건으로서의 횡령행위란 불법영득의사를 실현하는 일체의 행위를 말하고, 횡령죄에 있어서의 행위자는 이미 타인의 재물을 점유하고 있으므로 점유를 자기를 위한 점유로 변개하는 의사를 일으키면 곧 영...",형법 제355조 제1항,"가. 대법원 1978.11.28. 선고 78도2175 판결(공1979,11624) / 나. 대법원 1987.2.10. 선고 86도1607 판결(공1987,477) , 1989.12.8. 선고 89도1220 판결(공1990,297) , 1990.3.23. 선고 89도1911 판결(공1990,1010) / 다. 대법원 1955.2.25. 선고 4286형상110 판결(집2④형1) , 1983.9.13. 선고 82도75 판결(공1983,1521) , 1989.9.12. 선고 89도382 판결(공1989,...","부동산, 건물, 소유권보존, 등기, 근저당, 저당권, 담보, 공정증서원본불실기재, 횡령, 파기환송, 파기, 불실기재",전문 원문: https://www.law.go.kr/LSW/precInfoP.do?precSeq=603833,embezzlement_breach_of_trust,형법 제355조·제356조 횡령·배임,embezzlement_breach_of_trust|형법 제355조·제356조 횡령·배임
882,CASE_2020_00882,2020다227356,채무부존재확인,대법원,2020-08-20,민사,판결,상고심,상고기각,"[1] 근저당권자와 근저당권설정자의 행위가 가지는 법적 의미가 분명하지 않은 경우, 그 법률관계의 실체를 밝히는 것이 의사표시 해석의 문제인지 여부 (적극) 및 그 해석 방법 [2] 甲이 부친 乙로부터 증여받은 부동산을 乙이 사망한 후 매도하려 하였으나 乙의 형제인 丙 등이 ‘위 부동산은 乙이 그 부모인 丁 등을 모시는 조건으로 증여받은 것이다’는 이유로 그 처분을 반대하자, 甲이 丁에게 약정금을 지급하기로 하는 합의서를 작성하고 위 부동산에 관하여 丙 앞으로 근저당권설정등기를 마쳐주었는데, 위 약정금 채권이 근저당권자인 丙에게 귀속되는지 문제 된 사안에서, 위 합의...","[1] 근저당권자와 근저당권설정자의 행위가 가지는 법적 의미가 분명하지 않은 경우 근저당권자와 근저당권설정자 사이에 형성된 법률관계의 실체를 밝히는 것은 단순한 사실인정 문제가 아니라 의사표시 해석의 영역에 속한다. 그 행위가 가지는 법적 의미는 근저당권자와 근저당권설정자의 관계, 근저당권설정의 동기와 경위, 당사자의 진정한 의사와 목적 등을 종합적으로 고찰하여 논리와 경험의 법칙에 따라 합리적으로 해석해야 한다. [2] 甲이 부친 乙로부터 증여받은 부동산을 乙이 사망한 후 매도하려 하였으나 乙의 형제인 丙 등이 ‘위 부동산은 乙이 그 부모인 丁 등을 모시는 조건으로 증여받은 것이다’는 이유로 그 처분을 반대하자, 甲이 丁에게 약정금을 지급하기로 하는 합의서를 작성하고 위...","[1] 민법 제103조 , 제1015조 [2] 민법 제103조 , 제1015조",[1] 대법원 2014. 11. 27. 선고 2014다32007 판결,"부동산, 매매, 매도, 매매계약, 등기, 근저당, 저당권, 담보, 경매, 허위, 기각",전문 원문: https://www.law.go.kr/LSW/precInfoP.do?precSeq=211801,civil_sale_effect,민법 제568조 매매의 효력,civil_sale_effect|민법 제568조 매매의 효력
883,CASE_1997_00883,97다28698,부당이득금반환,대법원,1997-10-24,민사,판결,상고심,파기환송,"[1] 제3자를 위한 계약의 의의 및 그 판별 기준 [2] 제3자를 위한 계약인 채무인수와 이행인수의 판별 기준 [3] 부동산을 매매하면서 매도인과 매수인 사이에 매매대금을 매도인의 채권자에게 직접 지급하기로 약정한 경우, 이는 매도인의 채권자로 하여금 매매대금청구권을 취득하게 하는 제3자를 위한 계약으로서 병존적 채무인수에 해당된다고 본 사례","[1] 제3자를 위한 계약이라 함은 통상의 계약이 그 효력을 당사자 사이에서만 발생시킬 의사로 체결되는 것과는 달리 계약 당사자가 자기들 명의로 체결한 계약에 의하여 제3자로 하여금 직접 계약 당사자의 일방에 대하여 권리를 취득하게 하는 것을 목적으로 하는 계약인바, 어떤 계약이 제3자를 위한 계약에 해당하는지 여부는 당사자의 의사가 그 계약에 의하여 제3자에게 직접 권리를 취득하게 하려는 것인지에 관한 의사해석의 문제로서 이는 계약 체결의 목적, 계약에 있어서의 당사자의 행위의 성질, 계약으로 인하여 당사자 사이 또는 당사자와 제3자 사이에 생기는 이해득실, 거래 관행, 제3자를 위한 계약제도가 갖는 사회적 기능 등 제반 사정을 종합하여 계약 당사자의 합리적 의사를 해석...","[1] 민법 제105조 , 제539조 [2] 민법 제105조 , 제454조 , 제539조 [3] 민법 제454조 , 제539조","[1] 대법원 1996. 1. 26. 선고 94다54481 판결(공1996상, 726) /[2][3] 대법원 1996. 12. 23. 선고 96다33846 판결(공1997상, 516) /[2] 대법원 1995. 5. 9. 선고 94다47469 판결(공1995상, 2085) /[3] 대법원 1989. 4. 25. 선고 87다카2443 판결(공1989, 803)","부동산, 임야, 매매, 매수, 매도, 매매계약, 매매대금, 계약금, 중도금, 잔금, 소유권이전, 등기",전문 원문: https://www.law.go.kr/LSW/precInfoP.do?precSeq=196762,civil_sale_effect,민법 제568조 매매의 효력,civil_sale_effect|민법 제568조 매매의 효력
884,CASE_1998_00884,98다7421,소유권이전등기말소,대법원,1998-11-27,민사,판결,상고심,상고기각,"[1] 민법 제146조 소정의 취소권 행사의 제척기간의 기산점 [2] 강박에 의한 증여 후 증여를 원인으로 한 소유권이전등기를 하기로 제소전화해를 하여 그 화해조서에 기하여 소유권이전등기가 경료된 경우, 증여의 취소의 제척기간의 기산점(=제소전화해조서를 취소하는 준재심사건 판결의 확정일)","[1] 민법 제146조 전단은 ""취소권은 추인할 수 있는 날로부터 3년 내에 행사하여야 한다.""고 규정하는 한편, 민법 제144조 제1항에서는 ""추인은 취소의 원인이 종료한 후에 하지 아니하면 효력이 없다.""고 규정하고 있는바, 위 각 규정의 취지와 추인은 취소권의 포기를 내용으로 하는 의사표시인 점에 비추어 보면, 민법 제146조 전단에서 취소권의 제척기간의 기산점으로 삼고 있는「추인할 수 있는 날」이란 취소의 원인이 종료되어 취소권행사에 관한 장애가 없어져서 취소권자가 취소의 대상인 법률행위를 추인할 수도 있고 취소할 수도 있는 상태가 된 때를 가리킨다고 보아야 한다. [2] 계엄사령부 합동조사본부 수사관들의 강박에 의하여 부동산에 관한 증여계약이 이루어진 후 증여를...","[1] 민법 제110조 , 제144조 제1항 , 제146조 [2] 민법 제110조 , 제144조 제1항 , 제146조 , 민사소송법 제206조 , 제431조","[1] 대법원 1996. 9. 20. 선고 96다25371 판결 (공1996하, 3152) / [2] 대법원 1992. 11. 27. 선고 92다8521 판결 (공1993상, 243), 대법원 1993. 2. 23. 선고 92다14632 판결 (공1993상, 1056), 대법원 1996. 10. 11. 선고 95다1460 판결 (공1996하, 3285)","부동산, 소유권이전, 등기, 명의신탁, 명의수탁, 강박, 사기, 기각, 파기, 취소, 해제, 무효",전문 원문: https://www.law.go.kr/LSW/precInfoP.do?precSeq=195270,civil_fraud_duress,민법 제110조 사기·강박에 의한 의사표시,civil_fraud_duress|민법 제110조 사기·강박에 의한 의사표시; civil_sale_effect|민법 제568조 매매의 효력
885,CASE_2019_00885,"2018다252823, 252830",건물인도등·손해배상(기),대법원,2019-07-25,민사,판결,상고심,"원심판결 중 반소청구 부분을 파기하고, 이 부분 사건을 춘천지방법원에 환송한다.","[1] 구 상가건물 임대차보호법 제10조 제2항 에 따라 최초의 임대차기간을 포함한 전체 임대차기간이 5년을 초과하여 임차인이 계약갱신요구권을 행사할 수 없는 경우에도 임대인이 같은 법 제10조의4 제1항 에 따른 권리금 회수기회 보호의무를 부담하는지 여부 (적극) [2] 임차인이 임대인에게 권리금 회수 방해로 인한 손해배상을 구하기 위해서는 임차인이 신규임차인이 되려는 자를 주선하였어야 하는지 여부 (원칙적 적극) / 임대인이 정당한 사유 없이 임차인이 주선할 신규임차인이 되려는 자와 임대차계약을 체결할 의사가 없음을 확정적으로 표시한 경우, 임차인이 실제로 신규임...","같은 사실을 알 수 있다. 가. 피고(반소원고, 이하 ‘피고’라고만 한다)는 2010. 9. 7. 이 사건 점포의 전 소유자인 소외인과 사이에 이 사건 점포를 보증금 1,000만 원, 차임 월 50만 원, 임대차기간 2010. 9. 7.부터 2015. 9. 6.까지로 정하여 임차하는 임대차계약을 체결하고 이 사건 점포에서 편의점을 운영하였다. 나. 원고(반소피고, 이하 ‘원고’라고만 한다)는 소외인으로부터 이 사건 점포를 증여받아 2013. 4. 9. 소유권이전등기를 마쳤다. 다. 원고는 임대차기간이 만료하기 전인 2015. 3.경 피고와 임대차계약 갱신에 관하여 구두로 협의하면서 계약갱신 의사가 없고 원고 측에서 편의점을 직접 운영하","[1] 구 상가건물 임대차보호법(2018. 10. 16. 법률 제15791호로 개정되기 전의 것) 제10조 제2항 , 제10조의4 제1항 [2] 구 상가건물 임대차보호법(2018. 10. 16. 법률 제15791호로 개정되기 전의 것) 제10조의4 제1항 제4호 , 제3항 [3] 구 상가건물 임대차보호법(2018. 10. 16. 법률 제15791호로 개정되기 전의 것) 제10조 제2항 , 제10조의4 제1항 제4호 , 제3항","[1] 대법원 2019. 5. 16. 선고 2017다225312, 225329 판결(공2019하, 1226) / [2] 대법원 2019. 7. 4. 선고 2018다284226 판결 (공2019하, 1519)","상가, 건물, 임대차, 보증금, 임차권, 임대인, 임차인, 임대차계약, 소유권이전, 등기, 손해배상, 기각",전문 원문: https://www.law.go.kr/LSW/precInfoP.do?precSeq=225403,civil_lease_definition,민법 제618조 임대차의 의의,civil_nonperformance_damages|민법 제390조 채무불이행 손해배상; civil_lease_definition|민법 제618조 임대차의 의의
886,CASE_2020_00886,2019나35153,소유권이전등기,서울북부지방법원,2020-08-18,민사,판결,2심,"1. 이 법원에서 확장한 원고들의 청구를 포함하여 제1심 판결을 제2항과 같이 변경한다. 2. 피고는 원고들로부터 34,800...","피고는 원고들로부터 34,800,000원을 지급받음과 동시에 가. 각 원고에게 별지 목록 기재 부동산 중 각 29/800 지분에 관하여 2018. 11. 11. 매매를 원인으로 한 각 소유권이전등기절차를 이행하고, 나. 원고들에게 위 가.항 기재 부동산을 인도하라. 3. 소송총비용은 피고가 부담한다. 4. 제2의 나.항은 가집행할 수 있다. 【청구취지 및 항소취지】 1. 청구취지 주문 제2항과 같다{제1심 공동원고 2(이하 ‘제1심 공동원고 2’라 한다)는 이 법원에서 소를 취하하였고, 피고는 동의하였다. 이에 원고들은 피고에 대하여 제1심에서는 원고들 및 제1심 공","하 ‘이 사건 부동산’이라고 한다)은 제1심 공동원고 2의 단독 소유였다가, 제1심 공동원고 2가 2018. 6. 11. 피고 앞으로 29/100 지분에 관하여 소유권이전등기를 마쳐 주었고, 제1심 공동원고 2는 이 사건 제1심 소송계속 중이던 2018. 9. 21. 소외인 앞으로 71/100 지분에 관하여 소유권이전등기를 마쳐 주었다. [표]순번호수구분소유자1지하층 (호수 2 생략)원고 12지하층 (호수 생략)1심 공동원고 2(71/100지분) → 소외인(71/100지분)(별지 목록 기재 부동산) 피고(29/100지분)3지하층 (호수 3 생략)원고 241층 (호수 4 생략)원고 351층 (호수 5 생략)원고 461층 (호수 6 생략)원",원문 참조,없음,"부동산, 주택, 토지, 건물, 다세대, 매매, 매수, 소유권이전, 분양, 분양대금, 조합원, 분담금",전문 원문: https://www.law.go.kr/LSW/precInfoP.do?precSeq=236803,civil_sale_effect,민법 제568조 매매의 효력,civil_sale_effect|민법 제568조 매매의 효력
888,CASE_2009_00888,"2008가단51133,83062",과오납금반환등·손해배상(기),부산지법,2009-09-25,민사,판결,1심,일부인용,"[1] 甲이 작성해 준 허위의 매매계약서를 이용하여 금융기관으로부터 리스자금을 대출받은 乙이 그 대출금을 변제하지 않는 사안에서, 甲은 금융기관이 입은 손해액 전부를 배상할 책임이 있고 리스계약시 물건의 확인을 게을리한 금융기관의 잘못을 이유로 과실상계를 주장할 수 없다고 한 사례 [2] 집행증서를 소지한 동산양도담보권자가 제3자이의의 소로써 담보목적물에 대하여 일반채권자가 한 강제집행의 배제를 구할 수 있는지 여부 (적극) 및 그 방법에 의하지 않고 담보목적물에 대한 이중 압류의 방법으로 배당절차에 참가하여 배당받는 것도 허용되는지 여부 (적극) [3] 리스채권자로...","[1] 甲이 작성해 준 허위의 매매계약서를 이용하여 금융기관으로부터 리스자금을 대출받은 乙이 그 대출금을 변제하지 않는 사안에서, 甲은 금융기관이 입은 손해액 전부를 배상할 책임이 있고 리스계약시 물건의 확인을 게을리한 금융기관의 잘못을 이유로 과실상계를 주장할 수 없다고 한 사례. [2] 집행증서를 소지한 동산양도담보권자는 특별한 사정이 없는 한 양도담보권자인 지위에 기초하여 제3자이의의 소에 의하여 목적물건에 대한 양도담보권설정자의 일반채권자가 한 강제집행의 배제를 구할 수 있으나, 그와 같은 방법에 의하지 아니하고 집행증서에 의한 담보목적물에 대한 이중 압류의 방법으로 배당절차에 참가하여 선행한 동산압류에 의하여 압류가 경합된 양도담보권설정자의 일반채권자에 우선하여...","[1] 민법 제396조 , 제750조 , 제763조 [2] 민법 제372조 [양도담보], 민사집행법 제48조 , 제215조 , 제217조 [2] 민법 제372조 [양도담보], 제396조 , 제750조 , 제763조 , 민사집행법 제48조 , 제215조 , 제217조","[2] 대법원 2004. 12. 24. 선고 2004다45943 판결 (공2005상, 194)","임대차, 보증금, 매매, 매수, 매도, 매매계약, 담보, 경매, 배당, 배당요구, 기망, 허위",전문 원문: https://www.law.go.kr/LSW/precInfoP.do?precSeq=140824,civil_fraud_duress,민법 제110조 사기·강박에 의한 의사표시,civil_fraud_duress|민법 제110조 사기·강박에 의한 의사표시; civil_nonperformance_damages|민법 제390조 채무불이행 손해배상; civil_sale_effect|민법 제568조 매매의 효력; civil_lease_definition|민법 제618조 임대차의 의의
889,CASE_2021_00889,2021다264673,약정금,대법원,2021-12-30,민사,판결,상고심,파기환송,"[1] 민법 제536조 제2항 에서 말하는 ‘상대방의 이행이 곤란할 현저한 사유’의 의미 및 이러한 사유가 있는지 판단하는 방법 [2] 甲과, 乙의 대리인 丙이 甲 소유 울산 부동산과 乙 소유 부산 부동산의 교환계약을 체결하면서 ‘甲이 丙에게 교환대금을 지급하되, 부산 부동산에 관하여 잔금일로부터 2년 후에 재개발이 진행되지 않으면 丙은 甲에게 교환대금을 돌려주고, 甲은 丙에게 부산 부동산에 관한 분양권의 권한을 준다.’고 정하였고, 그 후 丙이 甲으로부터 교환대금을 지급받은 뒤 각서를 작성하여 교환계약의 내용을 다시 확인하였는데, 甲이 丙에게 부산 부동산에 관하여...","사건 교환계약’이라고 한다)을 체결하였다. 1) 이 사건 부산 부동산의 평가액은 2억 5,500만 원이고, 순가액은 평가액에서 승계채무액 1억 4,000만 원과 임대차보증금 4,000만 원을 공제한 7,500만 원이다. 2) 이 사건 울산 부동산의 평가액은 1억 5,500만 원이고, 순가액은 평가액에서 승계채무액 1억 2,000만 원을 공제한 3,500만 원이다. 3) 원고는 2017. 1. 10.까지 피고에게 교환대금으로 4,000만 원을 지급한다. 4) 이 사건 부산 부동산에 관하여 잔금일로부터 2년 후에 재개발이 진행되지 않으면, 피고는 원고에게 4,000만 원을 돌려주고, 원고는 피고에게 이 사건 부산 부동산에 관한 분양권의 권한",[1] 민법 제536조 제2항 [2] 민법 제536조 제2항,"[1] 대법원 1989. 9. 12. 선고 88다카11756 판결 (공1989, 1398), 대법원 2015. 5. 14. 선고 2013다100507 판결","부동산, 임대차, 보증금, 매매, 매도, 잔금, 소유권이전, 분양, 분양권, 등기, 파기, 반환",전문 원문: https://www.law.go.kr/LSW/precInfoP.do?precSeq=231523,civil_lease_definition,민법 제618조 임대차의 의의,civil_sale_effect|민법 제568조 매매의 효력; civil_lease_definition|민법 제618조 임대차의 의의
890,CASE_1996_00890,96다29151,토지소유권이전등기말소등,대법원,1996-10-25,민사,판결,상고심,상고기각,"부동산의 이중매매가 반사회적 법률행위에 해당하여 무효인 경우, 그에 터잡은 선의의 전득자 명의의 소유권이전등기의 효력 (무효)","부동산의 이중매매가 반사회적 법률행위에 해당하는 경우에는 이중매매계약은 절대적으로 무효이므로, 당해 부동산을 제2매수인으로부터 다시 취득한 제3자는 설사 제2매수인이 당해 부동산의 소유권을 유효하게 취득한 것으로 믿었더라도 이중매매계약이 유효하다고 주장할 수 없다.","민법 제103조 , 제186조","대법원 1979. 7. 24. 선고 79다942 판결(공1979, 12150) , 대법원 1984. 6. 12. 선고 82다카672 판결(공1984, 1266) , 대법원 1985. 11. 26. 선고 85다카1580 판결(공1986, 124)","부동산, 토지, 매매, 매수, 매도, 매매계약, 소유권이전, 등기, 근저당, 저당권, 허위, 배임",전문 원문: https://www.law.go.kr/LSW/precInfoP.do?precSeq=114324,civil_sale_effect,민법 제568조 매매의 효력,civil_sale_effect|민법 제568조 매매의 효력
891,CASE_1976_00891,76다2079,임야인도,대법원,1976-10-26,민사,판결,상고심,파기환송,가등기가 되어있는 부동산 소유자가 필요비나 유익비를 지출한 것이 가등기에 의한 본등기가 된 경우에는 타인의 물건에 대하여 비용을 투입한 것이 되는지 여부,"가등기가 되어있는 부동산 소유권을 이전받은 "" 갑"" 이 그 부동산에 대하여 필요비나 유익비를 지출한 것은 가등기에 의한 본등기가 경유됨으로써 가등기 이후의 저촉되는 등기라 하여 직권으로 말소를 당한 소유권이전등기의 명의자 "" 갑"" 과 본등기 명의자인 "" 을"" 내지 그 특별승계인인 "" 병"" 과의 법률관계는 결과적으로 타인의 물건에 대하여 "" 갑"" 이 그 점유기간내에 비용을 투입한 것이 된다고 보는 것이 상당하다.",원문 참조,없음,"부동산, 토지, 임야, 매매, 매도, 매매계약, 소유권이전, 등기, 가등기, 허위, 배임, 파기",전문 원문: https://www.law.go.kr/LSW/precInfoP.do?precSeq=207327,civil_sale_effect,민법 제568조 매매의 효력,civil_sale_effect|민법 제568조 매매의 효력
892,CASE_2003_00892,2003다2109,배당이의,대법원,2003-03-14,민사,판결,상고심,상고기각,"[1] 근저당권설정계약서가 부동문자로 인쇄된 일반거래약관의 형태를 취한 경우, 포괄적으로 기재된 피담보채무의 범위에 관한 해석 방법 [2] 주택건설사업 시행자가 국민주택기금을 대출받으면서 체결한 근저당권설정계약서에 ‘포괄근보증’이라는 근저당권설정자의 자필기재가 있으나, 그 피담보채무의 범위에 사업시행자가 그 후 별도로 대출받은 운전자금 채무는 포함되지 않는다고 한 사례","[1] 근저당설정계약서는 처분문서이므로 특별한 사정이 없는 한 그 계약 문언대로 해석하여야 함이 원칙이지만, 그 근저당권설정계약서가 금융기관 등에서 일률적으로 일반거래약관의 형태로 부동문자로 인쇄하여 두고 사용하는 계약서인 경우에 그 계약 조항에서 피담보채무의 범위를 그 근저당권 설정으로 대출받은 당해 대출금채무 외에 기존의 채무나 장래에 부담하게 될 다른 원인에 의한 모든 채무도 포괄적으로 포함하는 것으로 기재하였다고 하더라도, 당해 대출금채무와 장래 채무의 각 성립 경위 등 근저당설정계약 체결의 경위, 대출 관행, 각 채무액과 그 근저당권의 채권최고액과의 관계, 다른 채무액에 대한 별도의 담보확보 여부 등 여러 사정에 비추어 인쇄된 계약 문언대로 피담보채무의 범위를 해...","[1] 민법 제105조 , 제357조 제1항 , 제360조 , 약관의규제에관한법률 제5조 [2] 민법 제105조 , 제357조 제1항 , 제360조 , 약관의규제에관한법률 제5조","[1][2] 대법원 1997. 5. 28. 선고 96다9508 판결 (공1997하, 1973), 대법원 2000. 3. 28. 선고 99다32332 판결 (공2000상, 1051), 대법원 2001. 9. 18. 선고 2001다36962 판결 (공2001하, 2246)","부동산, 주택, 아파트, 건물, 보증금, 분양, 등기, 근저당, 저당권, 담보, 경매, 배당",전문 원문: https://www.law.go.kr/LSW/precInfoP.do?precSeq=82434,civil_lease_definition,민법 제618조 임대차의 의의,civil_sale_effect|민법 제568조 매매의 효력; civil_lease_definition|민법 제618조 임대차의 의의
893,CASE_2021_00893,2018다284233,소유권이전등기등,대법원,2021-09-09,민사,판결,상고심,"원심판결 중 부당이득반환청구에 대한 원고 패소 부분을 파기하고, 이 부분 사건을 서울고등법원에 환송한다. 원고의 나머지 상고와...","3자간 등기명의신탁에서 명의수탁자가 제3자에게 부동산을 매도하거나 부동산에 근저당권을 설정하는 등으로 처분행위를 하여 제3자가 부동산 실권리자명의 등기에 관한 법률 제4조 제3항 에 따라 부동산에 관한 권리를 취득하는 경우, 명의신탁자가 명의수탁자를 상대로 직접 부당이득반환을 청구할 수 있는지 여부 (적극)","[다수의견] (가) 3자간 등기명의신탁에서 명의수탁자의 임의처분 또는 강제수용이나 공공용지 협의취득 등(이러한 소유명의 이전의 원인관계를 통틀어 이하에서는 ‘명의수탁자의 처분행위 등’이라 한다)을 원인으로 제3자 명의로 소유권이전등기가 마쳐진 경우, 특별한 사정이 없는 한 제3자는 유효하게 소유권을 취득한다[ 부동산 실권리자명의 등기에 관한 법률(이하 ‘부동산실명법’이라 한다) 제4조 제3항 ]. 그 결과 매도인의 명의신탁자에 대한 소유권이전등기의무는 이행불능이 되어 명의신탁자로서는 부동산의 소유권을 이전받을 수 없게 되는 한편, 명의수탁자는 부동산의 처분대금이나 보상금 등을 취득하게 된다. 판례는, 명의수탁자가 그러한 처분대금이나 보상금 등의 이익을 명의신탁자에게 부당이...","민법 제103조 [명의신탁], 제741조 , 부동산 실권리자명의 등기에 관한 법률 제4조","대법원 2002. 3. 15. 선고 2001다61654 판결 (공2002상, 882), 대법원 2011. 9. 8. 선고 2009다49193, 49209 판결 (공2011하, 2042), 대법원 2015. 9. 10. 선고 2015다207235 판결, 대법원 2019. 7. 25. 선고 2019다203811, 203828 판결","부동산, 매매, 매도, 매매계약, 매매대금, 소유권이전, 등기, 근저당, 저당권, 담보, 명의신탁, 명의수탁",전문 원문: https://www.law.go.kr/LSW/precInfoP.do?precSeq=217425,civil_sale_effect,민법 제568조 매매의 효력,civil_nonperformance_damages|민법 제390조 채무불이행 손해배상; civil_sale_effect|민법 제568조 매매의 효력
894,CASE_2010_00894,2008도7451,무고·횡령,대법원,2010-11-11,형사,판결,상고심,파기환송,"[1] 신탁자와 체결한 명의신탁 약정에 따라 수탁자가 계약당사자로서 선의의 소유자와 부동산 매매계약을 체결하고 수탁자 명의로 소유권이전등기를 마친 경우, 수탁자가 형법 제355조 제1항 에서 정한 ‘타인의 재물을 보관하는 자’에 해당하는지 여부 (소극) [2] 계약을 체결하는 행위자가 타인의 이름으로 계약을 체결한 경우 계약당사자의 확정 방법 및 타인을 통하여 부동산을 매수하면서 매수인 명의를 타인으로 한 경우 매매당사자의 확정 방법 [3] 명의신탁자가 명의수탁자의 권유로 부동산을 매수하면서 수탁자를 매수인으로 한 매매계약서를 작성하고 수탁자 명의로 소유권이전등기를...","상고이유를 판단한다. 1. 제1, 2점에 대하여 가. 횡령죄는 타인의 재물을 보관하는 자가 그 재물을 횡령하는 경우에 성립하는 범죄이므로, 횡령의 대상이 된 재물이 타인의 소유이어야 한다. 그런데 부동산 실권리자명의 등기에 관한 법률 제2조 제1호 및 제4조의 규정에 의하면, 신탁자와 수탁자가 명의신탁약정을 맺고 이에 따라 수탁자가 당사자가 되어 명의신탁약정이 있다는 사실을 알지 못하는 소유자와 사이에서 부동산에 관한 매매계약을 체결한 후 그 매매계약에 기하여 당해 부동산의 소유권이전등기를 수탁자 명의로 경료한 경우에는 그 소유권이","[1] 형법 제355조 제1항 , 부동산 실권리자명의 등기에 관한 법률 제2조 제1호 , 제4조 [2] 민법 제105조 , 제186조 [3] 형법 제355조 제1항 , 부동산 실권리자명의 등기에 관한 법률 제2조 제1호 , 제4조 , 민법 제105조 , 제186조 [4] 형법 제156조 [5] 형법 제156조","[1] 대법원 2000. 3. 24. 선고 98도4347 판결 (공2000상, 1101), 대법원 2006. 9. 8. 선고 2005도9733 판결 / [2] 대법원 1998. 3. 13. 선고 97다22089 판결 (공1998상, 1011), 대법원 2003. 9. 5. 선고 2001다32120 판결 (공2003하, 1998), 대법원 2003. 12. 12. 선고 2003다44059 판결 (공2004상, 125), 대법원 2007. 9. 7. 선고 2005다48154, 48161 판결 / [4...","부동산, 토지, 농지, 매매, 매수, 매도, 매매계약, 매매대금, 소유권이전, 등기, 명의신탁, 명의수탁",전문 원문: https://www.law.go.kr/LSW/precInfoP.do?precSeq=149516,embezzlement_breach_of_trust,형법 제355조·제356조 횡령·배임,embezzlement_breach_of_trust|형법 제355조·제356조 횡령·배임; civil_sale_effect|민법 제568조 매매의 효력
895,CASE_2019_00895,2018다242727,건물명도,대법원,2019-07-10,민사,판결,상고심,상고기각,[1] ‘동시이행의 항변권’ 제도의 취지 및 당사자가 부담하는 각 채무가 쌍무계약에서 고유의 대가관계에 있는 채무가 아니더라도 동시이행의 항변권을 인정할 수 있는 경우 [2] 임대차계약 종료에 따른 임차인의 임차목적물 반환의무와 임대인의 권리금 회수 방해로 인한 손해배상의무가 동시이행관계에 있는지 여부 (소극),"[1] 동시이행의 항변권은 공평의 관념과 신의칙에 입각하여 각 당사자가 부담하는 채무가 서로 대가적 의미를 가지고 관련되어 있을 때 그 이행에 견련관계를 인정하여 당사자 일방은 상대방이 채무를 이행하거나 이행의 제공을 하지 아니한 채 당사자 일방의 채무의 이행을 청구할 때에는 자기의 채무 이행을 거절할 수 있도록 하는 제도이다. 이러한 제도의 취지에서 볼 때 당사자가 부담하는 각 채무가 쌍무계약에서 고유의 대가관계에 있는 채무가 아니더라도, 양 채무가 동일한 법률요건으로부터 생겨서 대가적 의미가 있거나 공평의 관점에서 보아 견련적으로 이행시킴이 마땅한 경우에는 동시이행의 항변권을 인정할 수 있다. [2] 임차인의 임차목적물 반환의무는 임대차계약의 종료에 의하여 발생하나,...","[1] 민법 제536조 [2] 민법 제536조 , 제615조 , 제654조 , 상가건물 임대차보호법 제10조의4","[1] 대법원 2018. 7. 24. 선고 2017다291593 판결 (공2018하, 1770)","상가, 건물, 임대차, 임대인, 임차인, 임대차계약, 손해배상, 기각, 반환",전문 원문: https://www.law.go.kr/LSW/precInfoP.do?precSeq=208732,civil_lease_definition,민법 제618조 임대차의 의의,civil_nonperformance_damages|민법 제390조 채무불이행 손해배상; civil_lease_definition|민법 제618조 임대차의 의의
896,CASE_2017_00896,2017다201422,부당이득금반환등,대법원,2017-05-30,민사,판결,상고심,상고기각,"[1] 민법 제104조 에서 정한 불공정한 법률행위의 성립요건 / 여기서 ‘궁박’의 의미 및 ‘당사자가 궁박 상태에 있었는지’와 ‘현저하게 공정을 잃었는지’를 판단하는 기준 [2] 매매계약과 같은 쌍무계약이 ‘불공정한 법률행위’에 해당하여 무효인 경우, 그 계약에 관한 부제소합의도 무효인지 여부 (원칙적 적극) [3] 甲 주식회사 등이 아파트 신축·분양사업을 추진하면서 사업부지 내 일부 토지에 관한 乙 소유의 지분을 乙의 대리인으로부터 매수하여 매매대금을 모두 지급하였으나 위 토지에 관한 공유물분할 과정에서 발생한 등기부상 지분 표시의 오류 때문에 지분이전등기를 하지...","것은 아니고 구체적·개별적 사안에서 일반인의 사회통념에 따라 결정하여야 하며, 당사자의 주관적 가치가 아닌 거래상의 객관적 가치에 따라 판단하여야 한다. 한편 매매계약과 같은 쌍무계약이 급부와 반대급부와의 불균형으로 말미암아 불공정한 법률행위에 해당하여 무효라고 한다면, 그 계약으로 인하여 불이익을 입는 당사자로 하여금 위와 같은 불공정성을 소송 등 사법적 구제수단을 통하여 주장하지 못하도록 하는 부제소합의 역시 다른 특별한 사정이 없는 한 무효라고 할 것이다 ( 대법원 2010. 7. 15. 선고 2009다50308 판결 등 참조). 나. 원심판결 이유와 적법하게 채택한 증거들에 의하면 다음의 사실을 알 수 있다. 1) 피고 1은 1",[1] 민법 제104조 [2] 민법 제104조 [3] 민법 제104조,"[1][2] 대법원 2010. 7. 15. 선고 2009다50308 판결 (공2010하, 1566)","주택, 아파트, 토지, 임야, 매매, 매수, 매도, 매매계약, 매매대금, 소유권이전, 분양, 등기",전문 원문: https://www.law.go.kr/LSW/precInfoP.do?precSeq=186375,civil_sale_effect,민법 제568조 매매의 효력,civil_sale_effect|민법 제568조 매매의 효력
897,CASE_2018_00897,2017나65449,계약금반환등,수원지방법원,2018-01-18,민사,판결,2심,항소기각,"하늘 외 1인) 【제1심판결】 수원지방법원 2017. 5. 11. 선고 2016가단514998 판결 【변론종결】 2017. 12. 5. 【주 문】 피고의 항소를 기각한다. 항소비용은 피고가 부담한다. 【청구취지 및 항소취지】 1. 청구취지 피고는 원고에게 40,000,000원 및 위 금원 중 20,000,000원에 대하여는 2016. 3. 25.부터, 나머지 20,000,000원에 대하여는 2015. 4. 6.부터 각 이 사건 소장 부본 송달일까지는 연 5%의, 그 다음 날부터 다 갚는 날까지는 연 15%의 각 비율로 계산한 돈을 지급하라. 2. 항소취지 제1심판결을","재와 같으므로 민사소송법 제420조 본문에 의하여 이를 그대로 인용한다. 2. 청구원인에 대한 판단 가. 당사자들 주장의 요지 1) 원고 원고가 임차한 이 사건 오피스텔은 전용면적이 105.96㎡로 관계 법령에 따르면 전용면적이 85㎡를 초과하는 오피스텔은 바닥 난방공사가 불가능하므로 이행불능 사유가 발생한 것이고, 피고는 2016. 4. 4.부터 2016. 4. 6.까지 원고에게 수차례 바닥난방공사를 이행하지 않겠다는 이행거절의사를 분명히 하였으므로, 원고는 위와 같은 이유로 2016. 4. 6. 이 사건 임대차계약을 해제하였다. 따라서 피고는 원고에게 해제에 기한 원상회복으로 계약금 2,000만 원 및 손해배상예정액 2,000만 원",원문 참조,없음,"오피스텔, 임대차, 임차인, 임대차계약, 계약금, 손해배상, 기각, 반환, 취소, 해제",전문 원문: https://www.law.go.kr/LSW/precInfoP.do?precSeq=217525,civil_lease_definition,민법 제618조 임대차의 의의,civil_nonperformance_damages|민법 제390조 채무불이행 손해배상; civil_sale_effect|민법 제568조 매매의 효력; civil_lease_definition|민법 제618조 임대차의 의의
898,CASE_1972_00898,70나3202,소유권이전등기말소등청구사건,서울고법,1972-08-23,민사,판결,2심,항소기각,1. 회사설립에 관한 출자 의사표시가 사기나 강박에 의한 것이라는 이유로 취소가 가능한지 여부 2. 동업계약을 해제할 수 있는지 여부,1. 회사설립행위에 취소원인이 있을 때에는 설립취소의 소의 방법으로서만 취소사유를 주장하여 설립행위의 효력을 다툴 수 있고 그 밖에 민법상의 취소등의 방법에 의해서는 다툴 수 없다. 2. 동업계약은 일종의 조합계약이므로 조합의 해산 조합원의 탈퇴 또는 제명등의 방법에 의하여 법률관계를 종료시킬 수 있을 뿐이고 일반적인 계약해제의 원칙에 의한 해제는 할 수 없는 것이다.,"상법 제184조 , 제328조 , 제552조 , 민법 제716조 , 제717조 , 제718조 , 제720조",없음,"부동산, 매매, 소유권이전, 조합원, 등기, 담보, 배당, 강박, 고소, 사기, 기망, 허위",전문 원문: https://www.law.go.kr/LSW/precInfoP.do?precSeq=234063,civil_fraud_duress,민법 제110조 사기·강박에 의한 의사표시,civil_fraud_duress|민법 제110조 사기·강박에 의한 의사표시; civil_sale_effect|민법 제568조 매매의 효력
899,CASE_2002_00899,2000다44904,손해배상,대법원,2002-08-27,민사,판결,상고심,상고기각,제반 사정에 비추어 부동산 중개인에게 거래계약서 재작성 시점에서의 중개대상물에 대한 확인·설명의무가 존재한다고 한 사례,부동산 중개인이 중개 의뢰인의 요구에 따라 잔금 지급일에 거래계약서를 재작성함에 있어 중개 의뢰인의 확인 요청에 따라 그 시점에서의 제한물권 상황을 다시 기재하게 되었으면 중개 대상물의 권리관계를 다시 확인하여 보거나 적어도 중개 의뢰인에게 이를 확인하여 본 후 잔금을 지급하라고 주의를 환기시킬 의무가 있다고 한 사례.,"구 부동산중개업법(2000. 1. 28. 법률 제6236호로 개정되기 전의 것) 제16조 , 제17조 , 제19조",없음,"부동산, 아파트, 중개대상물, 보증금, 임차보증금, 잔금, 중개업자, 확인·설명, 근저당, 저당권, 경매, 손해배상",전문 원문: https://www.law.go.kr/LSW/precInfoP.do?precSeq=81829,realtor_prohibited_acts,공인중개사법 제33조 금지행위,civil_nonperformance_damages|민법 제390조 채무불이행 손해배상; civil_sale_effect|민법 제568조 매매의 효력; civil_lease_definition|민법 제618조 임대차의 의의; realtor_prohibited_acts|공인중개사법 제33조 금지행위
900,CASE_1994_00900,93다29051,소유권이전등기말소,대법원,1994-01-28,민사,판결,상고심,파기환송,"가. 민사판결이 있은 후 형사절차에서 민사판결과 상반된 사실을 인정한 경우 그 형사판결에서 인정된 사실의 신빙성 나. 민사재판에서 명의신탁이라고 인정한 판결이 확정된 후 그것이 대물변제임을 전제로, 원고가 위 판결을 받은 것이 소송사기죄에 해당한다는 형사판결이 확정되었다면 민사재판에서 명의신탁이라고 증언한 증인들은 공소시효가 완성되지 않았다면 위증의 유죄확정판결을 받을 수 있었을 것이라는 점에 대하여 일응 입증이 되었다고 본 사례 다. 민사소송법 제422조 제1항 제7호 소정의 재심사유에 있어서 같은 법 제426조 소정의 30일의 불변기간의 기산점","가. 원래 민사재판에서는 형사재판의 사실인정에 구속받지 않는다고 할지라도 동일한 사실관계에 관하여 확정된 형사판결이 유죄로 인정한 사실은 유력한 증거자료가 된다 할 것이므로 민사재판에서 제출된 다른 증거들에 비추어 형사판결의 사실판단을 채용하기 어렵다고 인정되는 특별한 사정이 없는 한 이와 반대되는 사실을 인정할 수는 없는 것이고, 더욱이 민사판결이 있은 후에 형사절차에서 장기간에 걸친 신중한 심리 끝에 결국 그것이 소송사기에 의한 판결임이 밝혀져서 유죄의 형사판결이 확정된 경우에는 법원은 그 형사판결의 존재와 내용을 존중하여 거기에서 인정된 사실을 민사판결에서 인정된 사실보다 진실에 부합하고 신빙성이 있는 것으로 받아들여야 한다. 나. 민사재판에서 명의신탁이라고 인정한...","가.나. 민사소송법 제187조 나.다. 제422조 제1항 제7호 , 제2항 다. 제426조 제1항","가. 대법원 1990.8.14. 선고 89다카6812 판결(공1990,1950) , 1993.3.12. 선고 92다51372 판결(공1993상,1170) / 다. 대법원 1975.12.23. 선고 74다1398 판결(공1976,8863) , 1990.2.13. 선고 89재다카119 판결(공1990,629) , 1991.1.11. 선고 90다3966 판결(공1991,718)","부동산, 매매, 매도, 매매계약, 소유권이전, 등기, 담보, 명의신탁, 고소, 사기, 기망, 편취",전문 원문: https://www.law.go.kr/LSW/precInfoP.do?precSeq=109780,civil_fraud_duress,민법 제110조 사기·강박에 의한 의사표시,civil_fraud_duress|민법 제110조 사기·강박에 의한 의사표시; civil_sale_effect|민법 제568조 매매의 효력
901,CASE_1971_00901,71다1949,약정금,대법원,1971-10-25,민사,판결,상고심,원판결을 파기 한다. 사건을 서울고등법원에 환송한다.,매매대금중 일부의 반환계약을 체결한 경위에 관하여 석명권을 행사하지 않고 심리를 다 하지않은 위법이 있는 실례.,목조건물은 본조 제1항 본문 중 석조 석회조 연와조 또는 이와 유사한 견고한 건물로 볼 수 없다.,민사소송법 제126조,없음,"부동산, 토지, 건물, 매매, 매수, 매도, 매매계약, 매매대금, 강박, 파기, 반환",전문 원문: https://www.law.go.kr/LSW/precInfoP.do?precSeq=156933,civil_fraud_duress,민법 제110조 사기·강박에 의한 의사표시,civil_fraud_duress|민법 제110조 사기·강박에 의한 의사표시; civil_sale_effect|민법 제568조 매매의 효력
902,CASE_1995_00902,94다48721,소유권이전등기,대법원,1995-03-17,민사,판결,상고심,"1. 원심판결 중 피고 7, 피고 8에 대한 소 부분을 파기하고 다음과 같이 판결한다. 제1심판결 중 위 소에 관한 부분을 취...",이중매매사실만으로 매수인이 매도인의 배임행위에 적극 가담하였다고 인정할 수 없다고 본 원심판결을 심리미진· 법리오해 등의 이유로 파기한 사례,"갑이 토지를 시에 매도하고서도 등기명의가 그대로 남아 있음을 기화로 다시 을에게 이중으로 매도한 경우, 그 토지의 지목이 유지이고 그 현황도 소유지를 구성하는 토지로서 공공의 이용에 제공되어 왔다면, 부동산의 매수인은 직접 현장을 확인하여 보거나 등기부, 지적도면 등에 의하여 부동산의 위치와 부근 토지의 현황을 점검하여 보는 것이 상례라고 할 것이어서, 을도 토지가 시에게 매도된 사실을 알고도 이중매도행위에 가담하여 토지를 매수하였음을 인정할 여지가 있다는 이유로, 을이 갑의 배임행위에 적극 가담하였다고 인정할 수 없다고 본 원심판결을 파기한 사례.","민법 제103조 , 민사소송법 제183조","대법원 1978.1.24. 선고 77다1804 판결(공1978,10610) , 1994.10.14. 선고 94다22231 판결(공1994하,2984) , 1994.11.18. 선고 94다37349 판결(공1995상,55) , 1995.3.17. 선고 94다56135 판결(동지)","부동산, 토지, 매매, 매수, 매도, 소유권이전, 등기, 배임, 기각, 파기, 취소, 무효",전문 원문: https://www.law.go.kr/LSW/precInfoP.do?precSeq=199437,civil_sale_effect,민법 제568조 매매의 효력,civil_sale_effect|민법 제568조 매매의 효력
903,CASE_1991_00903,91다6368,소유권이전등기절차이행,대법원,1991-09-10,민사,판결,상고심,상고기각,가. 가압류등기 등이 되어 있는 부동산의 매매에 있어 매수인의 잔대금지급의무와 동시이행관계에 있는 매도인의 소유권이전등기의무의 내용 나. 부동산매수인이 정당한 잔대금을 지급하고 계약을 이행하지 않을 의사를 미리 표시한 것이라고 할 수 없다고 한 사례,"가. 부동산의 매매계약이 체결된 경우에는 매도인의 소유권이전등기의무, 인도의무와 매수인의 잔대금 지급의무는 동시이행의 관계에 있는 것이 원칙이고, 이 경우 매도인은 특별한 사정이 없는 한 제한이나 부담이 없는 소유권이전등기의무를 지는 것이므로 매매목적 부동산에 지상권이 설정되어 있고 가압류등기가 되어 있는 경우에는 비록 매매가액에 비하여 소액인 금원의 변제로써 언제든지 말소할 수 있는 것이라 할지라도 매도인은 이와 같은 등기를 말소하여 완전한 소유권이전등기를 해 주어야 한다. 나. 부동산 매수인이 매도인을 상대로 소유권이전등기청구소송을 제기하면서 부동산에 의해 담보되고 있는 채무를 실제보다 훨씬 높여서 주장하였다 하여 이로써 정당한 잔대금을 지급하고 계약을 이행하지 않을...","가. 민법 제536조 , 제563조 나. 민법 제544조","가. 대법원 1965.9.7. 선고 65다1367 판결(집13(2) 민132) , 1979.11.13. 선고 79다1562 판결(공1980,12347)","부동산, 주택, 토지, 매매, 매수, 매도, 매매계약, 중도금, 잔금, 소유권이전, 등기, 근저당",전문 원문: https://www.law.go.kr/LSW/precInfoP.do?precSeq=205085,civil_sale_effect,민법 제568조 매매의 효력,civil_sale_effect|민법 제568조 매매의 효력
904,CASE_2018_00904,"2017가단1359(본소), 2018가단827(반소)",임차보증금반환·건물인도,대구지방법원 경주지원,2018-04-25,민사,판결,1심,일부인용,"원을 지급받음과 동시에 피고(반소원고)에게 별지 목록 기재 부동산을 인도하라. 3. 원고(반소피고)의 나머지 본소청구 및 피고(반소원고)의 나머지 반소청구를 각 기각한다. 4. 소송비용은 본소와 반소를 합하여 원고 및 피고가 각 1/2씩 부담한다. 5. 제1, 2항은 각 가집행할 수 있다. 【청구취지】 본소 : 피고(반소원고, 이하 ‘피고’라고만 한다)는 원고(반소피고, 이하 ‘원고’라고만 한다)에게 70,000,000원 및 이에 대하여 별지 목록 기재 부동산 인도일부터 다 갚는 날까지 연 15%의 비율로 계산한 돈을 지급하라. 반소 : 원고는 피고에게 별지 목록 기",". 27. 대운산업개발 주식회사(이하 ‘대운산업개발’이라 한다)와 사이에 대운산업개발의 소유인 별지 목록 기재 부동산(이하 '이 사건 부동산‘이라 한다)에 관해 임대차보증금 7,000만 원, 임대차기간 2014. 1. 27.부터 2016. 1. 27.까지로 각 정하여 임대차계약(이하 ’이 사건 임대차계약‘이라 한다)을 체결하였고, 그 무렵 원고는 대운산업개발에 위 임대차보증금 7,000만 원을 전부 지급하였다. 나. 원고는 2014. 1. 27. 이 사건 부동산을 인도받고 전입신고를 마쳤으며(확정일자는 2015. 4. 29.에 이르러 받았다), 현재까지 이 사건 부동산을 점유하고 있다. 다. 한편, 대운산업개발은 2013. 12. 24.",원문 참조,없음,"부동산, 주택, 건물, 임대차, 보증금, 임차권, 임대인, 임차인, 주택임대차, 임대차계약, 임차보증금, 매수",전문 원문: https://www.law.go.kr/LSW/precInfoP.do?precSeq=207180,civil_lease_definition,민법 제618조 임대차의 의의,civil_sale_effect|민법 제568조 매매의 효력; civil_lease_definition|민법 제618조 임대차의 의의
905,CASE_2002_00905,2002다11847,소유권이전등기,대법원,2002-09-24,민사,판결,상고심,"원심판결 중 예비적 청구에 관한 부분을 파기하고, 이 부분 사건을 서울고등법원에 환송한다.","[1] 소유권이전등기가 원인무효라는 이유로 그 등기의 말소를 구하는 소송을 제기하였다가 청구기각의 판결을 선고받아 확정된 경우, 기판력의 범위와 소유권의 확인을 구할 법률상 이익이 있는지 여부 (적극) 및 그 소유권확인 청구의 소제기가 신의칙에 위반되는지 여부 (소극) [2] 강박을 이유로 증여의 의사표시를 취소함에 있어서 표명되어야 할 의사의 내용","[1] 확정판결의 기판력은 소송물로 주장된 법률관계의 존부에 관한 판단의 결론에만 미치고 그 전제가 되는 법률관계의 존부에까지 미치는 것은 아니므로, 계쟁 부동산에 관한 피고 명의의 소유권이전등기가 원인무효라는 이유로 원고가 피고를 상대로 그 등기의 말소를 구하는 소송을 제기하였다가 청구기각의 판결을 선고받아 확정되었다고 하더라도, 그 확정판결의 기판력은 소송물로 주장된 말소등기청구권이나 이전등기청구권의 존부에만 미치는 것이지 그 기본이 된 소유권 자체의 존부에는 미치지 아니하고, 따라서 원고가 비록 위 확정판결의 기판력으로 인하여 계쟁 부동산에 관한 등기부상의 소유 명의를 회복할 방법은 없게 되었다고 하더라도 그 소유권이 원고에게 없음이 확정된 것은 아닐 뿐만 아니라,...","[1] 민사소송법 제216조 제1항 , 제248조 [소의 제기], 제250조 , 민법 제2조 [2] 민법 제110조 , 제554조","[1] 대법원 1996. 12. 20. 선고 95다37988 판결 (공1997상, 344), 대법원 1997. 6. 27. 선고 97다9529 판결 (공1997하, 2348), 대법원 1998. 11. 27. 선고 97다22904 판결 (공1999상, 23), 대법원 1999. 7. 27. 선고 99다9806 판결 (공1999하, 1765)","부동산, 소유권이전, 조합원, 등기, 명의신탁, 강박, 기각, 파기, 청구기각, 반환, 취소, 해제",전문 원문: https://www.law.go.kr/LSW/precInfoP.do?precSeq=81914,civil_fraud_duress,민법 제110조 사기·강박에 의한 의사표시,civil_fraud_duress|민법 제110조 사기·강박에 의한 의사표시; civil_sale_effect|민법 제568조 매매의 효력
906,CASE_1997_00906,96다16896,소유권이전등기말소등,대법원,1997-09-09,민사,판결,상고심,상고기각,[1] 원호대상자 정착직업재활조합 서울목공분조합의 법률적 성질(=민법상 조합) [2] 민법상 조합의 조합원의 탈퇴 의사표시의 상대방 및 조합원의 탈퇴의사의 표시 방식을 따로 정한 특약의 효력 (유효) [3] 원호대상자 정착직업재활조합 서울목공분조합 조합원의 탈퇴에 대한 국립직업재활원장의 승인의 법적 성질 및 그 승인의 방법 [4] 원호대상자 정착직업재활조합 서울목공분조합의 조합원이 국가에 대하여 한 지분 헌납 의사표시의 효력 (무효) [5] 합유자가 지분을 포기한 경우 그 지분권의 귀속관계 및 그에 따른 지분이전등기가 경료되지 않은 경우 지분을 포기한 합유자는 제3자...,"[1] 원호대상자 정착직업재활조합 서울목공분조합은 그 설립에 있어서 구 원호대상자직업재활법 제17조 와 그 시행령 제19조 등의 공법상의 근거에 기초하고 있고 공법적으로 국립직업재활원장의 후견적 감독을 받는다는 점에서는 전형적인 '민법상' 조합이라기보다 오히려 비법인 사단에 가까운 요소들을 일부 구비하고 있으나, 그 분조합의 목적, 분조합 재산에 대한 합유 규정, 분조합 채무에 대한 분조합원들의 무한책임, 분조합원 자격의 제한, 가입과 탈퇴에 대한 제약 등에 비추어 볼 때에 그 실질은 민법상 조합에 다름 아닌 것으로서, 분조합원의 탈퇴와 분조합 재산의 처분과 귀속, 그에 대한 보존행위의 방법 등에 관하여는 우선 원호대상자직업재활법과 그 시행령, 분조합 운영규약이 정하는 바...","[1] 민법 제703조 , 구 원호대상자직업재활법(1981. 4. 4. 법률 제3419호 한국원호복지공단법 부칙 제2조로 폐지) 제17조 , 구 원호대상자직업재활법시행령 제19조 [2] 민법 제716조 [3] 민법 제716조 [4] 민법 제273조 제1항 , 제704조 [5] 민법 제186조 , 제271조 , 제273조 제1항 [6] 민법 제272조 , 민사소송법 제63조","[1][2][3][4][6] 대법원 1997. 9. 9. 선고 96다16902 판결(같은 취지) /[1] 대법원 1991. 6. 25. 선고 88다카6358 판결(공1991, 1993) /[2] 대법원 1959. 7. 9. 선고 4291민상668 판결(집7, 민155) , 대법원 1988. 3. 8. 선고 87다카1448 판결(공1988, 657) /[4] 대법원 1970. 12. 29. 선고 69다22 판결(집18-3, 민419) , 대법원 1991. 5. 15.자 91마186 결정(공1991,...","부동산, 토지, 건물, 소유권이전, 조합원, 등기, 강박, 기각, 파기, 무효",전문 원문: https://www.law.go.kr/LSW/precInfoP.do?precSeq=196885,civil_fraud_duress,민법 제110조 사기·강박에 의한 의사표시,civil_fraud_duress|민법 제110조 사기·강박에 의한 의사표시; civil_sale_effect|민법 제568조 매매의 효력
907,CASE_2002_00907,2001다71484,손해배상(기),대법원,2002-02-05,민사,판결,상고심,파기환송,부동산중개업법 제19조 제1항이 무상(無償)의 중개행위에도 적용되는지 여부 (적극),"부동산중개업법 제17조 제1항은 중개업자가 중개의뢰를 받은 경우에는 당해 중개대상물의 상태·입지·권리관계·법령의 규정에 의한 거래 또는 이용제한사항 기타 대통령령이 정하는 사항을 확인하여 이를 당해 중개대상물에 관한 권리를 취득하고자 하는 중개의뢰인에게 서면으로 제시하고 성실·정확하게 설명하여야 한다고 규정하고, 같은 법 제19조 제1항은, 중개업자가 중개행위를 함에 있어서 고의 또는 과실로 인하여 거래 당사자에게 재산상의 손해를 발생하게 한 때에는 그 손해를 배상할 책임이 있다고 규정하고 있는바, 부동산중개계약에 따른 중개업자의 확인·설명의무와 이에 위반한 경우의 손해배상의무는, 이와 성질이 유사한 민법상 위임계약에 있어서 무상위임의 경우에도 수임인이 수임사무의 처리에...","부동산중개업법 제17조 제1항 , 제19조 제1항 , 민법 제681조",없음,"부동산, 주택, 다세대, 중개대상물, 임대차, 임대인, 임차인, 임대차계약, 중개업자, 확인·설명, 확인설명, 사기",전문 원문: https://www.law.go.kr/LSW/precInfoP.do?precSeq=81262,realtor_prohibited_acts,공인중개사법 제33조 금지행위,civil_fraud_duress|민법 제110조 사기·강박에 의한 의사표시; civil_nonperformance_damages|민법 제390조 채무불이행 손해배상; civil_lease_definition|민법 제618조 임대차의 의의; realtor_prohibited_acts|공인중개사법 제33조 금지행위
908,CASE_2022_00908,2020가합527549,임대차보증금,서울중앙지방법원,2022-04-08,민사,판결,1심,청구기각,"인) 【피 고】 △△△ 주식회사 (소송대리인 법무법인(유한) 세종 담당변호사 김재석 외 1인) 【변론종결】 2022. 3. 11. 【주 문】 1. 원고의 청구를 기각한다. 2. 소송비용은 원고가 부담한다. 【청구취지】 피고는 원고에게 1,324,640,605원 및 이에 대하여 2018. 9. 1.부터 이 사건 소장 부본 송달일까지는 연 6%의, 그 다음날부터 다 갚는 날까지는 연 12%의 각 비율로 계산한 돈을 지급하라. 【이 유】 1. 기초사실 가. 원고는 2013. 11. 29. 피고로부터 서울 종로구 (주소 생략) 지상 건물(이하 ‘이 사건 건물’이라 한다)을","1. 기초사실 가. 원고는 2013. 11. 29. 피고로부터 서울 종로구 (주소 생략) 지상 건물(이하 ‘이 사건 건물’이라 한다)을 임대차보증금 5,694,177,840원, 임대차기간 2013. 12. 4.부터 2023. 12. 3.까지로 정하여 임차하였고(이하 ‘이 사건 임대차계약’이라 한다), 피고에게 위 임대차보증금을 지급하였다. 이 사건 임대차계약 중 위약벌 및 손해배상예정액에 관한 조항은 아래와 같다. 제19조(위약벌 및 손해배상 등) (1) 임차인의 과실에 의하여 제18조 제(1)항에 따라 본 계약이 해지되는 경우, 제18조 제(2)항에 의하여 본 계약이 해지되는 경우 또는 채무자 회생 및 파산에",원문 참조,없음,"건물, 임대차, 보증금, 임대인, 임차인, 임대차계약, 담보, 손해배상, 기각, 반환",전문 원문: https://www.law.go.kr/LSW/precInfoP.do?precSeq=608515,civil_lease_definition,민법 제618조 임대차의 의의,civil_nonperformance_damages|민법 제390조 채무불이행 손해배상; civil_lease_definition|민법 제618조 임대차의 의의
909,CASE_2002_00909,2000나8795,근저당권양도계약취소등,서울고법,2002-06-14,민사,판결,2심,청구기각,"[1] 임의경매절차 진행중 근저당권이 양수인에게 이전등기되었으나, 경락인의 대금납부 전까지 피담보채권의 양도통지가 이루어지지 아니한 경우 그 효력 [2] 임의경매 배당절차에서 집행력 있는 정본이 없는 채권자의 채권에 대하여 채무자가 이의하는 경우 그 이의의 완결방법","[1] 임의경매절차 진행중, 채권자(양도인)인 원고가 피고(양수인)에게 근저당권 및 피담보채권을 양도하고 근저당권이전등기까지 마쳤으나, 채무자에 대한 양도통지가 경락인의 대금납부로 근저당권이 소멸된 후 이루어졌기 때문에 근저당권의 양도는 효력이 없지만, 근저당권의 피담보채권과 배당금청구권은 피고에게 양도되었다고 봄이 상당하므로, 경매법원이 위 근저당권에 대한 배당금을 근저당권명의자인 피고에 대하여 공탁한 것은 적법하다. [2] 근저당권자가 신청한 경매의 배당절차에서 그 근저당권자에 대하여 채무자가 배당이의를 한 경우에는 민사소송법 제658조 , 제592조 에 의하여 이의를 신청한 채무자가 배당이의 소송을 제기하여야 하는 것이고, 근저당권자가 민사소송법 제606조 제3항 에...","[1] 구 민사소송법(2002. 1. 26. 법률 제6626호로 전문 개정되기 전의 것) 제646조의2 (현행 민사집행법 제135조 참조), 제727조 (현행 민사집행법 제267조 참조), 제728조 (현행 민사집행법 제268조 참조), 민법 제450조 , 부동산등기법 제142조 [2] 구 민사소송법(2002. 1. 26. 법률 제6626호로 전문 개정되기 전의 것) 제592조 , 제605조 , 제606조 , 제607조 , 제658조",없음,"부동산, 아파트, 건물, 소유권이전, 등기, 근저당, 저당권, 담보, 경매, 배당, 배당이의, 고소",전문 원문: https://www.law.go.kr/LSW/precInfoP.do?precSeq=190287,civil_sale_effect,민법 제568조 매매의 효력,civil_sale_effect|민법 제568조 매매의 효력
910,CASE_2016_00910,2013다219142,건물철거등,대법원,2016-01-14,민사,판결,상고심,상고기각,"구분건물이 물리적으로 완성되기 전에 분양계약 등을 통하여 구분행위를 한 다음 1동의 건물과 구분건물이 객관적·물리적으로 완성된 경우, 그 시점에 구분소유가 성립하는지 여부 (적극) 및 이후 소유권자가 분양계약을 전부 해지하고 1동 건물 전체를 1개의 건물로 소유권보존등기를 마친 경우, 구분소유권이 소멸하는지 여부 (적극) / 이러한 법리는 구분폐지 전 개개의 구분건물에 유치권이 성립한 경우에도 마찬가지인지 여부 (적극)","1동 건물의 구분된 각 부분이 구조상·이용상 독립성을 가지는 경우 각 부분을 구분건물로 할지 1동 전체를 1개의 건물로 할지는 소유자의 의사에 의하여 자유롭게 결정할 수 있는 점에 비추어 보면, 구분건물이 물리적으로 완성되기 전에 분양계약 등을 통하여 장래 신축되는 건물을 구분건물로 하겠다는 구분의사를 표시함으로써 구분행위를 한 다음 1동의 건물 및 구분행위에 상응하는 구분건물이 객관적·물리적으로 완성되면 그 시점에서 구분소유가 성립하지만, 이후 소유권자가 분양계약을 전부 해지하고 1동 건물의 전체를 1개의 건물로 소유권보존등기를 마쳤다면 이는 구분폐지행위를 한 것으로서 구분소유권은 소멸한다. 그리고 이러한 법리는 구분폐지가 있기 전에 개개의 구분건물에 대하여 유치권이 성...","집합건물의 소유 및 관리에 관한 법률 제1조 , 제2조 제1호 , 민법 제320조","대법원 1999. 7. 27. 선고 98다35020 판결 (공1999하, 1747)","부동산, 주택, 토지, 건물, 매수, 소유권이전, 소유권보존, 분양, 분양대금, 분양계약, 등기, 경매",전문 원문: https://www.law.go.kr/LSW/precInfoP.do?precSeq=193199,civil_sale_effect,민법 제568조 매매의 효력,civil_sale_effect|민법 제568조 매매의 효력
911,CASE_1994_00911,94다22231,소유권이전등기말소등,대법원,1994-10-14,민사,판결,상고심,파기환송,"가. 부동산을 매수하려는 당사자가 현장을 확인하거나 등기부, 지적도면 등에 의해 위치·상황 등을 점검하여 보는 것이 경험칙상 당연하다고 할 것인지 여부 나. 이중매매사실만으로 매도인이 배임행위를 하였다고 단정할 수 없고, 매수인이 이에 적극 가담하였다고 인정할 수 없다고 본 원심판결을 심리미진, 법리오해 등의 이유로 파기한 사례","가. 부동산을 매수하려는 당사자는 직접 현장을 확인해 보거나, 등기부, 지적도면 등에 의하여 부동산의 위치와 부근 토지의 상황 등을 점검하여 보는 것이 경험칙상 당연하다. 나. 갑이 생전에 토지를 시에 양도하였는데 갑의 상속인 을이 그 토지를 다시 병에게 양도한 경우 그 토지의 지목이 유지이고 시가 이를 공공의 용수원으로 사용하여 오면서 줄곧 제방을 보수하는 등 소유지를 조성하여 유지·관리하여 왔다면, 상속인 을이나 그 토지와 멀지 않은 곳에 거주하는 병도 그 토지가 시가 관리하는 유지를 구성하는 담수된 토지라는 것을 알고 매매계약을 체결하였다고 봄이 상당하다 할 것이어서, 병도 토지가 시에게 매도된 사실을 알고도 을에게 매도를 요청하여 매매계약에 이름으로써 매도인의 배임...",가. 민사소송법 제187조 나. 민법 제103조 나. 민사소송법 제183조,없음,"부동산, 토지, 매매, 매수, 매도, 매매계약, 매매대금, 소유권이전, 등기, 배임, 파기, 무효",전문 원문: https://www.law.go.kr/LSW/precInfoP.do?precSeq=110842,civil_sale_effect,민법 제568조 매매의 효력,civil_sale_effect|민법 제568조 매매의 효력
912,CASE_2019_00912,2018다239608,손해배상(기),대법원,2019-07-10,민사,판결,상고심,상고기각,"[1] 구 상가건물 임대차보호법 제10조의4 에서 정한 권리금 회수 방해로 인한 손해배상책임이 성립하기 위하여 반드시 임차인과 신규임차인이 되려는 자 사이에 권리금 계약이 미리 체결되어 있어야 하는지 여부 (소극) [2] 상가 임대인인 甲이 기존 임차인 乙과 임대차계약을 합의해지할 무렵 丙 학교와 새로이 임대차계약을 체결하면서 상가에 설치된 모든 시설을 인수하는 조건으로 丙 학교로부터 시설비 명목의 돈을 수령하였는데, 乙이 기존 임대차계약과 별개로 임대인과 체결한 시설투자비 상환약정에 따라 매월 임대인에게 차임 이외의 금원을 별도로 지급하여 왔었고 이는 권리금에 해당...","[1] 구 상가건물 임대차보호법(2018. 10. 16. 법률 제15791호로 개정되기 전의 것, 이하 개정 전후와 관계없이 ‘상가임대차법’이라고 한다) 제10조의3 , 제10조의4 의 문언과 내용, 입법 취지 등을 종합하면, 임차인이 구체적인 인적사항을 제시하면서 신규임차인이 되려는 자를 임대인에게 주선하였는데, 임대인이 제10조의4 제1항 에서 정한 기간에 이러한 신규임차인이 되려는 자에게 권리금을 요구하는 등 제1항 각호 의 어느 하나에 해당하는 행위를 함으로써 임차인이 신규임차인으로부터 권리금을 회수하는 것을 방해한 때에는 임대인은 임차인이 입은 손해를 배상할 책임이 있고, 이때 권리금 회수 방해를 인정하기 위하여 반드시 임차인과 신규임차인이 되려는 자 사이에 권리...","[1] 구 상가건물 임대차보호법(2018. 10. 16. 법률 제15791호로 개정되기 전의 것) 제10조의3 , 제10조의4 제1항 , 제3항 [2] 구 상가건물 임대차보호법(2018. 10. 16. 법률 제15791호로 개정되기 전의 것) 제10조의4 제1항 , 제3항",없음,"상가, 건물, 임대차, 보증금, 임대인, 임차인, 임대차계약, 임차보증금, 손해배상, 기각",전문 원문: https://www.law.go.kr/LSW/precInfoP.do?precSeq=208734,civil_lease_definition,민법 제618조 임대차의 의의,civil_nonperformance_damages|민법 제390조 채무불이행 손해배상; civil_lease_definition|민법 제618조 임대차의 의의
913,CASE_2007_00913,2005드합5201,이혼·이혼등,서울가법,2007-01-24,기타,판결,미상,일부인용,실질적으로 부부공동재산인 건물을 부부 중 일방의 명의로 취득한 경우에 타방이 명의자의 의사에 반하여 이를 사용·수익하는 것이 명의자에 대한 관계에서 불법점유에 해당하는지 여부 (소극),"부부 중 일방의 명의로 부동산을 취득하였다 하더라도 부부가 혼인생활 중에 서로의 협력으로 이룩한 재산이라면 그 명의에 상관없이 실질적으로 부부의 공동재산으로서 다른 일방에게도 위 부동산을 사용·수익할 권리가 있으므로, 아내 명의로 되어있지만 실질적으로는 부부공동재산에 해당하는 아파트에 아내의 의사에 반하여 남편이 그 자녀와 함께 거주한 경우 불법점유라고 볼 수 없다.",민법 제750조,없음,"부동산, 아파트, 건물, 전세, 전세금, 전세권, 소유권이전, 분양, 등기, 근저당, 저당권, 담보",전문 원문: https://www.law.go.kr/LSW/precInfoP.do?precSeq=70688,civil_lease_definition,민법 제618조 임대차의 의의,civil_sale_effect|민법 제568조 매매의 효력; civil_lease_definition|민법 제618조 임대차의 의의
914,CASE_1975_00914,74나338,부동산소유권이전등기등청구사건,광주고법,1975-04-04,민사,판결,2심,청구기각,"""변제기에 채무의 변제를 받았을 때에는 가등기말소등기절차를 이행한다""라는 제소전화해에 따른 적법한 변제의 제공이 있었음에도 그 수취를 거절하고 그 채무명의를 집행하여 한 가등기에 기한 본등기의 경료가 부당이득을 구성하는지의 여부","채무담보를 위하여 가등기가 경료되고 ""변제기에 채무금의 지급을 받았을 때에는 위 가등기의 말소등기절차를 이행하고,그 변제없이 변제기가 도과할 때에는 위 가등기에 기한 본등기절차를 이행한다""라는 제소전화해를 한후 채무자로부터 그 변제기에 적법한 변제의 제공이 있었음에도 채권자가 그 수령을 거절하고 그 채무명의를 집행하여 위 가등기에 기한 본등기를 경료하였음은 채무명의의 부당한 집행이라 아니할 수 없고(그 부당한 집행이 종료하여 청구이의의 소로서는 다툴 수 없다), 한편 채무자는 그 본등기의 경료로 그 소유권을 상실하는 손해를 입었다고 할 것이어서 채권자는 법률상의 원인없이 그 소유권을 취득하는 이익을 얻게되었다 할 것이고, 따라서 채권자는 그가 수익한 목적물을 반환하는 방법...","민법 제741조 , 제536조",없음,"부동산, 매매, 소유권이전, 등기, 가등기, 담보, 고소, 배임, 기각, 반환, 부당이득, 취소",전문 원문: https://www.law.go.kr/LSW/precInfoP.do?precSeq=236145,civil_sale_effect,민법 제568조 매매의 효력,civil_sale_effect|민법 제568조 매매의 효력
915,CASE_1990_00915,89가합38800,소유권이전등기등청구사건,서울민사지법,1990-05-17,민사,판결,1심,청구기각,매매계약 당사자들이 부동산매매계약에 따르는 조세의 부담을 절감하기 위하여 이행이 완료되지 아니한 계약의 내용을 조세부과상황에 따라 적절하게 수정한 경우 그 계약이 통정허위표시에 해당하지 아니한다고 본 사례,부동산매매계약 당사자 사이에 조세감면규제법상 인정되는 조세감면의 혜택을 받기 위하여 이행이 완결되지 아니한 매매계약의 내용을 조세부과상황에 따라 적절하게 수정하는 계약은 단순히 조세감면만을 목적으로 이미 이행이 완결되어 납세의무가 발생하게 된 종전의 계약내용 중 매매대금이나 잔금지급일 등을 수정하여 가공의 계약을 체결한 것처럼 가장하는 행위와는 구별되는 것으로서 그 체결을 금지할 수 없는 것인바 위 계약당사자 사이에 새로운 계약을 체결하고자 하는 의사가 있고 위 재계약체결이 합법적인 절세의 수단으로서 용인될 수 있다면 비록 위 계약체결의사 가운데 다소간 조세절감의 목적이 있다 하더라도 이를 오직 부동산의 양도와 관련된 조세포탈만을 목적으로 이루어진 통정허위표시로서 무효라고...,민법 제108조,없음,"부동산, 토지, 매매, 매수, 매매계약, 매매대금, 잔금, 소유권이전, 등기, 허위, 기각, 파기",전문 원문: https://www.law.go.kr/LSW/precInfoP.do?precSeq=118844,civil_sale_effect,민법 제568조 매매의 효력,civil_sale_effect|민법 제568조 매매의 효력
916,CASE_2018_00916,"2017나1216(본소), 2017나1223(반소)",점유회복등·전세권말소등기,춘천지방법원 강릉지원,2018-07-24,민사,판결,2심,항소기각,"8. 8. 선고 2015가단1835(본소), 2180(반소) 판결 【변론종결】 2018. 7. 3. 【주 문】 1. 원고(반소피고)의 본소에 대한 항소를 모두 기각한다. 2. 제1심판결 중 반소에 대한 부분을 다음과 같이 변경한다. 원고(반소피고)는 피고(반소원고)에게 별지 목록 기재 부동산에 관하여 춘천지방법원 고성등기소 1997. 12. 1. 접수 제10677호로 마친 전세권설정등기의 말소등기절차를 이행하라. 3. 원고(반소피고)와 피고(반소원고) 사이에 생긴 소송 총비용은 본소, 반소를 통틀어 원고(반소피고)가 부담하고, 원고(반소피고)와 피고들 사이에 생긴","“1. 기초사실” 해당 부분 기재와 같으므로, 민사소송법 제420조 본문에 의하여 이를 그대로 인용한다. 2. 당사자 주장의 요지 가. 원고 주장 1) 이 사건 전세권은 통상의 전세권과 동일하게 이 사건 식당에 대한 사용·수익권을 포함하고 있다. 소외 2와 소외 3 사이에 작성된 2006. 12. 20.자 전세권양도증서를 보면 명시적으로 이 사건 식당에 관한 사용·수익권을 특정하여 양도하였고, 원고와 소외 3과 사이에 작성된 2007. 3. 20.자 양도계약서에 의하더라도 이 사건 전세권의 사용·수익권까지 양도하였음을 알 수 있으므로, 이 사건 전세권은 용익물권적 권능까지 포함하고 있음이 명백하다. 원고가 채권 담보를 주된 목적으로 하여",원문 참조,없음,"부동산, 임대차, 전세, 보증금, 전세금, 임차권, 전세권, 임대차계약, 임차보증금, 등기, 근저당, 저당권",전문 원문: https://www.law.go.kr/LSW/precInfoP.do?precSeq=224847,civil_lease_definition,민법 제618조 임대차의 의의,civil_lease_definition|민법 제618조 임대차의 의의
917,CASE_1970_00917,69나583,건물소유권이전등기등청구사건,대구고법,1970-10-27,민사,판결,2심,항소기각,상법 제374조 제1호 소정의 「영업의 중요한 일부의 양도」의 의미,상법 제374조 제1호의 영업의 전부 또는 일부 양도란 영업재산의 전부 또는 중요한 일부를 양도하므로서 양도회사가 그 재산에 의하여 운영하고 있었던 영업활동의 전부 또는 중요한 일부를 양수인에게 승계시켜 양도회사가 그 양도의 한도에 따라 상법 제41조 소정의 영업금지의무를 부담하는 경우를 의미하는 것이므로 양도인 회사가 단지 그 소유의 공장건물 일부만을 양도한 것은 중요한 재산의 양도라고 할 수 있을지 모르나 영업의 중요한 일부의 양도라고 할 수 없다.,상법 제374조,"1970.5.12. 선고 70다520 판결(판례카아드 8957호, 대법원판결집 18②민48 판결요지집 상법 제374조(9)738면)","부동산, 건물, 매매, 매수, 매매계약, 소유권이전, 등기, 담보, 강박, 고소, 기각, 취소",전문 원문: https://www.law.go.kr/LSW/precInfoP.do?precSeq=72686,civil_fraud_duress,민법 제110조 사기·강박에 의한 의사표시,civil_fraud_duress|민법 제110조 사기·강박에 의한 의사표시; civil_sale_effect|민법 제568조 매매의 효력
918,CASE_2019_00918,2018다273417,손해배상(기),대법원,2019-07-10,민사,판결,상고심,상고기각,[1] 구 상가건물 임대차보호법 제10조 제2항 에 따라 최초의 임대차기간을 포함한 전체 임대차기간이 5년을 초과하여 임차인이 계약갱신요구권을 행사할 수 없는 경우에도 임대인이 같은 법 제10조의4 제1항 에 따른 권리금 회수기회 보호의무를 부담하는지 여부 (적극) [2] 구 상가건물 임대차보호법 제10조의4 에서 정한 권리금 회수 방해로 인한 손해배상책임이 성립하기 위하여 반드시 임차인과 신규임차인이 되려는 자 사이에 권리금 계약이 미리 체결되어 있어야 하는지 여부 (소극) [3] 임대인이 정당한 사유 없이 임차인이 주선할 신규임차인이 되려는 자와 임대차계약을 체결...,"상고이유를 판단한다. 1. 상고이유 제1점에 관하여 가. 원심은 판시와 같은 이유로 1) 이 사건 임대차계약의 전체 임대차기간이 5년을 초과하여 원고가 피고들에게 계약갱신요구를 할 수 없으므로, 피고들은 상가건물 임대차보호법 제10조의4 제1항 에 따른 권리금 회수기회 보호의무를 부담하지 않고, 2) 피고들의 보호의무가 인정된다고 하더라도, 원고가 신규임차인으로 물색한 자들과 실제 권리금 계약을 체결하고 피고들에게 신규임차인이 되려는 자를 주선하였다고 볼 수 없는 이상 피고들의 권리금 회수 방해 행위를 인정할 수 없다고 하여, 원고의 손해배상청구를 전부 기각하였다. 나. 구","[1] 구 상가건물 임대차보호법(2018. 10. 16. 법률 제15791호로 개정되기 전의 것) 제10조 제2항 , 제10조의4 제1항 [2] 구 상가건물 임대차보호법(2018. 10. 16. 법률 제15791호로 개정되기 전의 것) 제10조의3 , 제10조의4 제1항 , 제3항 [3] 구 상가건물 임대차보호법(2018. 10. 16. 법률 제15791호로 개정되기 전의 것) 제10조의4 제1항 제4호 , 제3항","[1] 대법원 2019. 5. 16. 선고 2017다225312, 225329 판결(공2019하, 1226) / [3] 대법원 2019. 7. 4. 선고 2018다284226 판결 (공2019하, 1519)","상가, 건물, 임대차, 임대인, 임차인, 임대차계약, 손해배상, 기각, 파기",전문 원문: https://www.law.go.kr/LSW/precInfoP.do?precSeq=225325,civil_lease_definition,민법 제618조 임대차의 의의,civil_nonperformance_damages|민법 제390조 채무불이행 손해배상; civil_lease_definition|민법 제618조 임대차의 의의
919,CASE_2010_00919,"2009나7289,2009나7296(참가)",공유물분할·소유권이전등기말소등기,대전고등법원,2010-08-17,민사,판결,2심,"1. 제1심 판결을 아래와 같이 변경한다. 가. 독립당사자참가인의 참가신청 및 피고 1, 2, 4 보조참가인의 보조참가신청을...","주식회사 서준, 원고 8을 제외한 나머지 원고들과 원고 피티케이 주식회사, 주식회사 서준의 승계참가인, 원고 8의 승계참가인의 피고들에 대한 본소 청구를 모두 기각한다. 2. 소송총비용 중 본소로 인한 부분은 원고들 및 원고 피티케이 주식회사, 주식회사 서준의 승계참가인, 원고 8의 승계참가인이, 보조참가로 인한 부분은 소외 9( 주민번호 생략, 주소 : 생략)가, 독립당사자참가로 인한 부분은 소외 10( 주민등록번호 생략, 주소 : 생략)이 각 부담한다. 【청구취지 및 항소취지】 1. 청구취지 가. 본소 : 충남 당진군 신평면 한정리 (지번 1 생략) 임야 320","아래와 같이 변경하는 이외에는 제1심 판결의 이유 중 1. 기초사실 부분 기재와 같으므로 이를 그대로 인용한다. 〈변경하는 부분〉 원고 선진정공을 제외한 나머지 매수 원고들 8인은 2008. 12. 26. 이전받은 이 사건 임야의 각 지분 중 일부씩을 원고 신평협동화사업 주식회사에게 매도하고 같은 달 31. 독립당사자참가인의 참가신청 취지 (1)의 ㉷항 기재 각 지분이전등기를 마쳐 주었고, 그 후 원고 피티케이 주식회사는 그의 지분을 원고 주식회사 고려호이스트 및 원고 피티케이 주식회사, 주식회사 서준의 승계참가인에게, 원고 주식회사 서준은 그의 지분을 위 승계참가인에게, 원고 8은 그의 지분을 그의 승계참가인에게 각 매도하고 지분이전등",원문 참조,없음,"부동산, 토지, 임야, 매매, 매수, 매도, 매매대금, 소유권이전, 등기, 명의신탁, 횡령, 기각",전문 원문: https://www.law.go.kr/LSW/precInfoP.do?precSeq=148911,civil_sale_effect,민법 제568조 매매의 효력,civil_sale_effect|민법 제568조 매매의 효력
920,CASE_2001_00920,2000다12693,손해배상(기),대법원,2001-05-15,민사,판결,상고심,"원심판결 중 피고 패소 부분을 파기하고, 이 부분 사건을 서울고등법원에 환송한다.",부동산에 대한 소유권과 임차권이 동일인에게 귀속하더라도 임차권이 혼동에 의하여 소멸하지 않는 경우,"부동산에 대한 소유권과 임차권이 동일인에게 귀속하게 되는 경우 임차권은 혼동에 의하여 소멸하는 것이 원칙이지만, 그 임차권이 대항요건을 갖추고 있고 또한 그 대항요건을 갖춘 후에 저당권이 설정된 때에는 혼동으로 인한 물권소멸 원칙의 예외 규정인 민법 제191조 제1항 단서를 준용하여 임차권은 소멸하지 않는다.",민법 제191조,"대법원 1962. 5. 3. 선고 62다98 판결(공보불게재), 대법원 1998. 7. 10. 선고 98다18643 판결 (공1998하, 2100), 대법원 1999. 4. 13. 선고 98도4022 판결 (공1999상, 956)","부동산, 아파트, 임대차, 전세, 보증금, 전세금, 임차권, 임대인, 임차인, 임대차계약, 임차보증금, 매매",전문 원문: https://www.law.go.kr/LSW/precInfoP.do?precSeq=80553,civil_lease_definition,민법 제618조 임대차의 의의,civil_nonperformance_damages|민법 제390조 채무불이행 손해배상; civil_sale_effect|민법 제568조 매매의 효력; civil_lease_definition|민법 제618조 임대차의 의의
921,CASE_2009_00921,"2008다18932,18949",소유권이전등기·지체상금등,대법원,2009-06-25,민사,판결,상고심,상고기각,"[1] 상이한 수개의 감정 결과 중 어느 하나에 의하여 사실을 인정하는 것이 적법한지 여부 (원칙적 적극) [2] 건물 신축공사의 하자에 대하여 제1심 감정인과 원심 감정인의 감정 결과가 상이한 사안에서, 원심 감정인의 감정 결과의 신빙성이 크게 떨어짐에도 이를 그대로 취신한 원심판결을 파기한 사례 [3] 하자가 중요하지 않으면서 보수에 과다한 비용을 요하는 경우, 하자의 보수나 그에 갈음하는 손해배상을 청구할 수 있는지 여부 (소극) 및 하자로 인하여 입은 통상 손해의 범위 [4] 처분문서상 문언의 객관적인 의미가 명확하게 드러나지 않는 경우, 계약 내용의 해석 방...","감정인 이종수의 하자감정결과와 원심 감정인 백두환의 하자감정결과 중 감정인 백두환의 하자감정결과를 채택하여 위 부분에 대한 하자를 인정하고 그 하자보수에 갈음한 손해배상액에 관하여 판단하였으며, 감정인 백두환의 하자감정결과를 믿을 수 없다는 원고의 주장에 대하여는 원고가 정당한 사유 없이 감정인 백두환의 하자감정업무를 방해하여 감정인 백두환이 감정 가능한 부분을 감정하여 이를 기초로 하자감정결과를 도출해낸 사실이 인정되고 이러한 감정인 백두환의 감정결과가 부당하다고 인정할만한 증거가 없다고 하면서 위 주장을 배척하였다. 2) 그러나 원심의 위와 같은 인정·판단은 다음과 같은 이유로 수긍하기 어렵다. 가) 동일한 사항에 관하여 상이한 수개","[1] 민사소송법 제202조 [2] 민사소송법 제202조 [3] 민법 제393조 , 제667조 [4] 민법 제105조 [5] 민법 제664조 , 제665조 , 제667조","[1] 대법원 1992. 4. 10. 선고 91다44674 판결 (공1992, 1543), 대법원 1997. 12. 12. 선고 97다36507 판결 (공1998상, 277), 대법원 2005. 1. 14. 선고 2001다81320 판결 (공2005상, 263) / [3] 대법원 1997. 2. 25. 선고 96다45436 판결 (공1997상, 881), 대법원 1998. 3. 13. 선고 95다30345 판결 (공1998상, 996), 대법원 1998. 3. 13. 선고 97다54376 판결 (...","부동산, 아파트, 건물, 전세, 소유권이전, 분양, 분양권, 등기, 손해배상, 기각, 파기",전문 원문: https://www.law.go.kr/LSW/precInfoP.do?precSeq=141483,civil_lease_definition,민법 제618조 임대차의 의의,civil_nonperformance_damages|민법 제390조 채무불이행 손해배상; civil_sale_effect|민법 제568조 매매의 효력; civil_lease_definition|민법 제618조 임대차의 의의
922,CASE_2020_00922,2016다233729,소유권이전등기말소등,대법원,2020-05-28,민사,판결,상고심,파기환송,"주택재개발사업의 시행자가 사업에 필요한 경비에 충당하거나 규약·정관·시행규정 또는 사업시행계획으로 정한 목적을 위하여 관리처분계획에서 조합원 외의 자에게 분양하는 새로운 소유지적의 체비지를 창설하여 이전고시 전에 이미 매도한 경우, 해당 체비지는 아무런 권리제한이 없는 상태로 사업시행자가 이전고시가 있은 날의 다음 날에 소유권을 원시적으로 취득하고 해당 체비지를 매수한 자는 소유권이전등기를 마친 때에 소유권을 취득하는지 여부 (적극)","구 도시 및 주거환경정비법(2008. 3. 21. 법률 제8970호로 개정되기 전의 것, 이하 ‘구 도시정비법’이라 한다) 제48조 제3항 은 ""사업시행자는 제46조 의 규정에 의하여 분양신청을 받은 후 잔여분이 있는 경우에는 정관 등 또는 사업시행계획이 정하는 목적을 위하여 보류지(건축물을 포함한다)로 정하거나 조합원 외의 자에게 분양할 수 있다.""라고 정하고, 제55조 제2항 은 위와 같은 보류지와 일반에게 분양하는 대지 또는 건축물을 "" 도시개발법 제33조 의 규정에 의한 보류지 또는 체비지로 본다.""라고 정하고 있다. 이에 따라 조합원이 분양신청을 하지 않거나 분양계약을 체결하지 않아 보류지 또는 일반분양분이 되는 대지·건축물에 관하여는 도시개발법상 보류지 또는 체...","구 도시 및 주거환경정비법(2008. 3. 21. 법률 제8970호로 개정되기 전의 것) 제48조 제3항 (현행 제72조 제4항 참조), 제54조 (현행 제86조 참조), 제55조 (현행 제87조 참조), 구 도시개발법(2007. 4. 11. 법률 제8376호로 개정되기 전의 것) 제33조 (현행 제34조 참조), 제35조 제4항 (현행 제36조 제4항 참조), 제39조 제4항 (현행 제40조 제4항 참조), 제5항 (현행 제40조 제5항 참조), 제41조 제1항 (현행 제42조 제1항 참조),...","대법원 2012. 3. 22. 선고 2011두6400 전원합의체 판결 (공2012상, 682), 대법원 2018. 9. 28. 선고 2016다246800 판결 (공2018하, 2053)","주택, 토지, 매매, 매수, 매도, 소유권이전, 분양, 분양계약, 조합원, 등기, 파기",전문 원문: https://www.law.go.kr/LSW/precInfoP.do?precSeq=226331,civil_sale_effect,민법 제568조 매매의 효력,civil_sale_effect|민법 제568조 매매의 효력
923,CASE_1992_00923,"92다12698, 92다12704",소유권이전등기·토지인도(반소),대법원,1992-06-23,민사,판결,상고심,상고기각,"가. 취득시효제도의 의의와 당해 부동산의 소유자가 시효취득을 저지하기 위하여 취하여야 할 조치 나. 자주점유의 의미 다. 토지 소유자가 그 토지를 분할측량하여 분할등기를 하고, 점유자에게 토지의 인도를 요구하거나 위 토지에 대한 세금을 납부하였다 하여 점유의 평온성이 깨어지지 않는다고 한 사례 라. 위 “다”항의 경우 소유자가 점유자에게 토지를 인도해 줄 것을 통지한 것은 최고에 해당한다고 볼 수 있다고 한 사례","가. 취득시효는 부동산에 대하여 소유의 의사로써 하는 사실적 지배(점유)가 일정기간 지속되는 경우 그 상태가 진실한 권리관계에 부합하는지 여부를 묻지 않고 그 점유자에게 소유권을 취득하게 하는 제도로서, 그 부동산의 소유자는 그 소유권을 주장하거나 다른 사람이 소유권을 주장하는 것을 방어하는 것만으로는 그 권리행사를 다하였다고 할 수 없고, 그 점유자의 점유를 배제하거나 그 점유의 태양을 변경시킴으로써 그 소유권취득기간의 진행을 막아야 할 것이며, 그렇지 않으면 그 시효의 진행을 중단시켜야 한다. 나. 자주점유란 소유의 의사, 즉 소유자와 동일한 지배를 사실상 행사하려는 의사를 가지고 하는 점유를 의미하는 것이지 그러한 지배를 할 수 있는 법률상의 권원을 가지거나 소유권이...",가.나.다. 민법 제245조 가.라. 민법 제247조 제2항 라. 민법 제174조,"나. 대법원 1987.4.14. 선고 85다카2230 판결(공1987,779) , 1990.11.13. 선고 90다카21381,21398 판결(공1991,83) , 1991.7.9. 선고 90다18838 판결(공1991,2115) / 다. 대법원 1981.1.27. 선고 80다2238 판결, 1982.3.9. 선고 81다172 판결(공1982,425) , 1982.9.28. 선 고81사9전원합의체 판결(공1982,1005) / 라. 대법원 1989.11.28. 선고 87다273,274, 87다카1...","부동산, 토지, 임야, 매매, 매수, 매도, 소유권이전, 소유권보존, 등기, 공정증서원본불실기재, 고소, 위조",전문 원문: https://www.law.go.kr/LSW/precInfoP.do?precSeq=203160,civil_sale_effect,민법 제568조 매매의 효력,civil_sale_effect|민법 제568조 매매의 효력
924,CASE_1987_00924,86가합2035,가옥명도청구사건,서울지법 남부지원,1987-02-19,민사,판결,1심,청구기각,가. 효력이 사실상 상실된 가압류결정에 기한 가압류등기의 말소방법 나. 체납자의 소유가 아닌 부동산에 대한 압류처분의 효력,"가. 가압류결정에 기한 가압류등기는 그 가압류결정의 효력이 사실상 상실되거나 대항력이 없는 것이라도 막바로 가압류등기자체의 말소를 소구할 수 없고, 집행법원에 가압류결정의 취소나 집행취소신청을 하여 그 결정을 받아 이를 원인증서로 하여 그 말소신청을 하여야 한다. 나. 을 소유의 부동산에 대하여 적법한 등기원인이 없이 경료된 소유권보존등기의 등기명의자인 갑앞으로 과세대장이 작성되어 있어 갑앞으로 재산세가 부과되었으나 체납됨으로써 과세관청이 갑에 대하여 체납처분을 하고 위 부동산에 대하여 압류등기를 경료하였다면 그 압류처분의 위와 같은 하자는 중요하기는 하나 객관적으로 명백하다고 할 수 없으므로 위 압류처분을 당연무효라고 할 수는 없다.","민사소송법 제510조 , 국세징수법 제45조 , 제54조 , 행정소송법 제11조",없음,"부동산, 주택, 토지, 건물, 매매, 매수, 소유권이전, 소유권보존, 등기, 가등기, 담보, 기각",전문 원문: https://www.law.go.kr/LSW/precInfoP.do?precSeq=76774,civil_sale_effect,민법 제568조 매매의 효력,civil_sale_effect|민법 제568조 매매의 효력
925,CASE_1996_00925,95다1460,소유권이전등기말소등,대법원,1996-10-11,민사,판결,상고심,상고기각,"[1] 불공정한 법률행위의 주관적 성립요건으로서 폭리행위의 악의가 필요한지 여부 (적극) [2] 회사 존속의 기초가 되는 영업재산 양도시 이미 영업을 폐지 또는 중단하고 있었던 경우에도 주주총회의 특별결의를 요하는지 여부 (소극) [3] 법률행위의 성립 과정에서 강박이 사용된 경우 반사회질서의 법률행위가 되는지 여부 (소극) [4] 강박에 의한 법률행위가 무효로 되기 위한 요건 [5] 1980. 5. 실시된 비상계엄하의 강박상태에서 의사표시를 한 경우, 비상계엄의 해제가 강박상태의 종료에 해당한다고 본 사례","[1] 민법 제104조 에 규정된 불공정한 법률행위는 객관적으로 급부와 반대급부 사이에 현저한 불균형이 존재하고 주관적으로 그와 같은 균형을 잃은 거래가 피해 당사자의 궁박, 경솔 또는 무경험을 이용하여 이루어진 경우에 한하여 성립하는 것으로서 약자적 지위에 있는 자의 궁박, 경솔 또는 무경험을 이용한 폭리행위를 규제하려는 데에 그 목적이 있으므로, 피해 당사자가 궁박, 경솔 또는 무경험의 상태에 있었다고 하더라도 그 상대방 당사자에게 그와 같은 피해 당사자측의 사정을 알면서 이를 이용하려는 의사, 즉 폭리행위의 악의가 없었다면 불공정한 법률행위는 성립하지 않는다. [2] 회사의 영업 그 자체가 아닌 영업용 재산의 처분이라고 하더라도 그로 인하여 회사의 영업의 전부 또는...","[1] 민법 제104조 [2] 상법 제374조 , 제434조 [3] 민법 제103조 , 제110조 [4] 민법 제110조 [5] 민법 제110조 , 제144조 제1항 , 제146조","[1] 대법원 1988. 9. 13. 선고 86다카563 판결(공1988, 1265) , 대법원 1991. 7. 9. 선고 91다5907 판결(공1991, 2121) , 대법원 1992. 5. 26. 선고 92다84 판결(공1992, 2007) , 대법원 1992. 10. 23. 선고 92다29337 판결(공1992, 3229) /[2] 대법원 1987. 6. 9. 선고 86다카2428 판결(공1987, 1137) , 대법원 1992. 2. 14. 선고 91다36062 판결(공1992, 1028)...","부동산, 소유권이전, 등기, 강박, 기각, 취소, 해제, 무효",전문 원문: https://www.law.go.kr/LSW/precInfoP.do?precSeq=197277,civil_fraud_duress,민법 제110조 사기·강박에 의한 의사표시,civil_fraud_duress|민법 제110조 사기·강박에 의한 의사표시; civil_sale_effect|민법 제568조 매매의 효력
926,CASE_1969_00926,68나934,소유권이전등기청구사건,서울고법,1969-06-13,민사,판결,2심,항소기각,매수당시 군인의 농가적격유무를 변론의 전취지에 의하여 인정한 사례,농지개혁법 제19조 제2항에 의하여 농지를 매수할 수 있는 자의 자격은 같은법시행규칙 제51조의 문언상 매매당시의 기성농가에 한하는 것이 아니고 매수농지를 자경할 목적이 있음이 확인되는 것만으로도 충분하며 농지를 매수한 군인이 그의 처 및 가족이 있는 그 전답 소재지에 주소를 두고 앞으로 제대하여 농사를 지으려는 뜻이 있음이 변론의 전취지에 의하여 인정되므로 현재 군인이라는 사실만으로서 농지매수자격이 없다고 단정할 수 없다.,농지개혁법 제19조,없음,"부동산, 토지, 농지, 매매, 매수, 매매계약, 소유권이전, 등기, 담보, 강박, 허위, 기각",전문 원문: https://www.law.go.kr/LSW/precInfoP.do?precSeq=72497,civil_fraud_duress,민법 제110조 사기·강박에 의한 의사표시,civil_fraud_duress|민법 제110조 사기·강박에 의한 의사표시; civil_sale_effect|민법 제568조 매매의 효력
927,CASE_2019_00927,2018다284226,손해배상(기)(상가임대차법상 권리금 회수 방해를 이유로 한 손해배상청구 사건),대법원,2019-07-04,민사,판결,상고심,파기환송,"[1] 임차인이 임대인에게 권리금 회수 방해로 인한 손해배상을 구하기 위해서는 임차인이 신규임차인이 되려는 자를 주선하였어야 하는지 여부 (원칙적 적극) / 임대인이 정당한 사유 없이 임차인이 주선할 신규임차인이 되려는 자와 임대차계약을 체결할 의사가 없음을 확정적으로 표시한 경우, 임차인이 실제로 신규임차인을 주선하지 않았더라도 임대인에게 권리금 회수 방해로 인한 손해배상을 청구할 수 있는지 여부 (적극) 및 임대인이 위와 같은 의사를 표시하였는지 판단하는 기준 [2] 상가 임차인인 甲이 임대차기간 만료 전 임대인인 乙에게 甲이 주선하는 신규임차인과 임대차계약을 체...","[1] 구 상가건물 임대차보호법(2018. 10. 16. 법률 제15791호로 개정되기 전의 것, 이하 ‘상가임대차법’이라 한다) 제10조의3 내지 제10조의7 의 내용과 입법 취지에 비추어 보면, 임차인이 임대인에게 권리금 회수 방해로 인한 손해배상을 구하기 위해서는 원칙적으로 임차인이 신규임차인이 되려는 자를 주선하였어야 한다. 그러나 임대인이 정당한 사유 없이 임차인이 신규임차인이 되려는 자를 주선하더라도 그와 임대차계약을 체결하지 않겠다는 의사를 확정적으로 표시하였다면 이러한 경우에까지 임차인에게 신규임차인을 주선하도록 요구하는 것은 불필요한 행위를 강요하는 결과가 되어 부당하다. 이와 같은 특별한 사정이 있다면 임차인이 실제로 신규임차인을 주선하지 않았더라도 임대...","[1] 구 상가건물 임대차보호법(2018. 10. 16. 법률 제15791호로 개정되기 전의 것) 제10조의4 제1항 제4호 , 제3항 [2] 구 상가건물 임대차보호법(2018. 10. 16. 법률 제15791호로 개정되기 전의 것) 제10조의4 제1항 제4호 , 제3항",없음,"상가, 건물, 임대차, 보증금, 임대인, 임차인, 임대차계약, 매수, 손해배상, 파기",전문 원문: https://www.law.go.kr/LSW/precInfoP.do?precSeq=208744,civil_lease_definition,민법 제618조 임대차의 의의,civil_nonperformance_damages|민법 제390조 채무불이행 손해배상; civil_sale_effect|민법 제568조 매매의 효력; civil_lease_definition|민법 제618조 임대차의 의의
929,CASE_2015_00929,2014다6107,지료등,대법원,2015-10-29,민사,판결,상고심,상고기각,집합건물의 소유 및 관리에 관한 법률 제2조 제6호 가 정의하고 있는 권리가 아닌 다른 권리를 구분소유자가 임의로 대지사용권으로 정할 수 있는지 여부 (소극) 및 대지사용권을 가진 구분소유자가 대지사용권 일부를 유보한 채 나머지 일부만 전유부분과 함께 이전하거나 또는 대지사용권의 전부를 유보하면서 그 이외의 권리를 전유부분의 매수인이 취득하도록 하는 방법,"집합건물의 소유 및 관리에 관한 법률(이하 ‘집합건물법’이라고 한다) 제2조 제6호 는 대지사용권을 ‘구분소유자가 전유부분을 소유하기 위하여 건물의 대지에 대하여 가지는 권리’라고 정의하고 있는데, 집합건물법이 대지사용권에 대한 정의 규정을 두고 있는 이유는 집합건물법 제20조 에 의하여 전유부분과 처분의 일체성이 인정되는 대지사용권의 범위를 명확하게 하기 위한 것이다. 따라서 전유부분의 처분에 따르고 전유부분과 분리하여 처분할 수 없는 집합건물법상의 대지사용권은 집합건물법 제2조 제6호 가 정의하고 있는 권리, 즉 ‘구분소유자가 전유부분을 소유하기 위하여 건물의 대지에 대하여 가지고 있는 권리’이고, 그 권리가 아닌 다른 권리를 구분소유자가 임의로 집합건물법상의 대지사용...","집합건물의 소유 및 관리에 관한 법률 제2조 제6호 , 제20조",없음,"부동산, 상가, 토지, 건물, 임대차, 임대차계약, 매매, 매수, 매도, 소유권이전, 소유권보존, 분양",전문 원문: https://www.law.go.kr/LSW/precInfoP.do?precSeq=179475,civil_lease_definition,민법 제618조 임대차의 의의,civil_sale_effect|민법 제568조 매매의 효력; civil_lease_definition|민법 제618조 임대차의 의의
930,CASE_1994_00930,93다57155,소유권이전등기,대법원,1994-03-25,민사,판결,상고심,상고기각,가. 부동산에 관한 매매계약의 당사자 사이에 매매계약서를 작성하면서 매수인 명의를 제3자 앞으로 하기로 약정한 경우 매수인과 제3자 사이에 신탁관계가 존속하는 한 매도인으로서는 제3자가 위 계약에 따른 이행을 청구하는 것을 용인하기로 약정하였다고 본 사례 나. 상속회복청구권이 제척기간의 경과로 소멸한 경우 참칭상속인이 상속개시의 시로부터 소급하여 상속인의 지위를 취득하는 것인지 여부,"가. 부동산에 관한 매매계약의 당사자 사이에 매매계약서를 작성하면서 매수인 명의를 제3자 앞으로 하기로 약정한 경우 매수인과 제3자 사이에 신탁관계가 존속하는 한 매도인으로서는 제3자가 위 계약에 따른 이행을 청구하는 것을 용인하기로 약정하였다고 본 사례. 나. 상속회복청구권이 제척기간의 경과로 소멸하게 되면 상속인은 상속인으로서의 지위, 즉 상속에 따라 승계한 개개의 권리의무도 또한 총괄적으로 상실하게 되고, 그 반사적 효과로서 참칭상속인의 지위는 확정되어 참칭상속인이 상속개시의 시로부터 소급하여 상속인으로서의 지위를 취득한 것으로 봄이 상당하다.",가. 민법 제103조[명의신탁] 나. 민법 제999조 제2항,없음,"부동산, 토지, 농지, 매매, 매수, 매도, 매매계약, 소유권이전, 등기, 명의신탁, 명의수탁, 고소",전문 원문: https://www.law.go.kr/LSW/precInfoP.do?precSeq=200323,civil_sale_effect,민법 제568조 매매의 효력,civil_sale_effect|민법 제568조 매매의 효력
931,CASE_2022_00931,2018다298799,손해배상(기),대법원,2022-02-10,민사,판결,상고심,파기환송,"[1] 물건에 대한 점유의 의미 및 판단 기준 [2] 수산업협동조합중앙회가 甲 주식회사에 수산물도매시장 건물을 임대하여 甲 회사가 시장 건물 내 점포를 상인에게 전대하는 등의 방법으로 시장을 관리·운영하던 중 시장 현대화 사업에 따라 새로운 시장이 준공되었고, 乙 등을 비롯한 구 시장 상인 일부가 현대화 시장 이전에 반대하는 단체를 구성하였는데, 수산업협동조합중앙회와 甲 회사가 乙 등을 상대로 구 시장 주차장 무단점유 및 구 시장 점포 반환거부, 공실 무단점유, 기물 파손과 무단 물품 적재 등을 이유로 손해배상을 구한 사안에서, 제반 사정에 비추어 乙 등은 수산업협동...","[1] 물건에 대한 점유란 사회관념상 어떤 사람이 사실적으로 지배하고 있는 객관적 상태를 말하는 것으로서, 사실적 지배는 반드시 물건을 물리적, 현실적으로 지배하는 것만을 의미하는 것이 아니고, 그 인정 여부는 물건과 사람 사이의 시간적, 공간적 관계와 본권 관계, 타인 지배의 배제 가능성 등을 고려해서 사회관념에 따라 합목적적으로 판단해야 한다. [2] 수산업협동조합중앙회가 甲 주식회사에 수산물도매시장(이하 ‘구 시장’이라 한다) 건물을 임대하여 甲 회사가 시장 건물 내 점포를 상인에게 전대하는 등의 방법으로 시장을 관리·운영하던 중 시장 현대화 사업에 따라 새로운 시장이 준공되었고, 乙 등을 비롯한 구 시장 상인 일부가 현대화 시장 이전에 반대하는 단체를 구성하였는데,...","[1] 민법 제192조 [2] 민법 제192조 , 제393조 , 제750조 , 제763조","[1] 대법원 2013. 7. 11. 선고 2012다201410 판결 (공2013하, 1450)","건물, 임대차, 보증금, 임대차계약, 손해배상, 불법행위, 파기, 반환",전문 원문: https://www.law.go.kr/LSW/precInfoP.do?precSeq=219693,civil_lease_definition,민법 제618조 임대차의 의의,civil_nonperformance_damages|민법 제390조 채무불이행 손해배상; civil_lease_definition|민법 제618조 임대차의 의의
932,CASE_1968_00932,67나2232,소유권이전등기말소등청구사건,서울고법,1968-08-27,민사,판결,2심,항소기각,소유권회복등기의 효력,6.25사변 전에 부동산을 소외인에게 매도하였으나 아직 그 소유권이전등기를 경료하지 않고 있던중 6.25사변으로 그 등기부원본이 멸실된 경우 그 매도인의 상속인이 그 명의로 같은 부동산에 관하여 한 소유권보존등기는 실체관계에 부합하는 적법한 것이다.,민법 제186조,없음,"부동산, 임야, 매매, 매수, 매도, 매매계약, 매매대금, 계약금, 잔금, 소유권이전, 소유권보존, 등기",전문 원문: https://www.law.go.kr/LSW/precInfoP.do?precSeq=72365,civil_sale_effect,민법 제568조 매매의 효력,civil_sale_effect|민법 제568조 매매의 효력
933,CASE_1994_00933,93다55289,소유권이전등기말소,대법원,1994-03-11,민사,판결,상고심,파기환송,부동산의 이중매매가 반사회적 법률행위로서 무효가 되는 경우,"부동산의 이중매매가 반사회적 법률행위로서 무효가 되기 위하여는 매도인의 배임행위와 매수인이 매도인의 배임행위에 적극 가담한 행위로 이루어진 매매로서, 그 적극가담하는 행위는 매수인이 다른 사람에게 매매목적물이 매도된 것을 안다는 것만으로는 부족하고, 적어도 그 매도사실을 알고도 매도를 요청하여 매매계약에 이르는 정도가 되어야 한다.",민법 제103조,"대법원 1981.12.22. 선고 81다카197 판결(공1982,215) , 1988.9.27. 선고 84다카2267 판결(공1988,1313)","부동산, 토지, 매매, 매수, 매도, 매매계약, 소유권이전, 소유권보존, 등기, 고소, 배임, 파기",전문 원문: https://www.law.go.kr/LSW/precInfoP.do?precSeq=199760,civil_sale_effect,민법 제568조 매매의 효력,civil_sale_effect|민법 제568조 매매의 효력
934,CASE_2010_00934,2009다76133,소유권말소등기,대법원,2010-01-28,민사,판결,상고심,"원심판결 중 피고 패소부분을 파기하고, 이 부분 사건을 광주고등법원에 환송한다.",[1] 구 임야소유권이전등기 등에 관한 특별조치법에 따라 등기를 마친 자가 취득원인에 관하여 보증서나 확인서에 기재된 것과 다른 주장을 하였다는 사유만으로 등기의 추정력이 깨어지는지 여부 (소극) [2] 구 임야소유권이전등기 등에 관한 특별조치법에 의한 등기대상이 1960. 1. 1. 이전에 이루어진 법률행위로 인하여 사실상 양도된 임야에 한하는지 여부 (소극),"및 같은 구 성덕동 산 2 임야 8,727㎡(이하 ‘제2임야’라고 한다)는 소외 1의 소유였는데, 소외 1이 1962. 3. 19.(음력)경 사망한 후, 구 임야소유권이전등기 등에 관한 특별조치법(1969. 5. 21. 제정 법률 제2111호, 실효됨, 이하 ‘특조법’이라 한다)에 의하여 소외 1의 장남인 피고에게 제1임야에 대하여는 1971. 7. 27. 전주지방법원 접수 제23536호로 1954. 1. 20.자 매매를 원인으로 한 소유권이전등기가, 제2임야에 대하여는 1971. 7. 9. 같은 법원 접수 제21843호로 1956. 12. 1.자 매매를 원인으로 한 소유권이전등기가 각 경료된 사실 및 소외 1 사망 당시 유족으로는 처","[1] 구 임야소유권이전등기 등에 관한 특별조치법(1969. 5. 21. 제정 법률 제2111호, 실효) 제5조 , 민법 제186조 [2] 구 임야소유권이전등기 등에 관한 특별조치법(1969. 5. 21. 제정 법률 제2111호, 실효) 제3조","[1] 대법원 2001. 11. 22. 선고 2000다71388, 71395 전원합의체 판결 (공2002상, 129), 대법원 2005. 4. 29. 선고 2005다2189 판결 (공2005상, 828) / [2] 대법원 1996. 10. 11. 선고 95다47992 판결 (공1996하, 3305)","부동산, 주택, 토지, 임야, 매매, 매수, 소유권이전, 등기, 고소, 위조, 파기, 무효",전문 원문: https://www.law.go.kr/LSW/precInfoP.do?precSeq=143603,civil_sale_effect,민법 제568조 매매의 효력,civil_sale_effect|민법 제568조 매매의 효력
935,CASE_2015_00935,2014다68884,소유권이전등기,대법원,2015-09-10,민사,판결,상고심,상고기각,"취득시효기간 중 점유 부동산의 등기명의자에 대하여 구 회사정리법에 따른 정리절차가 개시되어 관리인이 선임된 사실이 있으나 점유자가 취득시효 완성을 주장하는 시점에는 정리절차가 종결된 경우, 점유자가 승계를 주장하는 점유를 포함한 점유기간 중 임의의 시점을 취득시효의 기산점으로 삼아 취득시효 완성을 주장할 수 있는지 여부 (적극)","취득시효기간 중 점유 부동산의 등기명의자에 대하여 구 회사정리법(2005. 3. 31. 법률 제7248호 채무자 회생 및 파산에 관한 법률 부칙 제2조 로 폐지)에 따른 정리절차가 개시되어 관리인이 선임된 사실이 있다고 하더라도 점유자가 취득시효 완성을 주장하는 시점에서 정리절차가 이미 종결된 상태라면 등기명의자에 대하여 정리절차상 관리인이 선임된 적이 있다는 사정은 취득시효기간 중 점유 부동산에 관하여 등기명의자가 변경된 것에 해당하지 아니하므로, 점유자는 그가 승계를 주장하는 점유를 포함한 점유기간 중 임의의 시점을 취득시효의 기산점으로 삼아 취득시효 완성을 주장할 수 있다.","민법 제199조 제1항 , 제245조 제1항",없음,"부동산, 주택, 아파트, 토지, 건물, 대지권, 매매, 소유권이전, 공유지분, 분양, 분양계약, 조합원",전문 원문: https://www.law.go.kr/LSW/precInfoP.do?precSeq=179355,civil_sale_effect,민법 제568조 매매의 효력,civil_sale_effect|민법 제568조 매매의 효력
936,CASE_1991_00936,91도1164,"공정증서원본불실기재,공정증서원본불실기재행사",대법원,1991-09-24,형사,판결,상고심,상고기각,등기명의인이 부동산의 진실한 소유자가 아니어서 그 명의의 등기가 원인무효임을 알면서 그로부터 가장매수하고 이를 원인으로 소유권이 전등기를 경료한 경우 공정증서원본불실기재 및 동행사죄의 성부 (소극),"피고인이 부동산에 관하여 가장매매를 원인으로 소유권이전등기를 경료하였더라도, 그 당사자 사이에는 소유권이전등기를 경료시킬 의사는 있었다고 할 것이므로 공정증서원본불실기재죄 및 동행사죄는 성립하지 않고, 또한 등기의무자와 등기권리자(피고인)간의 소유권이전등기신청의 합의에 따라 소유권이전등기가 된 이상, 등기의무자 명의의 소유권이전등기가 원인이 무효인 등기로서 피고인이 그 점을 알고 있었다고 하더라도, 특별한 사정이 없는 한 바로 피고인이 등기부에 불실의 사실을 기재하게 하였다고 볼 것은 아니다.","형법 제228조 , 제229조",1972.3.28. 선고 71도2412 전원합의체판결(집20① 형54),"부동산, 매매, 매수, 매도, 매매계약, 소유권이전, 등기, 공정증서원본불실기재, 무죄, 기각, 무효, 불실기재",전문 원문: https://www.law.go.kr/LSW/precInfoP.do?precSeq=109252,civil_sale_effect,민법 제568조 매매의 효력,civil_sale_effect|민법 제568조 매매의 효력
937,CASE_2020_00937,"2018가합7624(본소), 2018가합10736(반소)",소유권이전등기절차이행·매매대금,수원지방법원 안산지원,2020-05-21,민사,판결,1심,일부인용,"피고)에게, 가. 피고 1은 원고(반소피고)로부터 600,278,980원을 지급받음과 동시에 [별지1] 목록 제1항 기재 부동산에 관하여 2016. 3. 23. 매매를 원인으로 한 소유권이전등기절차를 이행하고, 위 부동산을 인도하고, 나. 피고 2는 원고(반소피고)로부터 693,695,880원을 지급받음과 동시에 같은 목록 제2항 기재 부동산에 관하여 2016. 3. 23. 매매를 원인으로 한 소유권이전등기절차를 이행하고, 위 부동산을 인도하고, 다. 피고 3은 원고(반소피고)로부터 539,875,060원을 지급받음과 동시에 같은 목록 제3항 기재 부동산에 관하여 2","주택재건축사업(이하 ‘이 사건 재건축사업’이라고 한다)을 시행하기 위하여 2011. 9. 9. 안산시장으로부터 조합설립인가를 받고, 2011. 9. 16. 설립등기를 마친 주택재건축정비사업조합이고, 이 사건 재건축사업시행구역 내에서 피고 1은 [별지1] 목록 제1항 기재 부동산(이하 ‘(지번 1 생략) 대지 및 지상 건물’이라 한다)을, 피고 2는 같은 목록 제2항 기재 부동산(이하 ‘(지번 2 생략) 대지 및 지상 건물‘이라 한다)을, 피고 3은 같은 목록 제3항 기재 부동산(이하 ’(지번 3 생략) 대지 및 지상 건물‘이라 한다)을, 피고 4는 같은 목록 제4항 기재 부동산(이하 ’(지번 4 생략) 대지 및 지상 건물‘이라 한다)을",원문 참조,없음,"부동산, 주택, 토지, 건물, 매매, 매도, 매매계약, 매매대금, 소유권이전, 분양, 조합원, 등기",전문 원문: https://www.law.go.kr/LSW/precInfoP.do?precSeq=220149,civil_sale_effect,민법 제568조 매매의 효력,civil_sale_effect|민법 제568조 매매의 효력
938,CASE_2009_00938,2009다13170,구상금,대법원,2009-05-28,민사,판결,상고심,상고기각,"[1] 임차인의 목적물반환의무가 이행불능이 된 경우 그 귀책사유에 관한 증명책임자(=임차인) 및 이는 임대인의 의무 위반으로 인한 이행불능인 경우에도 마찬가지인지 여부 (소극) [2] 임차인이 임대차 목적물을 점유·용익하고 있는 동안 임대인의 지배·관리 영역에 존재하는 하자로 인한 화재로 목적물이 멸실되었음이 추단되는 경우, 임차인에게 목적물반환의무의 이행불능 등에 관한 손해배상책임을 물을 수 있는지 여부 (소극)","[1] 임차인은 임차건물의 보존에 관하여 선량한 관리자의 주의의무를 다하여야 하고, 임차인의 목적물반환의무가 이행불능이 됨으로 인한 손해배상책임을 면하려면 그 이행불능이 임차인의 귀책사유로 인한 것이 아님을 입증할 책임이 있다. 그러나 그 이행불능이 임대차목적물을 임차인이 사용·수익하기에 필요한 상태로 유지하여야 할 임대인의 의무 위반에 원인이 있음이 밝혀진 경우에까지 임차인이 별도로 목적물보존의무를 다하였음을 주장·입증하여야만 그 책임을 면할 수 있는 것은 아니다. [2] 주택 기타 건물 또는 그 일부의 임차인이 임대인으로부터 목적물을 인도받아 점유·용익하고 있는 동안에 목적물이 화재로 멸실된 경우, 그 화재가 건물소유자 측이 설치하여 건물구조의 일부를 이루는 전기배선과...","[1] 민법 제390조 , 제615조 , 제618조 , 제623조 , 제654조 , 민사소송법 제288조 [2] 민법 제390조 , 제615조 , 제618조 , 제623조 , 제654조","[1] 대법원 1969. 3. 18. 선고 69다56 판결 (집17-1, 민323), 대법원 1987. 11. 24. 선고 87다카1575 판결 (공1988, 163) / [2] 대법원 2000. 7. 4. 선고 99다64384 판결 (공2000하, 1833), 대법원 2006. 1. 13. 선고 2005다51013, 51020 판결(공2006상, 235)","주택, 건물, 임대차, 임대인, 임차인, 손해배상, 기각, 반환",전문 원문: https://www.law.go.kr/LSW/precInfoP.do?precSeq=135844,civil_lease_definition,민법 제618조 임대차의 의의,civil_nonperformance_damages|민법 제390조 채무불이행 손해배상; civil_lease_definition|민법 제618조 임대차의 의의
939,CASE_2006_00939,2004다55162,손해배상(기),대법원,2006-09-28,민사,판결,상고심,상고기각,"[1] 법무사가 의뢰인의 지시에 따르는 것이 위임의 취지에 적합하지 않거나 오히려 의뢰인에게 불이익한 결과가 되는 경우, 법무사가 의뢰인에게 부담하는 설명·조언의무의 내용 [2] 소유자 등으로부터는 거액의 근저당권설정등기에 관한 등기사무를 의뢰받고, 전세권자로부터는 최선순위인 전세권의 존속기간 변경 등을 이유로 한 등기사무를 의뢰받은 법무사가 전세권자에게 전세권의 우선권 상실에 관하여 설명·조언하지 않은 채, 근저당권설정등기, 위 전세권의 말소등기, 그리고 전세권자 명의의 새로운 전세권설정등기를 차례로 마친 경우, 법무사의 설명·조언의무 위반을 이유로 전세권자에 대한...","[1] 법무사는 등기사무에 관한 한 전문적인 식견을 가진 사람으로서 일반인이 등기업무를 법무사에게 위임하는 것은 그러한 전문가인 법무사에 대한 기대와 신뢰를 바탕으로 하는 것이므로, 비록 등기업무와 관련된 법무사의 주된 직무 내용이 서류의 작성과 신청대리에 있다 하여도, 그 직무를 수행하는 과정에서 의뢰인의 지시에 따르는 것이 위임의 취지에 적합하지 않거나 오히려 의뢰인에게 불이익한 결과가 되는 것이 드러난 경우에는, 법무사법에 정한 직무의 처리와 관련되는 범위 안에서 그러한 내용을 의뢰인에게 알리고 의뢰인의 진정한 의사를 확인함과 아울러 적절한 방법으로 의뢰인이 진정으로 의도하는 등기가 적정하게 되도록 설명 내지 조언을 할 의무가 있다. [2] 소유자 등으로부터는 거액의...","[1] 민법 제681조 , 법무사법 제2조 [2] 민법 제681조 , 법무사법 제2조 , 제26조 제1항","[1] 대법원 2001. 2. 27. 선고 2000다39629 판결 (공2001상, 772), 대법원 2003. 1. 10. 선고 2000다61671 판결 (공2003상, 585)","주택, 건물, 전세, 보증금, 전세금, 전세권, 등기, 근저당, 저당권, 경매, 배당, 손해배상",전문 원문: https://www.law.go.kr/LSW/precInfoP.do?precSeq=215875,civil_lease_definition,민법 제618조 임대차의 의의,civil_nonperformance_damages|민법 제390조 채무불이행 손해배상; civil_lease_definition|민법 제618조 임대차의 의의
940,CASE_1993_00940,92다51747,소유권이전등기말소,대법원,1993-04-27,민사,판결,상고심,상고기각,부동산의 이중매도인이 배임죄로 처벌받았을지라도 민사사건에서는 이중매매가 통정허위표시에 기한 무효의 법률행위라고 판단할 수 있는지 여부 (적극),형법상 배임죄에서 재산상의 손해의 유무는 법률적 판단에 의하여 당해 배임행위가 무효라 하더라도 경제적인 관점에서 파악하여 배임행위로 인하여 본인에게 현실적인 손해를 가하였거나 실해발생의 위험을 초래한 경우에는 재산상의 손해를 가한 때에 해당되어 배임죄를 구성하는 것이라고 볼 것이므로 매도인이 형사사건에서 이중매매로 인하여 배임죄로 처벌받았다 하여 민사사건에서 매매계약이 통정허위표시에 기한 무효의 법률행위라고 판단할 수 없는 것은 아니다.,"민법 제108조 제1항 , 형법 제355조 제2항","대법원 1992.5.26. 선고 91도2963 판결(공1992,2062)","부동산, 토지, 건물, 매매, 매수, 매도, 매매계약, 계약금, 중도금, 소유권이전, 등기, 명의신탁",전문 원문: https://www.law.go.kr/LSW/precInfoP.do?precSeq=122947,civil_sale_effect,민법 제568조 매매의 효력,embezzlement_breach_of_trust|형법 제355조·제356조 횡령·배임; civil_sale_effect|민법 제568조 매매의 효력
941,CASE_1998_00941,97도3054,사기,대법원,1998-04-24,형사,판결,상고심,파기환송,[1] 사기죄의 요건으로서의 기망의 의미와 고의의 내용 [2] 후순위 근저당권자로 하여금 그 담보가치를 보전하는 범위 내에서 선순위 담보물권의 피담보채무를 대위변제하게 한 행위에 사기죄의 범의를 부인한 사례,"[1] 사기죄는 타인을 기망하여 그로 인한 하자 있는 의사에 기하여 재물의 교부를 받거나 재산상의 이득을 취득할 때 성립하고, 사기죄의 요건으로서의 기망은 널리 재산상의 거래관계에 있어서 서로 지켜야 할 신의와 성실의 의무를 저버리는 모든 적극적 또는 소극적 행위를 말하며, 사기죄의 성립에 있어서 피해자에게 손해를 가하려는 목적을 필요로 하지는 않지만 적어도 타인의 재물 또는 이익을 침해한다는 의사와 피기망자로 하여금 어떠한 처분을 하게 한다는 의사는 있어야 한다. [2] 후순위 근저당권자로 하여금 그 담보가치를 보전하는 범위 내에서 선순위 담보물권의 피담보채무를 대위변제하게 한 행위에 사기죄의 범의를 인정한 원심판결을 채증법칙 위배 등을 이유로 파기한 사례.",[1] 형법 제347조 [2] 형법 제347조,"[1] 대법원 1983. 6. 28. 선고 83도1013 판결 (공1983, 1213), 대법원 1987. 12. 22. 선고 87도2168 판결 (공1988, 381), 대법원 1996. 7. 30. 선고 96도1081 판결 (공1996하, 2756) / [2] 대법원 1990. 9. 25. 선고 90도784 판결 (공1990, 2218)","부동산, 토지, 건물, 임대차, 전세, 보증금, 임차인, 임대차계약, 매매, 매매대금, 계약금, 중도금",전문 원문: https://www.law.go.kr/LSW/precInfoP.do?precSeq=116655,criminal_fraud,형법 제347조 사기죄,criminal_fraud|형법 제347조 사기죄; civil_fraud_duress|민법 제110조 사기·강박에 의한 의사표시; civil_sale_effect|민법 제568조 매매의 효력; civil_lease_definition|민법 제618조 임대차의 의의
942,CASE_1983_00942,83도1213,배임·사문서위조·사문서위조행사·공정증서원본불실기재·공정증서원본불실기재행사,대법원,1983-10-25,형사,판결,상고심,상고기각,명의신탁자의 신탁부동산처분을 위한 수탁자 명의의 문서작성 권한 유무,"위탁자에게 아무런 부담이 지워지지 않은채 재산이 수탁자에게 명의신탁된 경우에는 특단의 사정이 없는 한, 그 재산의 처분 기타 권한행사에 있어서는 수탁자의 명의사용을 포괄적으로 위탁자에게 허용하였다고 봄이 상당하므로 위탁자가 신탁재산의 처분에 관하여 수탁자 명의의 매매계약서, 등기위임장 등을 작성하였다고 하여 사문서위조·동행사죄가 되지 아니한다.","형법 제231조 , 제234조",대법원 1980.3.25 선고 79도799 판결,"부동산, 토지, 매매, 매수, 매도, 매매계약, 매매대금, 소유권이전, 등기, 명의신탁, 신탁부동산, 인감증명",전문 원문: https://www.law.go.kr/LSW/precInfoP.do?precSeq=98348,embezzlement_breach_of_trust,형법 제355조·제356조 횡령·배임,embezzlement_breach_of_trust|형법 제355조·제356조 횡령·배임; civil_sale_effect|민법 제568조 매매의 효력
943,CASE_2010_00943,2009도9242,횡령,대법원,2010-06-24,형사,판결,상고심,상고기각,"[1] 부동산에 관한 횡령죄에서 보관자의 지위에 대한 판단 기준 및 원인무효인 소유권이전등기의 명의자가 ‘타인의 재물을 보관하는 자’에 해당하는지 여부 (소극) [2] 농지의 명의신탁 당시에는 신탁자가 농지매매증명을 발급받을 수 없었으나 그 후 사정변경으로 신탁자가 명의신탁을 해지하고 그 반환을 구할 수 있게 된 경우, 그 시점부터 수탁자가 ‘위 농지를 보관하는 자’가 되는지 여부 (적극) [3] 물품제조 회사가 농지를 매수하여 피고인 명의로 소유권이전등기를 마침으로써 소유명의를 신탁하여 두었는데 피고인이 그 후 이를 타인에게 처분함으로써 횡령하였다는 공소사실에 대하...","[1] 횡령죄의 주체는 타인의 재물을 보관하는 자이어야 하고, 여기서 보관은 위탁관계에 의하여 재물을 점유하는 것을 의미하므로, 횡령죄가 성립하기 위하여는 그 재물의 보관자와 재물의 소유자(또는 그 밖의 본권자) 사이에 법률상 또는 사실상의 위탁신임관계가 존재하여야 하고, 나아가 부동산의 경우 보관자의 지위는 점유를 기준으로 할 것이 아니라 그 부동산을 제3자에게 유효하게 처분할 수 있는 권능의 유무를 기준으로 결정하여야 하므로, 원인무효인 소유권이전등기의 명의자는 횡령죄의 주체인 타인의 재물을 보관하는 자에 해당한다고 할 수 없다. [2] 구 농지개혁법(1994. 12. 22. 법률 제4817호 농지법 부칙 제2조로 폐지) 시행 당시 농지를 매수하여 농가 등 적법하게 농...","[1] 형법 제355조 제1항 [2] 형법 제355조 제1항 , 구 농지개혁법(1994. 12. 22. 법률 제4817호 농지법 부칙 제2조로 폐지) 제2조 , 제19조 (현행 농지법 제8조 참조) [3] 형법 제355조 제1항 , 구 농지개혁법(1994. 12. 22. 법률 제4817호 농지법 부칙 제2조로 폐지) 제2조 , 제19조 (현행 농지법 제8조 참조)","[1] 대법원 2005. 6. 24. 선고 2005도2413 판결 (공2005하, 1293), 대법원 2007. 5. 31. 선고 2007도1082 판결 (공2007하, 1012), 대법원 2008. 10. 23. 선고 2007도6463 판결 (공2008하, 1626) / [2] 대법원 1998. 7. 28. 선고 97도3283 판결 (공1998하, 2349), 대법원 2008. 2. 29. 선고 2007도11029 판결 , 대법원 2008. 4. 10. 선고 2008도1033 판결","부동산, 토지, 농지, 매매, 매수, 매도, 매매계약, 소유권이전, 등기, 명의신탁, 명의수탁, 횡령",전문 원문: https://www.law.go.kr/LSW/precInfoP.do?precSeq=144699,embezzlement_breach_of_trust,형법 제355조·제356조 횡령·배임,embezzlement_breach_of_trust|형법 제355조·제356조 횡령·배임; civil_sale_effect|민법 제568조 매매의 효력
944,CASE_1990_00944,90도427,"공정증서원본불실기재,공정증서원본불실기재행사",대법원,1990-09-28,형사,판결,상고심,상고기각,공정증서원본불실기재 및 동행사죄로 공소제기된 경우 등기가 실체적 권리 관계에 부합하는 유효한 등기라는 주장이 법률상 범죄의 성립 조각사유에 관한 주장인지 여부 (소극),"피고인이 경료한 소유권이전등기가 절차상 하자가 있거나 등기원인이 실제와 다르다 하더라도 그 등기가 실체적 권리관계에 부합하는 유효한 등기인 경우에는 공정증서원본불실기재, 동행사죄의 구성요건 해당성이 없게 되는 것이므로, 공정증서원본불실기재 및 동행사죄로 공소가 제기된 경우 피고인이 시효취득으로 당해 등기가 실체적 권리관계에 부합하는 유효한 등기라고 주장하는 것은 공소사실에 대한 적극부인에 해당할 뿐, 법률상 범죄의 성립을 조각하는 사유에 관한 주장이라고는 볼 수 없으므로 그 주장이 받아들여져 무죄가 선고되는 경우와는 달리 그 주장이 받아들여지지 아니하는 경우에는 그대로 유죄의 선고를 함으로써 족하고 반드시 그에 대한 판단을 판결이유 중에 명시하여야만 하는 것은 아니다.","형법 제228조 제1항 , 제229조 , 형사소송법 제323조 제2항","대법원 1979.7.24. 선고 79도482 판결(공1979,12077) , 1982.1.12. 선고 81도1702 판결(공1982,272) , 1984.12.11. 선고 84도2285 판결(공1985,224) , 1987.3.10. 선고 86도864 판결(공1986,914)","부동산, 임야, 매수, 소유권이전, 등기, 공정증서원본불실기재, 무죄, 기각, 불실기재, 권리관계",전문 원문: https://www.law.go.kr/LSW/precInfoP.do?precSeq=107352,civil_sale_effect,민법 제568조 매매의 효력,civil_sale_effect|민법 제568조 매매의 효력
945,CASE_1968_00945,66나2623,소유권이전등기말소등청구사건,서울고법,1968-01-18,민사,판결,2심,청구기각,채무의 변제를 조건으로 하는 소유권이전등기말소가 허용되는 경우,채권담보를 위하여 채권자명의로 경료된 소유권이전등기의 말소는 채무자가 먼저 그 채무를 변제하고 이를 구할 수도 있을 것이나 그 등기말소청구를 미리 할 필요가 있다고 인정되는 경우에는 채무의 확정과 함께 그 선급부를 조건으로 하는 장래의 급부의 소로서는 허용되는 것이라고 볼 것인즉 원고주장의 채무액에 관하여 다툼이 있고 또한 채무를 변제하였더라도 등기말소에 있어서 피고의 협력을 기대하기 어려운 상태에 있음이 변론의 전취지에 의하여 엿볼 수 있는 이 사건에 있어서 당사자에의 다툼이 있는 채무액의 확정과 함께 미리 그 채무의 지급을 조건으로 하는 등기말소를 소구할 필요가 있다고 인정되므로 원고의 이사건 장래급부의 소는 허용되는 것이다.,민사소송법 제229조,1968.7.23. 선고 68다363 판결,"부동산, 매매, 소유권이전, 등기, 담보, 강박, 고소, 고발, 기각, 반환, 취소, 무효",전문 원문: https://www.law.go.kr/LSW/precInfoP.do?precSeq=72301,civil_fraud_duress,민법 제110조 사기·강박에 의한 의사표시,civil_fraud_duress|민법 제110조 사기·강박에 의한 의사표시; civil_sale_effect|민법 제568조 매매의 효력
946,CASE_2001_00946,99다37894,소유권이전등기,대법원,2001-09-20,민사,판결,상고심,파기환송,전소인 소유권이전등기말소청구소송의 확정판결의 기판력이 후소인 진정명의회복을 원인으로 한 소유권이전등기청구소송에 미치는지 여부 (적극),"[다수의견] 진정한 등기명의의 회복을 위한 소유권이전등기청구는 이미 자기 앞으로 소유권을 표상하는 등기가 되어 있었거나 법률에 의하여 소유권을 취득한 자가 진정한 등기명의를 회복하기 위한 방법으로 현재의 등기명의인을 상대로 그 등기의 말소를 구하는 것에 갈음하여 허용되는 것인데, 말소등기에 갈음하여 허용되는 진정명의회복을 원인으로 한 소유권이전등기청구권과 무효등기의 말소청구권은 어느 것이나 진정한 소유자의 등기명의를 회복하기 위한 것으로서 실질적으로 그 목적이 동일하고, 두 청구권 모두 소유권에 기한 방해배제청구권으로서 그 법적 근거와 성질이 동일하므로, 비록 전자는 이전등기, 후자는 말소등기의 형식을 취하고 있다고 하더라도 그 소송물은 실질상 동일한 것으로 보아야 하고,...",민사소송법 제202조,"대법원 1990. 11. 27. 선고 89다카12398 전원합의체 판결 (공1991, 189)(변경), 대법원 1990. 12. 21. 선고 88다카26482 판결 (공1991, 580)(변경), 대법원 1992. 11. 10. 선고 92다22121 판결 (공1993상, 81)(변경), 대법원 1993. 7. 27. 선고 92다50072 판결 (공1993하, 2395)(변경), 대법원 1995. 3. 10. 선고 94다30829, 30836, 30843 판결(공1995상, 1583)(변경), 대법...","부동산, 매수, 소유권이전, 등기, 강박, 감금, 기각, 파기환송, 파기, 청구기각, 취소, 무효",전문 원문: https://www.law.go.kr/LSW/precInfoP.do?precSeq=191635,civil_fraud_duress,민법 제110조 사기·강박에 의한 의사표시,civil_fraud_duress|민법 제110조 사기·강박에 의한 의사표시; civil_sale_effect|민법 제568조 매매의 효력
947,CASE_2015_00947,2012도9148,특정경제범죄가중처벌등에관한법률위반(횡령)·특정경제범죄가중처벌등에관한법률위반(배임)·사기,대법원,2015-03-12,형사,판결,상고심,상고기각,[1] 차입매수 또는 LBO(Leveraged Buy-Out의 약어) 방식의 기업인수를 주도한 관련자들에게 배임죄가 성립하는지 판단하는 기준 [2] 경영상의 판단과 관련하여 기업 경영자에게 배임의 고의가 있었는지 판단하는 방법,"상고이유를 판단한다. 1. 특정경제범죄 가중처벌 등에 관한 법률 위반(배임)의 점에 대하여 가. 이른바 차입매수 또는 LBO(Leveraged Buy-Out의 약어이다)란 일의적인 법적 개념이 아니라 일반적으로 기업인수를 위한 자금의 상당 부분에 관하여 피인수회사의 자산을 담보로 제공하거나 그 상당 부분을 피인수기업의 자산으로 변제하기로 하여 차입한 자금으로 충당하는 방식의 기업인수 기법을 일괄하여 부르는 경영학상의 용어로, 거래현실에서 그 구체적인 태양은 매우 다양하다. 이러한 차입매수에 관하여는 이를 따로 규율하는 법률이 없는 이상 일률적으로","[1] 형법 제355조 제2항 , 제356조 [2] 형법 제355조 제2항 , 제356조 , 형사소송법 제308조","[1] 대법원 2010. 4. 15. 선고 2009도6634 판결 (공2010상, 946), 대법원 2011. 12. 22. 선고 2010도1544 판결, 대법원 2013. 6. 13. 선고 2011도524 판결 / [2] 대법원 2004. 7. 22. 선고 2002도4229 판결 (공2004하, 1480), 대법원 2013. 12. 26. 선고 2013도7360 판결","부동산, 건물, 매수, 담보, 사기, 횡령, 배임, 무죄, 기각",전문 원문: https://www.law.go.kr/LSW/precInfoP.do?precSeq=179784,aggravated_economic_crime,특정경제범죄 가중처벌 등에 관한 법률 제3조,aggravated_economic_crime|특정경제범죄 가중처벌 등에 관한 법률 제3조; criminal_fraud|형법 제347조 사기죄; embezzlement_breach_of_trust|형법 제355조·제356조 횡령·배임; civil_sale_effect|민법 제568조 매매의 효력
948,CASE_1993_00948,"91다33384, 33391(반소)",건물철거등·소유권이전등기말소,대법원,1993-02-12,민사,판결,상고심,파기환송,당사자가 법원에 서증을 제출함으로써 서증에 기재된 사실을 주장하였다고 해석함이 타당함에도 그에 관한 판단을 유탈하였다는 이유로 원심판결을 파기한 사례,당사자가 법원에 서증을 제출함으로써 서증에 기재된 사실을 주장하였다고 해석함이 타당함에도 그에 관한 판단을 유탈하였다는 이유로 원심판결을 파기한 사례.,민사소송법 제188조,"대법원 1972.1.31. 선고 71다2502 판결, 1980.12.9. 선고 80다2432 판결(공1981, 13512)","부동산, 토지, 건물, 매매, 매수, 매도, 매매계약, 소유권이전, 소유권보존, 등기, 위조, 배임",전문 원문: https://www.law.go.kr/LSW/precInfoP.do?precSeq=228919,civil_sale_effect,민법 제568조 매매의 효력,civil_sale_effect|민법 제568조 매매의 효력
949,CASE_2013_00949,2011도11174,배임수재·배임증재·공인중개사의업무및부동산거래신고에관한법률위반,대법원,2013-11-14,형사,판결,상고심,상고기각,"배임수재죄 구성요건 중 ‘부정한 청탁’의 의미와 판단 기준 및 부정한 청탁을 받고 나서 사후에 청탁의 대가로 재물 또는 재산상의 이익을 취득한 경우와 부정한 청탁의 결과로 상대방이 얻은 재물 등의 일부를 상대방으로부터 청탁의 대가로 취득한 경우, 배임수재죄가 성립하는지 여부 (적극)","임무에 관하여 부정한 청탁을 받고 재물 또는 재산상 이익을 취득하면 배임수재죄는 성립되고, 어떠한 임무위배행위를 하거나 본인에게 손해를 가하는 것을 요건으로 하지 아니하나, 재물 또는 이익을 공여하는 사람과 취득하는 사람 사이에 부정한 청탁이 개재되지 않는 한 성립하지 않는다. 여기서 ‘부정한 청탁’이란 반드시 업무상 배임의 내용이 되는 정도에 이를 필요는 없고, 사회상규 또는 신의성실의 원칙에 반하는 것을 내용으로 하면 족하며, 이를 판단할 때에는 청탁의 내용 및 이에 관련한 대가의 액수, 형식, 보호법익인 거래의 청렴성 등을 종합적으로 고찰하여야 하며, 청탁이 반드시 명시적일 필요는 없다. 그리고 부정한 청탁을 받고 나서 사후에 재물 또는 재산상의 이익을 취득하였다고...","형법 제357조 제1항 , 제2항","대법원 2010. 9. 9. 선고 2010도7380 판결 , 대법원 2011. 2. 24. 선고 2010도11784 판결 (공2011상, 678), 대법원 2012. 3. 29. 선고 2012도536 판결","부동산, 주택, 아파트, 상가, 임대차, 보증금, 임대인, 임차인, 임대차계약, 분양, 분양대금, 분양권",전문 원문: https://www.law.go.kr/LSW/precInfoP.do?precSeq=171640,embezzlement_breach_of_trust,형법 제355조·제356조 횡령·배임,embezzlement_breach_of_trust|형법 제355조·제356조 횡령·배임; civil_sale_effect|민법 제568조 매매의 효력; civil_lease_definition|민법 제618조 임대차의 의의; real_estate_transaction_reporting_prohibition|부동산 거래신고 등에 관한 법률 제4조 금지행위; realtor_prohibited_acts|공인중개사법 제33조 금지행위
950,CASE_1967_00950,66나1744,부동산소유권이전등기말소청구사건,서울고법,1967-01-11,민사,판결,2심,"이건 소송은 1966.7.29. 항소취하에 의하여 종료하였다. 원고의 당원 1966.8.1.접수, 서면에 의한 변론기일 지정신...",항소취하를 취소할 수 있는지 여부,"항소취하는 법원에 대한 항소인의 일방적인 의사표시로서 소송종료라는 소송법상의 효과만이 생기는 소송행위이므로 사기, 강박, 착오등 외부에서 쉽게 알수 없는 행위자의 의사의 하자를 이유로 그 취소무효를 주장할 수 없다.",민사소송법 제363조,없음,"부동산, 건물, 매매, 소유권이전, 공유지분, 등기, 근저당, 저당권, 강박, 고소, 사기, 기망",전문 원문: https://www.law.go.kr/LSW/precInfoP.do?precSeq=72136,civil_fraud_duress,민법 제110조 사기·강박에 의한 의사표시,civil_fraud_duress|민법 제110조 사기·강박에 의한 의사표시; civil_sale_effect|민법 제568조 매매의 효력
951,CASE_2012_00951,2010다57473,손해배상(기),대법원,2012-12-27,민사,판결,상고심,상고기각,"[1] 당사자가 표시한 문언에 의하여 객관적인 의미가 명확하게 드러나지 않는 경우, 법률행위 해석 방법 [2] 법무사가 의뢰인의 지시에 따르는 것이 위임의 취지에 적합하지 않거나 오히려 의뢰인에게 불이익한 결과가 되는 경우, 법무사가 의뢰인에게 부담하는 설명·조언의무의 내용 [3] 甲 주식회사와 토지분양계약을 체결한 수분양자 乙에게서 분양토지의 소유권이전등기 업무를 위임받은 법무사 丙이 그 업무가 끝나기 전에 등기의무자인 甲 회사의 요청에 따라 분양토지에 관하여 丁 명의의 근저당권설정등기를 마쳤고, 그 후 근저당권 등에 기한 경매절차가 진행되어 토지가 매각된 사안에서...","소외 1 등’이라 한다)이 강원 홍천군 내면 창촌리 (지번 1 생략) 토지(이하 ‘이 사건 토지’라 한다) 지상에 불법으로 펜션을 신축하고 농작물을 재배하여 토지분양희망자들에게 보여줌으로써 이들을 기망하여 강원 홍천군 내면 일대 토지에 대해 사기분양을 하는 데 이용하리라는 사정을 알면서도 이 사건 토지 지상 농가주택 및 창고신축에 관한 초지전용을 허가하는 등 소외 1 등의 불법행위를 방조하였다고 보기 어렵다고 판단하였다. 기록에 비추어 살펴보면 원심의 위와 같은 판단은 정당한 것으로 수긍할 수 있고, 거기에 상고이유의 주장과 같이 논리와 경험의 법칙을 위반하여 사실을 그릇 인정한 등의 위법이 없다. 나. 원심은, 홍천군청의 초지담당공무원","[1] 민법 제105조 [2] 법무사법 제2조 , 민법 제681조 [3] 법무사법 제2조 , 제26조 제1항 , 민법 제681조","[1] 대법원 2011. 5. 26. 선고 2010다102991 판결 (공2011하, 1285), 대법원 2011. 10. 27. 선고 2011다53645, 53652 판결(공2011하, 2436), 대법원 2012. 7. 5. 선고 2012다18632 판결 / [2] 대법원 2001. 2. 27. 선고 2000다39629 판결 (공2001상, 772), 대법원 2006. 9. 28. 선고 2004다55162 판결 (공2006하, 1816), 대법원 2011. 9. 29. 선고 2010다5892...","주택, 토지, 임야, 매매, 매매계약, 잔금, 소유권이전, 공유지분, 분양, 분양대금, 분양계약, 등기",전문 원문: https://www.law.go.kr/LSW/precInfoP.do?precSeq=170370,civil_fraud_duress,민법 제110조 사기·강박에 의한 의사표시,civil_fraud_duress|민법 제110조 사기·강박에 의한 의사표시; civil_nonperformance_damages|민법 제390조 채무불이행 손해배상; civil_sale_effect|민법 제568조 매매의 효력
952,CASE_2009_00952,2008나104774,전세권설정등기말소등기절차이행등,서울고등법원,2009-04-28,민사,판결,2심,항소기각,") 【제1심판결】 수원지방법원 성남지원 2008. 10. 15. 선고 2008가합2445 판결 【변론종결】 2009. 4. 14. 【주 문】 1. 피고의 항소를 기각한다. 2. 항소비용은 피고가 부담한다. 【청구취지 및 항소취지】 1. 청구취지 피고는 원고에게 별지 목록 기재 부동산에 관하여 수원지방법원 성남지원 분당등기소 2001. 11. 27. 접수 제89329호로 마친 전세권설정등기와 관련하여 같은 등기소 2004. 12. 1. 접수 제90078호로 마친 전세권부채권가압류등기의 말소등기절차를 이행하라. 2. 항소취지 제1심 판결 중 피고에 대한 부분을 취소하고,","소송법 제420조 본문에 의하여 이를 그대로 인용한다. 2. 당사자의 주장 및 이에 대한 판단 가. 원고의 청구원인에 대한 판단 위 인정사실에 의하면, 이 사건 전세권등기가 표상하는 권리관계인 원고와 제1심 공동피고 1 사이의 2001. 11. 26.자 임대차계약은 2003. 12. 31. 존속기간이 만료됨으로써 종료되었고, 이후 원고가 2004. 3. 3.까지 제1심 공동피고 1에게 임대차보증금 1억 원을 전부 반환함으로써 이 사건 전세권의 전세금반환채권이 소멸하였으므로, 제1심 공동피고 1은 원고에게 이 사건 전세권등기를 말소할 의무가 있고, 피고는 등기상 이해관계 있는 제3자로서 원고에게 이 사건 전세권등기의 말소등기에 대하여 승낙",원문 참조,없음,"부동산, 임대차, 전세, 보증금, 전세금, 전세권, 임대차계약, 등기, 배당, 배당요구, 허위, 기각",전문 원문: https://www.law.go.kr/LSW/precInfoP.do?precSeq=144284,civil_lease_definition,민법 제618조 임대차의 의의,civil_lease_definition|민법 제618조 임대차의 의의
953,CASE_2006_00953,"2005나5698(본소), 2005나10409(반소)",전세권말소등·추심금,대전고등법원,2006-04-20,민사,판결,2심,청구기각,운철외 1인) 【제1심판결】 대전지방법원 2005. 5. 26. 선고 2004가합10446 판결 【변론종결】 2006. 4. 6. 【주 문】 1. 제1심 판결을 취소한다. 2. 피고(반소원고)는 원고(반소피고)들에게 별지 목록 기재 건물에 관하여 대전지방법원 2003. 2. 21. 접수 제20677호로 마친 전세권 근저당권 설정등기의 말소등기 절차를 이행하라. 3. 대전지방법원 2004타채2443호 채권압류 및 추심명령에 의한 원고(반소피고)들의 피고(반소원고)에 대한 추심금 채무는 존재하지 아니함을 확인한다. 4. 당심에서 제기된 피고(반소원고)의 반소 청구를 기각,"2002. 4. 22. 제1심 공동피고 1(이하 소외 1이라 한다)과 사이에 원고 2와 공유인 별지 목록 기재 건물(이하 ‘이 사건 건물’이라 한다)에 관하여 보증금 100,000,000원(2004. 1. 1.부터는 보증금을 200,000,000원으로 증액하기로 하였다), 임차기간 2003. 1. 1.부터 36개월, 임대료 월 금 12,300,000원(매월 1일 먼저 지급하고, 임대료의 지급이 늦은 경우 10%의 비율에 의한 손해배상금을 가산하여 지급하기로 하였다)으로 하는 내용의 임대차계약을 체결하였다. 위 계약시 부가가치세 월 금 600,000원, 관리비 월 금 1,188,627원, 전기료ㆍ수도료 등 공과금은 임차인이 부담하기로 하",원문 참조,없음,"부동산, 건물, 임대차, 전세, 보증금, 전세금, 임차인, 전세권, 임대차계약, 임차보증금, 등기, 근저당",전문 원문: https://www.law.go.kr/LSW/precInfoP.do?precSeq=220601,civil_lease_definition,민법 제618조 임대차의 의의,civil_nonperformance_damages|민법 제390조 채무불이행 손해배상; civil_lease_definition|민법 제618조 임대차의 의의
954,CASE_2019_00954,"2017다225312, 225329",손해배상(기)·건물인도등,대법원,2019-05-16,민사,판결,상고심,"원심판결 중 본소에 관한 권리금 회수 방해로 인한 손해배상청구 부분을 파기하고, 이 부분 사건을 서울고등법원에 환송한다.","[1] 구 상가건물 임대차보호법 제10조 제2항 에 따라 최초의 임대차기간을 포함한 전체 임대차기간이 5년을 초과하여 임차인이 계약갱신요구권을 행사할 수 없는 경우에도 임대인이 같은 법 제10조의4 제1항 에 따른 권리금 회수기회 보호의무를 부담하는지 여부 (적극) [2] 甲이 乙과 상가 임대차계약을 체결한 다음 상가를 인도받아 음식점을 운영하면서 2회에 걸쳐 계약을 갱신하였고, 최종 임대차기간이 만료되기 전 丙과 권리금 계약을 체결한 후 乙에게 丙과 새로운 임대차계약을 체결하여 줄 것을 요청하였으나, 乙이 노후화된 건물을 재건축하거나 대수선할 계획을 가지고 있다는...","[1] 구 상가건물 임대차보호법(2018. 10. 16. 법률 제15791호로 개정되기 전의 것, 이하 ‘구 상가임대차법’이라 한다) 제10조의4 의 문언과 내용, 입법 취지에 비추어 보면, 구 상가임대차법 제10조 제2항 에 따라 최초의 임대차기간을 포함한 전체 임대차기간이 5년을 초과하여 임차인이 계약갱신요구권을 행사할 수 없는 경우에도 임대인은 같은 법 제10조의4 제1항 에 따른 권리금 회수기회 보호의무를 부담한다고 보아야 한다. [2] 甲이 乙과 상가 임대차계약을 체결한 다음 상가를 인도받아 음식점을 운영하면서 2회에 걸쳐 계약을 갱신하였고, 최종 임대차기간이 만료되기 전 丙과 권리금 계약을 체결한 후 乙에게 丙과 새로운 임대차계약을 체결하여 줄 것을 요청하였으나...","[1] 구 상가건물 임대차보호법(2018. 10. 16. 법률 제15791호로 개정되기 전의 것) 제10조 제1항 , 제2항 , 제10조의3 제1항 , 제10조의4 제1항 , 제2항 [2] 구 상가건물 임대차보호법(2018. 10. 16. 법률 제15791호로 개정되기 전의 것) 제10조 제1항 , 제2항 , 제10조의3 제1항 , 제10조의4 제1항 , 제2항",없음,"상가, 건물, 임대차, 보증금, 임대인, 임차인, 임대차계약, 사기, 손해배상, 파기, 반환, 부당이득",전문 원문: https://www.law.go.kr/LSW/precInfoP.do?precSeq=207485,civil_fraud_duress,민법 제110조 사기·강박에 의한 의사표시,civil_fraud_duress|민법 제110조 사기·강박에 의한 의사표시; civil_nonperformance_damages|민법 제390조 채무불이행 손해배상; civil_lease_definition|민법 제618조 임대차의 의의
955,CASE_1990_00955,88다카29795,토지소유권이전등기말소등,대법원,1990-01-25,민사,판결,상고심,파기환송,허위의 보증서에 의하여 부동산소유권이전등기등에관한특별조치법에 따른 소유권이전등기를 한 경우 그 등기가 실체관계에 부합한다는 주장을 배척한 형사판결의 민사재판에 있어서의 증명력,"허위의 보증서에 의하여 등기를 하였더라도 권리의 실체관계에 부합하는 경우에는 공정증서원본부실기재 및 그 행사죄는 성립하지 아니한다고 할 것인데, 등기명의인인 피고가 허위보증서 등에 의하여 소유권이전등기를 거친 범죄사실로 기소된 형사사건에서 그 등기가 실체관계에 부합하여 유효하다는 취지의 주장을 하였음에도 그 주장이 법원에서 받아들여지지 아니하여 유죄의 확정판결을 받았다면, 그 형사판결은 특별한 사정이 없는 한 그 등기의 말소청구소송에서 유력한 증거자료가 된다.","민사소송법 제327조 , 제187조 , 형법 제228조 , 부동산소유권이전등기등에관한특별조치법(법률 제3562호) 제10조",없음,"부동산, 토지, 매수, 소유권이전, 등기, 공정증서원본불실기재, 허위, 손해배상, 파기, 반환, 불실기재",전문 원문: https://www.law.go.kr/LSW/precInfoP.do?precSeq=106166,civil_sale_effect,민법 제568조 매매의 효력,civil_nonperformance_damages|민법 제390조 채무불이행 손해배상; civil_sale_effect|민법 제568조 매매의 효력
956,CASE_1993_00956,92다1353,근저당권설정등기말소,대법원,1993-09-14,민사,판결,상고심,파기환송,소유권에 기한 방해배제청구권의 행사로서 말소등기청구를 한 전소의 확정판결의 기판력이 계약해제에 따른 원상회복으로 말소등기청구를 하는 후소에 미치지 않는다고 한 사례,소유권에 기한 방해배제청구권의 행사로서 말소등기청구를 한 전소의 확정판결의 기판력이 계약해제에 따른 원상회복으로 말소등기청구를 하는 후소에 미치지 않는다고 한 사례.,"민사소송법 제202조 , 제204조",없음,"부동산, 건물, 소유권이전, 등기, 가등기, 근저당, 저당권, 담보, 명의수탁, 강박, 사기, 위조",전문 원문: https://www.law.go.kr/LSW/precInfoP.do?precSeq=201529,civil_fraud_duress,민법 제110조 사기·강박에 의한 의사표시,civil_fraud_duress|민법 제110조 사기·강박에 의한 의사표시
957,CASE_2021_00957,2021다213019,소유권이전등기신청절차인수,대법원,2021-06-30,민사,판결,상고심,파기환송,"등기의무자가 자기 명의로 있어서는 안 될 등기가 자기 명의로 있음으로 인하여 사회생활상 또는 법상 불이익을 입을 우려가 있는 경우, 부동산등기법 제23조 제4항 에 따라 소의 방법으로 등기권리자를 상대로 등기를 인수받아 갈 것을 구할 수 있는지 여부 (적극)","상고이유를 판단한다. 1. 부동산등기법은 등기는 등기권리자와 등기의무자가 공동으로 신청하여야 함을 원칙으로 하면서도(제23조 제1항), 판결에 의한 등기는 승소한 등기권리자 또는 등기의무자가 단독으로 신청할 수 있도록 규정하고 있다(제23조 제4항). 위 조항에서 승소한 등기권리자 외에 등기의무자도 단독으로 등기를 신청할 수 있게 한 것은, 통상의 채권채무 관계에서는 채권자가 수령을 지체하는 경우 채무자는 공탁 등에 의한 방법으로 채무부담에서 벗어날 수 있으나 등기에 관한 채권채무 관계에서는 이러한 방법을 사용",부동산등기법 제23조 제4항,"대법원 2001. 2. 9. 선고 2000다60708 판결 (공2001상, 631)","부동산, 주택, 토지, 매매, 매도, 매매계약, 매매대금, 잔금, 소유권이전, 소유권보존, 등기, 가등기",전문 원문: https://www.law.go.kr/LSW/precInfoP.do?precSeq=219479,civil_sale_effect,민법 제568조 매매의 효력,civil_sale_effect|민법 제568조 매매의 효력
958,CASE_1980_00958,78노342,업무상횡령·임야소유권이전등기에관한특별조치법위반·사문서위조·동행사·공정증서원본불실기재·동행사피고사건,광주고법,1980-03-20,형사,판결,2심,무죄,부동산에 관한 횡령죄의 기수시기,부동산에 관한 물건의 득실변경은 등기를 하여야 효력이 발생하는 것이므로 그 횡령죄는 부동산에 대한 소유권이전등기를 한 때에 종료되고 그때부터 공소시효가 진행된다.,"형법 제356조 , 형법 제355조 제1항 , 민법 제186조",없음,"부동산, 임야, 매매, 매수, 매도, 매매계약, 소유권이전, 소유권보존, 등기, 명의신탁, 인감증명, 공정증서원본불실기재",전문 원문: https://www.law.go.kr/LSW/precInfoP.do?precSeq=237329,embezzlement_breach_of_trust,형법 제355조·제356조 횡령·배임,embezzlement_breach_of_trust|형법 제355조·제356조 횡령·배임; civil_sale_effect|민법 제568조 매매의 효력
959,CASE_2009_00959,"2009가합265,2009가합814(참가)",공유물분할·소유권이전등기말소등기,대전지방법원 서산지원,2009-09-10,민사,판결,1심,"1. 피고 1, 2, 4 보조참가인의 보조참가신청을 각하한다. 2. 피고들에게, 가. 원고 선진정공 주식회사는 충남 당진군 신...","가. 원고 선진정공 주식회사는 충남 당진군 신평면 한정리 (지번 1 생략) 임야 320,109㎡ 중 155,200/320,109 지분에 관하여 대전지방법원 당진등기소 2008. 5. 14. 접수 제20429호로 마친 소유권이전등기의, 나. 원고 주식회사 명화금속은 가항 기재 부동산 중 44,438/320,109 지분에 관하여 같은 등기소 2008. 5. 14. 접수 제20430호로 마친 소유권이전등기의, 다. 원고 주식회사 고려호이스트는 가항 기재 부동산 중 20,568/320,109 지분에 관하여 같은 등기소 2008. 5. 14. 접수 제20431호로 마친 소유","대부금화사장례원공응운파종중’ 등으로 사용하여 오다가, 2006. 8. 7. ‘탐진최씨내금위어모장군행어난포만호공 소외 1종중’ 이라는 명칭으로 당진군으로부터 부동산등기용등록번호를 부여받았고, 2008. 5.경부터는 피고 1, 2, 4 보조참가인(이하 ‘보조참가인’이라고만 한다)과 같은 ‘탐진최씨중서령종중신평파종친회’를 그 명칭으로 사용하였다. (3) 이 사건 종중은 1971. 12. 8. 종산인 이 사건 임야를 피고 1에게 명의신탁 하여 그 명의로 소유권보존등기를 경료하였다가, 1973. 5. 18. 위 임야 중 8/9 지분을 피고 2, 3, 4를 포함한 종원 8인에게 명의신탁 하여 이들의 합유로 이전등기를 경료하였으며, 이후 위 8인 중",원문 참조,없음,"부동산, 토지, 임야, 매매, 매수, 매도, 매매계약, 매매대금, 잔금, 소유권이전, 소유권보존, 토지거래허가",전문 원문: https://www.law.go.kr/LSW/precInfoP.do?precSeq=148906,civil_sale_effect,민법 제568조 매매의 효력,civil_sale_effect|민법 제568조 매매의 효력
960,CASE_2023_00960,2023다247917,사해행위취소,대법원,2023-10-26,민사,판결,상고심,"원심판결 중 피고들 패소 부분을 파기하고, 이 부분 사건을 광주고등법원에 환송한다.","주채무자 또는 제3자 소유의 부동산에 관하여 채권자 앞으로 근저당권이 설정되어 있고, 그 부동산의 가액 및 채권최고액이 해당 채무액을 초과하여 채무 전액에 대하여 채권자에게 우선변제권이 확보되어 있는 경우, 채무자의 재산 처분행위가 사해행위인지 여부 (소극) / 채무액이 부동산의 가액 및 채권최고액을 초과하는 경우, 채권자취소권이 인정되는 범위(=담보물로부터 우선변제받을 금액을 뺀 나머지 채권액)","상고이유를 판단한다. 1. 주채무자 또는 제3자 소유의 부동산에 관하여 채권자 앞으로 근저당권이 설정되어 있고, 그 부동산의 가액 및 채권최고액이 해당 채무액을 초과하여 채무 전액에 대하여 채권자에게 우선변제권이 확보되어 있다면 그 범위 내에서는 채무자의 재산처분 행위가 채권자를 해하지 아니하므로, 채무자가 비록 유일한 재산을 처분하는 법률행위를 하더라도 채권자에 대하여 사해행위가 성립하지 않는다고 보아야 하고, 그 채무액이 부동산의 가액 및 채권최고액을 초과하는 경우에는 그 담보물로부터 우선변제받을 금액을 공제한 나머지 채권액에 대하여만 채권자취소권이 인정된다",민법 제406조 제1항,"대법원 2000. 12. 8. 선고 2000다21017 판결 (공2001상, 252), 대법원 2002. 11. 8. 선고 2002다41589 판결 (공2003상 46), 대법원 2009. 3. 26. 선고 2007다63102 판결 (공2009상, 547), 대법원 2014. 7. 10. 선고 2013다50763 판결","부동산, 임야, 매매, 매도, 매매계약, 소유권이전, 등기, 가등기, 근저당, 저당권, 담보, 파기",전문 원문: https://www.law.go.kr/LSW/precInfoP.do?precSeq=239509,civil_sale_effect,민법 제568조 매매의 효력,civil_sale_effect|민법 제568조 매매의 효력
961,CASE_1966_00961,66나316,저당권회복등기청구사건,광주고법,1966-10-05,민사,판결,2심,항소기각,1. 회복등기청구의 상대방 2. 저당권설정등기가 불법하게 말소되기 전에 그 부동산의 소유권을 취득한 자는 부동산등기법 제75조 에 의하여 당연히 동의의무가 있는지 여부,"1. 저당권자의 의사에 의하지 않고 어떠한 이유에 의하여 동 등기가 말소되었다면 그를 회복하여야 할 의무자는 바로 그 저당부동산의 제공자이지 저당채무자나 기타 사실상 불법말소를 한 사람 그 자신은 아니고, 또 그 저당부동산의 제공자는 그 저당등기를 회복하여야 할 지위에 있는 장본인이지 단순히 회복등기에 대하여 이해관계에 있는 제3자는 아니라 할 것이다. 2. 저당권설정등기가 불법하게 말소되기 전에, 그 부동산의 소유권을 취득한 자는, 그 말소된 저당권등기의 회복등기를 하는데 대하여, 부동산등기법 제75조의 소위 회복등기상 이해관계 있는 제3자로서, 특단의 사유가 없는 이상, 동의를 하여줄 의무가 있다고 할 것이다.",부동산등기법 제75조,"1971.8.31. 선고 71다1285 판결(판례카아드 9802호, 대법원판결집 19②민271, 판결요지집 부동산등기법 제50조(1) 698면) , 1969.3.18. 선고 68다1617 판결(판례카아드 210호, 대법원판결집 17①민309, 판결요지집 민법 제186조(137) 285면)","부동산, 토지, 농지, 매매, 소유권이전, 등기, 저당권, 담보, 강박, 사기, 기망, 위조",전문 원문: https://www.law.go.kr/LSW/precInfoP.do?precSeq=72096,civil_fraud_duress,민법 제110조 사기·강박에 의한 의사표시,civil_fraud_duress|민법 제110조 사기·강박에 의한 의사표시; civil_sale_effect|민법 제568조 매매의 효력
962,CASE_1978_00962,78나1248,부당이득금반환청구사건,서울고법,1978-11-22,민사,판결,2심,원고승소,근저당권설정등기가 원인무효로 됨으로 인하여 경락인이 경매부동산의 소유권을 잃게 된 경우 경매대금을 배당받은 채권자는 민법 제578조 에 의하여 담보책임이 있다.,경매부동산이 타인의 소유에 속하는 것이어서 경락인이 경매부동산의 소유권을 취득할 수 없게 되었다고 하더라도 형식상 적법한 경매절차에 의하여 채권자가 경락대금을 교부받은 이상 이는 부당이득이라 할 수 없으므로 경락인은 민법 제578조에 의하여 채무자에 대하여 경매절차에 의한 매매계약을 해제하고 채무자가 자력이 없는때에 한하여 경락대금을 교부받은 채권자에 대하여 교부받은 대금의 반환을 구할 수 있다 할 것이다.,"민법 제578조 , 제741조",없음,"부동산, 토지, 농지, 매매, 매도, 매매계약, 소유권이전, 등기, 근저당, 저당권, 담보, 경매",전문 원문: https://www.law.go.kr/LSW/precInfoP.do?precSeq=74526,civil_sale_effect,민법 제568조 매매의 효력,civil_sale_effect|민법 제568조 매매의 효력
963,CASE_1990_00963,90도153,"업무상배임,배임",대법원,1990-11-13,형사,판결,상고심,상고기각,가. 피고인이 부동산을 매도 후 그 매매계약을 해제하고 다시 제3자에게 매도하였으나 해제가 부적법한 경우 배임죄의 범의 유무 나. 부동산 2중양도를 내용으로 하는 배임죄의 공소사실에 관하여 법원이 일부를 다르게 인정하였으나 불고불리의 원칙에 위배되지 아니한다고 본 사례,가. 매도인이 부동산을 매도한 후 그 매매계약을 해제하고 이를 다시 제3자에게 매도한 경우에 그 매매계약의 해제가 해제요건을 갖추지 못하여 부적법하더라도 매도인이 그 해제가 적법한 것으로 믿고 그 믿음에 정당한 이유가 있다면 매도인에게 배임죄의 범의를 인정할 수 없는 것이지만 피고인이 들고 있는 계약해제사유가 적법한 것이 아니고 피고인이 이를 적법한 해제사유로 믿었거나 그 믿음에 정당한 사유가 있었다고 보여지지 아니하는 경우 피고인에게 배임의 범의가 있었다고 할 것이다. 나. 피고인의 방어권행사에 실질적인 불이익을 초래할 염려가 없는 경우에는 법원이 공소장변경절차를 거치지 아니하고 공소사실과 다르게 범죄사실을 인정하더라도 불고불리의 원칙에 위배되지 아니하므로 부동산 2중양...,"가.나. 형법 제355조 제2항 나. 형사소송법 제254조 , 제298조","나. 대법원 1987.7.21. 선고 87도546 판결(공1987,1427) , 1988.6.14. 선고 88도592 판결(공1988,1048) , 1990.3.13. 선고 90도94 판결(공1990,921) , 1990.6.8. 선고 89도1417 판결(공1990,1494)","부동산, 주택, 매매, 매도, 매매계약, 계약금, 소유권이전, 분양, 분양계약, 등기, 배임, 기각",전문 원문: https://www.law.go.kr/LSW/precInfoP.do?precSeq=196526,embezzlement_breach_of_trust,형법 제355조·제356조 횡령·배임,embezzlement_breach_of_trust|형법 제355조·제356조 횡령·배임; civil_sale_effect|민법 제568조 매매의 효력
964,CASE_2022_00964,2020다215124,손해배상[정수기 제조업자인 피고가 정수기에서 중금속인 니켈이 검출된 사실을 인지하였음에도 피고로부터 동종의 정수기를 임차 또는 매수하여 사용하는 원고들에게 니켈 검출 사실을 알리지 않은 사안에서 원고들이 피고의 고지의무 위반을 이유로 피고에게 위자료 지급을 구하는 사건],대법원,2022-05-26,민사,판결,상고심,상고기각,"[1] 계속적 계약의 일방 당사자가 계약을 이행하는 과정에서 상대방의 생명, 신체, 건강 등의 안전에 위해가 발생할 위험이 있는 경우, 계약 당사자가 그러한 위험이 있음을 상대방에게 미리 고지하여 상대방으로 하여금 위험을 회피할 적절한 방법을 선택할 수 있게 하거나 계약 당사자가 위험 발생 방지를 위한 합리적 조치를 함으로써 위험을 제거하였는지를 확인할 수 있게 할 의무가 있는지 여부 (적극) / 특히 고도의 기술이 집약된 제품을 대량으로 생산하는 제조업자에게 위와 같은 고지의무를 인정할 필요가 더욱 큰지 여부 (적극) [2] 甲 등이 乙 주식회사가 제조한 얼음정수기...","[1] 계약의 일방 당사자는 신의성실의 원칙상 상대방에게 계약의 효력에 영향을 미치거나 상대방의 권리 확보에 위험을 가져올 수 있는 사정 등을 미리 고지할 의무가 있다. 이러한 의무는 계약을 체결할 때뿐만 아니라 계약 체결 이후 이를 이행하는 과정에서도 유지된다. 당사자 상호 간의 신뢰관계를 기초로 하는 계속적 계약의 일방 당사자가 계약을 이행하는 과정에서 상대방의 생명, 신체, 건강 등의 안전에 위해가 발생할 위험이 있고 계약 당사자에게 그 위험의 발생 방지 등을 위하여 합리적 조치를 할 의무가 있는 경우, 계약 당사자는 그러한 위험이 있음을 상대방에게 미리 고지하여 상대방으로 하여금 그 위험을 회피할 적절한 방법을 선택할 수 있게 하거나 계약 당사자가 위험 발생 방지를...","[1] 민법 제2조 제1항 [2] 민법 제2조 제1항 , 제105조 , 제750조 , 제751조","[1] 대법원 2011. 8. 25. 선고 2011다43778 판결 (공2011하, 1932), 대법원 2014. 7. 24. 선고 2013다97076 판결 (공2014하, 1658)","임대차, 매매, 매수, 손해배상, 기각, 고지의무",전문 원문: https://www.law.go.kr/LSW/precInfoP.do?precSeq=221987,civil_lease_definition,민법 제618조 임대차의 의의,civil_nonperformance_damages|민법 제390조 채무불이행 손해배상; civil_sale_effect|민법 제568조 매매의 효력; civil_lease_definition|민법 제618조 임대차의 의의
965,CASE_1989_00965,87도2423,"사기,공정증서원본불실기재,공정증서원본불실기재행사",대법원,1989-03-14,형사,판결,상고심,파기환송,채증법칙위반을 이유로 원심판결을 파기한 사례,채증법칙위반을 이유로 원심판결을 파기한 사례,형사소송법 제308조,없음,"부동산, 건물, 매매, 매수, 매매계약, 소유권이전, 등기, 공정증서원본불실기재, 고소, 사기, 기망, 편취",전문 원문: https://www.law.go.kr/LSW/precInfoP.do?precSeq=104987,criminal_fraud,형법 제347조 사기죄,criminal_fraud|형법 제347조 사기죄; civil_fraud_duress|민법 제110조 사기·강박에 의한 의사표시; civil_sale_effect|민법 제568조 매매의 효력
966,CASE_1979_00966,77다1586,소유권이전등기말소등,대법원,1979-01-30,민사,판결,상고심,상고기각,위조된 학교법인 이사회의 회의록에 기하여 한 감독관청의 허가의 효력,학교법인이 그 소유의 부동산에 관하여 교환계약을 체결하고 이사회 의결이 없었음에도 그 회의록을 위조하여 동 계약에 대한 감독관청의 허가를 받은 경우에 감독관청의 허가 당시 이사회 의결이 부존재하였다는 사유만으로써 감독관청의 허가가 당연무효라고는 볼 수 없다.,"사립학교법 제28조 , 제16조",없음,"부동산, 토지, 건물, 매매, 매수, 매도, 소유권이전, 등기, 명의신탁, 고소, 사기, 위조",전문 원문: https://www.law.go.kr/LSW/precInfoP.do?precSeq=94156,civil_fraud_duress,민법 제110조 사기·강박에 의한 의사표시,civil_fraud_duress|민법 제110조 사기·강박에 의한 의사표시; civil_sale_effect|민법 제568조 매매의 효력
967,CASE_2020_00967,2019다280375,"근저당권말소[통정한 허위의 의사표시에 기하여 허위 가등기가 설정된 후 그 원인이 된 통정허위표시가 철회되었으나 그 외관인 허위 가등기가 제거되지 않고 잔존하는 동안에 가등기명의인인 소외인이 임의로 소유권이전의 본등기를 마친 다음, 다시 위 본등기를 토대로 원고에게 소유권이전등기가 마쳐진 사안에서, 원고가 민법 제108조 제2항 소정의 ‘제3자’에 해당하는지가 문제된 사건]",대법원,2020-01-30,민사,판결,상고심,파기환송,"[1] 민법 제108조 제2항 에서 상대방과 통정한 허위의 의사표시의 무효를 선의의 제3자에게 대항하지 못하게 한 취지 및 이때 ‘제3자’에 해당하는지 판단하는 기준 [2] 甲이 부동산 관리를 위해 乙에게 매매예약을 등기원인으로 소유권이전등기청구권 가등기를 마쳐주었고, 그 후 乙이 제기한 가등기에 기한 본등기의 이행을 구하는 소송이 공시송달로 진행된 결과 乙의 승소판결이 선고되어 외형상 확정되었으나, 甲이 추완항소를 제기하여 가등기의 등기원인인 매매예약이 甲과 乙의 통정한 허위의 의사표시에 의한 것으로 무효라는 이유로 제1심판결을 취소하고 乙의 청구를 기각하는 판결이...","[1] 상대방과 통정한 허위의 의사표시는 무효이고 누구든지 그 무효를 주장할 수 있는 것이 원칙이나, 허위표시의 당사자와 포괄승계인 이외의 자로서 허위표시에 의하여 외형상 형성된 법률관계를 토대로 실질적으로 새로운 법률상 이해관계를 맺은 선의의 제3자에 대하여는 허위표시의 당사자뿐만 아니라 그 누구도 허위표시의 무효를 대항하지 못하는 것인데, 허위표시의 무효를 선의의 제3자에게 대항하지 못하게 한 취지는 이를 기초로 하여 별개의 법률원인에 의하여 고유한 법률상의 이익을 갖는 법률관계에 들어간 자를 보호하기 위한 것이므로 제3자의 범위는 권리관계에 기초하여 형식적으로만 파악할 것이 아니라 허위표시행위를 기초로 하여 새로운 법률상 이해관계를 맺었는지 여부에 따라 실질적으로 파...",[1] 민법 제108조 [2] 민법 제108조,"[1] 대법원 2000. 7. 6. 선고 99다51258 판결(공2000하, 1861)","부동산, 매매, 매도, 소유권이전, 등기, 가등기, 근저당, 저당권, 담보, 허위, 기각, 파기",전문 원문: https://www.law.go.kr/LSW/precInfoP.do?precSeq=226049,civil_sale_effect,민법 제568조 매매의 효력,civil_sale_effect|민법 제568조 매매의 효력
968,CASE_2020_00968,2019누23845,아파트수분양권확인등,부산고등법원,2020-02-12,행정,판결,2심,항소기각,") 【제1심판결】 부산지방법원 2019. 8. 30. 선고 2018구합1498 판결 【변론종결】 2020. 1. 8. 【주 문】 1. 원고(선정당사자)의 항소를 기각한다. 2. 항소비용은 원고(선정당사자) 및 선정자들이 부담한다. 【청구취지 및 항소취지】 제1심판결 중 원고(선정당사자) 및 선정자들에 대한 부분을 취소한다. 주위적으로, 피고가 2018. 7. 5. 부산광역시 동래구청장으로부터 인가받은 ○○○○○ 주택재개발정비사업에 관한 관리처분계획은 무효임을 확인한다. 예비적으로, 피고가 2018. 7. 5. 부산광역시 동래구청장으로부터 인가받은 ○○○○○ 주택재개발",", 제201호, 제203호, 제301호, 제302호, 제304호, 제401호, 제402호, 제403호, 제501호, 제502호 등 13세대에 관하여 부산지방법원 등기과 2008. 1. 31. 접수 제5538호로 2007. 7. 12. 협의분할에 의한 상속을 원인으로 한 소유권이전등기를 마쳤다. ⑶ 제1심 공동원고 13(선정자 7)으로부터, ① 제1심 공동원고 1은 이 사건 집합건물 중 제101호에 관하여 부산지방법원 등기과 2014. 6. 11. 접수 제32680호로 2014. 6. 11. 강제경매로 인한 매각을 원인으로 하는 소유권이전등기를, ② 제1심 공동원고 2는 이 사건 집합건물 중 제102호에 관하여 부산지방법원 등기과 2015",원문 참조,없음,"주택, 아파트, 토지, 건물, 매매, 매수, 소유권이전, 분양, 조합원, 분양권, 등기, 경매",전문 원문: https://www.law.go.kr/LSW/precInfoP.do?precSeq=234293,civil_sale_effect,민법 제568조 매매의 효력,civil_sale_effect|민법 제568조 매매의 효력
969,CASE_1966_00969,65나549,부동산소유권이전등기말소청구사건,서울고법,1966-01-25,민사,판결,2심,항소기각,관리청의 적법한 용도폐지 결정이 없는 행정재산 처분의 효력,관리청의 적법한 용도폐지의 결정이 없는 한 행정재산은 이를 처분할 수 없는 것임에도 서울 관재국과 피고 사이에 본건 토지(학교부지)에 관한 매매계약을 하였음은 위법이며 따라서 당연무효라 할 것이다.,국유재산법 제18조,"1966.5.17. 선고 66다488 판결 (판례카아드 1331호, 대법원판결집 14②민16, 판결요지집 국유재산법 제15조(1) 88면)","부동산, 토지, 임야, 건물, 매매, 매매계약, 소유권이전, 등기, 저당권, 강박, 기각, 취소",전문 원문: https://www.law.go.kr/LSW/precInfoP.do?precSeq=232489,civil_fraud_duress,민법 제110조 사기·강박에 의한 의사표시,civil_fraud_duress|민법 제110조 사기·강박에 의한 의사표시; civil_sale_effect|민법 제568조 매매의 효력
970,CASE_2024_00970,2022가단5382472,공제금등청구의소,서울중앙지방법원,2024-02-02,민사,판결,1심,일부인용,"11. 1. 원고 회사에게 영등포구 (이하 생략) 소재 □□□ 다세대주택(이하 ‘이 사건 주택’) 중 (호수 1 생략)(이하 ‘이 사건 (호수 1 생략)’)을 ‘임대차기간: 2017. 12. 5.~2019. 12. 4., 임대차보증금: 60,000,000원’으로 정하여, 2017. 12. 19. 원고 2에게 이 사건 주택 중 (호수 2 생략)을 ‘임대차기간: 2017. 12. 20.~2019. 12. 19., 임대차보증금: 60,000,000원’으로 정하여 각 임대하였다(이하 합하여 ‘이 사건 계약’). 2) 피고보조참가인(이하 ‘참가인’)은 이 사건 계약을 중개한","11. 1. 원고 회사에게 영등포구 (이하 생략) 소재 □□□ 다세대주택(이하 ‘이 사건 주택’) 중 (호수 1 생략)(이하 ‘이 사건 (호수 1 생략)’)을 ‘임대차기간: 2017. 12. 5.~2019. 12. 4., 임대차보증금: 60,000,000원’으로 정하여, 2017. 12. 19. 원고 2에게 이 사건 주택 중 (호수 2 생략)을 ‘임대차기간: 2017. 12. 20.~2019. 12. 19., 임대차보증금: 60,000,000원’으로 정하여 각 임대하였다(이하 합하여 ‘이 사건 계약’). 2) 피고보조참가인(이하 ‘참가인’)은 이 사건 계약을 중개한 공인중개사이고, 피고는 참가인이 가입해 있는 부동산공제조합이다(이하 ‘이",원문 참조,없음,"부동산, 주택, 다가구, 다세대, 중개대상물, 임대차, 전세, 보증금, 전세금, 임대인, 임차인, 전세권",전문 원문: https://www.law.go.kr/LSW/precInfoP.do?precSeq=614359,realtor_prohibited_acts,공인중개사법 제33조 금지행위,civil_nonperformance_damages|민법 제390조 채무불이행 손해배상; civil_lease_definition|민법 제618조 임대차의 의의; realtor_prohibited_acts|공인중개사법 제33조 금지행위
971,CASE_2025_00971,2024다268508,임대차보증금,대법원,2025-08-14,민사,판결,상고심,파기환송,"[1] 임대차계약의 주된 목적이 주택을 사용·수익하려는 것이 아니고 대항력 있는 임차인으로 보호받아 후순위권리자 기타 채권자보다 우선하여 채권을 회수하려는 것인 경우, 주택임대차보호법상의 대항력이 있는지 여부 (소극) [2] 주택임대차보호법 제3조 제1항 에서 정한 ‘주민등록’이 대항력의 요건을 충족시킬 수 있는 공시방법이 되기 위한 요건 [3] 甲이 주택을 임차하여 주민등록을 마친 후 임대차계약서에 확정일자를 받았고, 乙은 위 주택에 관하여 매매예약을 원인으로 한 소유권이전청구권가등기를 마쳤으며, 그 후 위 주택에 대한 강제경매절차에서 소유권을 취득한 丙이 甲과 임...","상고이유를 판단한다. 1. 원심의 판단 원심은 판시와 같이, 이 사건 주택에 관하여 소외 1의 임차권이 대항력을 갖춘 뒤 소외 2 명의의 소유권이전청구권가등기가 이루어졌고 다시 원고가 소외 1로부터 임차권을 양수한 뒤 주택임대차보호법 제3조 제1항 이 정한 대항력을 갖추었다는 이유로, 이 사건 주택의 소유권을 취득하여 임대인 지위를 승계한 피고는 원고에게 임대차보증금을 반환할 의무가 있다고 판단하였다. 2. 대법원의 판단 그러나 이러한 원심의 판단은 다음과 같은 이유로 받아들이기 어렵다. 가. 주택임대차보호법(이하 ‘법’이라 한다)의 입법 목적은 주거용건물에 관하여 민법에","[1] 주택임대차보호법 제1조 , 제3조 제1항 , 제3조의2 제2항 [2] 주택임대차보호법 제3조 제1항 [3] 주택임대차보호법 제1조 , 제3조 제1항 , 제3조의2 제2항","[1] 대법원 2001. 5. 8. 선고 2001다14733 판결 (공2001하, 1362), 대법원 2003. 7. 22. 선고 2003다21445 판결 (공2003하, 1777) / [2] 대법원 1999. 4. 23. 선고 98다32939 판결 (공1999상, 993), 대법원 2000. 2. 11. 선고 99다59306 판결 (공2000상, 688)","주택, 건물, 주거용건물, 임대차, 보증금, 임차권, 임대인, 임차인, 주택임대차, 임대차계약, 매매, 소유권이전",전문 원문: https://www.law.go.kr/LSW/precInfoP.do?precSeq=615697,civil_lease_definition,민법 제618조 임대차의 의의,civil_sale_effect|민법 제568조 매매의 효력; civil_lease_definition|민법 제618조 임대차의 의의
972,CASE_2010_00972,"2009가합1075,1280,2375",계약금등반환,청주지법,2010-05-26,민사,판결,1심,일부인용,"[1] 상가 분양계약 체결과정에서 해외유명브랜드 매장 입점에 관한 과장 광고, 임대수익보장 확약, 임대보증금으로 중도금을 대체해 주기로 한 약정 및 신축 상가건물의 설계변경 등을 이유로 한 분양계약의 해제 또는 취소를 인정할 수 없다고 한 사례 [2] 분양받은 상가에 존재하는 기둥의 위치와 면적에 비추어 볼 때 기둥이 시야를 차단할 뿐 아니라 고객과 영업주의 동선에 중대한 제한을 초래하는 경우, 분양자가 이에 관하여 설명 또는 고지하지 아니하여 수분양자들이 당초에 분양계약을 통하여 계획했던 본래의 목적을 달성할 수 없게 되었다면 이를 이유로 위 상가에 관한 분양계약을...","[1] 상가 분양계약 체결과정에서 해외유명브랜드 매장 입점에 관한 과장 광고, 임대수익보장 확약 및 임대보증금으로 중도금을 대체해 주기로 한 점 등을 인정할 수 있으나, 이러한 사정은 청약의 유인에 불과할 뿐 분양계약의 내용이 된다고 할 수 없고, 위 신축 상가건물의 설계변경 등으로 인한 상가 수의 증가 등이 분양계약의 체결 여부에 영향을 미칠 만큼 분양계약의 중요한 부분에 해당한다고 할 수 없으므로, 위와 같은 사정들을 이유로 한 분양계약 해제를 인정할 수 없고, 한편 위와 같은 사정들이 거래의 중요한 사항에 관하여 구체적 사실을 신의성실의 의무에 비추어 비난받을 정도의 방법으로 허위로 고지함으로써 사회적으로 용인될 수 있는 상술의 정도를 넘는 기망행위에 해당한다거나 그...","[1] 민법 제110조 제1항 , 제543조 , 제544조 , 제546조 , 건축물 분양에 관한 법률 제7조 [2] 민법 제2조 , 제544조",없음,"상가, 건물, 임대차, 보증금, 임차인, 계약금, 중도금, 잔금, 공유지분, 분양, 분양대금, 분양계약",전문 원문: https://www.law.go.kr/LSW/precInfoP.do?precSeq=144364,civil_fraud_duress,민법 제110조 사기·강박에 의한 의사표시,civil_fraud_duress|민법 제110조 사기·강박에 의한 의사표시; civil_sale_effect|민법 제568조 매매의 효력; civil_lease_definition|민법 제618조 임대차의 의의
973,CASE_2024_00973,2023가단124967,보증금반환,서울북부지법,2024-05-21,민사,판결,1심,청구기각,"甲과 임대차계약을 체결하고 甲 소유 아파트에 입주한 乙이 위층 세대와의 층간소음 문제를 이유로 甲에게 임대차계약의 합의해지를 요구하였다가 거절당하자, 입주 후 지속적으로 ‘공동주택 층간소음의 범위와 기준에 관한 규칙’이 정한 기준을 초과하는 층간소음이 발생하여 임차인이 정신적 고통을 받고 있는데도 임대인인 甲이 아무런 조치를 취하지 않아 계약 존속 중 사용·수익에 필요한 상태를 유지하게 할 의무와 수선의무를 위반하였다며 甲을 상대로 임대차계약을 해지한다는 의사표시를 하고 보증금 반환을 구한 사안에서, 층간소음과 같은 외부적 요인과 관련된 장해는 관련 법령에서 정한 기...","甲과 임대차계약을 체결하고 甲 소유 아파트에 입주한 乙이 위층 세대와의 층간소음 문제를 이유로 甲에게 임대차계약의 합의해지를 요구하였다가 거절당하자, 입주 후 지속적으로 ‘공동주택 층간소음의 범위와 기준에 관한 규칙’이 정한 기준을 초과하는 층간소음이 발생하여 임차인이 정신적 고통을 받고 있는데도 임대인인 甲이 아무런 조치를 취하지 않아 계약 존속 중 사용·수익에 필요한 상태를 유지하게 할 의무와 수선의무를 위반하였다며 甲을 상대로 임대차계약을 해지한다는 의사표시를 하고 보증금 반환을 구한 사안이다. 임대인에게는 임대차 존속기간 중 목적물을 임차인의 사용·수익에 필요한 상태로 유지시킬 적극적 의무와 임차목적물의 파손이나 기타 장해가 발생하여 임차인이 임차목적물을 사용·수익...","민법 제623조 , 구 주택건설촉진법(2003. 5. 29. 법률 제6916호 주택법으로 전부 개정되기 전의 것) 제31조 (현행 주택법 제35조 참조), 공동주택관리법 제2조 제1항 제7호 , 제20조 , 구 주택건설기준 등에 관한 규정(2005. 6. 30. 대통령령 제18929호로 개정되기 전의 것) 제14조 제3항 (현행 제14조의2 제2호 참조), 공동주택 층간소음의 범위와 기준에 관한 규칙 제3조 [별표]",없음,"부동산, 주택, 아파트, 오피스텔, 임대차, 보증금, 임대인, 임차인, 임대차계약, 임차보증금, 기각, 반환",전문 원문: https://www.law.go.kr/LSW/precInfoP.do?precSeq=614527,civil_lease_definition,민법 제618조 임대차의 의의,civil_lease_definition|민법 제618조 임대차의 의의
974,CASE_1998_00974,97다45532,소유권이전등기,대법원,1998-02-27,민사,판결,상고심,상고기각,"[1] 채권자대위소송 사이에서의 중복제소금지는 전소가 적법한 경우에만 적용되는지 여부 (소극) [2] 대리인이 부동산을 이중으로 매수한 경우, 그 매매계약이 반사회적 법률행위인지 여부의 판단 기준이 되는 자 [3] 소유권이전등기청구권에 대한 처분금지가처분이 있은 후 채무자가 제3채무자를 상대로 소유권이전등기청구소송을 제기하는 경우, 법원의 인용 가부(해제조건부 인용) [4] 서증제출 및 증인신청으로써 간접적 주장이 있는 것으로 본 사례","[1] 중복제소금지는 소송계속으로 인하여 당연히 발생하는 소송요건의 하나로서, 이미 동일한 사건에 관하여 전소가 제기되었다면 설령 그 전소가 소송요건을 흠결하여 부적법하다고 할지라도 후소의 변론종결시까지 취하·각하 등에 의하여 소송계속이 소멸되지 아니하는 한 후소는 중복제소금지에 위배하여 각하를 면치 못하게 되는바, 이와 같은 법리는 어느 채권자가 채무자를 대위하여 제3채무자를 상대로 제기한 채권자대위소송이 법원에 계속중 다른 채권자가 같은 채무자를 대위하여 제3채무자를 피고로 하여 동일한 소송물에 관하여 소송을 제기한 경우에도 적용된다. [2] 대리인이 본인을 대리하여 매매계약을 체결함에 있어서 매매대상 토지에 관한 저간의 사정을 잘 알고 그 배임행위에 가담하였다면, 대...","[1] 민사소송법 제234조 [2] 민법 제103조 , 제116조 [3] 민사소송법 제577조 , 제714조 [4] 민사소송법 제188조","[1] 대법원 1989. 4. 11. 선고 87다카3155 판결 (공1989, 737), 대법원 1992. 5. 22. 선고 91다41187 판결 (공1992, 1968), 대법원 1994. 2. 8. 선고 93다53092 판결 (공1994상, 1010), 대법원 1994. 11. 25. 선고 94다12517, 12524 판결(공1995상, 87) / [2] 대법원 1987. 7. 7. 선고 86다카1004 판결 (공1987, 1292), 대법원 1996. 2. 13. 선고 95다41406 판결...","부동산, 주택, 토지, 건물, 매매, 매수, 매도, 매매계약, 매매대금, 소유권이전, 분양, 분양계약",전문 원문: https://www.law.go.kr/LSW/precInfoP.do?precSeq=116380,civil_sale_effect,민법 제568조 매매의 효력,civil_sale_effect|민법 제568조 매매의 효력
975,CASE_2000_00975,98다60422,소유권이전등기,대법원,2000-08-22,민사,판결,상고심,상고기각,[1] 행정청이 아닌 도시계획사업 시행자가 공공용지의취득및손실보상에관한특례법상의 공공사업 시행자로서 토지의 협의취득이 가능하기 위한 요건 [2] 공공용지의취득및손실보상에관한특례법에 기한 토지의 협의취득을 공공사업 시행자가 시장·군수 등에게 위탁할 수 있는지 여부 (한정 적극) [3] 공공용지의취득및손실보상에관한특례법에 기한 협의취득의 효력발생요건 [4] 관할 지방자치단체가 관광지개발사업과 중첩적으로 시행되는 도시계획사업을 공공사업으로 삼아 그 스스로 공공사업 시행자의 지위에서 공공용지의취득및손실보상에관한특례법에 기한 토지의 협의매수에 임하였다고 볼 소지가 충분함에도...,"[1] 공공용지의취득및손실보상에관한특례법에 기한 협의취득을 하기 위해서는 매수인은 공공사업을 시행하는 자이어야 하고( 같은 특례법 제2조 제3호 , 제3조 ), 공공사업은 토지수용법 제3조 의 규정에 의하여 토지 등을 수용 또는 사용할 수 있는 사업이어야 하는데( 같은 특례법 제2조 제2호 ), 도시계획사업 시행자는 도시계획사업에 필요한 토지를 수용할 수 있으므로 도시계획사업은 위 공공사업이 된다 할 것이나{ 토지수용법 제3조 제8호 , 구 도시계획법(1989. 12. 30. 법률 제4175, 4183호로 개정되기 전의 것) 제29조 제1항 , 제30조 제1항 }, 행정청이 아닌 자가 도시계획사업을 시행하기 위해서는 건설부장관의 승인을 받은 관할 시장 또는 군수의 허가를...","[1] 구 도시계획법(1989. 12. 30. 법률 제4175, 4183호로 개정되기 전의 것) 제24조 (현행 제59조 ), 제29조 제1항 (현행 제67조 제1항 ), 제30조 (현행 제68조 ), 공공용지의취득및손실보상에관한특례법 제2조 제2호 , 제3호 , 제3조 , 토지수용법 제3조 제8호 [2] 공공용지의취득및손실보상에관한특례법 제2조 제3호 , 제8조 제4항 , 구 관광단지개발촉진법(1986. 12. 31. 법률 제3910호 부칙 제2조에 의하여 폐지) 제6조 , 주택건설촉진법 제35...","[3] 헌법재판소 1994. 2. 24. 선고 92헌가15 내지 17, 20 내지 24 결정(헌공5, 191)","주택, 토지, 매매, 매수, 매도, 매매계약, 소유권이전, 등기, 강박, 기각, 파기",전문 원문: https://www.law.go.kr/LSW/precInfoP.do?precSeq=229113,civil_fraud_duress,민법 제110조 사기·강박에 의한 의사표시,civil_fraud_duress|민법 제110조 사기·강박에 의한 의사표시; civil_sale_effect|민법 제568조 매매의 효력
976,CASE_1978_00976,77나130,토지소유권이전등기말소등기청구사건,광주고법,1978-02-16,민사,판결,2심,항소기각,소송목적을 위한 신탁이라고 인정된 경우,원고는 피고의 불법행위로 인하여 이건 건물을 빼앗기게 되어 피고로부터 그 피해를 회복받으려 했고 피고는 그 피해를 회복시키려고 가장매매에 기하여 이건 대지에 관한 소유명의를 그의 앞으로 이전한 사실 이건 대지에 관한 매매계약의 내용이 우리의 경험칙상 정상적인 매매라고 보기 어려운 사실 당사자 사이에 위 소유권이전에 대한 대가관계가 있음을 찾아 볼 수 없는 사실 피고는 이건 건물 소유자등과 재판 외에서 화해시도등의 노력을 함이 없이 여러 소송을 제기한 사실 피고는 민·형사상의 소송관계에 접한 일이 많은 사실등이 인정되는 경우 피고 앞으로의 이건 대지에 관한 소유권이전등기의 목적은 피고로 하여금 이건 건물 철거등 소송을 하게 하는 것 자체가 그 주요한 부분을 구성하고 있다고...,신탁법 제7조,"1978.5.9. 선고 78다411 판결, 1970.3.31. 선고 70다55 판결 (판례카아드 5953호, 대법원판결집 18①민303, 판결요지집 신탁법 제7조(2)658면)","부동산, 주택, 토지, 건물, 매매, 매수, 매매계약, 계약금, 중도금, 잔금, 소유권이전, 등기",전문 원문: https://www.law.go.kr/LSW/precInfoP.do?precSeq=237487,civil_sale_effect,민법 제568조 매매의 효력,civil_nonperformance_damages|민법 제390조 채무불이행 손해배상; civil_sale_effect|민법 제568조 매매의 효력
977,CASE_1988_00977,88도517,"공정증서원본불실기재,동행사,부동산소유권이전등기등에관한특별조치법위반",대법원,1988-11-08,형사,판결,상고심,상고기각,"부동산소유권이전등기등에관한특별조치법 소정의 보증서와 확인서에 기재된 매수일자가 실제의 날짜와 다르다는 사실만으로는 동법 소정의 ""허위""에 해당한다고 볼 수 없다고 한 사례","부동산소유권이전등기등에관한특별조치법 소정의 보증서나 확인서에 기재된 매수일자가 실제의 날짜와 다르다는 사실만으로는 동법 소정의 ""허위""에 해당한다고 볼 수 없다고 한 사례",부동산소유권이전등기등에관한특별조치법 제13조,없음,"부동산, 토지, 매수, 소유권이전, 등기, 공정증서원본불실기재, 고소, 허위, 무죄, 기각, 불실기재",전문 원문: https://www.law.go.kr/LSW/precInfoP.do?precSeq=104613,civil_sale_effect,민법 제568조 매매의 효력,civil_sale_effect|민법 제568조 매매의 효력
978,CASE_2008_00978,"2006나57522,2006나57539(병합),2006나57546(병합),2006나57553(병합)",임대차보증금반환등,서울고등법원,2008-05-02,민사,판결,2심,항소기각,"치는 외에는 해당부분 기재와 같으므로, 민사소송법 제420조 에 의하여 이를 인용한다. 2. 주위적( 대법원 판결의 원고 47, 48은 단순병합) 청구원인인 공동불법행위 주장에 대한 판단 가. 원고들 주장의 요지 (1) 피고 2 주식회사는 피고 인천국제공항공사(이하 ‘피고 공항공사’라 한다)가 이 사건 상업시설에 항공체험시설과 전망대를 설치하고 이 사건 상업시설을 경유하는 PMS(People Mover System, 모노레일)를 설치하는 것에 관하여 확약을 받은 바 없음에도, 고액의 임대료를 편취하기 위하여 항공체험시설과 전망대 및 PMS 설치가 확정된 것처럼 홍보하","치는 외에는 해당부분 기재와 같으므로, 민사소송법 제420조 에 의하여 이를 인용한다. 2. 주위적( 대법원 판결의 원고 47, 48은 단순병합) 청구원인인 공동불법행위 주장에 대한 판단 가. 원고들 주장의 요지 (1) 피고 2 주식회사는 피고 인천국제공항공사(이하 ‘피고 공항공사’라 한다)가 이 사건 상업시설에 항공체험시설과 전망대를 설치하고 이 사건 상업시설을 경유하는 PMS(People Mover System, 모노레일)를 설치하는 것에 관하여 확약을 받은 바 없음에도, 고액의 임대료를 편취하기 위하여 항공체험시설과 전망대 및 PMS 설치가 확정된 것처럼 홍보하여 원고들을 기망하였고, 이 사건 상업시설의 각 점포를 전대할 경우 연",원문 참조,없음,"부동산, 임대차, 보증금, 임차권, 임대차계약, 등기, 편취, 불법행위, 반환",전문 원문: https://www.law.go.kr/LSW/precInfoP.do?precSeq=139668,civil_fraud_duress,민법 제110조 사기·강박에 의한 의사표시,civil_fraud_duress|민법 제110조 사기·강박에 의한 의사표시; civil_nonperformance_damages|민법 제390조 채무불이행 손해배상; civil_lease_definition|민법 제618조 임대차의 의의
979,CASE_2013_00979,2012다79347,약정금,대법원,2013-06-27,민사,판결,상고심,상고기각,"채무자 소유의 수개의 부동산에 관하여 채권자들을 선순위 또는 후순위 우선수익자로 한 담보신탁계약이 체결되어 있는 경우, 선순위 수익자가 어느 부동산의 처분대금에서 자신의 채권을 회수할 때 각 부동산에 존재하는 후순위 우선수익자들 사이의 형평을 고려하여야 하는지 여부 (원칙적 소극)","채무자 소유의 수개의 부동산에 관하여 채권자들을 선순위 또는 후순위 우선수익자로 한 담보신탁계약이 체결되어 있는 경우, 당사자 사이의 약정 등 특별한 사정이 없는 한, 선순위 우선수익자가 어느 부동산의 처분대금에서 자신의 채권을 회수함에 있어 각 부동산에 존재하는 후순위 우선수익자들 사이의 형평까지 고려하여야 할 제약을 받는다고 볼 근거는 없다. 그리고 설령 선순위 우선수익자가 특정 부동산에서 다액의 채권을 회수함으로써 후순위 우선수익자들 사이에서 불공평한 결과가 발생하였다고 하더라도, 그러한 사정만으로 선순위 우선수익자가 특정 후순위 우선수익자에 대한 관계에서 부당이득을 취하였다고 볼 수도 없다.","민법 제368조 , 제741조",없음,"부동산, 주택, 토지, 건물, 매도, 소유권이전, 분양, 분양대금, 등기, 담보, 신탁부동산, 배당",전문 원문: https://www.law.go.kr/LSW/precInfoP.do?precSeq=170168,civil_sale_effect,민법 제568조 매매의 효력,civil_sale_effect|민법 제568조 매매의 효력
980,CASE_2017_00980,2016나57631,보증금반환청구의소,광주지방법원,2017-04-14,민사,판결,2심,청구기각,"002. 8. 15. 망 소외 1(이하 ‘망인’이라 한다)로부터 광주 동구 (주소 생략) 지상 건물(이하 ‘이 사건 건물’이라 한다) 중 2층 부분을 차임 없이 보증금 1,800만 원, 기간 2002. 8. 18.부터 2004. 8. 17.까지로 정하여 임차(이하 ‘이 사건 임대차’라 한다)하고, 2002. 8. 18.경까지 망인에게 보증금 합계 1,800만 원을 지급하였다. 나. 원고는 이 사건 임대차계약의 임대차기간이 만료된 이후 망인에게 임대차보증금의 반환을 요구하였으나, 망인이 이를 반환해 주지 않자 2005. 6. 28. 이 사건 건물 중 2층 부분에 관하여","002. 8. 15. 망 소외 1(이하 ‘망인’이라 한다)로부터 광주 동구 (주소 생략) 지상 건물(이하 ‘이 사건 건물’이라 한다) 중 2층 부분을 차임 없이 보증금 1,800만 원, 기간 2002. 8. 18.부터 2004. 8. 17.까지로 정하여 임차(이하 ‘이 사건 임대차’라 한다)하고, 2002. 8. 18.경까지 망인에게 보증금 합계 1,800만 원을 지급하였다. 나. 원고는 이 사건 임대차계약의 임대차기간이 만료된 이후 망인에게 임대차보증금의 반환을 요구하였으나, 망인이 이를 반환해 주지 않자 2005. 6. 28. 이 사건 건물 중 2층 부분에 관하여 광주지방법원 2005카기1092호 임차권등기명령을 원인으로 한 주택임차",원문 참조,없음,"주택, 건물, 임대차, 보증금, 임차권, 임대차계약, 등기, 임차권등기, 기각, 반환, 취소",전문 원문: https://www.law.go.kr/LSW/precInfoP.do?precSeq=207561,civil_lease_definition,민법 제618조 임대차의 의의,civil_lease_definition|민법 제618조 임대차의 의의
981,CASE_2017_00981,2017다206328,소유권말소등기,대법원,2017-08-24,민사,판결,상고심,상고기각,"[1] 자유심증주의의 한계 [2] 甲 주식회사가 乙 주식회사에 실제 공급한 제품의 수량보다 훨씬 많은 수량을 공급한 것으로 세금계산서를 발급하여 매매대금을 지급받았는데, 乙 회사가 세금계산서 초과 발급분이 가공매출에 해당함을 전제로 그 가액 상당의 손해배상을 구한 사안에서, 제품을 공급하고서도 대금을 지급받지 않은 종전 세금계산서 미발급분 거래의 존재를 인정하여 세금계산서 초과 발급분이 위 거래의 대금을 청구하기 위한 것으로서 가공매출에 해당하지 않는다고 본 원심판단에 자유심증주의의 한계를 벗어난 위법이 있다고 한 사례 [3] 채권자의 행위 내지 의사표시의 해석에 의...","유심증주의의 한계를 벗어나지 아니하여 적법하게 확정한 사실은 상고법원을 기속한다( 같은 법 제432조 ). 원심은 판시와 같은 이유로, (1) 이 사건 부동산의 매매계약은 이사의 자기거래에 해당하고 또한 원고의 영업의 중요한 일부 양도에 해당함에도 당시 원고의 주주총회의 특별결의 또는 승인을 거치지 아니하여 무효라고 판단하여, 피고가 원고에게 위 매매계약을 원인으로 한 소유권이전등기의 말소등기절차를 이행할 의무가 있다고 인정하고, (2) 2014. 10. 31.을 기준으로 피고가 원고로부터 206,130,000원을 선급금 등 명목으로 과다하게 인출하였다고 인정하며, 이와 달리 2014. 10. 원고가 현대자동차 등에 납품한 물품에 상응하","[1] 민사소송법 제202조 [2] 민사소송법 제202조 [3] 민법 제105조 , 제506조 , 민사소송법 제202조","[1] 대법원 1982. 8. 24. 선고 82다카317 판결 (공1982, 877), 대법원 2012. 4. 13. 선고 2009다77198, 77204 판결(공2012상, 763) / [2] 대법원 2010. 10. 14. 선고 2010다40505 판결 (공2010하, 2088)","부동산, 매매, 매매계약, 매매대금, 소유권이전, 등기, 허위, 횡령, 손해배상, 기각, 파기, 반환",전문 원문: https://www.law.go.kr/LSW/precInfoP.do?precSeq=195430,civil_sale_effect,민법 제568조 매매의 효력,civil_nonperformance_damages|민법 제390조 채무불이행 손해배상; civil_sale_effect|민법 제568조 매매의 효력
982,CASE_1962_00982,4293민공1983,부동산소유권이전등기말소청구사건,서울고법,1962-04-12,민사,판결,미상,본건 공소를 기각한다. 공소비용은 공소인(원고)의 부담으로 한다.,승려의 유산상속은 민법규정에 따를 것이 아니라 관습법에 따라야 한다.,승려의 유산상속은 피상속자인 승려의 실자(實子)등 민법소정의 상속순위자가 있는 경우에도 동 실자등 민법소정의 상속순위자에게 상속되는 것이 아니라 1959년 당시의 승려의 유산상속에 관한 관습법에 따라 피상속자인 승려의 제자중 상좌에게 상속되는 것이다.,민법 제1000조,"1966.4.6. 선고 66다208 판결 (요 조민령(폐) 11조(7) 636면, 카1350 집14①민180)","부동산, 건물, 매매, 매수, 소유권이전, 등기, 가등기, 강박, 협박, 감금, 기망, 허위",전문 원문: https://www.law.go.kr/LSW/precInfoP.do?precSeq=232185,civil_fraud_duress,민법 제110조 사기·강박에 의한 의사표시,civil_fraud_duress|민법 제110조 사기·강박에 의한 의사표시; civil_sale_effect|민법 제568조 매매의 효력
983,CASE_1988_00983,87도2696,"공정증서 원본 불실기재,공정증서 원본 불실기재 행사,부동산 소유권 이전 등기등에 관한 특별 조치법 위반",대법원,1988-05-24,형사,판결,상고심,상고기각,가. 형법 제228조 에서 말하는 공정증서의 의의 나. 피고인의 항소로 원심이 파기된 경우 원심의 미결구금일수 산입여부,가. 형법 제228조 에서 말하는 공정증서란 권리의무에 관한 공정증서만을 가리키는 것이고 사실증명에 관한 것은 이에 포함되지 아니하므로 권리의무에 변동을 주는 효력이 없는 토지대장은 위에서 말하는 공정증서에 해당하지 아니한다. 나. 피고인들이 항소를 제기하여 원심에서 제1심판결을 파기하고 자판한 이 사건에 있어서는 피고인들에 대한 원심미결구금일수는 형사소송법 제482조 제1항 에 의하여 전부가 법정통산되는 것이므로 원심이 원심의 미결구금일수를 산입하지 아니한 조치는 정당하다.,가. 형법 제228조 /나. 형사소송법 제482조 제1항,"가. 대법원 1970.12.29. 선고 69도2059 판결, 1984.10.23. 선고 84도1217 판결","부동산, 토지, 소유권보존, 등기, 공정증서원본불실기재, 기각, 파기, 불실기재",전문 원문: https://www.law.go.kr/LSW/precInfoP.do?precSeq=159434,criminal_fraud,형법 제347조 사기죄,criminal_fraud|형법 제347조 사기죄
984,CASE_2013_00984,2010도10500,횡령,대법원,2013-02-21,형사,판결,상고심,상고기각,"[1] 선행 처분행위로 횡령죄가 기수에 이른 후 이루어진 후행 처분행위가 별도로 횡령죄를 구성하는지 여부 및 타인의 부동산을 보관 중인 자가 그 부동산에 근저당권설정등기를 마침으로써 횡령행위가 기수에 이른 후 같은 부동산에 별개의 근저당권을 설정하거나 해당 부동산을 매각한 행위가 별도로 횡령죄를 구성하는지 여부 (원칙적 적극) [2] 피해자 甲 종중으로부터 토지를 명의신탁받아 보관 중이던 피고인 乙이 개인 채무 변제에 사용할 돈을 차용하기 위해 위 토지에 근저당권을 설정하였는데, 그 후 피고인 乙, 丙이 공모하여 위 토지를 丁에게 매도한 사안에서, 피고인들의 토지 매...","[1] [다수의견] (가) 횡령죄는 다른 사람의 재물에 관한 소유권 등 본권을 보호법익으로 하고 법익침해의 위험이 있으면 침해의 결과가 발생되지 아니하더라도 성립하는 위험범이다. 그리고 일단 특정한 처분행위(이를 ‘선행 처분행위’라 한다)로 인하여 법익침해의 위험이 발생함으로써 횡령죄가 기수에 이른 후 종국적인 법익침해의 결과가 발생하기 전에 새로운 처분행위(이를 ‘후행 처분행위’라 한다)가 이루어졌을 때, 후행 처분행위가 선행 처분행위에 의하여 발생한 위험을 현실적인 법익침해로 완성하는 수단에 불과하거나 그 과정에서 당연히 예상될 수 있는 것으로서 새로운 위험을 추가하는 것이 아니라면 후행 처분행위에 의해 발생한 위험은 선행 처분행위에 의하여 이미 성립된 횡령죄에 의해...","[1] 형법 제355조 제1항 , 제2항 [2] 형법 제30조 , 제355조 제1항","[1] 대법원 1996. 11. 29. 선고 96도1755 판결 (공1997상, 264)(변경), 대법원 1997. 1. 20. 선고 96도2731 판결(변경), 대법원 1998. 2. 24. 선고 97도3282 판결 (공1998상, 948)(변경), 대법원 1999. 4. 27. 선고 99도5 판결 (공1999상, 1114)(변경), 대법원 1999. 11. 26. 선고 99도2651 판결 (공2000상, 109)(변경), 대법원 2000. 3. 24. 선고 2000도310 판결 (공2000상,...","부동산, 토지, 매도, 등기, 근저당, 저당권, 명의신탁, 경매, 횡령, 배임, 기각",전문 원문: https://www.law.go.kr/LSW/precInfoP.do?precSeq=190894,embezzlement_breach_of_trust,형법 제355조·제356조 횡령·배임,embezzlement_breach_of_trust|형법 제355조·제356조 횡령·배임; civil_sale_effect|민법 제568조 매매의 효력
985,CASE_2018_00985,2015다73098,임대차보증금,대법원,2018-12-27,민사,판결,상고심,"원심판결 중 피고 패소 부분을 파기하고, 이 부분 사건을 대구지방법원 본원 합의부에 환송한다.","[1] 당사자가 표시한 문언에 의하여 객관적인 의미가 명확하게 드러나지 않는 경우, 법률행위의 해석 방법 및 특히 당사자 일방이 주장하는 계약 내용이 상대방에게 중대한 책임을 부과하게 되는 경우에는 더욱 엄격하게 해석하여야 하는지 여부 (적극) / 이러한 이치는 거동에 의한 묵시적 법률행위에서도 마찬가지인지 여부 (적극) [2] 민법상 소비대차의 법적 성질(=낙성계약) 및 당사자 일방이 상대방에게 현실로 금전 기타 대체물의 소유권을 이전하였으나 상대방이 같은 종류, 품질 및 수량으로 반환할 것을 약정하지 않은 경우, 이들 사이의 법률행위를 소비대차라 할 수 있는지 여...","[1] 법률행위의 해석은 당사자가 표시행위에 부여한 객관적인 의미를 명백하게 확정하는 것으로서 당사자가 표시한 문언에 의하여 객관적인 의미가 명확하게 드러나지 않는 경우에는 문언의 내용과 법률행위가 이루어진 동기 및 경위, 당사자가 법률행위에 의하여 달성하려고 하는 목적과 진정한 의사, 거래의 관행 등을 종합적으로 고찰하여 사회정의와 형평의 이념에 맞도록 논리와 경험의 법칙, 그리고 사회일반의 상식과 거래의 통념에 따라 합리적으로 해석하여야 한다. 특히 당사자 일방이 주장하는 계약의 내용이 상대방에게 중대한 책임을 부과하게 되는 경우에는 더욱 엄격하게 해석하여야 한다. 이러한 이치는 거동에 의한 묵시적 법률행위에 있어서도 다르지 않다. [2] 민법상 소비대차는 당사자 일방...","[1] 민법 제105조 [2] 민법 제598조 [3] 민법 제105조 , 제598조","[1] 대법원 1992. 5. 26. 선고 91다35571 판결 (공1992, 1997), 대법원 2001. 1. 19. 선고 2000다33607 판결 (공2001상, 507) / [2] 대법원 1991. 4. 9. 선고 90다14652 판결 (공1991, 1343)","부동산, 주택, 아파트, 상가, 토지, 건물, 임대차, 전세, 보증금, 전세금, 월세, 임대차계약",전문 원문: https://www.law.go.kr/LSW/precInfoP.do?precSeq=204329,civil_lease_definition,민법 제618조 임대차의 의의,civil_lease_definition|민법 제618조 임대차의 의의
986,CASE_2021_00986,2020다241529,소유권방해배제등,대법원,2021-12-30,민사,판결,상고심,상고기각,"甲이 乙로부터 재래시장 중앙통로 한 편에 있는 건물의 1층 점포와 그 앞 노점시설을 임차하여 음식점을 운영하다가 임대차계약이 종료한 후 종전 노점 부분 중 일부를 포함하여 중앙통로변에 노점을 설치하고 영업을 계속하자 乙이 노점의 철거, 영업방해의 금지와 손해배상을 구한 사안에서, 乙이 사회통념상 일반적으로 인용되는 한도를 넘어 소유권 행사를 방해받거나 방해받을 염려가 있다고 보기 어렵고, 乙에게 노점 부분을 사용·수익할 수 있는 관습상 권리 또는 이른바 고양된 일반사용권을 인정할 수도 없다고 본 원심판결을 수긍한 사례","그 앞 노점시설을 임차하고 ‘○○횟집’이라는 상호로 음식점을 운영하였다. 원고는 소외 1이 사망하여 이 사건 건물을 상속받았고, 2012. 1. 1. 소외 2와 임대차계약을 다시 체결하였다. 원고는 임대차계약이 종료한 후 소외 2를 상대로 점포 인도 등을 청구하는 소를 제기하여 2017. 8. 17. ‘소외 2가 원고로부터 임대차보증금 2,500만 원을 지급받음과 동시에 원고에게 점포를 인도하고 노점 부분에 있는 가건물을 철거하라.’는 판결을 선고받았고(서울서부지방법원 2017나32910호), 위 판결은 그대로 확정되었다. 소외 2는 판결에 따라 원고에게 점포를 인도하고 가건물을 철거하였으나, 종전 노점 부분 중 일부를 포함하여 국가 소","민법 제214조 , 제750조",없음,"건물, 임대차, 보증금, 임대차계약, 손해배상, 기각",전문 원문: https://www.law.go.kr/LSW/precInfoP.do?precSeq=231515,civil_lease_definition,민법 제618조 임대차의 의의,civil_nonperformance_damages|민법 제390조 채무불이행 손해배상; civil_lease_definition|민법 제618조 임대차의 의의
987,CASE_2021_00987,2019나71440,소유권이전등기등,서울중앙지방법원,2021-02-16,민사,판결,2심,"1. 제1심판결 가운데 피고에 대하여 원고에게 금전 지급을 명한 부분을 취소하고, 위 취소 부분에 해당하는 원고의 청구와 이...",1. 이 법원의 심판 범위 제1심판결이 원고의 청구를 전부 받아들여 이 사건 부동산에 관한 소유권이전등기와 금전의 지급을 명한 데 대하여 피고는 금전의 지급을 명한 부분에 관하여만 항소하였으므로 이 법원의 심판 범위는 금전지급 청구와 원고가 이 법원에서 추가한 인도청구에 국한된다. 2. 기초 사실 가. 원고와 피고 사이의 매매계약 1) 원고는 2015. 9. 23.경 피고로부터 서울 중구 (주소 생략) 등의 토지 위에 있는 ○○○○○꽃도매상가(이하 ‘이 사건 상가건물’이라 한다) 가운데 별지 목록,"1. 이 법원의 심판 범위 제1심판결이 원고의 청구를 전부 받아들여 이 사건 부동산에 관한 소유권이전등기와 금전의 지급을 명한 데 대하여 피고는 금전의 지급을 명한 부분에 관하여만 항소하였으므로 이 법원의 심판 범위는 금전지급 청구와 원고가 이 법원에서 추가한 인도청구에 국한된다. 2. 기초 사실 가. 원고와 피고 사이의 매매계약 1) 원고는 2015. 9. 23.경 피고로부터 서울 중구 (주소 생략) 등의 토지 위에 있는 ○○○○○꽃도매상가(이하 ‘이 사건 상가건물’이라 한다) 가운데 별지 목록 기재 부동산(이하 ‘이 사건 부동산’이라 한다)에 관하여 매매대금 7,2",원문 참조,없음,"부동산, 상가, 토지, 건물, 매매, 매수, 매매계약, 매매대금, 계약금, 잔금, 소유권이전, 공유지분",전문 원문: https://www.law.go.kr/LSW/precInfoP.do?precSeq=217127,civil_sale_effect,민법 제568조 매매의 효력,civil_sale_effect|민법 제568조 매매의 효력
988,CASE_2015_00988,"2012다74175,74182,74199",건물명도·소유권이전등기절차이행등·소유권이전등기절차이행등,대법원,2015-01-15,민사,판결,상고심,상고기각,[1] 집합건물의 각 구분소유자가 건물의 대지 전부를 용도에 따라 사용할 수 있는지 여부 (원칙적 적극) 및 이때 ‘건물의 대지’는 집합건물이 소재하고 있는 1필의 토지 전부를 포함하는지 여부 (원칙적 적극) [2] 집합건물의 소유 및 관리에 관한 법률 제20조 를 위반한 대지사용권의 처분이 법원의 강제경매절차에 의한 경우 그 효력 (무효),"12, 피고 16의 상고이유에 대한 판단에 앞서 직권으로 판단한다. 각 구분소유자는 별도의 규약이 존재하는 등의 특별한 사정이 없는 한 그 대지에 대하여 가지는 공유지분의 비율에 관계없이 그 건물의 대지 전부를 용도에 따라 사용할 수 있는 적법한 권원을 가지고( 대법원 1995. 3. 14. 선고 93다60144 판결 참조), 이때 ‘건물의 대지’는 달리 특별한 사정이 없는 한 집합건물이 소재하고 있는 1필지의 토지 전부를 포함한다(대법원 2002. 12. 27. 선고 2002다16965 판결 참조). 그리고 집합건물의 부지 전체에 대하여 대지권이 성립한 이후에는 구분소유자의 대지사용권은 규약으로 달리 정한 경우가 아니면 전유부분과 분리","[1] 집합건물의 소유 및 관리에 관한 법률 제2조 제5호 , 제6호 , 제4조 제1항 , 민법 제263조 [2] 집합건물의 소유 및 관리에 관한 법률 제20조","[1] 대법원 1995. 3. 14. 선고 93다60144 판결 (공1995상, 1598), 대법원 2002. 12. 27. 선고 2002다16965 판결, 대법원 2013. 11. 14. 선고 2013다33577 판결 (공2013하, 2210) / [2] 대법원 2009. 6. 23. 선고 2009다26145 판결 (공2009하, 1187)","주택, 토지, 건물, 다세대, 대지권, 매매, 매수, 소유권이전, 소유권보존, 공유지분, 분양, 분양계약",전문 원문: https://www.law.go.kr/LSW/precInfoP.do?precSeq=192550,civil_sale_effect,민법 제568조 매매의 효력,civil_sale_effect|민법 제568조 매매의 효력
989,CASE_2003_00989,2003도1951,무고·사기미수,대법원,2003-07-22,형사,판결,상고심,파기환송,"부동산등기부상 소유자로 등기된 적이 있는 자가 자신 이후에 소유권이전등기를 경료한 등기명의인들을 상대로 허위의 사실을 주장하면서 소유권이전등기말소청구소송을 제기한 경우, 사기의 실행에 착수한 것으로 볼 수 있는지 여부 (적극)","이른바 소송사기는 법원을 기망하여 자기에게 유리한 재판을 얻고 이에 기하여 상대방으로부터 재물의 교부를 받거나 재산상 이익을 취득하는 것을 말하는 것인바, 부동산등기부상 소유자로 등기된 적이 있는 자가 자기 이후에 소유권이전등기를 경료한 등기명의인들을 상대로 허위의 사실을 주장하면서 그들 명의의 소유권이전등기의 말소를 구하는 소송을 제기한 경우 그 소송에서 승소한다면 등기명의인들의 등기가 말소됨으로써 그 소송을 제기한 자의 등기명의가 회복되는 것이므로 이는 법원을 기망하여 재물이나 재산상 이익을 편취한 것이라고 할 것이고 따라서 등기명의인들 전부 또는 일부를 상대로 하는 그와 같은 말소등기청구 소송의 제기는 사기의 실행에 착수한 것이라고 보아야 한다.",형법 제347조 제1항,없음,"부동산, 주택, 매매, 매도, 소유권이전, 등기, 가등기, 근저당, 저당권, 사기, 기망, 편취",전문 원문: https://www.law.go.kr/LSW/precInfoP.do?precSeq=82739,criminal_fraud,형법 제347조 사기죄,criminal_fraud|형법 제347조 사기죄; civil_fraud_duress|민법 제110조 사기·강박에 의한 의사표시; civil_sale_effect|민법 제568조 매매의 효력
990,CASE_2011_00990,2011도8873,특정경제범죄가중처벌등에관한법률위반(일부인정된죄명:사기·사기미수)·사기미수·공전자기록등불실기재·불실기재공전자기록등행사,대법원,2011-12-13,형사,판결,상고심,상고기각,"[1] 부동산 소유자가 행방불명된 경우, 그의 사망 및 상속인의 부존재에 관한 증명이나 민법 제1053조 내지 제1058조 에 의한 국가귀속 절차 없이 단순히 국유재산법 제8조 에 의한 무주부동산 처리절차를 거쳐 국유재산으로 등록된 부동산이 국가 소유로 귀속되는지 여부 (소극) [2] 甲이 일제시대 사정(査定)받은 토지에 대하여 소유자 미복구를 원인으로 국가 명의의 소유권보존등기가 되어 있는 상태에서, 피고인이 제1심 공동피고인과 공모하여 乙이 사정명의인 甲의 소유권을 대습상속한 것처럼 상속인의 사망 시기 등을 조작한 다음 乙을 원고로 하여 국가를 상대로 소유권보존등...","[1] 특정인 명의로 사정(査定)된 토지는 특별한 사정이 없는 한 사정명의자나 상속인의 소유로 추정되고, 토지 소유자가 행방불명되어 생사 여부를 알 수 없다 하더라도 그가 사망하고 상속인도 없다는 점이 증명되거나 토지에 대하여 민법 제1053조 내지 제1058조 에 의한 국가귀속 절차가 이루어지지 아니한 이상 그 토지가 바로 무주부동산이 되어 국가 소유로 귀속되는 것은 아니다. 또한, 무주부동산이 아닌 한 국유재산법 제8조 에 의한 무주부동산의 처리절차를 밟아 국유재산으로 등록되었다 하여 국가 소유로 되는 것도 아니다. [2] 甲이 일제시대 사정(査定)받은 토지에 대하여 소유자 미복구를 원인으로 국가 명의의 소유권보존등기가 되어 있는 상태에서, 피고인이 제1심 공동피고인과...","[1] 민법 제252조 제2항 , 제1053조 , 제1058조 , 국유재산법 제8조 [2] 형법 제30조 , 제347조 제1항 , 제352조 , 민법 제252조 제2항 , 제1053조 , 제1058조 , 국유재산법 제8조","[1] 대법원 1999. 2. 23. 선고 98다59132 판결 (공1999상, 551), 대법원 2006. 4. 7. 선고 2005도9858 전원합의체 판결 (공2006하, 2106)","부동산, 토지, 소유권보존, 등기, 사기, 기망, 편취, 허위, 기각, 일부인용, 소송사기, 불실기재",전문 원문: https://www.law.go.kr/LSW/precInfoP.do?precSeq=163059,aggravated_economic_crime,특정경제범죄 가중처벌 등에 관한 법률 제3조,aggravated_economic_crime|특정경제범죄 가중처벌 등에 관한 법률 제3조; criminal_fraud|형법 제347조 사기죄; civil_fraud_duress|민법 제110조 사기·강박에 의한 의사표시
991,CASE_1989_00991,87다카2372,소유권이전등기말소등,대법원,1989-03-28,민사,판결,상고심,상고기각,가. 양수인이 양도인의 이중양도에 적극 가담한 것에 해당되어 그 이행으로 이루어진 소유권이전등기가 무효라고 본 사례 나. 민사항소심에서의 소의 교환적 변경의 가부와 그 법률관계,가. 양도인이 부동산 양도가 이중양도로서 배임행위이고 양수인이 이에 적극 가담한 것에 해당되어 그 이행으로 이루어진 소유권이전등기가 무효라고 본 사례 나. 우리나라 민사항소심은 속심제로서 항소심에서도 소의 교환적 변경이 가능하며 이 경우에는 구 청구의 취하의 효력이 발생할 때에 그 소송계속은 소멸되는 것이므로 항소심에서는 구 청구에 대한 제1심 판결을 취소할 필요 없이 신청구에 대하여만 제1심으로서 판결을 하게 된다.,"가. 민법 제103조 나. 민사소송법 제378조 , 제235조",없음,"부동산, 매매, 매매계약, 소유권이전, 분양, 등기, 허위, 배임, 기각, 파기, 취소, 무효",전문 원문: https://www.law.go.kr/LSW/precInfoP.do?precSeq=105002,civil_sale_effect,민법 제568조 매매의 효력,civil_sale_effect|민법 제568조 매매의 효력
992,CASE_2005_00992,2003나6803,배당이의,광주고등법원,2005-06-24,민사,판결,2심,항소기각,"지 및 건물’이라 한다)에 관하여 소외 1이 피고에게 부담하는 현재 및 장래의 모든 채무(여신거래로 인한 채무뿐만 아니라 기타 다른 형태의 채무를 포함한다)를 피담보채무로 하여 채권최고액 8억 1,900만 원의 근저당권(이하 ‘이 사건 근저당권’이라 한다)을 설정받았다. 나. 이 사건 대지는 원래 위 소외 1과 소외 4의 공유(각 1/2지분) 토지였는데, 소외 1은 1997. 10. 6. 위 소외 4의 지분을 매수한 후, 그 무렵부터 위 대지 위에 이 사건 건물을 신축하기 시작하여 이 사건 근저당권의 설정일 무렵 위 건물을 완공한 다음, 1998. 5. 11. 자신의","지 및 건물’이라 한다)에 관하여 소외 1이 피고에게 부담하는 현재 및 장래의 모든 채무(여신거래로 인한 채무뿐만 아니라 기타 다른 형태의 채무를 포함한다)를 피담보채무로 하여 채권최고액 8억 1,900만 원의 근저당권(이하 ‘이 사건 근저당권’이라 한다)을 설정받았다. 나. 이 사건 대지는 원래 위 소외 1과 소외 4의 공유(각 1/2지분) 토지였는데, 소외 1은 1997. 10. 6. 위 소외 4의 지분을 매수한 후, 그 무렵부터 위 대지 위에 이 사건 건물을 신축하기 시작하여 이 사건 근저당권의 설정일 무렵 위 건물을 완공한 다음, 1998. 5. 11. 자신의 명의로 그 소유권보존등기를 마침과 동시에 위와 같이 피고에게 위 대지",원문 참조,없음,"부동산, 토지, 건물, 임대차, 전세, 보증금, 전세금, 전세권, 임대차계약, 임차보증금, 매수, 소유권보존",전문 원문: https://www.law.go.kr/LSW/precInfoP.do?precSeq=77408,civil_lease_definition,민법 제618조 임대차의 의의,civil_sale_effect|민법 제568조 매매의 효력; civil_lease_definition|민법 제618조 임대차의 의의
993,CASE_2025_00993,2021다308108,부당이득금[집합건물 대지공유자들이 구분소유자들을 상대로 대지 사용·수익에 따른 차임 상당의 부당이득반환을 청구한 사건],대법원,2025-07-17,민사,판결,상고심,"원심판결 중 피고들 패소 부분을 파기하고, 이 부분 사건을 서울고등법원에 환송한다.","[1] 집합건물의 구분소유자들이 건물의 대지 중 일부 지분만 가지고 있고 구분소유자 아닌 대지공유자가 나머지 지분을 가진 경우, 구분소유자 중 자신의 전유부분 면적 비율에 상응하는 적정 대지지분을 갖지 않거나 부족하게 가진 사람만이 구분소유자 아닌 대지공유자에게 대지의 사용·수익에 따른 차임 상당의 부당이득반환의무를 지는지 여부 (적극) 및 구분소유자 아닌 대지공유자가 여러 명인 경우, 각 공유자가 대지 전체에 대한 차임 상당액 중 자신의 대지 공유지분권에 상응하는 범위에서 부당이득반환을 청구할 수 있는지 여부 (적극) / 적정 대지지분을 갖지 않거나 적정 대지지분에...","[1] 집합건물의 구분소유자들이 건물의 대지 중 일부 지분만 가지고 있고 구분소유자 아닌 대지공유자가 나머지 지분을 가진 경우, 구분소유자 중 자신의 전유부분 면적 비율에 상응하는 대지 공유지분(이하 ‘적정 대지지분’이라 한다)을 갖지 않거나 부족하게 가진 사람만이 구분소유자 아닌 대지공유자에 대해 대지의 사용·수익에 따른 차임 상당의 부당이득을 반환할 의무를 진다. 이때 구분소유자 아닌 대지공유자가 여러 명인 경우에는 각각 대지 전체에 대한 차임 상당액 중 자신의 대지 공유지분권에 상응하는 범위에서 부당이득반환을 청구할 수 있고, 적정 대지지분을 갖지 않거나 적정 대지지분에 미달하는 대지지분(이하 ‘과소 대지지분’이라 한다)만을 가진 구분소유자가 여러 명인 경우에는 각각...","[1] 집합건물의 소유 및 관리에 관한 법률 제2조 제5호 , 제6호 , 제12조 제1항 , 제20조 , 제21조 , 민법 제263조 , 제741조 [2] 집합건물의 소유 및 관리에 관한 법률 제2조 제5호 , 제6호 , 제12조 제1항 , 제20조 , 제21조 , 민법 제263조 , 제741조","[1] 대법원 2022. 8. 25. 선고 2017다257067 전원합의체 판결 (공2022하, 1891), 대법원 2023. 9. 14. 선고 2016다12823 판결 (공2023하, 1794), 대법원 2024. 6. 27. 선고 2021다235965, 235972 판결 / [2] 대법원 2011. 7. 14. 선고 2009다76522, 76539 판결","토지, 건물, 소유권보존, 공유지분, 분양, 등기, 파기, 반환, 부당이득",전문 원문: https://www.law.go.kr/LSW/precInfoP.do?precSeq=607785,civil_sale_effect,민법 제568조 매매의 효력,civil_sale_effect|민법 제568조 매매의 효력
994,CASE_2011_00994,"2009고단4227,2009고단5400(병합),2009고단5502(병합),2009고단7195(병합),2009고단8549(병합),2010고단598(병합),2010고단1249(병합),2010고단3846(병합),2010고단4614(병합),2010초기402,1405",사기·사문서위조·위조사문서행사·사문서변조·변조사문서행사·공전자기록등불실기재·불실기재공전자기록등행사·자격모용사문서작성·무고·배상명령신청,서울중앙지방법원,2011-02-18,형사,판결,1심,유죄(징역형),"피고인은 2009. 7. 24. 서울중앙지방법원에서 사기죄 등으로 징역 8월, 집행유예 2년을 선고받아 위 판결이 같은 해 8. 1. 확정된 사람이다. ( 2009고단4227) 1. 피해자 공소외 10에 대한 사기 가. 피고인은 2003. 8. 중순경 서울 송파구 잠실동 (이하 4 생략)에 있는 피고인이 근무하는 ‘ 공소외 11 주식회사’ 사무실에서 피해자 공소외 10에게 “서울 구로구 오류동에 있는 12평 이상 무허가 가옥을 구입하면 SH공사에서 시행하는 아","피고인은 2009. 7. 24. 서울중앙지방법원에서 사기죄 등으로 징역 8월, 집행유예 2년을 선고받아 위 판결이 같은 해 8. 1. 확정된 사람이다. ( 2009고단4227) 1. 피해자 공소외 10에 대한 사기 가. 피고인은 2003. 8. 중순경 서울 송파구 잠실동 (이하 4 생략)에 있는 피고인이 근무하는 ‘ 공소외 11 주식회사’ 사무실에서 피해자 공소외 10에게 “서울 구로구 오류동에 있는 12평 이상 무허가 가옥을 구입하면 SH공사에서 시행하는 아파트 33평형 특별분양권을 받을 수 있으니 돈을 주면 구입을 해주겠다.”",원문 참조,없음,"부동산, 아파트, 건물, 매매, 매수, 매도, 매매계약, 매매대금, 계약금, 중도금, 잔금, 분양",전문 원문: https://www.law.go.kr/LSW/precInfoP.do?precSeq=186632,criminal_fraud,형법 제347조 사기죄,criminal_fraud|형법 제347조 사기죄; civil_sale_effect|민법 제568조 매매의 효력
995,CASE_1998_00995,98가단6438,소유권이전등기,춘천지법,1998-11-05,민사,판결,1심,"1. 강원 홍천군 (주소 생략) 답 3,868.2㎡ 중 피고 1은 3/5 지분에 관하여, 피고 2는 2/5 지분에 관하여 각...",부동산실권리자명의등기에관한법률이 '위임·위탁매매의 형식에 의한 명의신탁약정'을 무효로 한 것이 부동산에 관한 물권을 자기 명의로 취득하기 위하여 수임인 또는 수탁자에게 매수사무를 위임·위탁하는 경우까지 무효로 하려는 취지인지 여부 (소극),"부동산실권리자명의등기에관한법률이 '위임·위탁매매의 형식에 의한 명의신탁약정'을 무효로 규정한 것은 위임·위탁매매를 가장하여 명의신탁의 목적을 달성하려는 것을 그 본질적 내용으로 하는 약정, 즉 약정의 목적이 수임인 또는 수탁자에게 매수사무를 위임·위탁하려는 데 있는 것이 아니라, 대내적으로는 위임인 또는 신탁자가 부동산에 관한 물권을 보유하고 그 등기만 수임인 또는 수탁자 명의로 두려는 데 있는 약정을 규제하려는 것이지, 민법 제680조 내지 제692조 또는 상법 제101조 내지 제113조에 정한 바에 따른 순수한 위임·위탁매매, 즉 약정의 목적이 대내적으로는 위임인 또는 신탁자가 부동산에 관한 물권을 보유하고 그 등기만 수임인 또는 수탁자 명의로 두려는 데 있는 것이 아...","부동산실권리자명의등기에관한법률 제2조 제1호 , 제4조 제1항",없음,"부동산, 토지, 매매, 매수, 매도, 매매계약, 매매대금, 소유권이전, 등기, 가등기, 명의신탁, 부동산실권리자",전문 원문: https://www.law.go.kr/LSW/precInfoP.do?precSeq=120862,civil_sale_effect,민법 제568조 매매의 효력,civil_sale_effect|민법 제568조 매매의 효력
996,CASE_2013_00996,2010다50021,토지거래계약허가절차이행등,대법원,2013-05-23,민사,판결,상고심,상고기각,[1] 채권자대위권의 행사요건인 채권보전의 필요성을 인정하기 위한 판단 기준 [2] 매수인이 토지거래허가 신청절차 협력의무 이행청구권을 보전하기 위하여 매도인의 권리를 대위하여 행사할 수 있는지 여부 (적극) 및 이 경우 채권보전의 필요성을 판단하는 방법,"고 2006다82700, 82717 판결 등 참조). 한편 국토의 계획 및 이용에 관한 법률(이하 ‘국토계획법’이라 한다)상의 허가구역에 있는 토지의 거래계약이 토지거래허가를 전제로 체결된 경우에는 유동적 무효의 상태에 있고 거래계약의 채권적 효력도 전혀 발생하지 않으므로 권리의 이전 또는 설정에 관한 어떠한 내용의 이행청구도 할 수 없지만, 그 계약을 체결한 당사자 사이에서는 그 계약이 효력 있는 것으로 완성될 수 있도록 서로 협력할 의무가 있으므로, 그 계약의 쌍방 당사자는 공동으로 관할 관청의 허가를 신청할 의무가 있다 ( 대법원 1993. 1. 12. 선고 92다36830 판결 참조). 그 결과 경우에 따라서는 매수인이 토지거래허",[1] 민법 제404조 [2] 민법 제404조,"[1] 대법원 2000. 6. 9. 선고 98다18155 판결 (공2000하, 1591), 대법원 2001. 5. 8. 선고 99다38699 판결 (공2001하, 1323), 대법원 2003. 4. 11. 선고 2003다1250 판결 (공2003상, 1171), 대법원 2007. 5. 10. 선고 2006다82700, 82717 판결 (공2007상, 857) / [2] 대법원 1993. 1. 12. 선고 92다36830 판결 (공1993상, 691), 대법원 1993. 3. 9. 선고 92다565...","부동산, 주택, 토지, 매매, 매수, 매도, 매매계약, 계약금, 중도금, 잔금, 토지거래허가, 기각",전문 원문: https://www.law.go.kr/LSW/precInfoP.do?precSeq=171928,civil_sale_effect,민법 제568조 매매의 효력,civil_sale_effect|민법 제568조 매매의 효력
997,CASE_2022_00997,2022나2016305,임대차보증금,서울고등법원,2022-11-23,민사,판결,2심,항소기각,"부분 기재와 같으므로, 민사소송법 제420조 본문에 의하여 이를 그대로 인용한다. ○ 제1심 판결문 제3면 표 아래 제2행의 ""받았고"" 다음에 ""(회생채권, 회생담보권 및 주식의 신고기간은 2017. 11. 3.부터 2017. 11. 16.까지이다)""를 추가한다. ○ 제1심 판결문 제3면 표 아래 제8행의 ""피고는""부터 제10행의 ""결정을 하였다.""까지를 아래와 같이 고쳐 쓴다. 『피고는 2017. 11. 15. 이 사건 임대차계약 해지로 인한 장래의 위약금 및 손해배상금액의 몰취 미효력에 대비한 예비적 신고로써 위약금 6,301,177,176원, 손해배상금 8,20","부분 기재와 같으므로, 민사소송법 제420조 본문에 의하여 이를 그대로 인용한다. ○ 제1심 판결문 제3면 표 아래 제2행의 ""받았고"" 다음에 ""(회생채권, 회생담보권 및 주식의 신고기간은 2017. 11. 3.부터 2017. 11. 16.까지이다)""를 추가한다. ○ 제1심 판결문 제3면 표 아래 제8행의 ""피고는""부터 제10행의 ""결정을 하였다.""까지를 아래와 같이 고쳐 쓴다. 『피고는 2017. 11. 15. 이 사건 임대차계약 해지로 인한 장래의 위약금 및 손해배상금액의 몰취 미효력에 대비한 예비적 신고로써 위약금 6,301,177,176원, 손해배상금 8,205,791,616원 합계 14,506,968,792원을 회생채권으로 신고",원문 참조,없음,"건물, 임대목적물, 임대차, 보증금, 임대인, 임차인, 임대차계약, 매도, 담보, 손해배상, 기각, 반환",전문 원문: https://www.law.go.kr/LSW/precInfoP.do?precSeq=608513,civil_lease_definition,민법 제618조 임대차의 의의,civil_nonperformance_damages|민법 제390조 채무불이행 손해배상; civil_sale_effect|민법 제568조 매매의 효력; civil_lease_definition|민법 제618조 임대차의 의의
998,CASE_2009_00998,2009도5,사문서위조·위조사문서행사,대법원,2009-05-14,형사,판결,상고심,파기환송,"[1] 사문서위조죄에 있어서 문서 작성의 정도 및 그 판단 기준 [2] 건설시행업자가 재개발사업 대상 토지 소유자들이 일정한 기한 내에 매매계약을 체결할 것을 동의한다는 내용의 매매계약동의서를 컴퓨터 및 필기구를 이용하여 작성하였지만, 위 매매계약동의서에는 동의 당사자들의 성명 및 주소만 기재되어 있을 뿐 날인은 없었던 점, 다른 토지 소유자들의 매매동의를 얻어 날인까지 받은 매매계약동의서와 함께 제시됨으로써 위 매매계약동의서의 소유자들은 확정적으로 매매계약에 동의하지 않았다는 사실을 쉽게 구별·확인가능 한 점, 매매계약동의서의 성격 등을 고려해 볼 때, 위 매매계약...","상고이유를 본다. 1. 원심은, 피고인이 2005. 12. 7. 매매계약동의서 용지에 컴퓨터 및 필기구를 사용하여 부동산의 표시란에 “서울특별시 중구 수표동 (지번 1 생략) 외 2필지(164.48평)”, 매매가격란에 “일금(7,072,640,000원) (평당 : 43,000,000원)”, 계약금지급란에 “일금 (707,264,000원)을 지불함 (10%)”, “상기 조건으로 매도인과 매수인 당사자 간 합의에 의거 매매계약을 체결할 것을 동의함 (단, 본 계약은 당사자 간 합의하에 빠른 시일 내에 체결하기로 함)”, “2005. 12. 7.”",[1] 형법 제231조 [2] 형법 제231조,"[1][2] 대법원 1997. 12. 26. 선고 95도2221 판결 (공1998상, 450), 대법원 2006. 9. 14. 선고 2005도2518 판결 , 대법원 2008. 3. 27. 선고 2008도443 판결","부동산, 상가, 토지, 매매, 매수, 매도, 매매계약, 계약금, 위조, 파기",전문 원문: https://www.law.go.kr/LSW/precInfoP.do?precSeq=139633,civil_sale_effect,민법 제568조 매매의 효력,civil_sale_effect|민법 제568조 매매의 효력
999,CASE_1987_00999,87도1804,"위조공문서행사,사문서위조,사문서위조행사,공정증서원본불실기재,공정증서원본불실기재행사,사기,부정수표단속법위반",대법원,1987-11-24,형사,판결,상고심,"원심판결의 유죄부분을 파기하고, 이 부분 사건을 대구고등법원에 환송한다.",대법원이 파기환송하면서 파기이유로 설시한 판단에 반하는 판단을 한 위법을 저지른 사례,"환송후 원심은, 환송판결에서 진술의 신빙성에 관하여 의문점이 있다고 판시한 증인들을 다시 환문하여 그들의 종전진술을 다짐하는 정도에 그쳤을 뿐, 환송판결이 지적한 의문점에 대하여는 전혀 심리를 한 바도 없이 환송전 원심판결이 유지한 제1심판결 거시의 증거에다 환송후 원심에서 한 위 증인들의 진술을 덧붙여서 환송전 원심판결을 유지하고 말았다면,이는 대법원이 파기환송하면서 파기이유로 설시한 판단에 반하는 판단을 한 위법을 저지른 것이다.","형사소송법 제391조 , 제397조",없음,"부동산, 아파트, 매수, 소유권이전, 등기, 근저당, 저당권, 담보, 인감증명, 공정증서원본불실기재, 사기, 허위",전문 원문: https://www.law.go.kr/LSW/precInfoP.do?precSeq=103849,criminal_fraud,형법 제347조 사기죄,criminal_fraud|형법 제347조 사기죄; civil_sale_effect|민법 제568조 매매의 효력
1000,CASE_2021_01000,2018다233860,전세권설정등기말소청구의소,대법원,2021-12-30,민사,판결,상고심,상고기각,"[1] 당사자가 주로 채권담보의 목적으로 전세권을 설정하면서 동시에 목적물을 인도하지 않았더라도, 장차 전세권자가 목적물을 사용·수익하는 것을 완전히 배제하는 것이 아닌 한 전세권이 유효한지 여부 (적극) 및 기존의 채권으로 전세금 지급을 갈음할 수 있는지 여부 (적극) [2] 임대인과 임차인이 임대차계약에 따른 임대차보증금반환채권을 담보할 목적으로 전세권을 설정하기 위하여 전세권설정계약을 체결한 경우, 위 전세권설정계약이 임대차계약과 양립할 수 없는 범위에서 통정허위표시에 해당하여 무효인지 여부 (적극) / 임대차계약에 따른 임차보증금반환채권을 담보할 목적으로 전세...","상고이유(상고이유서 제출기간이 지난 다음 제출된 서면은 상고이유를 보충하는 범위에서)를 판단한다. 1. 가. 전세권이 용익물권적 성격과 담보물권적 성격을 모두 갖추고 있고, 목적물의 인도는 전세권의 성립 요건이 아닌 점 등에 비추어 볼 때, 당사자가 주로 채권담보의 목적으로 전세권을 설정하였고, 그 설정과 동시에 목적물을 인도하지 아니한 경우라 하더라도, 장차 전세권자가 목적물을 사용·수익하는 것을 완전히 배제하는 것이 아니라면 그 전세권의 효력을 부인할 수는 없다. 전세금의 지급은 전세권 성립의 요소가 되는 것이지만 그렇다고 하여 전세금의 지급이 반드시 현실적으로 수수되어야만 하는 것","[1] 민법 제303조 제1항 [2] 민법 제108조 , 제303조 제1항 , 제618조","[1] 대법원 1995. 2. 10. 선고 94다18508 판결 (공1995상, 1293) / [2] 대법원 2005. 9. 28. 선고 2005다8323, 8330 판결(공2005하, 1677), 대법원 2008. 3. 13. 선고 2006다29372, 29389 판결 (공2008상, 503), 대법원 2013. 2. 15. 선고 2012다49292 판결 (공2013상, 469)","건물, 임대차, 전세, 보증금, 전세금, 임대인, 임차인, 전세권, 임대차계약, 임차보증금, 등기, 담보",전문 원문: https://www.law.go.kr/LSW/precInfoP.do?precSeq=231537,civil_lease_definition,민법 제618조 임대차의 의의,civil_lease_definition|민법 제618조 임대차의 의의
